ISO-10303-21;
HEADER;
FILE_DESCRIPTION(('KiCad electronic assembly'),'2;1');
FILE_NAME('psu_front_panel_connector.step','2025-11-23T17:56:16',(
    'Pcbnew'),('Kicad'),'Open CASCADE STEP processor 7.8',
  'KiCad to STEP converter','Unknown');
FILE_SCHEMA(('AUTOMOTIVE_DESIGN { 1 0 10303 214 1 1 1 1 }'));
ENDSEC;
DATA;
#1 = APPLICATION_PROTOCOL_DEFINITION('international standard',
  'automotive_design',2000,#2);
#2 = APPLICATION_CONTEXT(
  'core data for automotive mechanical design processes');
#3 = SHAPE_DEFINITION_REPRESENTATION(#4,#10);
#4 = PRODUCT_DEFINITION_SHAPE('','',#5);
#5 = PRODUCT_DEFINITION('design','',#6,#9);
#6 = PRODUCT_DEFINITION_FORMATION('','',#7);
#7 = PRODUCT('psu_front_panel_connector 1','psu_front_panel_connector 1'
  ,'',(#8));
#8 = PRODUCT_CONTEXT('',#2,'mechanical');
#9 = PRODUCT_DEFINITION_CONTEXT('part definition',#2,'design');
#10 = SHAPE_REPRESENTATION('',(#11,#15,#19,#23,#27,#31),#35);
#11 = AXIS2_PLACEMENT_3D('',#12,#13,#14);
#12 = CARTESIAN_POINT('',(0.,0.,0.));
#13 = DIRECTION('',(0.,0.,1.));
#14 = DIRECTION('',(1.,0.,-0.));
#15 = AXIS2_PLACEMENT_3D('',#16,#17,#18);
#16 = CARTESIAN_POINT('',(142.24,-104.14,1.595));
#17 = DIRECTION('',(0.,0.,1.));
#18 = DIRECTION('',(1.,0.,0.));
#19 = AXIS2_PLACEMENT_3D('',#20,#21,#22);
#20 = CARTESIAN_POINT('',(160.02,-104.14,1.595));
#21 = DIRECTION('',(0.,0.,1.));
#22 = DIRECTION('',(1.,0.,0.));
#23 = AXIS2_PLACEMENT_3D('',#24,#25,#26);
#24 = CARTESIAN_POINT('',(127.,-104.14,1.595));
#25 = DIRECTION('',(0.,0.,1.));
#26 = DIRECTION('',(1.,0.,0.));
#27 = AXIS2_PLACEMENT_3D('',#28,#29,#30);
#28 = CARTESIAN_POINT('',(175.26,-104.14,1.595));
#29 = DIRECTION('',(0.,0.,1.));
#30 = DIRECTION('',(1.,0.,0.));
#31 = AXIS2_PLACEMENT_3D('',#32,#33,#34);
#32 = CARTESIAN_POINT('',(0.,0.,0.));
#33 = DIRECTION('',(0.,0.,1.));
#34 = DIRECTION('',(1.,0.,-0.));
#35 = ( GEOMETRIC_REPRESENTATION_CONTEXT(3) 
GLOBAL_UNCERTAINTY_ASSIGNED_CONTEXT((#39)) GLOBAL_UNIT_ASSIGNED_CONTEXT(
(#36,#37,#38)) REPRESENTATION_CONTEXT('Context #1',
  '3D Context with UNIT and UNCERTAINTY') );
#36 = ( LENGTH_UNIT() NAMED_UNIT(*) SI_UNIT(.MILLI.,.METRE.) );
#37 = ( NAMED_UNIT(*) PLANE_ANGLE_UNIT() SI_UNIT($,.RADIAN.) );
#38 = ( NAMED_UNIT(*) SI_UNIT($,.STERADIAN.) SOLID_ANGLE_UNIT() );
#39 = UNCERTAINTY_MEASURE_WITH_UNIT(LENGTH_MEASURE(1.E-07),#36,
  'distance_accuracy_value','confusion accuracy');
#40 = PRODUCT_RELATED_PRODUCT_CATEGORY('part',$,(#7));
#41 = SHAPE_DEFINITION_REPRESENTATION(#42,#48);
#42 = PRODUCT_DEFINITION_SHAPE('','',#43);
#43 = PRODUCT_DEFINITION('design','',#44,#47);
#44 = PRODUCT_DEFINITION_FORMATION('','',#45);
#45 = PRODUCT('PinSocket_2x04_P2.54mm_Vertical',
  'PinSocket_2x04_P2.54mm_Vertical','',(#46));
#46 = PRODUCT_CONTEXT('',#2,'mechanical');
#47 = PRODUCT_DEFINITION_CONTEXT('part definition',#2,'design');
#48 = ADVANCED_BREP_SHAPE_REPRESENTATION('',(#11,#49),#6539);
#49 = MANIFOLD_SOLID_BREP('',#50);
#50 = CLOSED_SHELL('',(#51,#91,#154,#217,#234,#523,#545,#562,#1107,#1119
    ,#1131,#1162,#1186,#1210,#1227,#1258,#1282,#1306,#1323,#1354,#1378,
    #1402,#1419,#1450,#1474,#1498,#1515,#1546,#1570,#1594,#1611,#1642,
    #1666,#1690,#1707,#1738,#1762,#1786,#1803,#1834,#1858,#1882,#1899,
    #1916,#1963,#1980,#2027,#2044,#2091,#2108,#2155,#2172,#2219,#2236,
    #2283,#2300,#2347,#2364,#2411,#2428,#2475,#2492,#2539,#2556,#2603,
    #2620,#2667,#2684,#2731,#2748,#2795,#2812,#2859,#2876,#2923,#2954,
    #3010,#3034,#3083,#3114,#3170,#3194,#3243,#3274,#3330,#3354,#3403,
    #3434,#3490,#3514,#3563,#3594,#3650,#3674,#3723,#3754,#3810,#3834,
    #3883,#3914,#3970,#3994,#4043,#4074,#4130,#4154,#4203,#4220,#4237,
    #4254,#4271,#4283,#4300,#4317,#4334,#4351,#4363,#4380,#4397,#4414,
    #4431,#4443,#4460,#4477,#4494,#4511,#4523,#4540,#4557,#4574,#4591,
    #4603,#4620,#4637,#4654,#4671,#4683,#4700,#4717,#4734,#4751,#4763,
    #4780,#4797,#4814,#4831,#4843,#4860,#4877,#4926,#4950,#4992,#5009,
    #5026,#5043,#5092,#5116,#5158,#5175,#5192,#5209,#5258,#5282,#5324,
    #5341,#5358,#5375,#5424,#5448,#5490,#5507,#5524,#5541,#5590,#5614,
    #5656,#5673,#5690,#5707,#5756,#5780,#5822,#5839,#5856,#5873,#5922,
    #5946,#5988,#6005,#6022,#6039,#6088,#6112,#6154,#6171,#6188,#6205,
    #6217,#6234,#6251,#6263,#6280,#6297,#6309,#6326,#6343,#6355,#6372,
    #6389,#6401,#6418,#6435,#6447,#6464,#6481,#6493,#6510,#6527));
#51 = ADVANCED_FACE('',(#52),#86,.F.);
#52 = FACE_BOUND('',#53,.F.);
#53 = EDGE_LOOP('',(#54,#64,#72,#80));
#54 = ORIENTED_EDGE('',*,*,#55,.T.);
#55 = EDGE_CURVE('',#56,#58,#60,.T.);
#56 = VERTEX_POINT('',#57);
#57 = CARTESIAN_POINT('',(1.27,-8.89,0.));
#58 = VERTEX_POINT('',#59);
#59 = CARTESIAN_POINT('',(1.27,-8.89,8.5));
#60 = LINE('',#61,#62);
#61 = CARTESIAN_POINT('',(1.27,-8.89,0.));
#62 = VECTOR('',#63,1.);
#63 = DIRECTION('',(0.,0.,1.));
#64 = ORIENTED_EDGE('',*,*,#65,.T.);
#65 = EDGE_CURVE('',#58,#66,#68,.T.);
#66 = VERTEX_POINT('',#67);
#67 = CARTESIAN_POINT('',(1.27,1.27,8.5));
#68 = LINE('',#69,#70);
#69 = CARTESIAN_POINT('',(1.27,-8.89,8.5));
#70 = VECTOR('',#71,1.);
#71 = DIRECTION('',(1.110223024625E-16,1.,0.));
#72 = ORIENTED_EDGE('',*,*,#73,.F.);
#73 = EDGE_CURVE('',#74,#66,#76,.T.);
#74 = VERTEX_POINT('',#75);
#75 = CARTESIAN_POINT('',(1.27,1.27,0.));
#76 = LINE('',#77,#78);
#77 = CARTESIAN_POINT('',(1.27,1.27,0.));
#78 = VECTOR('',#79,1.);
#79 = DIRECTION('',(0.,0.,1.));
#80 = ORIENTED_EDGE('',*,*,#81,.F.);
#81 = EDGE_CURVE('',#56,#74,#82,.T.);
#82 = LINE('',#83,#84);
#83 = CARTESIAN_POINT('',(1.27,-8.89,0.));
#84 = VECTOR('',#85,1.);
#85 = DIRECTION('',(1.110223024625E-16,1.,0.));
#86 = PLANE('',#87);
#87 = AXIS2_PLACEMENT_3D('',#88,#89,#90);
#88 = CARTESIAN_POINT('',(1.27,-8.89,0.));
#89 = DIRECTION('',(-1.,1.110223024625E-16,0.));
#90 = DIRECTION('',(1.110223024625E-16,1.,0.));
#91 = ADVANCED_FACE('',(#92),#149,.F.);
#92 = FACE_BOUND('',#93,.F.);
#93 = EDGE_LOOP('',(#94,#104,#112,#118,#119,#127,#135,#143));
#94 = ORIENTED_EDGE('',*,*,#95,.F.);
#95 = EDGE_CURVE('',#96,#98,#100,.T.);
#96 = VERTEX_POINT('',#97);
#97 = CARTESIAN_POINT('',(-3.81,-8.89,0.));
#98 = VERTEX_POINT('',#99);
#99 = CARTESIAN_POINT('',(-2.963333333333,-8.89,0.));
#100 = LINE('',#101,#102);
#101 = CARTESIAN_POINT('',(-3.81,-8.89,0.));
#102 = VECTOR('',#103,1.);
#103 = DIRECTION('',(1.,-1.110223024625E-16,0.));
#104 = ORIENTED_EDGE('',*,*,#105,.T.);
#105 = EDGE_CURVE('',#96,#106,#108,.T.);
#106 = VERTEX_POINT('',#107);
#107 = CARTESIAN_POINT('',(-3.81,-8.89,8.5));
#108 = LINE('',#109,#110);
#109 = CARTESIAN_POINT('',(-3.81,-8.89,0.));
#110 = VECTOR('',#111,1.);
#111 = DIRECTION('',(0.,0.,1.));
#112 = ORIENTED_EDGE('',*,*,#113,.T.);
#113 = EDGE_CURVE('',#106,#58,#114,.T.);
#114 = LINE('',#115,#116);
#115 = CARTESIAN_POINT('',(-3.81,-8.89,8.5));
#116 = VECTOR('',#117,1.);
#117 = DIRECTION('',(1.,-1.110223024625E-16,0.));
#118 = ORIENTED_EDGE('',*,*,#55,.F.);
#119 = ORIENTED_EDGE('',*,*,#120,.F.);
#120 = EDGE_CURVE('',#121,#56,#123,.T.);
#121 = VERTEX_POINT('',#122);
#122 = CARTESIAN_POINT('',(0.423333333333,-8.89,0.));
#123 = LINE('',#124,#125);
#124 = CARTESIAN_POINT('',(-3.81,-8.89,0.));
#125 = VECTOR('',#126,1.);
#126 = DIRECTION('',(1.,-1.110223024625E-16,0.));
#127 = ORIENTED_EDGE('',*,*,#128,.T.);
#128 = EDGE_CURVE('',#121,#129,#131,.T.);
#129 = VERTEX_POINT('',#130);
#130 = CARTESIAN_POINT('',(0.423333333333,-8.89,0.2));
#131 = LINE('',#132,#133);
#132 = CARTESIAN_POINT('',(0.423333333333,-8.89,0.));
#133 = VECTOR('',#134,1.);
#134 = DIRECTION('',(0.,0.,1.));
#135 = ORIENTED_EDGE('',*,*,#136,.F.);
#136 = EDGE_CURVE('',#137,#129,#139,.T.);
#137 = VERTEX_POINT('',#138);
#138 = CARTESIAN_POINT('',(-2.963333333333,-8.89,0.2));
#139 = LINE('',#140,#141);
#140 = CARTESIAN_POINT('',(-2.963333333333,-8.89,0.2));
#141 = VECTOR('',#142,1.);
#142 = DIRECTION('',(1.,-1.110223024625E-16,0.));
#143 = ORIENTED_EDGE('',*,*,#144,.F.);
#144 = EDGE_CURVE('',#98,#137,#145,.T.);
#145 = LINE('',#146,#147);
#146 = CARTESIAN_POINT('',(-2.963333333333,-8.89,0.));
#147 = VECTOR('',#148,1.);
#148 = DIRECTION('',(0.,0.,1.));
#149 = PLANE('',#150);
#150 = AXIS2_PLACEMENT_3D('',#151,#152,#153);
#151 = CARTESIAN_POINT('',(-3.81,-8.89,0.));
#152 = DIRECTION('',(1.110223024625E-16,1.,0.));
#153 = DIRECTION('',(1.,-1.110223024625E-16,0.));
#154 = ADVANCED_FACE('',(#155),#212,.F.);
#155 = FACE_BOUND('',#156,.F.);
#156 = EDGE_LOOP('',(#157,#165,#166,#174,#182,#190,#198,#206));
#157 = ORIENTED_EDGE('',*,*,#158,.F.);
#158 = EDGE_CURVE('',#74,#159,#161,.T.);
#159 = VERTEX_POINT('',#160);
#160 = CARTESIAN_POINT('',(0.423333333333,1.27,0.));
#161 = LINE('',#162,#163);
#162 = CARTESIAN_POINT('',(1.27,1.27,0.));
#163 = VECTOR('',#164,1.);
#164 = DIRECTION('',(-1.,1.110223024625E-16,0.));
#165 = ORIENTED_EDGE('',*,*,#73,.T.);
#166 = ORIENTED_EDGE('',*,*,#167,.T.);
#167 = EDGE_CURVE('',#66,#168,#170,.T.);
#168 = VERTEX_POINT('',#169);
#169 = CARTESIAN_POINT('',(-3.81,1.27,8.5));
#170 = LINE('',#171,#172);
#171 = CARTESIAN_POINT('',(1.27,1.27,8.5));
#172 = VECTOR('',#173,1.);
#173 = DIRECTION('',(-1.,1.110223024625E-16,0.));
#174 = ORIENTED_EDGE('',*,*,#175,.F.);
#175 = EDGE_CURVE('',#176,#168,#178,.T.);
#176 = VERTEX_POINT('',#177);
#177 = CARTESIAN_POINT('',(-3.81,1.27,0.));
#178 = LINE('',#179,#180);
#179 = CARTESIAN_POINT('',(-3.81,1.27,0.));
#180 = VECTOR('',#181,1.);
#181 = DIRECTION('',(0.,0.,1.));
#182 = ORIENTED_EDGE('',*,*,#183,.F.);
#183 = EDGE_CURVE('',#184,#176,#186,.T.);
#184 = VERTEX_POINT('',#185);
#185 = CARTESIAN_POINT('',(-2.963333333333,1.27,0.));
#186 = LINE('',#187,#188);
#187 = CARTESIAN_POINT('',(1.27,1.27,0.));
#188 = VECTOR('',#189,1.);
#189 = DIRECTION('',(-1.,1.110223024625E-16,0.));
#190 = ORIENTED_EDGE('',*,*,#191,.T.);
#191 = EDGE_CURVE('',#184,#192,#194,.T.);
#192 = VERTEX_POINT('',#193);
#193 = CARTESIAN_POINT('',(-2.963333333333,1.27,0.2));
#194 = LINE('',#195,#196);
#195 = CARTESIAN_POINT('',(-2.963333333333,1.27,0.));
#196 = VECTOR('',#197,1.);
#197 = DIRECTION('',(0.,0.,1.));
#198 = ORIENTED_EDGE('',*,*,#199,.F.);
#199 = EDGE_CURVE('',#200,#192,#202,.T.);
#200 = VERTEX_POINT('',#201);
#201 = CARTESIAN_POINT('',(0.423333333333,1.27,0.2));
#202 = LINE('',#203,#204);
#203 = CARTESIAN_POINT('',(0.423333333333,1.27,0.2));
#204 = VECTOR('',#205,1.);
#205 = DIRECTION('',(-1.,1.110223024625E-16,0.));
#206 = ORIENTED_EDGE('',*,*,#207,.F.);
#207 = EDGE_CURVE('',#159,#200,#208,.T.);
#208 = LINE('',#209,#210);
#209 = CARTESIAN_POINT('',(0.423333333333,1.27,0.));
#210 = VECTOR('',#211,1.);
#211 = DIRECTION('',(0.,0.,1.));
#212 = PLANE('',#213);
#213 = AXIS2_PLACEMENT_3D('',#214,#215,#216);
#214 = CARTESIAN_POINT('',(1.27,1.27,0.));
#215 = DIRECTION('',(-1.110223024625E-16,-1.,0.));
#216 = DIRECTION('',(-1.,1.110223024625E-16,0.));
#217 = ADVANCED_FACE('',(#218),#229,.F.);
#218 = FACE_BOUND('',#219,.F.);
#219 = EDGE_LOOP('',(#220,#221,#222,#223));
#220 = ORIENTED_EDGE('',*,*,#120,.T.);
#221 = ORIENTED_EDGE('',*,*,#81,.T.);
#222 = ORIENTED_EDGE('',*,*,#158,.T.);
#223 = ORIENTED_EDGE('',*,*,#224,.F.);
#224 = EDGE_CURVE('',#121,#159,#225,.T.);
#225 = LINE('',#226,#227);
#226 = CARTESIAN_POINT('',(0.423333333333,-8.89,0.));
#227 = VECTOR('',#228,1.);
#228 = DIRECTION('',(1.110223024625E-16,1.,0.));
#229 = PLANE('',#230);
#230 = AXIS2_PLACEMENT_3D('',#231,#232,#233);
#231 = CARTESIAN_POINT('',(-1.27,-3.81,0.));
#232 = DIRECTION('',(0.,0.,1.));
#233 = DIRECTION('',(1.110223024625E-16,1.,-0.));
#234 = ADVANCED_FACE('',(#235,#246,#280,#314,#348,#382,#416,#450,#484),
  #518,.T.);
#235 = FACE_BOUND('',#236,.T.);
#236 = EDGE_LOOP('',(#237,#238,#239,#245));
#237 = ORIENTED_EDGE('',*,*,#65,.T.);
#238 = ORIENTED_EDGE('',*,*,#167,.T.);
#239 = ORIENTED_EDGE('',*,*,#240,.T.);
#240 = EDGE_CURVE('',#168,#106,#241,.T.);
#241 = LINE('',#242,#243);
#242 = CARTESIAN_POINT('',(-3.81,1.27,8.5));
#243 = VECTOR('',#244,1.);
#244 = DIRECTION('',(-1.110223024625E-16,-1.,0.));
#245 = ORIENTED_EDGE('',*,*,#113,.T.);
#246 = FACE_BOUND('',#247,.T.);
#247 = EDGE_LOOP('',(#248,#258,#266,#274));
#248 = ORIENTED_EDGE('',*,*,#249,.F.);
#249 = EDGE_CURVE('',#250,#252,#254,.T.);
#250 = VERTEX_POINT('',#251);
#251 = CARTESIAN_POINT('',(-0.6,-7.02,8.5));
#252 = VERTEX_POINT('',#253);
#253 = CARTESIAN_POINT('',(-0.6,-8.22,8.5));
#254 = LINE('',#255,#256);
#255 = CARTESIAN_POINT('',(-0.6,-7.02,8.5));
#256 = VECTOR('',#257,1.);
#257 = DIRECTION('',(-2.334869823773E-16,-1.,0.));
#258 = ORIENTED_EDGE('',*,*,#259,.F.);
#259 = EDGE_CURVE('',#260,#250,#262,.T.);
#260 = VERTEX_POINT('',#261);
#261 = CARTESIAN_POINT('',(0.6,-7.02,8.5));
#262 = LINE('',#263,#264);
#263 = CARTESIAN_POINT('',(0.6,-7.02,8.5));
#264 = VECTOR('',#265,1.);
#265 = DIRECTION('',(-1.,2.334869823773E-16,0.));
#266 = ORIENTED_EDGE('',*,*,#267,.F.);
#267 = EDGE_CURVE('',#268,#260,#270,.T.);
#268 = VERTEX_POINT('',#269);
#269 = CARTESIAN_POINT('',(0.6,-8.22,8.5));
#270 = LINE('',#271,#272);
#271 = CARTESIAN_POINT('',(0.6,-8.22,8.5));
#272 = VECTOR('',#273,1.);
#273 = DIRECTION('',(2.334869823773E-16,1.,0.));
#274 = ORIENTED_EDGE('',*,*,#275,.F.);
#275 = EDGE_CURVE('',#252,#268,#276,.T.);
#276 = LINE('',#277,#278);
#277 = CARTESIAN_POINT('',(-0.6,-8.22,8.5));
#278 = VECTOR('',#279,1.);
#279 = DIRECTION('',(1.,-2.334869823773E-16,0.));
#280 = FACE_BOUND('',#281,.T.);
#281 = EDGE_LOOP('',(#282,#292,#300,#308));
#282 = ORIENTED_EDGE('',*,*,#283,.F.);
#283 = EDGE_CURVE('',#284,#286,#288,.T.);
#284 = VERTEX_POINT('',#285);
#285 = CARTESIAN_POINT('',(-0.6,-4.48,8.5));
#286 = VERTEX_POINT('',#287);
#287 = CARTESIAN_POINT('',(-0.6,-5.68,8.5));
#288 = LINE('',#289,#290);
#289 = CARTESIAN_POINT('',(-0.6,-4.48,8.5));
#290 = VECTOR('',#291,1.);
#291 = DIRECTION('',(-2.334869823773E-16,-1.,0.));
#292 = ORIENTED_EDGE('',*,*,#293,.F.);
#293 = EDGE_CURVE('',#294,#284,#296,.T.);
#294 = VERTEX_POINT('',#295);
#295 = CARTESIAN_POINT('',(0.6,-4.48,8.5));
#296 = LINE('',#297,#298);
#297 = CARTESIAN_POINT('',(0.6,-4.48,8.5));
#298 = VECTOR('',#299,1.);
#299 = DIRECTION('',(-1.,2.334869823773E-16,0.));
#300 = ORIENTED_EDGE('',*,*,#301,.F.);
#301 = EDGE_CURVE('',#302,#294,#304,.T.);
#302 = VERTEX_POINT('',#303);
#303 = CARTESIAN_POINT('',(0.6,-5.68,8.5));
#304 = LINE('',#305,#306);
#305 = CARTESIAN_POINT('',(0.6,-5.68,8.5));
#306 = VECTOR('',#307,1.);
#307 = DIRECTION('',(2.334869823773E-16,1.,0.));
#308 = ORIENTED_EDGE('',*,*,#309,.F.);
#309 = EDGE_CURVE('',#286,#302,#310,.T.);
#310 = LINE('',#311,#312);
#311 = CARTESIAN_POINT('',(-0.6,-5.68,8.5));
#312 = VECTOR('',#313,1.);
#313 = DIRECTION('',(1.,-2.334869823773E-16,0.));
#314 = FACE_BOUND('',#315,.T.);
#315 = EDGE_LOOP('',(#316,#326,#334,#342));
#316 = ORIENTED_EDGE('',*,*,#317,.F.);
#317 = EDGE_CURVE('',#318,#320,#322,.T.);
#318 = VERTEX_POINT('',#319);
#319 = CARTESIAN_POINT('',(-0.6,-1.94,8.5));
#320 = VERTEX_POINT('',#321);
#321 = CARTESIAN_POINT('',(-0.6,-3.14,8.5));
#322 = LINE('',#323,#324);
#323 = CARTESIAN_POINT('',(-0.6,-1.94,8.5));
#324 = VECTOR('',#325,1.);
#325 = DIRECTION('',(-2.334869823773E-16,-1.,0.));
#326 = ORIENTED_EDGE('',*,*,#327,.F.);
#327 = EDGE_CURVE('',#328,#318,#330,.T.);
#328 = VERTEX_POINT('',#329);
#329 = CARTESIAN_POINT('',(0.6,-1.94,8.5));
#330 = LINE('',#331,#332);
#331 = CARTESIAN_POINT('',(0.6,-1.94,8.5));
#332 = VECTOR('',#333,1.);
#333 = DIRECTION('',(-1.,2.334869823773E-16,0.));
#334 = ORIENTED_EDGE('',*,*,#335,.F.);
#335 = EDGE_CURVE('',#336,#328,#338,.T.);
#336 = VERTEX_POINT('',#337);
#337 = CARTESIAN_POINT('',(0.6,-3.14,8.5));
#338 = LINE('',#339,#340);
#339 = CARTESIAN_POINT('',(0.6,-3.14,8.5));
#340 = VECTOR('',#341,1.);
#341 = DIRECTION('',(2.334869823773E-16,1.,0.));
#342 = ORIENTED_EDGE('',*,*,#343,.F.);
#343 = EDGE_CURVE('',#320,#336,#344,.T.);
#344 = LINE('',#345,#346);
#345 = CARTESIAN_POINT('',(-0.6,-3.14,8.5));
#346 = VECTOR('',#347,1.);
#347 = DIRECTION('',(1.,-2.334869823773E-16,0.));
#348 = FACE_BOUND('',#349,.T.);
#349 = EDGE_LOOP('',(#350,#360,#368,#376));
#350 = ORIENTED_EDGE('',*,*,#351,.F.);
#351 = EDGE_CURVE('',#352,#354,#356,.T.);
#352 = VERTEX_POINT('',#353);
#353 = CARTESIAN_POINT('',(-0.6,0.6,8.5));
#354 = VERTEX_POINT('',#355);
#355 = CARTESIAN_POINT('',(-0.6,-0.6,8.5));
#356 = LINE('',#357,#358);
#357 = CARTESIAN_POINT('',(-0.6,0.6,8.5));
#358 = VECTOR('',#359,1.);
#359 = DIRECTION('',(-2.334869823773E-16,-1.,0.));
#360 = ORIENTED_EDGE('',*,*,#361,.F.);
#361 = EDGE_CURVE('',#362,#352,#364,.T.);
#362 = VERTEX_POINT('',#363);
#363 = CARTESIAN_POINT('',(0.6,0.6,8.5));
#364 = LINE('',#365,#366);
#365 = CARTESIAN_POINT('',(0.6,0.6,8.5));
#366 = VECTOR('',#367,1.);
#367 = DIRECTION('',(-1.,2.334869823773E-16,0.));
#368 = ORIENTED_EDGE('',*,*,#369,.F.);
#369 = EDGE_CURVE('',#370,#362,#372,.T.);
#370 = VERTEX_POINT('',#371);
#371 = CARTESIAN_POINT('',(0.6,-0.6,8.5));
#372 = LINE('',#373,#374);
#373 = CARTESIAN_POINT('',(0.6,-0.6,8.5));
#374 = VECTOR('',#375,1.);
#375 = DIRECTION('',(2.334869823773E-16,1.,0.));
#376 = ORIENTED_EDGE('',*,*,#377,.F.);
#377 = EDGE_CURVE('',#354,#370,#378,.T.);
#378 = LINE('',#379,#380);
#379 = CARTESIAN_POINT('',(-0.6,-0.6,8.5));
#380 = VECTOR('',#381,1.);
#381 = DIRECTION('',(1.,-2.334869823773E-16,0.));
#382 = FACE_BOUND('',#383,.T.);
#383 = EDGE_LOOP('',(#384,#394,#402,#410));
#384 = ORIENTED_EDGE('',*,*,#385,.F.);
#385 = EDGE_CURVE('',#386,#388,#390,.T.);
#386 = VERTEX_POINT('',#387);
#387 = CARTESIAN_POINT('',(-1.94,-8.22,8.5));
#388 = VERTEX_POINT('',#389);
#389 = CARTESIAN_POINT('',(-1.94,-7.02,8.5));
#390 = LINE('',#391,#392);
#391 = CARTESIAN_POINT('',(-1.94,-8.22,8.5));
#392 = VECTOR('',#393,1.);
#393 = DIRECTION('',(1.110223024625E-16,1.,0.));
#394 = ORIENTED_EDGE('',*,*,#395,.F.);
#395 = EDGE_CURVE('',#396,#386,#398,.T.);
#396 = VERTEX_POINT('',#397);
#397 = CARTESIAN_POINT('',(-3.14,-8.22,8.5));
#398 = LINE('',#399,#400);
#399 = CARTESIAN_POINT('',(-3.14,-8.22,8.5));
#400 = VECTOR('',#401,1.);
#401 = DIRECTION('',(1.,-1.110223024625E-16,0.));
#402 = ORIENTED_EDGE('',*,*,#403,.F.);
#403 = EDGE_CURVE('',#404,#396,#406,.T.);
#404 = VERTEX_POINT('',#405);
#405 = CARTESIAN_POINT('',(-3.14,-7.02,8.5));
#406 = LINE('',#407,#408);
#407 = CARTESIAN_POINT('',(-3.14,-7.02,8.5));
#408 = VECTOR('',#409,1.);
#409 = DIRECTION('',(-1.110223024625E-16,-1.,0.));
#410 = ORIENTED_EDGE('',*,*,#411,.F.);
#411 = EDGE_CURVE('',#388,#404,#412,.T.);
#412 = LINE('',#413,#414);
#413 = CARTESIAN_POINT('',(-1.94,-7.02,8.5));
#414 = VECTOR('',#415,1.);
#415 = DIRECTION('',(-1.,1.110223024625E-16,0.));
#416 = FACE_BOUND('',#417,.T.);
#417 = EDGE_LOOP('',(#418,#428,#436,#444));
#418 = ORIENTED_EDGE('',*,*,#419,.F.);
#419 = EDGE_CURVE('',#420,#422,#424,.T.);
#420 = VERTEX_POINT('',#421);
#421 = CARTESIAN_POINT('',(-1.94,-5.68,8.5));
#422 = VERTEX_POINT('',#423);
#423 = CARTESIAN_POINT('',(-1.94,-4.48,8.5));
#424 = LINE('',#425,#426);
#425 = CARTESIAN_POINT('',(-1.94,-5.68,8.5));
#426 = VECTOR('',#427,1.);
#427 = DIRECTION('',(1.110223024625E-16,1.,0.));
#428 = ORIENTED_EDGE('',*,*,#429,.F.);
#429 = EDGE_CURVE('',#430,#420,#432,.T.);
#430 = VERTEX_POINT('',#431);
#431 = CARTESIAN_POINT('',(-3.14,-5.68,8.5));
#432 = LINE('',#433,#434);
#433 = CARTESIAN_POINT('',(-3.14,-5.68,8.5));
#434 = VECTOR('',#435,1.);
#435 = DIRECTION('',(1.,-1.110223024625E-16,0.));
#436 = ORIENTED_EDGE('',*,*,#437,.F.);
#437 = EDGE_CURVE('',#438,#430,#440,.T.);
#438 = VERTEX_POINT('',#439);
#439 = CARTESIAN_POINT('',(-3.14,-4.48,8.5));
#440 = LINE('',#441,#442);
#441 = CARTESIAN_POINT('',(-3.14,-4.48,8.5));
#442 = VECTOR('',#443,1.);
#443 = DIRECTION('',(-1.110223024625E-16,-1.,0.));
#444 = ORIENTED_EDGE('',*,*,#445,.F.);
#445 = EDGE_CURVE('',#422,#438,#446,.T.);
#446 = LINE('',#447,#448);
#447 = CARTESIAN_POINT('',(-1.94,-4.48,8.5));
#448 = VECTOR('',#449,1.);
#449 = DIRECTION('',(-1.,1.110223024625E-16,0.));
#450 = FACE_BOUND('',#451,.T.);
#451 = EDGE_LOOP('',(#452,#462,#470,#478));
#452 = ORIENTED_EDGE('',*,*,#453,.F.);
#453 = EDGE_CURVE('',#454,#456,#458,.T.);
#454 = VERTEX_POINT('',#455);
#455 = CARTESIAN_POINT('',(-1.94,-3.14,8.5));
#456 = VERTEX_POINT('',#457);
#457 = CARTESIAN_POINT('',(-1.94,-1.94,8.5));
#458 = LINE('',#459,#460);
#459 = CARTESIAN_POINT('',(-1.94,-3.14,8.5));
#460 = VECTOR('',#461,1.);
#461 = DIRECTION('',(1.110223024625E-16,1.,0.));
#462 = ORIENTED_EDGE('',*,*,#463,.F.);
#463 = EDGE_CURVE('',#464,#454,#466,.T.);
#464 = VERTEX_POINT('',#465);
#465 = CARTESIAN_POINT('',(-3.14,-3.14,8.5));
#466 = LINE('',#467,#468);
#467 = CARTESIAN_POINT('',(-3.14,-3.14,8.5));
#468 = VECTOR('',#469,1.);
#469 = DIRECTION('',(1.,-1.110223024625E-16,0.));
#470 = ORIENTED_EDGE('',*,*,#471,.F.);
#471 = EDGE_CURVE('',#472,#464,#474,.T.);
#472 = VERTEX_POINT('',#473);
#473 = CARTESIAN_POINT('',(-3.14,-1.94,8.5));
#474 = LINE('',#475,#476);
#475 = CARTESIAN_POINT('',(-3.14,-1.94,8.5));
#476 = VECTOR('',#477,1.);
#477 = DIRECTION('',(-1.110223024625E-16,-1.,0.));
#478 = ORIENTED_EDGE('',*,*,#479,.F.);
#479 = EDGE_CURVE('',#456,#472,#480,.T.);
#480 = LINE('',#481,#482);
#481 = CARTESIAN_POINT('',(-1.94,-1.94,8.5));
#482 = VECTOR('',#483,1.);
#483 = DIRECTION('',(-1.,1.110223024625E-16,0.));
#484 = FACE_BOUND('',#485,.T.);
#485 = EDGE_LOOP('',(#486,#496,#504,#512));
#486 = ORIENTED_EDGE('',*,*,#487,.F.);
#487 = EDGE_CURVE('',#488,#490,#492,.T.);
#488 = VERTEX_POINT('',#489);
#489 = CARTESIAN_POINT('',(-1.94,-0.6,8.5));
#490 = VERTEX_POINT('',#491);
#491 = CARTESIAN_POINT('',(-1.94,0.6,8.5));
#492 = LINE('',#493,#494);
#493 = CARTESIAN_POINT('',(-1.94,-0.6,8.5));
#494 = VECTOR('',#495,1.);
#495 = DIRECTION('',(1.110223024625E-16,1.,0.));
#496 = ORIENTED_EDGE('',*,*,#497,.F.);
#497 = EDGE_CURVE('',#498,#488,#500,.T.);
#498 = VERTEX_POINT('',#499);
#499 = CARTESIAN_POINT('',(-3.14,-0.6,8.5));
#500 = LINE('',#501,#502);
#501 = CARTESIAN_POINT('',(-3.14,-0.6,8.5));
#502 = VECTOR('',#503,1.);
#503 = DIRECTION('',(1.,-1.110223024625E-16,0.));
#504 = ORIENTED_EDGE('',*,*,#505,.F.);
#505 = EDGE_CURVE('',#506,#498,#508,.T.);
#506 = VERTEX_POINT('',#507);
#507 = CARTESIAN_POINT('',(-3.14,0.6,8.5));
#508 = LINE('',#509,#510);
#509 = CARTESIAN_POINT('',(-3.14,0.6,8.5));
#510 = VECTOR('',#511,1.);
#511 = DIRECTION('',(-1.110223024625E-16,-1.,0.));
#512 = ORIENTED_EDGE('',*,*,#513,.F.);
#513 = EDGE_CURVE('',#490,#506,#514,.T.);
#514 = LINE('',#515,#516);
#515 = CARTESIAN_POINT('',(-1.94,0.6,8.5));
#516 = VECTOR('',#517,1.);
#517 = DIRECTION('',(-1.,1.110223024625E-16,0.));
#518 = PLANE('',#519);
#519 = AXIS2_PLACEMENT_3D('',#520,#521,#522);
#520 = CARTESIAN_POINT('',(-1.27,-3.81,8.5));
#521 = DIRECTION('',(0.,0.,1.));
#522 = DIRECTION('',(1.110223024625E-16,1.,-0.));
#523 = ADVANCED_FACE('',(#524),#540,.F.);
#524 = FACE_BOUND('',#525,.F.);
#525 = EDGE_LOOP('',(#526,#527,#533,#534));
#526 = ORIENTED_EDGE('',*,*,#95,.T.);
#527 = ORIENTED_EDGE('',*,*,#528,.F.);
#528 = EDGE_CURVE('',#184,#98,#529,.T.);
#529 = LINE('',#530,#531);
#530 = CARTESIAN_POINT('',(-2.963333333333,1.27,0.));
#531 = VECTOR('',#532,1.);
#532 = DIRECTION('',(-1.110223024625E-16,-1.,0.));
#533 = ORIENTED_EDGE('',*,*,#183,.T.);
#534 = ORIENTED_EDGE('',*,*,#535,.T.);
#535 = EDGE_CURVE('',#176,#96,#536,.T.);
#536 = LINE('',#537,#538);
#537 = CARTESIAN_POINT('',(-3.81,1.27,0.));
#538 = VECTOR('',#539,1.);
#539 = DIRECTION('',(-1.110223024625E-16,-1.,0.));
#540 = PLANE('',#541);
#541 = AXIS2_PLACEMENT_3D('',#542,#543,#544);
#542 = CARTESIAN_POINT('',(-1.27,-3.81,0.));
#543 = DIRECTION('',(0.,0.,1.));
#544 = DIRECTION('',(1.110223024625E-16,1.,-0.));
#545 = ADVANCED_FACE('',(#546),#557,.T.);
#546 = FACE_BOUND('',#547,.T.);
#547 = EDGE_LOOP('',(#548,#549,#555,#556));
#548 = ORIENTED_EDGE('',*,*,#191,.T.);
#549 = ORIENTED_EDGE('',*,*,#550,.T.);
#550 = EDGE_CURVE('',#192,#137,#551,.T.);
#551 = LINE('',#552,#553);
#552 = CARTESIAN_POINT('',(-2.963333333333,1.27,0.2));
#553 = VECTOR('',#554,1.);
#554 = DIRECTION('',(-1.110223024625E-16,-1.,0.));
#555 = ORIENTED_EDGE('',*,*,#144,.F.);
#556 = ORIENTED_EDGE('',*,*,#528,.F.);
#557 = PLANE('',#558);
#558 = AXIS2_PLACEMENT_3D('',#559,#560,#561);
#559 = CARTESIAN_POINT('',(-2.963333333333,1.27,0.));
#560 = DIRECTION('',(1.,-1.110223024625E-16,0.));
#561 = DIRECTION('',(-1.110223024625E-16,-1.,0.));
#562 = ADVANCED_FACE('',(#563,#574,#640,#706,#772,#838,#904,#970,#1036),
  #1102,.F.);
#563 = FACE_BOUND('',#564,.F.);
#564 = EDGE_LOOP('',(#565,#571,#572,#573));
#565 = ORIENTED_EDGE('',*,*,#566,.T.);
#566 = EDGE_CURVE('',#129,#200,#567,.T.);
#567 = LINE('',#568,#569);
#568 = CARTESIAN_POINT('',(0.423333333333,-8.89,0.2));
#569 = VECTOR('',#570,1.);
#570 = DIRECTION('',(1.110223024625E-16,1.,0.));
#571 = ORIENTED_EDGE('',*,*,#199,.T.);
#572 = ORIENTED_EDGE('',*,*,#550,.T.);
#573 = ORIENTED_EDGE('',*,*,#136,.T.);
#574 = FACE_BOUND('',#575,.F.);
#575 = EDGE_LOOP('',(#576,#586,#594,#602,#610,#618,#626,#634));
#576 = ORIENTED_EDGE('',*,*,#577,.F.);
#577 = EDGE_CURVE('',#578,#580,#582,.T.);
#578 = VERTEX_POINT('',#579);
#579 = CARTESIAN_POINT('',(0.1,-7.17,0.2));
#580 = VERTEX_POINT('',#581);
#581 = CARTESIAN_POINT('',(-0.1,-7.17,0.2));
#582 = LINE('',#583,#584);
#583 = CARTESIAN_POINT('',(0.1,-7.17,0.2));
#584 = VECTOR('',#585,1.);
#585 = DIRECTION('',(-1.,2.334869823773E-16,0.));
#586 = ORIENTED_EDGE('',*,*,#587,.T.);
#587 = EDGE_CURVE('',#578,#588,#590,.T.);
#588 = VERTEX_POINT('',#589);
#589 = CARTESIAN_POINT('',(0.1,-7.32,0.2));
#590 = LINE('',#591,#592);
#591 = CARTESIAN_POINT('',(0.1,-7.17,0.2));
#592 = VECTOR('',#593,1.);
#593 = DIRECTION('',(-2.334869823773E-16,-1.,0.));
#594 = ORIENTED_EDGE('',*,*,#595,.F.);
#595 = EDGE_CURVE('',#596,#588,#598,.T.);
#596 = VERTEX_POINT('',#597);
#597 = CARTESIAN_POINT('',(0.1,-7.92,0.2));
#598 = LINE('',#599,#600);
#599 = CARTESIAN_POINT('',(0.1,-5.715,0.2));
#600 = VECTOR('',#601,1.);
#601 = DIRECTION('',(2.334869823773E-16,1.,-0.));
#602 = ORIENTED_EDGE('',*,*,#603,.T.);
#603 = EDGE_CURVE('',#596,#604,#606,.T.);
#604 = VERTEX_POINT('',#605);
#605 = CARTESIAN_POINT('',(0.1,-8.07,0.2));
#606 = LINE('',#607,#608);
#607 = CARTESIAN_POINT('',(0.1,-7.17,0.2));
#608 = VECTOR('',#609,1.);
#609 = DIRECTION('',(-2.334869823773E-16,-1.,0.));
#610 = ORIENTED_EDGE('',*,*,#611,.T.);
#611 = EDGE_CURVE('',#604,#612,#614,.T.);
#612 = VERTEX_POINT('',#613);
#613 = CARTESIAN_POINT('',(-0.1,-8.07,0.2));
#614 = LINE('',#615,#616);
#615 = CARTESIAN_POINT('',(0.1,-8.07,0.2));
#616 = VECTOR('',#617,1.);
#617 = DIRECTION('',(-1.,2.334869823773E-16,0.));
#618 = ORIENTED_EDGE('',*,*,#619,.T.);
#619 = EDGE_CURVE('',#612,#620,#622,.T.);
#620 = VERTEX_POINT('',#621);
#621 = CARTESIAN_POINT('',(-0.1,-7.92,0.2));
#622 = LINE('',#623,#624);
#623 = CARTESIAN_POINT('',(-0.1,-8.07,0.2));
#624 = VECTOR('',#625,1.);
#625 = DIRECTION('',(2.334869823773E-16,1.,0.));
#626 = ORIENTED_EDGE('',*,*,#627,.T.);
#627 = EDGE_CURVE('',#620,#628,#630,.T.);
#628 = VERTEX_POINT('',#629);
#629 = CARTESIAN_POINT('',(-0.1,-7.32,0.2));
#630 = LINE('',#631,#632);
#631 = CARTESIAN_POINT('',(-0.1,-5.715,0.2));
#632 = VECTOR('',#633,1.);
#633 = DIRECTION('',(2.334869823773E-16,1.,-0.));
#634 = ORIENTED_EDGE('',*,*,#635,.T.);
#635 = EDGE_CURVE('',#628,#580,#636,.T.);
#636 = LINE('',#637,#638);
#637 = CARTESIAN_POINT('',(-0.1,-8.07,0.2));
#638 = VECTOR('',#639,1.);
#639 = DIRECTION('',(2.334869823773E-16,1.,0.));
#640 = FACE_BOUND('',#641,.F.);
#641 = EDGE_LOOP('',(#642,#652,#660,#668,#676,#684,#692,#700));
#642 = ORIENTED_EDGE('',*,*,#643,.F.);
#643 = EDGE_CURVE('',#644,#646,#648,.T.);
#644 = VERTEX_POINT('',#645);
#645 = CARTESIAN_POINT('',(0.1,-4.63,0.2));
#646 = VERTEX_POINT('',#647);
#647 = CARTESIAN_POINT('',(-0.1,-4.63,0.2));
#648 = LINE('',#649,#650);
#649 = CARTESIAN_POINT('',(0.1,-4.63,0.2));
#650 = VECTOR('',#651,1.);
#651 = DIRECTION('',(-1.,2.334869823773E-16,0.));
#652 = ORIENTED_EDGE('',*,*,#653,.T.);
#653 = EDGE_CURVE('',#644,#654,#656,.T.);
#654 = VERTEX_POINT('',#655);
#655 = CARTESIAN_POINT('',(0.1,-4.78,0.2));
#656 = LINE('',#657,#658);
#657 = CARTESIAN_POINT('',(0.1,-4.63,0.2));
#658 = VECTOR('',#659,1.);
#659 = DIRECTION('',(-2.334869823773E-16,-1.,0.));
#660 = ORIENTED_EDGE('',*,*,#661,.F.);
#661 = EDGE_CURVE('',#662,#654,#664,.T.);
#662 = VERTEX_POINT('',#663);
#663 = CARTESIAN_POINT('',(0.1,-5.38,0.2));
#664 = LINE('',#665,#666);
#665 = CARTESIAN_POINT('',(0.1,-4.445,0.2));
#666 = VECTOR('',#667,1.);
#667 = DIRECTION('',(2.334869823773E-16,1.,-0.));
#668 = ORIENTED_EDGE('',*,*,#669,.T.);
#669 = EDGE_CURVE('',#662,#670,#672,.T.);
#670 = VERTEX_POINT('',#671);
#671 = CARTESIAN_POINT('',(0.1,-5.53,0.2));
#672 = LINE('',#673,#674);
#673 = CARTESIAN_POINT('',(0.1,-4.63,0.2));
#674 = VECTOR('',#675,1.);
#675 = DIRECTION('',(-2.334869823773E-16,-1.,0.));
#676 = ORIENTED_EDGE('',*,*,#677,.T.);
#677 = EDGE_CURVE('',#670,#678,#680,.T.);
#678 = VERTEX_POINT('',#679);
#679 = CARTESIAN_POINT('',(-0.1,-5.53,0.2));
#680 = LINE('',#681,#682);
#681 = CARTESIAN_POINT('',(0.1,-5.53,0.2));
#682 = VECTOR('',#683,1.);
#683 = DIRECTION('',(-1.,2.334869823773E-16,0.));
#684 = ORIENTED_EDGE('',*,*,#685,.T.);
#685 = EDGE_CURVE('',#678,#686,#688,.T.);
#686 = VERTEX_POINT('',#687);
#687 = CARTESIAN_POINT('',(-0.1,-5.38,0.2));
#688 = LINE('',#689,#690);
#689 = CARTESIAN_POINT('',(-0.1,-5.53,0.2));
#690 = VECTOR('',#691,1.);
#691 = DIRECTION('',(2.334869823773E-16,1.,0.));
#692 = ORIENTED_EDGE('',*,*,#693,.T.);
#693 = EDGE_CURVE('',#686,#694,#696,.T.);
#694 = VERTEX_POINT('',#695);
#695 = CARTESIAN_POINT('',(-0.1,-4.78,0.2));
#696 = LINE('',#697,#698);
#697 = CARTESIAN_POINT('',(-0.1,-4.445,0.2));
#698 = VECTOR('',#699,1.);
#699 = DIRECTION('',(2.334869823773E-16,1.,-0.));
#700 = ORIENTED_EDGE('',*,*,#701,.T.);
#701 = EDGE_CURVE('',#694,#646,#702,.T.);
#702 = LINE('',#703,#704);
#703 = CARTESIAN_POINT('',(-0.1,-5.53,0.2));
#704 = VECTOR('',#705,1.);
#705 = DIRECTION('',(2.334869823773E-16,1.,0.));
#706 = FACE_BOUND('',#707,.F.);
#707 = EDGE_LOOP('',(#708,#718,#726,#734,#742,#750,#758,#766));
#708 = ORIENTED_EDGE('',*,*,#709,.F.);
#709 = EDGE_CURVE('',#710,#712,#714,.T.);
#710 = VERTEX_POINT('',#711);
#711 = CARTESIAN_POINT('',(0.1,-2.09,0.2));
#712 = VERTEX_POINT('',#713);
#713 = CARTESIAN_POINT('',(-0.1,-2.09,0.2));
#714 = LINE('',#715,#716);
#715 = CARTESIAN_POINT('',(0.1,-2.09,0.2));
#716 = VECTOR('',#717,1.);
#717 = DIRECTION('',(-1.,2.334869823773E-16,0.));
#718 = ORIENTED_EDGE('',*,*,#719,.T.);
#719 = EDGE_CURVE('',#710,#720,#722,.T.);
#720 = VERTEX_POINT('',#721);
#721 = CARTESIAN_POINT('',(0.1,-2.24,0.2));
#722 = LINE('',#723,#724);
#723 = CARTESIAN_POINT('',(0.1,-2.09,0.2));
#724 = VECTOR('',#725,1.);
#725 = DIRECTION('',(-2.334869823773E-16,-1.,0.));
#726 = ORIENTED_EDGE('',*,*,#727,.F.);
#727 = EDGE_CURVE('',#728,#720,#730,.T.);
#728 = VERTEX_POINT('',#729);
#729 = CARTESIAN_POINT('',(0.1,-2.84,0.2));
#730 = LINE('',#731,#732);
#731 = CARTESIAN_POINT('',(0.1,-3.175,0.2));
#732 = VECTOR('',#733,1.);
#733 = DIRECTION('',(2.334869823773E-16,1.,-0.));
#734 = ORIENTED_EDGE('',*,*,#735,.T.);
#735 = EDGE_CURVE('',#728,#736,#738,.T.);
#736 = VERTEX_POINT('',#737);
#737 = CARTESIAN_POINT('',(0.1,-2.99,0.2));
#738 = LINE('',#739,#740);
#739 = CARTESIAN_POINT('',(0.1,-2.09,0.2));
#740 = VECTOR('',#741,1.);
#741 = DIRECTION('',(-2.334869823773E-16,-1.,0.));
#742 = ORIENTED_EDGE('',*,*,#743,.T.);
#743 = EDGE_CURVE('',#736,#744,#746,.T.);
#744 = VERTEX_POINT('',#745);
#745 = CARTESIAN_POINT('',(-0.1,-2.99,0.2));
#746 = LINE('',#747,#748);
#747 = CARTESIAN_POINT('',(0.1,-2.99,0.2));
#748 = VECTOR('',#749,1.);
#749 = DIRECTION('',(-1.,2.334869823773E-16,0.));
#750 = ORIENTED_EDGE('',*,*,#751,.T.);
#751 = EDGE_CURVE('',#744,#752,#754,.T.);
#752 = VERTEX_POINT('',#753);
#753 = CARTESIAN_POINT('',(-0.1,-2.84,0.2));
#754 = LINE('',#755,#756);
#755 = CARTESIAN_POINT('',(-0.1,-2.99,0.2));
#756 = VECTOR('',#757,1.);
#757 = DIRECTION('',(2.334869823773E-16,1.,0.));
#758 = ORIENTED_EDGE('',*,*,#759,.T.);
#759 = EDGE_CURVE('',#752,#760,#762,.T.);
#760 = VERTEX_POINT('',#761);
#761 = CARTESIAN_POINT('',(-0.1,-2.24,0.2));
#762 = LINE('',#763,#764);
#763 = CARTESIAN_POINT('',(-0.1,-3.175,0.2));
#764 = VECTOR('',#765,1.);
#765 = DIRECTION('',(2.334869823773E-16,1.,-0.));
#766 = ORIENTED_EDGE('',*,*,#767,.T.);
#767 = EDGE_CURVE('',#760,#712,#768,.T.);
#768 = LINE('',#769,#770);
#769 = CARTESIAN_POINT('',(-0.1,-2.99,0.2));
#770 = VECTOR('',#771,1.);
#771 = DIRECTION('',(2.334869823773E-16,1.,0.));
#772 = FACE_BOUND('',#773,.F.);
#773 = EDGE_LOOP('',(#774,#784,#792,#800,#808,#816,#824,#832));
#774 = ORIENTED_EDGE('',*,*,#775,.F.);
#775 = EDGE_CURVE('',#776,#778,#780,.T.);
#776 = VERTEX_POINT('',#777);
#777 = CARTESIAN_POINT('',(0.1,0.45,0.2));
#778 = VERTEX_POINT('',#779);
#779 = CARTESIAN_POINT('',(-0.1,0.45,0.2));
#780 = LINE('',#781,#782);
#781 = CARTESIAN_POINT('',(0.1,0.45,0.2));
#782 = VECTOR('',#783,1.);
#783 = DIRECTION('',(-1.,2.334869823773E-16,0.));
#784 = ORIENTED_EDGE('',*,*,#785,.T.);
#785 = EDGE_CURVE('',#776,#786,#788,.T.);
#786 = VERTEX_POINT('',#787);
#787 = CARTESIAN_POINT('',(0.1,0.3,0.2));
#788 = LINE('',#789,#790);
#789 = CARTESIAN_POINT('',(0.1,0.45,0.2));
#790 = VECTOR('',#791,1.);
#791 = DIRECTION('',(-2.334869823773E-16,-1.,0.));
#792 = ORIENTED_EDGE('',*,*,#793,.F.);
#793 = EDGE_CURVE('',#794,#786,#796,.T.);
#794 = VERTEX_POINT('',#795);
#795 = CARTESIAN_POINT('',(0.1,-0.3,0.2));
#796 = LINE('',#797,#798);
#797 = CARTESIAN_POINT('',(0.1,-1.905,0.2));
#798 = VECTOR('',#799,1.);
#799 = DIRECTION('',(2.334869823773E-16,1.,-0.));
#800 = ORIENTED_EDGE('',*,*,#801,.T.);
#801 = EDGE_CURVE('',#794,#802,#804,.T.);
#802 = VERTEX_POINT('',#803);
#803 = CARTESIAN_POINT('',(0.1,-0.45,0.2));
#804 = LINE('',#805,#806);
#805 = CARTESIAN_POINT('',(0.1,0.45,0.2));
#806 = VECTOR('',#807,1.);
#807 = DIRECTION('',(-2.334869823773E-16,-1.,0.));
#808 = ORIENTED_EDGE('',*,*,#809,.T.);
#809 = EDGE_CURVE('',#802,#810,#812,.T.);
#810 = VERTEX_POINT('',#811);
#811 = CARTESIAN_POINT('',(-0.1,-0.45,0.2));
#812 = LINE('',#813,#814);
#813 = CARTESIAN_POINT('',(0.1,-0.45,0.2));
#814 = VECTOR('',#815,1.);
#815 = DIRECTION('',(-1.,2.334869823773E-16,0.));
#816 = ORIENTED_EDGE('',*,*,#817,.T.);
#817 = EDGE_CURVE('',#810,#818,#820,.T.);
#818 = VERTEX_POINT('',#819);
#819 = CARTESIAN_POINT('',(-0.1,-0.3,0.2));
#820 = LINE('',#821,#822);
#821 = CARTESIAN_POINT('',(-0.1,-0.45,0.2));
#822 = VECTOR('',#823,1.);
#823 = DIRECTION('',(2.334869823773E-16,1.,0.));
#824 = ORIENTED_EDGE('',*,*,#825,.T.);
#825 = EDGE_CURVE('',#818,#826,#828,.T.);
#826 = VERTEX_POINT('',#827);
#827 = CARTESIAN_POINT('',(-0.1,0.3,0.2));
#828 = LINE('',#829,#830);
#829 = CARTESIAN_POINT('',(-0.1,-1.905,0.2));
#830 = VECTOR('',#831,1.);
#831 = DIRECTION('',(2.334869823773E-16,1.,-0.));
#832 = ORIENTED_EDGE('',*,*,#833,.T.);
#833 = EDGE_CURVE('',#826,#778,#834,.T.);
#834 = LINE('',#835,#836);
#835 = CARTESIAN_POINT('',(-0.1,-0.45,0.2));
#836 = VECTOR('',#837,1.);
#837 = DIRECTION('',(2.334869823773E-16,1.,0.));
#838 = FACE_BOUND('',#839,.F.);
#839 = EDGE_LOOP('',(#840,#850,#858,#866,#874,#882,#890,#898));
#840 = ORIENTED_EDGE('',*,*,#841,.F.);
#841 = EDGE_CURVE('',#842,#844,#846,.T.);
#842 = VERTEX_POINT('',#843);
#843 = CARTESIAN_POINT('',(-2.64,-8.07,0.2));
#844 = VERTEX_POINT('',#845);
#845 = CARTESIAN_POINT('',(-2.44,-8.07,0.2));
#846 = LINE('',#847,#848);
#847 = CARTESIAN_POINT('',(-2.64,-8.07,0.2));
#848 = VECTOR('',#849,1.);
#849 = DIRECTION('',(1.,-1.110223024625E-16,0.));
#850 = ORIENTED_EDGE('',*,*,#851,.T.);
#851 = EDGE_CURVE('',#842,#852,#854,.T.);
#852 = VERTEX_POINT('',#853);
#853 = CARTESIAN_POINT('',(-2.64,-7.92,0.2));
#854 = LINE('',#855,#856);
#855 = CARTESIAN_POINT('',(-2.64,-8.07,0.2));
#856 = VECTOR('',#857,1.);
#857 = DIRECTION('',(1.110223024625E-16,1.,0.));
#858 = ORIENTED_EDGE('',*,*,#859,.F.);
#859 = EDGE_CURVE('',#860,#852,#862,.T.);
#860 = VERTEX_POINT('',#861);
#861 = CARTESIAN_POINT('',(-2.64,-7.32,0.2));
#862 = LINE('',#863,#864);
#863 = CARTESIAN_POINT('',(-2.64,-5.715,0.2));
#864 = VECTOR('',#865,1.);
#865 = DIRECTION('',(-1.110223024625E-16,-1.,0.));
#866 = ORIENTED_EDGE('',*,*,#867,.T.);
#867 = EDGE_CURVE('',#860,#868,#870,.T.);
#868 = VERTEX_POINT('',#869);
#869 = CARTESIAN_POINT('',(-2.64,-7.17,0.2));
#870 = LINE('',#871,#872);
#871 = CARTESIAN_POINT('',(-2.64,-8.07,0.2));
#872 = VECTOR('',#873,1.);
#873 = DIRECTION('',(1.110223024625E-16,1.,0.));
#874 = ORIENTED_EDGE('',*,*,#875,.T.);
#875 = EDGE_CURVE('',#868,#876,#878,.T.);
#876 = VERTEX_POINT('',#877);
#877 = CARTESIAN_POINT('',(-2.44,-7.17,0.2));
#878 = LINE('',#879,#880);
#879 = CARTESIAN_POINT('',(-2.64,-7.17,0.2));
#880 = VECTOR('',#881,1.);
#881 = DIRECTION('',(1.,-1.110223024625E-16,0.));
#882 = ORIENTED_EDGE('',*,*,#883,.T.);
#883 = EDGE_CURVE('',#876,#884,#886,.T.);
#884 = VERTEX_POINT('',#885);
#885 = CARTESIAN_POINT('',(-2.44,-7.32,0.2));
#886 = LINE('',#887,#888);
#887 = CARTESIAN_POINT('',(-2.44,-7.17,0.2));
#888 = VECTOR('',#889,1.);
#889 = DIRECTION('',(-1.110223024625E-16,-1.,0.));
#890 = ORIENTED_EDGE('',*,*,#891,.T.);
#891 = EDGE_CURVE('',#884,#892,#894,.T.);
#892 = VERTEX_POINT('',#893);
#893 = CARTESIAN_POINT('',(-2.44,-7.92,0.2));
#894 = LINE('',#895,#896);
#895 = CARTESIAN_POINT('',(-2.44,-5.715,0.2));
#896 = VECTOR('',#897,1.);
#897 = DIRECTION('',(-1.110223024625E-16,-1.,0.));
#898 = ORIENTED_EDGE('',*,*,#899,.T.);
#899 = EDGE_CURVE('',#892,#844,#900,.T.);
#900 = LINE('',#901,#902);
#901 = CARTESIAN_POINT('',(-2.44,-7.17,0.2));
#902 = VECTOR('',#903,1.);
#903 = DIRECTION('',(-1.110223024625E-16,-1.,0.));
#904 = FACE_BOUND('',#905,.F.);
#905 = EDGE_LOOP('',(#906,#916,#924,#932,#940,#948,#956,#964));
#906 = ORIENTED_EDGE('',*,*,#907,.F.);
#907 = EDGE_CURVE('',#908,#910,#912,.T.);
#908 = VERTEX_POINT('',#909);
#909 = CARTESIAN_POINT('',(-2.64,-5.53,0.2));
#910 = VERTEX_POINT('',#911);
#911 = CARTESIAN_POINT('',(-2.44,-5.53,0.2));
#912 = LINE('',#913,#914);
#913 = CARTESIAN_POINT('',(-2.64,-5.53,0.2));
#914 = VECTOR('',#915,1.);
#915 = DIRECTION('',(1.,-1.110223024625E-16,0.));
#916 = ORIENTED_EDGE('',*,*,#917,.T.);
#917 = EDGE_CURVE('',#908,#918,#920,.T.);
#918 = VERTEX_POINT('',#919);
#919 = CARTESIAN_POINT('',(-2.64,-5.38,0.2));
#920 = LINE('',#921,#922);
#921 = CARTESIAN_POINT('',(-2.64,-5.53,0.2));
#922 = VECTOR('',#923,1.);
#923 = DIRECTION('',(1.110223024625E-16,1.,0.));
#924 = ORIENTED_EDGE('',*,*,#925,.F.);
#925 = EDGE_CURVE('',#926,#918,#928,.T.);
#926 = VERTEX_POINT('',#927);
#927 = CARTESIAN_POINT('',(-2.64,-4.78,0.2));
#928 = LINE('',#929,#930);
#929 = CARTESIAN_POINT('',(-2.64,-4.445,0.2));
#930 = VECTOR('',#931,1.);
#931 = DIRECTION('',(-1.110223024625E-16,-1.,0.));
#932 = ORIENTED_EDGE('',*,*,#933,.T.);
#933 = EDGE_CURVE('',#926,#934,#936,.T.);
#934 = VERTEX_POINT('',#935);
#935 = CARTESIAN_POINT('',(-2.64,-4.63,0.2));
#936 = LINE('',#937,#938);
#937 = CARTESIAN_POINT('',(-2.64,-5.53,0.2));
#938 = VECTOR('',#939,1.);
#939 = DIRECTION('',(1.110223024625E-16,1.,0.));
#940 = ORIENTED_EDGE('',*,*,#941,.T.);
#941 = EDGE_CURVE('',#934,#942,#944,.T.);
#942 = VERTEX_POINT('',#943);
#943 = CARTESIAN_POINT('',(-2.44,-4.63,0.2));
#944 = LINE('',#945,#946);
#945 = CARTESIAN_POINT('',(-2.64,-4.63,0.2));
#946 = VECTOR('',#947,1.);
#947 = DIRECTION('',(1.,-1.110223024625E-16,0.));
#948 = ORIENTED_EDGE('',*,*,#949,.T.);
#949 = EDGE_CURVE('',#942,#950,#952,.T.);
#950 = VERTEX_POINT('',#951);
#951 = CARTESIAN_POINT('',(-2.44,-4.78,0.2));
#952 = LINE('',#953,#954);
#953 = CARTESIAN_POINT('',(-2.44,-4.63,0.2));
#954 = VECTOR('',#955,1.);
#955 = DIRECTION('',(-1.110223024625E-16,-1.,0.));
#956 = ORIENTED_EDGE('',*,*,#957,.T.);
#957 = EDGE_CURVE('',#950,#958,#960,.T.);
#958 = VERTEX_POINT('',#959);
#959 = CARTESIAN_POINT('',(-2.44,-5.38,0.2));
#960 = LINE('',#961,#962);
#961 = CARTESIAN_POINT('',(-2.44,-4.445,0.2));
#962 = VECTOR('',#963,1.);
#963 = DIRECTION('',(-1.110223024625E-16,-1.,0.));
#964 = ORIENTED_EDGE('',*,*,#965,.T.);
#965 = EDGE_CURVE('',#958,#910,#966,.T.);
#966 = LINE('',#967,#968);
#967 = CARTESIAN_POINT('',(-2.44,-4.63,0.2));
#968 = VECTOR('',#969,1.);
#969 = DIRECTION('',(-1.110223024625E-16,-1.,0.));
#970 = FACE_BOUND('',#971,.F.);
#971 = EDGE_LOOP('',(#972,#982,#990,#998,#1006,#1014,#1022,#1030));
#972 = ORIENTED_EDGE('',*,*,#973,.F.);
#973 = EDGE_CURVE('',#974,#976,#978,.T.);
#974 = VERTEX_POINT('',#975);
#975 = CARTESIAN_POINT('',(-2.64,-2.99,0.2));
#976 = VERTEX_POINT('',#977);
#977 = CARTESIAN_POINT('',(-2.44,-2.99,0.2));
#978 = LINE('',#979,#980);
#979 = CARTESIAN_POINT('',(-2.64,-2.99,0.2));
#980 = VECTOR('',#981,1.);
#981 = DIRECTION('',(1.,-1.110223024625E-16,0.));
#982 = ORIENTED_EDGE('',*,*,#983,.T.);
#983 = EDGE_CURVE('',#974,#984,#986,.T.);
#984 = VERTEX_POINT('',#985);
#985 = CARTESIAN_POINT('',(-2.64,-2.84,0.2));
#986 = LINE('',#987,#988);
#987 = CARTESIAN_POINT('',(-2.64,-2.99,0.2));
#988 = VECTOR('',#989,1.);
#989 = DIRECTION('',(1.110223024625E-16,1.,0.));
#990 = ORIENTED_EDGE('',*,*,#991,.F.);
#991 = EDGE_CURVE('',#992,#984,#994,.T.);
#992 = VERTEX_POINT('',#993);
#993 = CARTESIAN_POINT('',(-2.64,-2.24,0.2));
#994 = LINE('',#995,#996);
#995 = CARTESIAN_POINT('',(-2.64,-3.175,0.2));
#996 = VECTOR('',#997,1.);
#997 = DIRECTION('',(-1.110223024625E-16,-1.,0.));
#998 = ORIENTED_EDGE('',*,*,#999,.T.);
#999 = EDGE_CURVE('',#992,#1000,#1002,.T.);
#1000 = VERTEX_POINT('',#1001);
#1001 = CARTESIAN_POINT('',(-2.64,-2.09,0.2));
#1002 = LINE('',#1003,#1004);
#1003 = CARTESIAN_POINT('',(-2.64,-2.99,0.2));
#1004 = VECTOR('',#1005,1.);
#1005 = DIRECTION('',(1.110223024625E-16,1.,0.));
#1006 = ORIENTED_EDGE('',*,*,#1007,.T.);
#1007 = EDGE_CURVE('',#1000,#1008,#1010,.T.);
#1008 = VERTEX_POINT('',#1009);
#1009 = CARTESIAN_POINT('',(-2.44,-2.09,0.2));
#1010 = LINE('',#1011,#1012);
#1011 = CARTESIAN_POINT('',(-2.64,-2.09,0.2));
#1012 = VECTOR('',#1013,1.);
#1013 = DIRECTION('',(1.,-1.110223024625E-16,0.));
#1014 = ORIENTED_EDGE('',*,*,#1015,.T.);
#1015 = EDGE_CURVE('',#1008,#1016,#1018,.T.);
#1016 = VERTEX_POINT('',#1017);
#1017 = CARTESIAN_POINT('',(-2.44,-2.24,0.2));
#1018 = LINE('',#1019,#1020);
#1019 = CARTESIAN_POINT('',(-2.44,-2.09,0.2));
#1020 = VECTOR('',#1021,1.);
#1021 = DIRECTION('',(-1.110223024625E-16,-1.,0.));
#1022 = ORIENTED_EDGE('',*,*,#1023,.T.);
#1023 = EDGE_CURVE('',#1016,#1024,#1026,.T.);
#1024 = VERTEX_POINT('',#1025);
#1025 = CARTESIAN_POINT('',(-2.44,-2.84,0.2));
#1026 = LINE('',#1027,#1028);
#1027 = CARTESIAN_POINT('',(-2.44,-3.175,0.2));
#1028 = VECTOR('',#1029,1.);
#1029 = DIRECTION('',(-1.110223024625E-16,-1.,0.));
#1030 = ORIENTED_EDGE('',*,*,#1031,.T.);
#1031 = EDGE_CURVE('',#1024,#976,#1032,.T.);
#1032 = LINE('',#1033,#1034);
#1033 = CARTESIAN_POINT('',(-2.44,-2.09,0.2));
#1034 = VECTOR('',#1035,1.);
#1035 = DIRECTION('',(-1.110223024625E-16,-1.,0.));
#1036 = FACE_BOUND('',#1037,.F.);
#1037 = EDGE_LOOP('',(#1038,#1048,#1056,#1064,#1072,#1080,#1088,#1096));
#1038 = ORIENTED_EDGE('',*,*,#1039,.F.);
#1039 = EDGE_CURVE('',#1040,#1042,#1044,.T.);
#1040 = VERTEX_POINT('',#1041);
#1041 = CARTESIAN_POINT('',(-2.64,-0.45,0.2));
#1042 = VERTEX_POINT('',#1043);
#1043 = CARTESIAN_POINT('',(-2.44,-0.45,0.2));
#1044 = LINE('',#1045,#1046);
#1045 = CARTESIAN_POINT('',(-2.64,-0.45,0.2));
#1046 = VECTOR('',#1047,1.);
#1047 = DIRECTION('',(1.,-1.110223024625E-16,0.));
#1048 = ORIENTED_EDGE('',*,*,#1049,.T.);
#1049 = EDGE_CURVE('',#1040,#1050,#1052,.T.);
#1050 = VERTEX_POINT('',#1051);
#1051 = CARTESIAN_POINT('',(-2.64,-0.3,0.2));
#1052 = LINE('',#1053,#1054);
#1053 = CARTESIAN_POINT('',(-2.64,-0.45,0.2));
#1054 = VECTOR('',#1055,1.);
#1055 = DIRECTION('',(1.110223024625E-16,1.,0.));
#1056 = ORIENTED_EDGE('',*,*,#1057,.F.);
#1057 = EDGE_CURVE('',#1058,#1050,#1060,.T.);
#1058 = VERTEX_POINT('',#1059);
#1059 = CARTESIAN_POINT('',(-2.64,0.3,0.2));
#1060 = LINE('',#1061,#1062);
#1061 = CARTESIAN_POINT('',(-2.64,-1.905,0.2));
#1062 = VECTOR('',#1063,1.);
#1063 = DIRECTION('',(-1.110223024625E-16,-1.,0.));
#1064 = ORIENTED_EDGE('',*,*,#1065,.T.);
#1065 = EDGE_CURVE('',#1058,#1066,#1068,.T.);
#1066 = VERTEX_POINT('',#1067);
#1067 = CARTESIAN_POINT('',(-2.64,0.45,0.2));
#1068 = LINE('',#1069,#1070);
#1069 = CARTESIAN_POINT('',(-2.64,-0.45,0.2));
#1070 = VECTOR('',#1071,1.);
#1071 = DIRECTION('',(1.110223024625E-16,1.,0.));
#1072 = ORIENTED_EDGE('',*,*,#1073,.T.);
#1073 = EDGE_CURVE('',#1066,#1074,#1076,.T.);
#1074 = VERTEX_POINT('',#1075);
#1075 = CARTESIAN_POINT('',(-2.44,0.45,0.2));
#1076 = LINE('',#1077,#1078);
#1077 = CARTESIAN_POINT('',(-2.64,0.45,0.2));
#1078 = VECTOR('',#1079,1.);
#1079 = DIRECTION('',(1.,-1.110223024625E-16,0.));
#1080 = ORIENTED_EDGE('',*,*,#1081,.T.);
#1081 = EDGE_CURVE('',#1074,#1082,#1084,.T.);
#1082 = VERTEX_POINT('',#1083);
#1083 = CARTESIAN_POINT('',(-2.44,0.3,0.2));
#1084 = LINE('',#1085,#1086);
#1085 = CARTESIAN_POINT('',(-2.44,0.45,0.2));
#1086 = VECTOR('',#1087,1.);
#1087 = DIRECTION('',(-1.110223024625E-16,-1.,0.));
#1088 = ORIENTED_EDGE('',*,*,#1089,.T.);
#1089 = EDGE_CURVE('',#1082,#1090,#1092,.T.);
#1090 = VERTEX_POINT('',#1091);
#1091 = CARTESIAN_POINT('',(-2.44,-0.3,0.2));
#1092 = LINE('',#1093,#1094);
#1093 = CARTESIAN_POINT('',(-2.44,-1.905,0.2));
#1094 = VECTOR('',#1095,1.);
#1095 = DIRECTION('',(-1.110223024625E-16,-1.,0.));
#1096 = ORIENTED_EDGE('',*,*,#1097,.T.);
#1097 = EDGE_CURVE('',#1090,#1042,#1098,.T.);
#1098 = LINE('',#1099,#1100);
#1099 = CARTESIAN_POINT('',(-2.44,0.45,0.2));
#1100 = VECTOR('',#1101,1.);
#1101 = DIRECTION('',(-1.110223024625E-16,-1.,0.));
#1102 = PLANE('',#1103);
#1103 = AXIS2_PLACEMENT_3D('',#1104,#1105,#1106);
#1104 = CARTESIAN_POINT('',(-1.27,-3.81,0.2));
#1105 = DIRECTION('',(0.,0.,1.));
#1106 = DIRECTION('',(1.110223024625E-16,1.,-0.));
#1107 = ADVANCED_FACE('',(#1108),#1114,.T.);
#1108 = FACE_BOUND('',#1109,.T.);
#1109 = EDGE_LOOP('',(#1110,#1111,#1112,#1113));
#1110 = ORIENTED_EDGE('',*,*,#128,.T.);
#1111 = ORIENTED_EDGE('',*,*,#566,.T.);
#1112 = ORIENTED_EDGE('',*,*,#207,.F.);
#1113 = ORIENTED_EDGE('',*,*,#224,.F.);
#1114 = PLANE('',#1115);
#1115 = AXIS2_PLACEMENT_3D('',#1116,#1117,#1118);
#1116 = CARTESIAN_POINT('',(0.423333333333,-8.89,0.));
#1117 = DIRECTION('',(-1.,1.110223024625E-16,0.));
#1118 = DIRECTION('',(1.110223024625E-16,1.,0.));
#1119 = ADVANCED_FACE('',(#1120),#1126,.F.);
#1120 = FACE_BOUND('',#1121,.F.);
#1121 = EDGE_LOOP('',(#1122,#1123,#1124,#1125));
#1122 = ORIENTED_EDGE('',*,*,#175,.T.);
#1123 = ORIENTED_EDGE('',*,*,#240,.T.);
#1124 = ORIENTED_EDGE('',*,*,#105,.F.);
#1125 = ORIENTED_EDGE('',*,*,#535,.F.);
#1126 = PLANE('',#1127);
#1127 = AXIS2_PLACEMENT_3D('',#1128,#1129,#1130);
#1128 = CARTESIAN_POINT('',(-3.81,1.27,0.));
#1129 = DIRECTION('',(1.,-1.110223024625E-16,0.));
#1130 = DIRECTION('',(-1.110223024625E-16,-1.,0.));
#1131 = ADVANCED_FACE('',(#1132),#1157,.T.);
#1132 = FACE_BOUND('',#1133,.T.);
#1133 = EDGE_LOOP('',(#1134,#1142,#1143,#1151));
#1134 = ORIENTED_EDGE('',*,*,#1135,.F.);
#1135 = EDGE_CURVE('',#250,#1136,#1138,.T.);
#1136 = VERTEX_POINT('',#1137);
#1137 = CARTESIAN_POINT('',(-0.3,-7.32,8.2));
#1138 = LINE('',#1139,#1140);
#1139 = CARTESIAN_POINT('',(-0.3,-7.32,8.2));
#1140 = VECTOR('',#1141,1.);
#1141 = DIRECTION('',(0.57735026919,-0.57735026919,-0.57735026919));
#1142 = ORIENTED_EDGE('',*,*,#249,.T.);
#1143 = ORIENTED_EDGE('',*,*,#1144,.T.);
#1144 = EDGE_CURVE('',#252,#1145,#1147,.T.);
#1145 = VERTEX_POINT('',#1146);
#1146 = CARTESIAN_POINT('',(-0.3,-7.92,8.2));
#1147 = LINE('',#1148,#1149);
#1148 = CARTESIAN_POINT('',(-0.3,-7.92,8.2));
#1149 = VECTOR('',#1150,1.);
#1150 = DIRECTION('',(0.57735026919,0.57735026919,-0.57735026919));
#1151 = ORIENTED_EDGE('',*,*,#1152,.F.);
#1152 = EDGE_CURVE('',#1136,#1145,#1153,.T.);
#1153 = LINE('',#1154,#1155);
#1154 = CARTESIAN_POINT('',(-0.3,-7.02,8.2));
#1155 = VECTOR('',#1156,1.);
#1156 = DIRECTION('',(-2.334869823773E-16,-1.,0.));
#1157 = PLANE('',#1158);
#1158 = AXIS2_PLACEMENT_3D('',#1159,#1160,#1161);
#1159 = CARTESIAN_POINT('',(-0.45,-7.02,8.35));
#1160 = DIRECTION('',(0.707106781187,-1.651002285576E-16,0.707106781187)
  );
#1161 = DIRECTION('',(-2.334869823772E-16,-1.,1.261136295335E-28));
#1162 = ADVANCED_FACE('',(#1163),#1181,.T.);
#1163 = FACE_BOUND('',#1164,.T.);
#1164 = EDGE_LOOP('',(#1165,#1166,#1167,#1175));
#1165 = ORIENTED_EDGE('',*,*,#1144,.F.);
#1166 = ORIENTED_EDGE('',*,*,#275,.T.);
#1167 = ORIENTED_EDGE('',*,*,#1168,.T.);
#1168 = EDGE_CURVE('',#268,#1169,#1171,.T.);
#1169 = VERTEX_POINT('',#1170);
#1170 = CARTESIAN_POINT('',(0.3,-7.92,8.2));
#1171 = LINE('',#1172,#1173);
#1172 = CARTESIAN_POINT('',(0.3,-7.92,8.2));
#1173 = VECTOR('',#1174,1.);
#1174 = DIRECTION('',(-0.57735026919,0.57735026919,-0.57735026919));
#1175 = ORIENTED_EDGE('',*,*,#1176,.F.);
#1176 = EDGE_CURVE('',#1145,#1169,#1177,.T.);
#1177 = LINE('',#1178,#1179);
#1178 = CARTESIAN_POINT('',(-0.6,-7.92,8.2));
#1179 = VECTOR('',#1180,1.);
#1180 = DIRECTION('',(1.,-2.334869823773E-16,0.));
#1181 = PLANE('',#1182);
#1182 = AXIS2_PLACEMENT_3D('',#1183,#1184,#1185);
#1183 = CARTESIAN_POINT('',(-0.6,-8.07,8.35));
#1184 = DIRECTION('',(1.651002285576E-16,0.707106781187,0.707106781187)
  );
#1185 = DIRECTION('',(1.,-2.334869823772E-16,1.261226126545E-28));
#1186 = ADVANCED_FACE('',(#1187),#1205,.T.);
#1187 = FACE_BOUND('',#1188,.T.);
#1188 = EDGE_LOOP('',(#1189,#1190,#1191,#1199));
#1189 = ORIENTED_EDGE('',*,*,#1168,.F.);
#1190 = ORIENTED_EDGE('',*,*,#267,.T.);
#1191 = ORIENTED_EDGE('',*,*,#1192,.T.);
#1192 = EDGE_CURVE('',#260,#1193,#1195,.T.);
#1193 = VERTEX_POINT('',#1194);
#1194 = CARTESIAN_POINT('',(0.3,-7.32,8.2));
#1195 = LINE('',#1196,#1197);
#1196 = CARTESIAN_POINT('',(0.3,-7.32,8.2));
#1197 = VECTOR('',#1198,1.);
#1198 = DIRECTION('',(-0.57735026919,-0.57735026919,-0.57735026919));
#1199 = ORIENTED_EDGE('',*,*,#1200,.F.);
#1200 = EDGE_CURVE('',#1169,#1193,#1201,.T.);
#1201 = LINE('',#1202,#1203);
#1202 = CARTESIAN_POINT('',(0.3,-8.22,8.2));
#1203 = VECTOR('',#1204,1.);
#1204 = DIRECTION('',(2.334869823773E-16,1.,0.));
#1205 = PLANE('',#1206);
#1206 = AXIS2_PLACEMENT_3D('',#1207,#1208,#1209);
#1207 = CARTESIAN_POINT('',(0.45,-8.22,8.35));
#1208 = DIRECTION('',(-0.707106781187,1.651002285576E-16,0.707106781187)
  );
#1209 = DIRECTION('',(2.334869823772E-16,1.,1.261136295335E-28));
#1210 = ADVANCED_FACE('',(#1211),#1222,.T.);
#1211 = FACE_BOUND('',#1212,.T.);
#1212 = EDGE_LOOP('',(#1213,#1214,#1215,#1216));
#1213 = ORIENTED_EDGE('',*,*,#1192,.F.);
#1214 = ORIENTED_EDGE('',*,*,#259,.T.);
#1215 = ORIENTED_EDGE('',*,*,#1135,.T.);
#1216 = ORIENTED_EDGE('',*,*,#1217,.F.);
#1217 = EDGE_CURVE('',#1193,#1136,#1218,.T.);
#1218 = LINE('',#1219,#1220);
#1219 = CARTESIAN_POINT('',(0.6,-7.32,8.2));
#1220 = VECTOR('',#1221,1.);
#1221 = DIRECTION('',(-1.,2.334869823773E-16,0.));
#1222 = PLANE('',#1223);
#1223 = AXIS2_PLACEMENT_3D('',#1224,#1225,#1226);
#1224 = CARTESIAN_POINT('',(0.6,-7.17,8.35));
#1225 = DIRECTION('',(-1.651002285576E-16,-0.707106781187,0.707106781187
    ));
#1226 = DIRECTION('',(-1.,2.334869823772E-16,1.261226126545E-28));
#1227 = ADVANCED_FACE('',(#1228),#1253,.T.);
#1228 = FACE_BOUND('',#1229,.T.);
#1229 = EDGE_LOOP('',(#1230,#1238,#1239,#1247));
#1230 = ORIENTED_EDGE('',*,*,#1231,.F.);
#1231 = EDGE_CURVE('',#284,#1232,#1234,.T.);
#1232 = VERTEX_POINT('',#1233);
#1233 = CARTESIAN_POINT('',(-0.3,-4.78,8.2));
#1234 = LINE('',#1235,#1236);
#1235 = CARTESIAN_POINT('',(-0.3,-4.78,8.2));
#1236 = VECTOR('',#1237,1.);
#1237 = DIRECTION('',(0.57735026919,-0.57735026919,-0.57735026919));
#1238 = ORIENTED_EDGE('',*,*,#283,.T.);
#1239 = ORIENTED_EDGE('',*,*,#1240,.T.);
#1240 = EDGE_CURVE('',#286,#1241,#1243,.T.);
#1241 = VERTEX_POINT('',#1242);
#1242 = CARTESIAN_POINT('',(-0.3,-5.38,8.2));
#1243 = LINE('',#1244,#1245);
#1244 = CARTESIAN_POINT('',(-0.3,-5.38,8.2));
#1245 = VECTOR('',#1246,1.);
#1246 = DIRECTION('',(0.57735026919,0.57735026919,-0.57735026919));
#1247 = ORIENTED_EDGE('',*,*,#1248,.F.);
#1248 = EDGE_CURVE('',#1232,#1241,#1249,.T.);
#1249 = LINE('',#1250,#1251);
#1250 = CARTESIAN_POINT('',(-0.3,-4.48,8.2));
#1251 = VECTOR('',#1252,1.);
#1252 = DIRECTION('',(-2.334869823773E-16,-1.,0.));
#1253 = PLANE('',#1254);
#1254 = AXIS2_PLACEMENT_3D('',#1255,#1256,#1257);
#1255 = CARTESIAN_POINT('',(-0.45,-4.48,8.35));
#1256 = DIRECTION('',(0.707106781187,-1.651002285576E-16,0.707106781187)
  );
#1257 = DIRECTION('',(-2.334869823772E-16,-1.,1.261136295335E-28));
#1258 = ADVANCED_FACE('',(#1259),#1277,.T.);
#1259 = FACE_BOUND('',#1260,.T.);
#1260 = EDGE_LOOP('',(#1261,#1262,#1263,#1271));
#1261 = ORIENTED_EDGE('',*,*,#1240,.F.);
#1262 = ORIENTED_EDGE('',*,*,#309,.T.);
#1263 = ORIENTED_EDGE('',*,*,#1264,.T.);
#1264 = EDGE_CURVE('',#302,#1265,#1267,.T.);
#1265 = VERTEX_POINT('',#1266);
#1266 = CARTESIAN_POINT('',(0.3,-5.38,8.2));
#1267 = LINE('',#1268,#1269);
#1268 = CARTESIAN_POINT('',(0.3,-5.38,8.2));
#1269 = VECTOR('',#1270,1.);
#1270 = DIRECTION('',(-0.57735026919,0.57735026919,-0.57735026919));
#1271 = ORIENTED_EDGE('',*,*,#1272,.F.);
#1272 = EDGE_CURVE('',#1241,#1265,#1273,.T.);
#1273 = LINE('',#1274,#1275);
#1274 = CARTESIAN_POINT('',(-0.6,-5.38,8.2));
#1275 = VECTOR('',#1276,1.);
#1276 = DIRECTION('',(1.,-2.334869823773E-16,0.));
#1277 = PLANE('',#1278);
#1278 = AXIS2_PLACEMENT_3D('',#1279,#1280,#1281);
#1279 = CARTESIAN_POINT('',(-0.6,-5.53,8.35));
#1280 = DIRECTION('',(1.651002285576E-16,0.707106781187,0.707106781187)
  );
#1281 = DIRECTION('',(1.,-2.334869823772E-16,1.261226126545E-28));
#1282 = ADVANCED_FACE('',(#1283),#1301,.T.);
#1283 = FACE_BOUND('',#1284,.T.);
#1284 = EDGE_LOOP('',(#1285,#1286,#1287,#1295));
#1285 = ORIENTED_EDGE('',*,*,#1264,.F.);
#1286 = ORIENTED_EDGE('',*,*,#301,.T.);
#1287 = ORIENTED_EDGE('',*,*,#1288,.T.);
#1288 = EDGE_CURVE('',#294,#1289,#1291,.T.);
#1289 = VERTEX_POINT('',#1290);
#1290 = CARTESIAN_POINT('',(0.3,-4.78,8.2));
#1291 = LINE('',#1292,#1293);
#1292 = CARTESIAN_POINT('',(0.3,-4.78,8.2));
#1293 = VECTOR('',#1294,1.);
#1294 = DIRECTION('',(-0.57735026919,-0.57735026919,-0.57735026919));
#1295 = ORIENTED_EDGE('',*,*,#1296,.F.);
#1296 = EDGE_CURVE('',#1265,#1289,#1297,.T.);
#1297 = LINE('',#1298,#1299);
#1298 = CARTESIAN_POINT('',(0.3,-5.68,8.2));
#1299 = VECTOR('',#1300,1.);
#1300 = DIRECTION('',(2.334869823773E-16,1.,0.));
#1301 = PLANE('',#1302);
#1302 = AXIS2_PLACEMENT_3D('',#1303,#1304,#1305);
#1303 = CARTESIAN_POINT('',(0.45,-5.68,8.35));
#1304 = DIRECTION('',(-0.707106781187,1.651002285576E-16,0.707106781187)
  );
#1305 = DIRECTION('',(2.334869823772E-16,1.,1.261136295335E-28));
#1306 = ADVANCED_FACE('',(#1307),#1318,.T.);
#1307 = FACE_BOUND('',#1308,.T.);
#1308 = EDGE_LOOP('',(#1309,#1310,#1311,#1312));
#1309 = ORIENTED_EDGE('',*,*,#1288,.F.);
#1310 = ORIENTED_EDGE('',*,*,#293,.T.);
#1311 = ORIENTED_EDGE('',*,*,#1231,.T.);
#1312 = ORIENTED_EDGE('',*,*,#1313,.F.);
#1313 = EDGE_CURVE('',#1289,#1232,#1314,.T.);
#1314 = LINE('',#1315,#1316);
#1315 = CARTESIAN_POINT('',(0.6,-4.78,8.2));
#1316 = VECTOR('',#1317,1.);
#1317 = DIRECTION('',(-1.,2.334869823773E-16,0.));
#1318 = PLANE('',#1319);
#1319 = AXIS2_PLACEMENT_3D('',#1320,#1321,#1322);
#1320 = CARTESIAN_POINT('',(0.6,-4.63,8.35));
#1321 = DIRECTION('',(-1.651002285576E-16,-0.707106781187,0.707106781187
    ));
#1322 = DIRECTION('',(-1.,2.334869823772E-16,1.261226126545E-28));
#1323 = ADVANCED_FACE('',(#1324),#1349,.T.);
#1324 = FACE_BOUND('',#1325,.T.);
#1325 = EDGE_LOOP('',(#1326,#1334,#1335,#1343));
#1326 = ORIENTED_EDGE('',*,*,#1327,.F.);
#1327 = EDGE_CURVE('',#318,#1328,#1330,.T.);
#1328 = VERTEX_POINT('',#1329);
#1329 = CARTESIAN_POINT('',(-0.3,-2.24,8.2));
#1330 = LINE('',#1331,#1332);
#1331 = CARTESIAN_POINT('',(-0.3,-2.24,8.2));
#1332 = VECTOR('',#1333,1.);
#1333 = DIRECTION('',(0.57735026919,-0.57735026919,-0.57735026919));
#1334 = ORIENTED_EDGE('',*,*,#317,.T.);
#1335 = ORIENTED_EDGE('',*,*,#1336,.T.);
#1336 = EDGE_CURVE('',#320,#1337,#1339,.T.);
#1337 = VERTEX_POINT('',#1338);
#1338 = CARTESIAN_POINT('',(-0.3,-2.84,8.2));
#1339 = LINE('',#1340,#1341);
#1340 = CARTESIAN_POINT('',(-0.3,-2.84,8.2));
#1341 = VECTOR('',#1342,1.);
#1342 = DIRECTION('',(0.57735026919,0.57735026919,-0.57735026919));
#1343 = ORIENTED_EDGE('',*,*,#1344,.F.);
#1344 = EDGE_CURVE('',#1328,#1337,#1345,.T.);
#1345 = LINE('',#1346,#1347);
#1346 = CARTESIAN_POINT('',(-0.3,-1.94,8.2));
#1347 = VECTOR('',#1348,1.);
#1348 = DIRECTION('',(-2.334869823773E-16,-1.,0.));
#1349 = PLANE('',#1350);
#1350 = AXIS2_PLACEMENT_3D('',#1351,#1352,#1353);
#1351 = CARTESIAN_POINT('',(-0.45,-1.94,8.35));
#1352 = DIRECTION('',(0.707106781187,-1.651002285576E-16,0.707106781187)
  );
#1353 = DIRECTION('',(-2.334869823772E-16,-1.,1.261136295335E-28));
#1354 = ADVANCED_FACE('',(#1355),#1373,.T.);
#1355 = FACE_BOUND('',#1356,.T.);
#1356 = EDGE_LOOP('',(#1357,#1358,#1359,#1367));
#1357 = ORIENTED_EDGE('',*,*,#1336,.F.);
#1358 = ORIENTED_EDGE('',*,*,#343,.T.);
#1359 = ORIENTED_EDGE('',*,*,#1360,.T.);
#1360 = EDGE_CURVE('',#336,#1361,#1363,.T.);
#1361 = VERTEX_POINT('',#1362);
#1362 = CARTESIAN_POINT('',(0.3,-2.84,8.2));
#1363 = LINE('',#1364,#1365);
#1364 = CARTESIAN_POINT('',(0.3,-2.84,8.2));
#1365 = VECTOR('',#1366,1.);
#1366 = DIRECTION('',(-0.57735026919,0.57735026919,-0.57735026919));
#1367 = ORIENTED_EDGE('',*,*,#1368,.F.);
#1368 = EDGE_CURVE('',#1337,#1361,#1369,.T.);
#1369 = LINE('',#1370,#1371);
#1370 = CARTESIAN_POINT('',(-0.6,-2.84,8.2));
#1371 = VECTOR('',#1372,1.);
#1372 = DIRECTION('',(1.,-2.334869823773E-16,0.));
#1373 = PLANE('',#1374);
#1374 = AXIS2_PLACEMENT_3D('',#1375,#1376,#1377);
#1375 = CARTESIAN_POINT('',(-0.6,-2.99,8.35));
#1376 = DIRECTION('',(1.651002285576E-16,0.707106781187,0.707106781187)
  );
#1377 = DIRECTION('',(1.,-2.334869823772E-16,1.261226126545E-28));
#1378 = ADVANCED_FACE('',(#1379),#1397,.T.);
#1379 = FACE_BOUND('',#1380,.T.);
#1380 = EDGE_LOOP('',(#1381,#1382,#1383,#1391));
#1381 = ORIENTED_EDGE('',*,*,#1360,.F.);
#1382 = ORIENTED_EDGE('',*,*,#335,.T.);
#1383 = ORIENTED_EDGE('',*,*,#1384,.T.);
#1384 = EDGE_CURVE('',#328,#1385,#1387,.T.);
#1385 = VERTEX_POINT('',#1386);
#1386 = CARTESIAN_POINT('',(0.3,-2.24,8.2));
#1387 = LINE('',#1388,#1389);
#1388 = CARTESIAN_POINT('',(0.3,-2.24,8.2));
#1389 = VECTOR('',#1390,1.);
#1390 = DIRECTION('',(-0.57735026919,-0.57735026919,-0.57735026919));
#1391 = ORIENTED_EDGE('',*,*,#1392,.F.);
#1392 = EDGE_CURVE('',#1361,#1385,#1393,.T.);
#1393 = LINE('',#1394,#1395);
#1394 = CARTESIAN_POINT('',(0.3,-3.14,8.2));
#1395 = VECTOR('',#1396,1.);
#1396 = DIRECTION('',(2.334869823773E-16,1.,0.));
#1397 = PLANE('',#1398);
#1398 = AXIS2_PLACEMENT_3D('',#1399,#1400,#1401);
#1399 = CARTESIAN_POINT('',(0.45,-3.14,8.35));
#1400 = DIRECTION('',(-0.707106781187,1.651002285576E-16,0.707106781187)
  );
#1401 = DIRECTION('',(2.334869823772E-16,1.,1.261136295335E-28));
#1402 = ADVANCED_FACE('',(#1403),#1414,.T.);
#1403 = FACE_BOUND('',#1404,.T.);
#1404 = EDGE_LOOP('',(#1405,#1406,#1407,#1408));
#1405 = ORIENTED_EDGE('',*,*,#1384,.F.);
#1406 = ORIENTED_EDGE('',*,*,#327,.T.);
#1407 = ORIENTED_EDGE('',*,*,#1327,.T.);
#1408 = ORIENTED_EDGE('',*,*,#1409,.F.);
#1409 = EDGE_CURVE('',#1385,#1328,#1410,.T.);
#1410 = LINE('',#1411,#1412);
#1411 = CARTESIAN_POINT('',(0.6,-2.24,8.2));
#1412 = VECTOR('',#1413,1.);
#1413 = DIRECTION('',(-1.,2.334869823773E-16,0.));
#1414 = PLANE('',#1415);
#1415 = AXIS2_PLACEMENT_3D('',#1416,#1417,#1418);
#1416 = CARTESIAN_POINT('',(0.6,-2.09,8.35));
#1417 = DIRECTION('',(-1.651002285576E-16,-0.707106781187,0.707106781187
    ));
#1418 = DIRECTION('',(-1.,2.334869823772E-16,1.261226126545E-28));
#1419 = ADVANCED_FACE('',(#1420),#1445,.T.);
#1420 = FACE_BOUND('',#1421,.T.);
#1421 = EDGE_LOOP('',(#1422,#1430,#1431,#1439));
#1422 = ORIENTED_EDGE('',*,*,#1423,.F.);
#1423 = EDGE_CURVE('',#352,#1424,#1426,.T.);
#1424 = VERTEX_POINT('',#1425);
#1425 = CARTESIAN_POINT('',(-0.3,0.3,8.2));
#1426 = LINE('',#1427,#1428);
#1427 = CARTESIAN_POINT('',(-0.3,0.3,8.2));
#1428 = VECTOR('',#1429,1.);
#1429 = DIRECTION('',(0.57735026919,-0.57735026919,-0.57735026919));
#1430 = ORIENTED_EDGE('',*,*,#351,.T.);
#1431 = ORIENTED_EDGE('',*,*,#1432,.T.);
#1432 = EDGE_CURVE('',#354,#1433,#1435,.T.);
#1433 = VERTEX_POINT('',#1434);
#1434 = CARTESIAN_POINT('',(-0.3,-0.3,8.2));
#1435 = LINE('',#1436,#1437);
#1436 = CARTESIAN_POINT('',(-0.3,-0.3,8.2));
#1437 = VECTOR('',#1438,1.);
#1438 = DIRECTION('',(0.57735026919,0.57735026919,-0.57735026919));
#1439 = ORIENTED_EDGE('',*,*,#1440,.F.);
#1440 = EDGE_CURVE('',#1424,#1433,#1441,.T.);
#1441 = LINE('',#1442,#1443);
#1442 = CARTESIAN_POINT('',(-0.3,0.6,8.2));
#1443 = VECTOR('',#1444,1.);
#1444 = DIRECTION('',(-2.334869823773E-16,-1.,0.));
#1445 = PLANE('',#1446);
#1446 = AXIS2_PLACEMENT_3D('',#1447,#1448,#1449);
#1447 = CARTESIAN_POINT('',(-0.45,0.6,8.35));
#1448 = DIRECTION('',(0.707106781187,-1.651002285576E-16,0.707106781187)
  );
#1449 = DIRECTION('',(-2.334869823772E-16,-1.,1.261136295335E-28));
#1450 = ADVANCED_FACE('',(#1451),#1469,.T.);
#1451 = FACE_BOUND('',#1452,.T.);
#1452 = EDGE_LOOP('',(#1453,#1454,#1455,#1463));
#1453 = ORIENTED_EDGE('',*,*,#1432,.F.);
#1454 = ORIENTED_EDGE('',*,*,#377,.T.);
#1455 = ORIENTED_EDGE('',*,*,#1456,.T.);
#1456 = EDGE_CURVE('',#370,#1457,#1459,.T.);
#1457 = VERTEX_POINT('',#1458);
#1458 = CARTESIAN_POINT('',(0.3,-0.3,8.2));
#1459 = LINE('',#1460,#1461);
#1460 = CARTESIAN_POINT('',(0.3,-0.3,8.2));
#1461 = VECTOR('',#1462,1.);
#1462 = DIRECTION('',(-0.57735026919,0.57735026919,-0.57735026919));
#1463 = ORIENTED_EDGE('',*,*,#1464,.F.);
#1464 = EDGE_CURVE('',#1433,#1457,#1465,.T.);
#1465 = LINE('',#1466,#1467);
#1466 = CARTESIAN_POINT('',(-0.6,-0.3,8.2));
#1467 = VECTOR('',#1468,1.);
#1468 = DIRECTION('',(1.,-2.334869823773E-16,0.));
#1469 = PLANE('',#1470);
#1470 = AXIS2_PLACEMENT_3D('',#1471,#1472,#1473);
#1471 = CARTESIAN_POINT('',(-0.6,-0.45,8.35));
#1472 = DIRECTION('',(1.651002285576E-16,0.707106781187,0.707106781187)
  );
#1473 = DIRECTION('',(1.,-2.334869823772E-16,1.261226126545E-28));
#1474 = ADVANCED_FACE('',(#1475),#1493,.T.);
#1475 = FACE_BOUND('',#1476,.T.);
#1476 = EDGE_LOOP('',(#1477,#1478,#1479,#1487));
#1477 = ORIENTED_EDGE('',*,*,#1456,.F.);
#1478 = ORIENTED_EDGE('',*,*,#369,.T.);
#1479 = ORIENTED_EDGE('',*,*,#1480,.T.);
#1480 = EDGE_CURVE('',#362,#1481,#1483,.T.);
#1481 = VERTEX_POINT('',#1482);
#1482 = CARTESIAN_POINT('',(0.3,0.3,8.2));
#1483 = LINE('',#1484,#1485);
#1484 = CARTESIAN_POINT('',(0.3,0.3,8.2));
#1485 = VECTOR('',#1486,1.);
#1486 = DIRECTION('',(-0.57735026919,-0.57735026919,-0.57735026919));
#1487 = ORIENTED_EDGE('',*,*,#1488,.F.);
#1488 = EDGE_CURVE('',#1457,#1481,#1489,.T.);
#1489 = LINE('',#1490,#1491);
#1490 = CARTESIAN_POINT('',(0.3,-0.6,8.2));
#1491 = VECTOR('',#1492,1.);
#1492 = DIRECTION('',(2.334869823773E-16,1.,0.));
#1493 = PLANE('',#1494);
#1494 = AXIS2_PLACEMENT_3D('',#1495,#1496,#1497);
#1495 = CARTESIAN_POINT('',(0.45,-0.6,8.35));
#1496 = DIRECTION('',(-0.707106781187,1.651002285576E-16,0.707106781187)
  );
#1497 = DIRECTION('',(2.334869823772E-16,1.,1.261136295335E-28));
#1498 = ADVANCED_FACE('',(#1499),#1510,.T.);
#1499 = FACE_BOUND('',#1500,.T.);
#1500 = EDGE_LOOP('',(#1501,#1502,#1503,#1504));
#1501 = ORIENTED_EDGE('',*,*,#1480,.F.);
#1502 = ORIENTED_EDGE('',*,*,#361,.T.);
#1503 = ORIENTED_EDGE('',*,*,#1423,.T.);
#1504 = ORIENTED_EDGE('',*,*,#1505,.F.);
#1505 = EDGE_CURVE('',#1481,#1424,#1506,.T.);
#1506 = LINE('',#1507,#1508);
#1507 = CARTESIAN_POINT('',(0.6,0.3,8.2));
#1508 = VECTOR('',#1509,1.);
#1509 = DIRECTION('',(-1.,2.334869823773E-16,0.));
#1510 = PLANE('',#1511);
#1511 = AXIS2_PLACEMENT_3D('',#1512,#1513,#1514);
#1512 = CARTESIAN_POINT('',(0.6,0.45,8.35));
#1513 = DIRECTION('',(-1.651002285576E-16,-0.707106781187,0.707106781187
    ));
#1514 = DIRECTION('',(-1.,2.334869823772E-16,1.261226126545E-28));
#1515 = ADVANCED_FACE('',(#1516),#1541,.T.);
#1516 = FACE_BOUND('',#1517,.T.);
#1517 = EDGE_LOOP('',(#1518,#1526,#1527,#1535));
#1518 = ORIENTED_EDGE('',*,*,#1519,.F.);
#1519 = EDGE_CURVE('',#386,#1520,#1522,.T.);
#1520 = VERTEX_POINT('',#1521);
#1521 = CARTESIAN_POINT('',(-2.24,-7.92,8.2));
#1522 = LINE('',#1523,#1524);
#1523 = CARTESIAN_POINT('',(-2.24,-7.92,8.2));
#1524 = VECTOR('',#1525,1.);
#1525 = DIRECTION('',(-0.57735026919,0.57735026919,-0.57735026919));
#1526 = ORIENTED_EDGE('',*,*,#385,.T.);
#1527 = ORIENTED_EDGE('',*,*,#1528,.T.);
#1528 = EDGE_CURVE('',#388,#1529,#1531,.T.);
#1529 = VERTEX_POINT('',#1530);
#1530 = CARTESIAN_POINT('',(-2.24,-7.32,8.2));
#1531 = LINE('',#1532,#1533);
#1532 = CARTESIAN_POINT('',(-2.24,-7.32,8.2));
#1533 = VECTOR('',#1534,1.);
#1534 = DIRECTION('',(-0.57735026919,-0.57735026919,-0.57735026919));
#1535 = ORIENTED_EDGE('',*,*,#1536,.F.);
#1536 = EDGE_CURVE('',#1520,#1529,#1537,.T.);
#1537 = LINE('',#1538,#1539);
#1538 = CARTESIAN_POINT('',(-2.24,-8.22,8.2));
#1539 = VECTOR('',#1540,1.);
#1540 = DIRECTION('',(1.110223024625E-16,1.,0.));
#1541 = PLANE('',#1542);
#1542 = AXIS2_PLACEMENT_3D('',#1543,#1544,#1545);
#1543 = CARTESIAN_POINT('',(-2.09,-8.22,8.35));
#1544 = DIRECTION('',(-0.707106781187,7.850462293414E-17,0.707106781187)
  );
#1545 = DIRECTION('',(1.110223024625E-16,1.,2.68018785873E-29));
#1546 = ADVANCED_FACE('',(#1547),#1565,.T.);
#1547 = FACE_BOUND('',#1548,.T.);
#1548 = EDGE_LOOP('',(#1549,#1550,#1551,#1559));
#1549 = ORIENTED_EDGE('',*,*,#1528,.F.);
#1550 = ORIENTED_EDGE('',*,*,#411,.T.);
#1551 = ORIENTED_EDGE('',*,*,#1552,.T.);
#1552 = EDGE_CURVE('',#404,#1553,#1555,.T.);
#1553 = VERTEX_POINT('',#1554);
#1554 = CARTESIAN_POINT('',(-2.84,-7.32,8.2));
#1555 = LINE('',#1556,#1557);
#1556 = CARTESIAN_POINT('',(-2.84,-7.32,8.2));
#1557 = VECTOR('',#1558,1.);
#1558 = DIRECTION('',(0.57735026919,-0.57735026919,-0.57735026919));
#1559 = ORIENTED_EDGE('',*,*,#1560,.F.);
#1560 = EDGE_CURVE('',#1529,#1553,#1561,.T.);
#1561 = LINE('',#1562,#1563);
#1562 = CARTESIAN_POINT('',(-1.94,-7.32,8.2));
#1563 = VECTOR('',#1564,1.);
#1564 = DIRECTION('',(-1.,1.110223024625E-16,0.));
#1565 = PLANE('',#1566);
#1566 = AXIS2_PLACEMENT_3D('',#1567,#1568,#1569);
#1567 = CARTESIAN_POINT('',(-1.94,-7.17,8.35));
#1568 = DIRECTION('',(-7.850462293414E-17,-0.707106781187,0.707106781187
    ));
#1569 = DIRECTION('',(-1.,1.110223024625E-16,2.680187753847E-29));
#1570 = ADVANCED_FACE('',(#1571),#1589,.T.);
#1571 = FACE_BOUND('',#1572,.T.);
#1572 = EDGE_LOOP('',(#1573,#1574,#1575,#1583));
#1573 = ORIENTED_EDGE('',*,*,#1552,.F.);
#1574 = ORIENTED_EDGE('',*,*,#403,.T.);
#1575 = ORIENTED_EDGE('',*,*,#1576,.T.);
#1576 = EDGE_CURVE('',#396,#1577,#1579,.T.);
#1577 = VERTEX_POINT('',#1578);
#1578 = CARTESIAN_POINT('',(-2.84,-7.92,8.2));
#1579 = LINE('',#1580,#1581);
#1580 = CARTESIAN_POINT('',(-2.84,-7.92,8.2));
#1581 = VECTOR('',#1582,1.);
#1582 = DIRECTION('',(0.57735026919,0.57735026919,-0.57735026919));
#1583 = ORIENTED_EDGE('',*,*,#1584,.F.);
#1584 = EDGE_CURVE('',#1553,#1577,#1585,.T.);
#1585 = LINE('',#1586,#1587);
#1586 = CARTESIAN_POINT('',(-2.84,-7.02,8.2));
#1587 = VECTOR('',#1588,1.);
#1588 = DIRECTION('',(-1.110223024625E-16,-1.,0.));
#1589 = PLANE('',#1590);
#1590 = AXIS2_PLACEMENT_3D('',#1591,#1592,#1593);
#1591 = CARTESIAN_POINT('',(-2.99,-7.02,8.35));
#1592 = DIRECTION('',(0.707106781187,-7.850462293414E-17,0.707106781187)
  );
#1593 = DIRECTION('',(-1.110223024625E-16,-1.,2.68018785873E-29));
#1594 = ADVANCED_FACE('',(#1595),#1606,.T.);
#1595 = FACE_BOUND('',#1596,.T.);
#1596 = EDGE_LOOP('',(#1597,#1598,#1599,#1600));
#1597 = ORIENTED_EDGE('',*,*,#1576,.F.);
#1598 = ORIENTED_EDGE('',*,*,#395,.T.);
#1599 = ORIENTED_EDGE('',*,*,#1519,.T.);
#1600 = ORIENTED_EDGE('',*,*,#1601,.F.);
#1601 = EDGE_CURVE('',#1577,#1520,#1602,.T.);
#1602 = LINE('',#1603,#1604);
#1603 = CARTESIAN_POINT('',(-3.14,-7.92,8.2));
#1604 = VECTOR('',#1605,1.);
#1605 = DIRECTION('',(1.,-1.110223024625E-16,0.));
#1606 = PLANE('',#1607);
#1607 = AXIS2_PLACEMENT_3D('',#1608,#1609,#1610);
#1608 = CARTESIAN_POINT('',(-3.14,-8.07,8.35));
#1609 = DIRECTION('',(7.850462293414E-17,0.707106781187,0.707106781187)
  );
#1610 = DIRECTION('',(1.,-1.110223024625E-16,2.680187753847E-29));
#1611 = ADVANCED_FACE('',(#1612),#1637,.T.);
#1612 = FACE_BOUND('',#1613,.T.);
#1613 = EDGE_LOOP('',(#1614,#1622,#1623,#1631));
#1614 = ORIENTED_EDGE('',*,*,#1615,.F.);
#1615 = EDGE_CURVE('',#420,#1616,#1618,.T.);
#1616 = VERTEX_POINT('',#1617);
#1617 = CARTESIAN_POINT('',(-2.24,-5.38,8.2));
#1618 = LINE('',#1619,#1620);
#1619 = CARTESIAN_POINT('',(-2.24,-5.38,8.2));
#1620 = VECTOR('',#1621,1.);
#1621 = DIRECTION('',(-0.57735026919,0.57735026919,-0.57735026919));
#1622 = ORIENTED_EDGE('',*,*,#419,.T.);
#1623 = ORIENTED_EDGE('',*,*,#1624,.T.);
#1624 = EDGE_CURVE('',#422,#1625,#1627,.T.);
#1625 = VERTEX_POINT('',#1626);
#1626 = CARTESIAN_POINT('',(-2.24,-4.78,8.2));
#1627 = LINE('',#1628,#1629);
#1628 = CARTESIAN_POINT('',(-2.24,-4.78,8.2));
#1629 = VECTOR('',#1630,1.);
#1630 = DIRECTION('',(-0.57735026919,-0.57735026919,-0.57735026919));
#1631 = ORIENTED_EDGE('',*,*,#1632,.F.);
#1632 = EDGE_CURVE('',#1616,#1625,#1633,.T.);
#1633 = LINE('',#1634,#1635);
#1634 = CARTESIAN_POINT('',(-2.24,-5.68,8.2));
#1635 = VECTOR('',#1636,1.);
#1636 = DIRECTION('',(1.110223024625E-16,1.,0.));
#1637 = PLANE('',#1638);
#1638 = AXIS2_PLACEMENT_3D('',#1639,#1640,#1641);
#1639 = CARTESIAN_POINT('',(-2.09,-5.68,8.35));
#1640 = DIRECTION('',(-0.707106781187,7.850462293414E-17,0.707106781187)
  );
#1641 = DIRECTION('',(1.110223024625E-16,1.,2.68018785873E-29));
#1642 = ADVANCED_FACE('',(#1643),#1661,.T.);
#1643 = FACE_BOUND('',#1644,.T.);
#1644 = EDGE_LOOP('',(#1645,#1646,#1647,#1655));
#1645 = ORIENTED_EDGE('',*,*,#1624,.F.);
#1646 = ORIENTED_EDGE('',*,*,#445,.T.);
#1647 = ORIENTED_EDGE('',*,*,#1648,.T.);
#1648 = EDGE_CURVE('',#438,#1649,#1651,.T.);
#1649 = VERTEX_POINT('',#1650);
#1650 = CARTESIAN_POINT('',(-2.84,-4.78,8.2));
#1651 = LINE('',#1652,#1653);
#1652 = CARTESIAN_POINT('',(-2.84,-4.78,8.2));
#1653 = VECTOR('',#1654,1.);
#1654 = DIRECTION('',(0.57735026919,-0.57735026919,-0.57735026919));
#1655 = ORIENTED_EDGE('',*,*,#1656,.F.);
#1656 = EDGE_CURVE('',#1625,#1649,#1657,.T.);
#1657 = LINE('',#1658,#1659);
#1658 = CARTESIAN_POINT('',(-1.94,-4.78,8.2));
#1659 = VECTOR('',#1660,1.);
#1660 = DIRECTION('',(-1.,1.110223024625E-16,0.));
#1661 = PLANE('',#1662);
#1662 = AXIS2_PLACEMENT_3D('',#1663,#1664,#1665);
#1663 = CARTESIAN_POINT('',(-1.94,-4.63,8.35));
#1664 = DIRECTION('',(-7.850462293414E-17,-0.707106781187,0.707106781187
    ));
#1665 = DIRECTION('',(-1.,1.110223024625E-16,2.680187753847E-29));
#1666 = ADVANCED_FACE('',(#1667),#1685,.T.);
#1667 = FACE_BOUND('',#1668,.T.);
#1668 = EDGE_LOOP('',(#1669,#1670,#1671,#1679));
#1669 = ORIENTED_EDGE('',*,*,#1648,.F.);
#1670 = ORIENTED_EDGE('',*,*,#437,.T.);
#1671 = ORIENTED_EDGE('',*,*,#1672,.T.);
#1672 = EDGE_CURVE('',#430,#1673,#1675,.T.);
#1673 = VERTEX_POINT('',#1674);
#1674 = CARTESIAN_POINT('',(-2.84,-5.38,8.2));
#1675 = LINE('',#1676,#1677);
#1676 = CARTESIAN_POINT('',(-2.84,-5.38,8.2));
#1677 = VECTOR('',#1678,1.);
#1678 = DIRECTION('',(0.57735026919,0.57735026919,-0.57735026919));
#1679 = ORIENTED_EDGE('',*,*,#1680,.F.);
#1680 = EDGE_CURVE('',#1649,#1673,#1681,.T.);
#1681 = LINE('',#1682,#1683);
#1682 = CARTESIAN_POINT('',(-2.84,-4.48,8.2));
#1683 = VECTOR('',#1684,1.);
#1684 = DIRECTION('',(-1.110223024625E-16,-1.,0.));
#1685 = PLANE('',#1686);
#1686 = AXIS2_PLACEMENT_3D('',#1687,#1688,#1689);
#1687 = CARTESIAN_POINT('',(-2.99,-4.48,8.35));
#1688 = DIRECTION('',(0.707106781187,-7.850462293414E-17,0.707106781187)
  );
#1689 = DIRECTION('',(-1.110223024625E-16,-1.,2.68018785873E-29));
#1690 = ADVANCED_FACE('',(#1691),#1702,.T.);
#1691 = FACE_BOUND('',#1692,.T.);
#1692 = EDGE_LOOP('',(#1693,#1694,#1695,#1696));
#1693 = ORIENTED_EDGE('',*,*,#1672,.F.);
#1694 = ORIENTED_EDGE('',*,*,#429,.T.);
#1695 = ORIENTED_EDGE('',*,*,#1615,.T.);
#1696 = ORIENTED_EDGE('',*,*,#1697,.F.);
#1697 = EDGE_CURVE('',#1673,#1616,#1698,.T.);
#1698 = LINE('',#1699,#1700);
#1699 = CARTESIAN_POINT('',(-3.14,-5.38,8.2));
#1700 = VECTOR('',#1701,1.);
#1701 = DIRECTION('',(1.,-1.110223024625E-16,0.));
#1702 = PLANE('',#1703);
#1703 = AXIS2_PLACEMENT_3D('',#1704,#1705,#1706);
#1704 = CARTESIAN_POINT('',(-3.14,-5.53,8.35));
#1705 = DIRECTION('',(7.850462293414E-17,0.707106781187,0.707106781187)
  );
#1706 = DIRECTION('',(1.,-1.110223024625E-16,2.680187753847E-29));
#1707 = ADVANCED_FACE('',(#1708),#1733,.T.);
#1708 = FACE_BOUND('',#1709,.T.);
#1709 = EDGE_LOOP('',(#1710,#1718,#1719,#1727));
#1710 = ORIENTED_EDGE('',*,*,#1711,.F.);
#1711 = EDGE_CURVE('',#454,#1712,#1714,.T.);
#1712 = VERTEX_POINT('',#1713);
#1713 = CARTESIAN_POINT('',(-2.24,-2.84,8.2));
#1714 = LINE('',#1715,#1716);
#1715 = CARTESIAN_POINT('',(-2.24,-2.84,8.2));
#1716 = VECTOR('',#1717,1.);
#1717 = DIRECTION('',(-0.57735026919,0.57735026919,-0.57735026919));
#1718 = ORIENTED_EDGE('',*,*,#453,.T.);
#1719 = ORIENTED_EDGE('',*,*,#1720,.T.);
#1720 = EDGE_CURVE('',#456,#1721,#1723,.T.);
#1721 = VERTEX_POINT('',#1722);
#1722 = CARTESIAN_POINT('',(-2.24,-2.24,8.2));
#1723 = LINE('',#1724,#1725);
#1724 = CARTESIAN_POINT('',(-2.24,-2.24,8.2));
#1725 = VECTOR('',#1726,1.);
#1726 = DIRECTION('',(-0.57735026919,-0.57735026919,-0.57735026919));
#1727 = ORIENTED_EDGE('',*,*,#1728,.F.);
#1728 = EDGE_CURVE('',#1712,#1721,#1729,.T.);
#1729 = LINE('',#1730,#1731);
#1730 = CARTESIAN_POINT('',(-2.24,-3.14,8.2));
#1731 = VECTOR('',#1732,1.);
#1732 = DIRECTION('',(1.110223024625E-16,1.,0.));
#1733 = PLANE('',#1734);
#1734 = AXIS2_PLACEMENT_3D('',#1735,#1736,#1737);
#1735 = CARTESIAN_POINT('',(-2.09,-3.14,8.35));
#1736 = DIRECTION('',(-0.707106781187,7.850462293414E-17,0.707106781187)
  );
#1737 = DIRECTION('',(1.110223024625E-16,1.,2.68018785873E-29));
#1738 = ADVANCED_FACE('',(#1739),#1757,.T.);
#1739 = FACE_BOUND('',#1740,.T.);
#1740 = EDGE_LOOP('',(#1741,#1742,#1743,#1751));
#1741 = ORIENTED_EDGE('',*,*,#1720,.F.);
#1742 = ORIENTED_EDGE('',*,*,#479,.T.);
#1743 = ORIENTED_EDGE('',*,*,#1744,.T.);
#1744 = EDGE_CURVE('',#472,#1745,#1747,.T.);
#1745 = VERTEX_POINT('',#1746);
#1746 = CARTESIAN_POINT('',(-2.84,-2.24,8.2));
#1747 = LINE('',#1748,#1749);
#1748 = CARTESIAN_POINT('',(-2.84,-2.24,8.2));
#1749 = VECTOR('',#1750,1.);
#1750 = DIRECTION('',(0.57735026919,-0.57735026919,-0.57735026919));
#1751 = ORIENTED_EDGE('',*,*,#1752,.F.);
#1752 = EDGE_CURVE('',#1721,#1745,#1753,.T.);
#1753 = LINE('',#1754,#1755);
#1754 = CARTESIAN_POINT('',(-1.94,-2.24,8.2));
#1755 = VECTOR('',#1756,1.);
#1756 = DIRECTION('',(-1.,1.110223024625E-16,0.));
#1757 = PLANE('',#1758);
#1758 = AXIS2_PLACEMENT_3D('',#1759,#1760,#1761);
#1759 = CARTESIAN_POINT('',(-1.94,-2.09,8.35));
#1760 = DIRECTION('',(-7.850462293414E-17,-0.707106781187,0.707106781187
    ));
#1761 = DIRECTION('',(-1.,1.110223024625E-16,2.680187753847E-29));
#1762 = ADVANCED_FACE('',(#1763),#1781,.T.);
#1763 = FACE_BOUND('',#1764,.T.);
#1764 = EDGE_LOOP('',(#1765,#1766,#1767,#1775));
#1765 = ORIENTED_EDGE('',*,*,#1744,.F.);
#1766 = ORIENTED_EDGE('',*,*,#471,.T.);
#1767 = ORIENTED_EDGE('',*,*,#1768,.T.);
#1768 = EDGE_CURVE('',#464,#1769,#1771,.T.);
#1769 = VERTEX_POINT('',#1770);
#1770 = CARTESIAN_POINT('',(-2.84,-2.84,8.2));
#1771 = LINE('',#1772,#1773);
#1772 = CARTESIAN_POINT('',(-2.84,-2.84,8.2));
#1773 = VECTOR('',#1774,1.);
#1774 = DIRECTION('',(0.57735026919,0.57735026919,-0.57735026919));
#1775 = ORIENTED_EDGE('',*,*,#1776,.F.);
#1776 = EDGE_CURVE('',#1745,#1769,#1777,.T.);
#1777 = LINE('',#1778,#1779);
#1778 = CARTESIAN_POINT('',(-2.84,-1.94,8.2));
#1779 = VECTOR('',#1780,1.);
#1780 = DIRECTION('',(-1.110223024625E-16,-1.,0.));
#1781 = PLANE('',#1782);
#1782 = AXIS2_PLACEMENT_3D('',#1783,#1784,#1785);
#1783 = CARTESIAN_POINT('',(-2.99,-1.94,8.35));
#1784 = DIRECTION('',(0.707106781187,-7.850462293414E-17,0.707106781187)
  );
#1785 = DIRECTION('',(-1.110223024625E-16,-1.,2.68018785873E-29));
#1786 = ADVANCED_FACE('',(#1787),#1798,.T.);
#1787 = FACE_BOUND('',#1788,.T.);
#1788 = EDGE_LOOP('',(#1789,#1790,#1791,#1792));
#1789 = ORIENTED_EDGE('',*,*,#1768,.F.);
#1790 = ORIENTED_EDGE('',*,*,#463,.T.);
#1791 = ORIENTED_EDGE('',*,*,#1711,.T.);
#1792 = ORIENTED_EDGE('',*,*,#1793,.F.);
#1793 = EDGE_CURVE('',#1769,#1712,#1794,.T.);
#1794 = LINE('',#1795,#1796);
#1795 = CARTESIAN_POINT('',(-3.14,-2.84,8.2));
#1796 = VECTOR('',#1797,1.);
#1797 = DIRECTION('',(1.,-1.110223024625E-16,0.));
#1798 = PLANE('',#1799);
#1799 = AXIS2_PLACEMENT_3D('',#1800,#1801,#1802);
#1800 = CARTESIAN_POINT('',(-3.14,-2.99,8.35));
#1801 = DIRECTION('',(7.850462293414E-17,0.707106781187,0.707106781187)
  );
#1802 = DIRECTION('',(1.,-1.110223024625E-16,2.680187753847E-29));
#1803 = ADVANCED_FACE('',(#1804),#1829,.T.);
#1804 = FACE_BOUND('',#1805,.T.);
#1805 = EDGE_LOOP('',(#1806,#1814,#1815,#1823));
#1806 = ORIENTED_EDGE('',*,*,#1807,.F.);
#1807 = EDGE_CURVE('',#488,#1808,#1810,.T.);
#1808 = VERTEX_POINT('',#1809);
#1809 = CARTESIAN_POINT('',(-2.24,-0.3,8.2));
#1810 = LINE('',#1811,#1812);
#1811 = CARTESIAN_POINT('',(-2.24,-0.3,8.2));
#1812 = VECTOR('',#1813,1.);
#1813 = DIRECTION('',(-0.57735026919,0.57735026919,-0.57735026919));
#1814 = ORIENTED_EDGE('',*,*,#487,.T.);
#1815 = ORIENTED_EDGE('',*,*,#1816,.T.);
#1816 = EDGE_CURVE('',#490,#1817,#1819,.T.);
#1817 = VERTEX_POINT('',#1818);
#1818 = CARTESIAN_POINT('',(-2.24,0.3,8.2));
#1819 = LINE('',#1820,#1821);
#1820 = CARTESIAN_POINT('',(-2.24,0.3,8.2));
#1821 = VECTOR('',#1822,1.);
#1822 = DIRECTION('',(-0.57735026919,-0.57735026919,-0.57735026919));
#1823 = ORIENTED_EDGE('',*,*,#1824,.F.);
#1824 = EDGE_CURVE('',#1808,#1817,#1825,.T.);
#1825 = LINE('',#1826,#1827);
#1826 = CARTESIAN_POINT('',(-2.24,-0.6,8.2));
#1827 = VECTOR('',#1828,1.);
#1828 = DIRECTION('',(1.110223024625E-16,1.,0.));
#1829 = PLANE('',#1830);
#1830 = AXIS2_PLACEMENT_3D('',#1831,#1832,#1833);
#1831 = CARTESIAN_POINT('',(-2.09,-0.6,8.35));
#1832 = DIRECTION('',(-0.707106781187,7.850462293414E-17,0.707106781187)
  );
#1833 = DIRECTION('',(1.110223024625E-16,1.,2.68018785873E-29));
#1834 = ADVANCED_FACE('',(#1835),#1853,.T.);
#1835 = FACE_BOUND('',#1836,.T.);
#1836 = EDGE_LOOP('',(#1837,#1838,#1839,#1847));
#1837 = ORIENTED_EDGE('',*,*,#1816,.F.);
#1838 = ORIENTED_EDGE('',*,*,#513,.T.);
#1839 = ORIENTED_EDGE('',*,*,#1840,.T.);
#1840 = EDGE_CURVE('',#506,#1841,#1843,.T.);
#1841 = VERTEX_POINT('',#1842);
#1842 = CARTESIAN_POINT('',(-2.84,0.3,8.2));
#1843 = LINE('',#1844,#1845);
#1844 = CARTESIAN_POINT('',(-2.84,0.3,8.2));
#1845 = VECTOR('',#1846,1.);
#1846 = DIRECTION('',(0.57735026919,-0.57735026919,-0.57735026919));
#1847 = ORIENTED_EDGE('',*,*,#1848,.F.);
#1848 = EDGE_CURVE('',#1817,#1841,#1849,.T.);
#1849 = LINE('',#1850,#1851);
#1850 = CARTESIAN_POINT('',(-1.94,0.3,8.2));
#1851 = VECTOR('',#1852,1.);
#1852 = DIRECTION('',(-1.,1.110223024625E-16,0.));
#1853 = PLANE('',#1854);
#1854 = AXIS2_PLACEMENT_3D('',#1855,#1856,#1857);
#1855 = CARTESIAN_POINT('',(-1.94,0.45,8.35));
#1856 = DIRECTION('',(-7.850462293414E-17,-0.707106781187,0.707106781187
    ));
#1857 = DIRECTION('',(-1.,1.110223024625E-16,2.680187753847E-29));
#1858 = ADVANCED_FACE('',(#1859),#1877,.T.);
#1859 = FACE_BOUND('',#1860,.T.);
#1860 = EDGE_LOOP('',(#1861,#1862,#1863,#1871));
#1861 = ORIENTED_EDGE('',*,*,#1840,.F.);
#1862 = ORIENTED_EDGE('',*,*,#505,.T.);
#1863 = ORIENTED_EDGE('',*,*,#1864,.T.);
#1864 = EDGE_CURVE('',#498,#1865,#1867,.T.);
#1865 = VERTEX_POINT('',#1866);
#1866 = CARTESIAN_POINT('',(-2.84,-0.3,8.2));
#1867 = LINE('',#1868,#1869);
#1868 = CARTESIAN_POINT('',(-2.84,-0.3,8.2));
#1869 = VECTOR('',#1870,1.);
#1870 = DIRECTION('',(0.57735026919,0.57735026919,-0.57735026919));
#1871 = ORIENTED_EDGE('',*,*,#1872,.F.);
#1872 = EDGE_CURVE('',#1841,#1865,#1873,.T.);
#1873 = LINE('',#1874,#1875);
#1874 = CARTESIAN_POINT('',(-2.84,0.6,8.2));
#1875 = VECTOR('',#1876,1.);
#1876 = DIRECTION('',(-1.110223024625E-16,-1.,0.));
#1877 = PLANE('',#1878);
#1878 = AXIS2_PLACEMENT_3D('',#1879,#1880,#1881);
#1879 = CARTESIAN_POINT('',(-2.99,0.6,8.35));
#1880 = DIRECTION('',(0.707106781187,-7.850462293414E-17,0.707106781187)
  );
#1881 = DIRECTION('',(-1.110223024625E-16,-1.,2.68018785873E-29));
#1882 = ADVANCED_FACE('',(#1883),#1894,.T.);
#1883 = FACE_BOUND('',#1884,.T.);
#1884 = EDGE_LOOP('',(#1885,#1886,#1887,#1888));
#1885 = ORIENTED_EDGE('',*,*,#1864,.F.);
#1886 = ORIENTED_EDGE('',*,*,#497,.T.);
#1887 = ORIENTED_EDGE('',*,*,#1807,.T.);
#1888 = ORIENTED_EDGE('',*,*,#1889,.F.);
#1889 = EDGE_CURVE('',#1865,#1808,#1890,.T.);
#1890 = LINE('',#1891,#1892);
#1891 = CARTESIAN_POINT('',(-3.14,-0.3,8.2));
#1892 = VECTOR('',#1893,1.);
#1893 = DIRECTION('',(1.,-1.110223024625E-16,0.));
#1894 = PLANE('',#1895);
#1895 = AXIS2_PLACEMENT_3D('',#1896,#1897,#1898);
#1896 = CARTESIAN_POINT('',(-3.14,-0.45,8.35));
#1897 = DIRECTION('',(7.850462293414E-17,0.707106781187,0.707106781187)
  );
#1898 = DIRECTION('',(1.,-1.110223024625E-16,2.680187753847E-29));
#1899 = ADVANCED_FACE('',(#1900),#1911,.T.);
#1900 = FACE_BOUND('',#1901,.T.);
#1901 = EDGE_LOOP('',(#1902,#1903,#1904,#1910));
#1902 = ORIENTED_EDGE('',*,*,#577,.F.);
#1903 = ORIENTED_EDGE('',*,*,#587,.T.);
#1904 = ORIENTED_EDGE('',*,*,#1905,.T.);
#1905 = EDGE_CURVE('',#588,#628,#1906,.T.);
#1906 = LINE('',#1907,#1908);
#1907 = CARTESIAN_POINT('',(0.1,-7.32,0.2));
#1908 = VECTOR('',#1909,1.);
#1909 = DIRECTION('',(-1.,2.334869823773E-16,0.));
#1910 = ORIENTED_EDGE('',*,*,#635,.T.);
#1911 = PLANE('',#1912);
#1912 = AXIS2_PLACEMENT_3D('',#1913,#1914,#1915);
#1913 = CARTESIAN_POINT('',(0.1,-7.32,0.2));
#1914 = DIRECTION('',(0.,0.,-1.));
#1915 = DIRECTION('',(2.334869823773E-16,1.,0.));
#1916 = ADVANCED_FACE('',(#1917),#1958,.F.);
#1917 = FACE_BOUND('',#1918,.F.);
#1918 = EDGE_LOOP('',(#1919,#1927,#1928,#1936,#1944,#1952));
#1919 = ORIENTED_EDGE('',*,*,#1920,.T.);
#1920 = EDGE_CURVE('',#1921,#628,#1923,.T.);
#1921 = VERTEX_POINT('',#1922);
#1922 = CARTESIAN_POINT('',(-0.1,-7.32,-2.5));
#1923 = LINE('',#1924,#1925);
#1924 = CARTESIAN_POINT('',(-0.1,-7.32,-2.5));
#1925 = VECTOR('',#1926,1.);
#1926 = DIRECTION('',(0.,0.,1.));
#1927 = ORIENTED_EDGE('',*,*,#627,.F.);
#1928 = ORIENTED_EDGE('',*,*,#1929,.T.);
#1929 = EDGE_CURVE('',#620,#1930,#1932,.T.);
#1930 = VERTEX_POINT('',#1931);
#1931 = CARTESIAN_POINT('',(-0.1,-7.92,-2.5));
#1932 = LINE('',#1933,#1934);
#1933 = CARTESIAN_POINT('',(-0.1,-7.92,0.2));
#1934 = VECTOR('',#1935,1.);
#1935 = DIRECTION('',(-0.,0.,-1.));
#1936 = ORIENTED_EDGE('',*,*,#1937,.T.);
#1937 = EDGE_CURVE('',#1930,#1938,#1940,.T.);
#1938 = VERTEX_POINT('',#1939);
#1939 = CARTESIAN_POINT('',(-0.1,-7.77,-3.1));
#1940 = LINE('',#1941,#1942);
#1941 = CARTESIAN_POINT('',(-0.1,-7.92,-2.5));
#1942 = VECTOR('',#1943,1.);
#1943 = DIRECTION('',(5.662891120873E-17,0.242535625036,-0.970142500145)
  );
#1944 = ORIENTED_EDGE('',*,*,#1945,.T.);
#1945 = EDGE_CURVE('',#1938,#1946,#1948,.T.);
#1946 = VERTEX_POINT('',#1947);
#1947 = CARTESIAN_POINT('',(-0.1,-7.47,-3.1));
#1948 = LINE('',#1949,#1950);
#1949 = CARTESIAN_POINT('',(-0.1,-7.77,-3.1));
#1950 = VECTOR('',#1951,1.);
#1951 = DIRECTION('',(2.334869823773E-16,1.,0.));
#1952 = ORIENTED_EDGE('',*,*,#1953,.T.);
#1953 = EDGE_CURVE('',#1946,#1921,#1954,.T.);
#1954 = LINE('',#1955,#1956);
#1955 = CARTESIAN_POINT('',(-0.1,-7.47,-3.1));
#1956 = VECTOR('',#1957,1.);
#1957 = DIRECTION('',(5.662891120873E-17,0.242535625036,0.970142500145)
  );
#1958 = PLANE('',#1959);
#1959 = AXIS2_PLACEMENT_3D('',#1960,#1961,#1962);
#1960 = CARTESIAN_POINT('',(-0.1,-7.62,3.911477598424));
#1961 = DIRECTION('',(1.,-2.334869823773E-16,0.));
#1962 = DIRECTION('',(0.,0.,1.));
#1963 = ADVANCED_FACE('',(#1964),#1975,.T.);
#1964 = FACE_BOUND('',#1965,.T.);
#1965 = EDGE_LOOP('',(#1966,#1972,#1973,#1974));
#1966 = ORIENTED_EDGE('',*,*,#1967,.F.);
#1967 = EDGE_CURVE('',#596,#620,#1968,.T.);
#1968 = LINE('',#1969,#1970);
#1969 = CARTESIAN_POINT('',(0.1,-7.92,0.2));
#1970 = VECTOR('',#1971,1.);
#1971 = DIRECTION('',(-1.,2.334869823773E-16,0.));
#1972 = ORIENTED_EDGE('',*,*,#603,.T.);
#1973 = ORIENTED_EDGE('',*,*,#611,.T.);
#1974 = ORIENTED_EDGE('',*,*,#619,.T.);
#1975 = PLANE('',#1976);
#1976 = AXIS2_PLACEMENT_3D('',#1977,#1978,#1979);
#1977 = CARTESIAN_POINT('',(0.1,-7.32,0.2));
#1978 = DIRECTION('',(0.,0.,-1.));
#1979 = DIRECTION('',(2.334869823773E-16,1.,0.));
#1980 = ADVANCED_FACE('',(#1981),#2022,.T.);
#1981 = FACE_BOUND('',#1982,.T.);
#1982 = EDGE_LOOP('',(#1983,#1991,#1992,#2000,#2008,#2016));
#1983 = ORIENTED_EDGE('',*,*,#1984,.T.);
#1984 = EDGE_CURVE('',#1985,#588,#1987,.T.);
#1985 = VERTEX_POINT('',#1986);
#1986 = CARTESIAN_POINT('',(0.1,-7.32,-2.5));
#1987 = LINE('',#1988,#1989);
#1988 = CARTESIAN_POINT('',(0.1,-7.32,-2.5));
#1989 = VECTOR('',#1990,1.);
#1990 = DIRECTION('',(0.,0.,1.));
#1991 = ORIENTED_EDGE('',*,*,#595,.F.);
#1992 = ORIENTED_EDGE('',*,*,#1993,.T.);
#1993 = EDGE_CURVE('',#596,#1994,#1996,.T.);
#1994 = VERTEX_POINT('',#1995);
#1995 = CARTESIAN_POINT('',(0.1,-7.92,-2.5));
#1996 = LINE('',#1997,#1998);
#1997 = CARTESIAN_POINT('',(0.1,-7.92,0.2));
#1998 = VECTOR('',#1999,1.);
#1999 = DIRECTION('',(-0.,0.,-1.));
#2000 = ORIENTED_EDGE('',*,*,#2001,.T.);
#2001 = EDGE_CURVE('',#1994,#2002,#2004,.T.);
#2002 = VERTEX_POINT('',#2003);
#2003 = CARTESIAN_POINT('',(0.1,-7.77,-3.1));
#2004 = LINE('',#2005,#2006);
#2005 = CARTESIAN_POINT('',(0.1,-7.92,-2.5));
#2006 = VECTOR('',#2007,1.);
#2007 = DIRECTION('',(5.662891120873E-17,0.242535625036,-0.970142500145)
  );
#2008 = ORIENTED_EDGE('',*,*,#2009,.F.);
#2009 = EDGE_CURVE('',#2010,#2002,#2012,.T.);
#2010 = VERTEX_POINT('',#2011);
#2011 = CARTESIAN_POINT('',(0.1,-7.47,-3.1));
#2012 = LINE('',#2013,#2014);
#2013 = CARTESIAN_POINT('',(0.1,-7.47,-3.1));
#2014 = VECTOR('',#2015,1.);
#2015 = DIRECTION('',(-2.334869823773E-16,-1.,0.));
#2016 = ORIENTED_EDGE('',*,*,#2017,.T.);
#2017 = EDGE_CURVE('',#2010,#1985,#2018,.T.);
#2018 = LINE('',#2019,#2020);
#2019 = CARTESIAN_POINT('',(0.1,-7.47,-3.1));
#2020 = VECTOR('',#2021,1.);
#2021 = DIRECTION('',(5.662891120873E-17,0.242535625036,0.970142500145)
  );
#2022 = PLANE('',#2023);
#2023 = AXIS2_PLACEMENT_3D('',#2024,#2025,#2026);
#2024 = CARTESIAN_POINT('',(0.1,-7.62,3.911477598424));
#2025 = DIRECTION('',(1.,-2.334869823773E-16,0.));
#2026 = DIRECTION('',(0.,0.,1.));
#2027 = ADVANCED_FACE('',(#2028),#2039,.T.);
#2028 = FACE_BOUND('',#2029,.T.);
#2029 = EDGE_LOOP('',(#2030,#2031,#2032,#2038));
#2030 = ORIENTED_EDGE('',*,*,#643,.F.);
#2031 = ORIENTED_EDGE('',*,*,#653,.T.);
#2032 = ORIENTED_EDGE('',*,*,#2033,.T.);
#2033 = EDGE_CURVE('',#654,#694,#2034,.T.);
#2034 = LINE('',#2035,#2036);
#2035 = CARTESIAN_POINT('',(0.1,-4.78,0.2));
#2036 = VECTOR('',#2037,1.);
#2037 = DIRECTION('',(-1.,2.334869823773E-16,0.));
#2038 = ORIENTED_EDGE('',*,*,#701,.T.);
#2039 = PLANE('',#2040);
#2040 = AXIS2_PLACEMENT_3D('',#2041,#2042,#2043);
#2041 = CARTESIAN_POINT('',(0.1,-4.78,0.2));
#2042 = DIRECTION('',(0.,0.,-1.));
#2043 = DIRECTION('',(2.334869823773E-16,1.,0.));
#2044 = ADVANCED_FACE('',(#2045),#2086,.F.);
#2045 = FACE_BOUND('',#2046,.F.);
#2046 = EDGE_LOOP('',(#2047,#2055,#2056,#2064,#2072,#2080));
#2047 = ORIENTED_EDGE('',*,*,#2048,.T.);
#2048 = EDGE_CURVE('',#2049,#694,#2051,.T.);
#2049 = VERTEX_POINT('',#2050);
#2050 = CARTESIAN_POINT('',(-0.1,-4.78,-2.5));
#2051 = LINE('',#2052,#2053);
#2052 = CARTESIAN_POINT('',(-0.1,-4.78,-2.5));
#2053 = VECTOR('',#2054,1.);
#2054 = DIRECTION('',(0.,0.,1.));
#2055 = ORIENTED_EDGE('',*,*,#693,.F.);
#2056 = ORIENTED_EDGE('',*,*,#2057,.T.);
#2057 = EDGE_CURVE('',#686,#2058,#2060,.T.);
#2058 = VERTEX_POINT('',#2059);
#2059 = CARTESIAN_POINT('',(-0.1,-5.38,-2.5));
#2060 = LINE('',#2061,#2062);
#2061 = CARTESIAN_POINT('',(-0.1,-5.38,0.2));
#2062 = VECTOR('',#2063,1.);
#2063 = DIRECTION('',(-0.,0.,-1.));
#2064 = ORIENTED_EDGE('',*,*,#2065,.T.);
#2065 = EDGE_CURVE('',#2058,#2066,#2068,.T.);
#2066 = VERTEX_POINT('',#2067);
#2067 = CARTESIAN_POINT('',(-0.1,-5.23,-3.1));
#2068 = LINE('',#2069,#2070);
#2069 = CARTESIAN_POINT('',(-0.1,-5.38,-2.5));
#2070 = VECTOR('',#2071,1.);
#2071 = DIRECTION('',(5.662891120873E-17,0.242535625036,-0.970142500145)
  );
#2072 = ORIENTED_EDGE('',*,*,#2073,.T.);
#2073 = EDGE_CURVE('',#2066,#2074,#2076,.T.);
#2074 = VERTEX_POINT('',#2075);
#2075 = CARTESIAN_POINT('',(-0.1,-4.93,-3.1));
#2076 = LINE('',#2077,#2078);
#2077 = CARTESIAN_POINT('',(-0.1,-5.23,-3.1));
#2078 = VECTOR('',#2079,1.);
#2079 = DIRECTION('',(2.334869823773E-16,1.,0.));
#2080 = ORIENTED_EDGE('',*,*,#2081,.T.);
#2081 = EDGE_CURVE('',#2074,#2049,#2082,.T.);
#2082 = LINE('',#2083,#2084);
#2083 = CARTESIAN_POINT('',(-0.1,-4.93,-3.1));
#2084 = VECTOR('',#2085,1.);
#2085 = DIRECTION('',(5.662891120873E-17,0.242535625036,0.970142500145)
  );
#2086 = PLANE('',#2087);
#2087 = AXIS2_PLACEMENT_3D('',#2088,#2089,#2090);
#2088 = CARTESIAN_POINT('',(-0.1,-5.08,3.911477598424));
#2089 = DIRECTION('',(1.,-2.334869823773E-16,0.));
#2090 = DIRECTION('',(0.,0.,1.));
#2091 = ADVANCED_FACE('',(#2092),#2103,.T.);
#2092 = FACE_BOUND('',#2093,.T.);
#2093 = EDGE_LOOP('',(#2094,#2100,#2101,#2102));
#2094 = ORIENTED_EDGE('',*,*,#2095,.F.);
#2095 = EDGE_CURVE('',#662,#686,#2096,.T.);
#2096 = LINE('',#2097,#2098);
#2097 = CARTESIAN_POINT('',(0.1,-5.38,0.2));
#2098 = VECTOR('',#2099,1.);
#2099 = DIRECTION('',(-1.,2.334869823773E-16,0.));
#2100 = ORIENTED_EDGE('',*,*,#669,.T.);
#2101 = ORIENTED_EDGE('',*,*,#677,.T.);
#2102 = ORIENTED_EDGE('',*,*,#685,.T.);
#2103 = PLANE('',#2104);
#2104 = AXIS2_PLACEMENT_3D('',#2105,#2106,#2107);
#2105 = CARTESIAN_POINT('',(0.1,-4.78,0.2));
#2106 = DIRECTION('',(0.,0.,-1.));
#2107 = DIRECTION('',(2.334869823773E-16,1.,0.));
#2108 = ADVANCED_FACE('',(#2109),#2150,.T.);
#2109 = FACE_BOUND('',#2110,.T.);
#2110 = EDGE_LOOP('',(#2111,#2119,#2120,#2128,#2136,#2144));
#2111 = ORIENTED_EDGE('',*,*,#2112,.T.);
#2112 = EDGE_CURVE('',#2113,#654,#2115,.T.);
#2113 = VERTEX_POINT('',#2114);
#2114 = CARTESIAN_POINT('',(0.1,-4.78,-2.5));
#2115 = LINE('',#2116,#2117);
#2116 = CARTESIAN_POINT('',(0.1,-4.78,-2.5));
#2117 = VECTOR('',#2118,1.);
#2118 = DIRECTION('',(0.,0.,1.));
#2119 = ORIENTED_EDGE('',*,*,#661,.F.);
#2120 = ORIENTED_EDGE('',*,*,#2121,.T.);
#2121 = EDGE_CURVE('',#662,#2122,#2124,.T.);
#2122 = VERTEX_POINT('',#2123);
#2123 = CARTESIAN_POINT('',(0.1,-5.38,-2.5));
#2124 = LINE('',#2125,#2126);
#2125 = CARTESIAN_POINT('',(0.1,-5.38,0.2));
#2126 = VECTOR('',#2127,1.);
#2127 = DIRECTION('',(-0.,0.,-1.));
#2128 = ORIENTED_EDGE('',*,*,#2129,.T.);
#2129 = EDGE_CURVE('',#2122,#2130,#2132,.T.);
#2130 = VERTEX_POINT('',#2131);
#2131 = CARTESIAN_POINT('',(0.1,-5.23,-3.1));
#2132 = LINE('',#2133,#2134);
#2133 = CARTESIAN_POINT('',(0.1,-5.38,-2.5));
#2134 = VECTOR('',#2135,1.);
#2135 = DIRECTION('',(5.662891120873E-17,0.242535625036,-0.970142500145)
  );
#2136 = ORIENTED_EDGE('',*,*,#2137,.F.);
#2137 = EDGE_CURVE('',#2138,#2130,#2140,.T.);
#2138 = VERTEX_POINT('',#2139);
#2139 = CARTESIAN_POINT('',(0.1,-4.93,-3.1));
#2140 = LINE('',#2141,#2142);
#2141 = CARTESIAN_POINT('',(0.1,-4.93,-3.1));
#2142 = VECTOR('',#2143,1.);
#2143 = DIRECTION('',(-2.334869823773E-16,-1.,0.));
#2144 = ORIENTED_EDGE('',*,*,#2145,.T.);
#2145 = EDGE_CURVE('',#2138,#2113,#2146,.T.);
#2146 = LINE('',#2147,#2148);
#2147 = CARTESIAN_POINT('',(0.1,-4.93,-3.1));
#2148 = VECTOR('',#2149,1.);
#2149 = DIRECTION('',(5.662891120873E-17,0.242535625036,0.970142500145)
  );
#2150 = PLANE('',#2151);
#2151 = AXIS2_PLACEMENT_3D('',#2152,#2153,#2154);
#2152 = CARTESIAN_POINT('',(0.1,-5.08,3.911477598424));
#2153 = DIRECTION('',(1.,-2.334869823773E-16,0.));
#2154 = DIRECTION('',(0.,0.,1.));
#2155 = ADVANCED_FACE('',(#2156),#2167,.T.);
#2156 = FACE_BOUND('',#2157,.T.);
#2157 = EDGE_LOOP('',(#2158,#2159,#2160,#2166));
#2158 = ORIENTED_EDGE('',*,*,#709,.F.);
#2159 = ORIENTED_EDGE('',*,*,#719,.T.);
#2160 = ORIENTED_EDGE('',*,*,#2161,.T.);
#2161 = EDGE_CURVE('',#720,#760,#2162,.T.);
#2162 = LINE('',#2163,#2164);
#2163 = CARTESIAN_POINT('',(0.1,-2.24,0.2));
#2164 = VECTOR('',#2165,1.);
#2165 = DIRECTION('',(-1.,2.334869823773E-16,0.));
#2166 = ORIENTED_EDGE('',*,*,#767,.T.);
#2167 = PLANE('',#2168);
#2168 = AXIS2_PLACEMENT_3D('',#2169,#2170,#2171);
#2169 = CARTESIAN_POINT('',(0.1,-2.24,0.2));
#2170 = DIRECTION('',(0.,0.,-1.));
#2171 = DIRECTION('',(2.334869823773E-16,1.,0.));
#2172 = ADVANCED_FACE('',(#2173),#2214,.F.);
#2173 = FACE_BOUND('',#2174,.F.);
#2174 = EDGE_LOOP('',(#2175,#2183,#2184,#2192,#2200,#2208));
#2175 = ORIENTED_EDGE('',*,*,#2176,.T.);
#2176 = EDGE_CURVE('',#2177,#760,#2179,.T.);
#2177 = VERTEX_POINT('',#2178);
#2178 = CARTESIAN_POINT('',(-0.1,-2.24,-2.5));
#2179 = LINE('',#2180,#2181);
#2180 = CARTESIAN_POINT('',(-0.1,-2.24,-2.5));
#2181 = VECTOR('',#2182,1.);
#2182 = DIRECTION('',(0.,0.,1.));
#2183 = ORIENTED_EDGE('',*,*,#759,.F.);
#2184 = ORIENTED_EDGE('',*,*,#2185,.T.);
#2185 = EDGE_CURVE('',#752,#2186,#2188,.T.);
#2186 = VERTEX_POINT('',#2187);
#2187 = CARTESIAN_POINT('',(-0.1,-2.84,-2.5));
#2188 = LINE('',#2189,#2190);
#2189 = CARTESIAN_POINT('',(-0.1,-2.84,0.2));
#2190 = VECTOR('',#2191,1.);
#2191 = DIRECTION('',(-0.,0.,-1.));
#2192 = ORIENTED_EDGE('',*,*,#2193,.T.);
#2193 = EDGE_CURVE('',#2186,#2194,#2196,.T.);
#2194 = VERTEX_POINT('',#2195);
#2195 = CARTESIAN_POINT('',(-0.1,-2.69,-3.1));
#2196 = LINE('',#2197,#2198);
#2197 = CARTESIAN_POINT('',(-0.1,-2.84,-2.5));
#2198 = VECTOR('',#2199,1.);
#2199 = DIRECTION('',(5.662891120873E-17,0.242535625036,-0.970142500145)
  );
#2200 = ORIENTED_EDGE('',*,*,#2201,.T.);
#2201 = EDGE_CURVE('',#2194,#2202,#2204,.T.);
#2202 = VERTEX_POINT('',#2203);
#2203 = CARTESIAN_POINT('',(-0.1,-2.39,-3.1));
#2204 = LINE('',#2205,#2206);
#2205 = CARTESIAN_POINT('',(-0.1,-2.69,-3.1));
#2206 = VECTOR('',#2207,1.);
#2207 = DIRECTION('',(2.334869823773E-16,1.,0.));
#2208 = ORIENTED_EDGE('',*,*,#2209,.T.);
#2209 = EDGE_CURVE('',#2202,#2177,#2210,.T.);
#2210 = LINE('',#2211,#2212);
#2211 = CARTESIAN_POINT('',(-0.1,-2.39,-3.1));
#2212 = VECTOR('',#2213,1.);
#2213 = DIRECTION('',(5.662891120873E-17,0.242535625036,0.970142500145)
  );
#2214 = PLANE('',#2215);
#2215 = AXIS2_PLACEMENT_3D('',#2216,#2217,#2218);
#2216 = CARTESIAN_POINT('',(-0.1,-2.54,3.911477598424));
#2217 = DIRECTION('',(1.,-2.334869823773E-16,0.));
#2218 = DIRECTION('',(0.,0.,1.));
#2219 = ADVANCED_FACE('',(#2220),#2231,.T.);
#2220 = FACE_BOUND('',#2221,.T.);
#2221 = EDGE_LOOP('',(#2222,#2228,#2229,#2230));
#2222 = ORIENTED_EDGE('',*,*,#2223,.F.);
#2223 = EDGE_CURVE('',#728,#752,#2224,.T.);
#2224 = LINE('',#2225,#2226);
#2225 = CARTESIAN_POINT('',(0.1,-2.84,0.2));
#2226 = VECTOR('',#2227,1.);
#2227 = DIRECTION('',(-1.,2.334869823773E-16,0.));
#2228 = ORIENTED_EDGE('',*,*,#735,.T.);
#2229 = ORIENTED_EDGE('',*,*,#743,.T.);
#2230 = ORIENTED_EDGE('',*,*,#751,.T.);
#2231 = PLANE('',#2232);
#2232 = AXIS2_PLACEMENT_3D('',#2233,#2234,#2235);
#2233 = CARTESIAN_POINT('',(0.1,-2.24,0.2));
#2234 = DIRECTION('',(0.,0.,-1.));
#2235 = DIRECTION('',(2.334869823773E-16,1.,0.));
#2236 = ADVANCED_FACE('',(#2237),#2278,.T.);
#2237 = FACE_BOUND('',#2238,.T.);
#2238 = EDGE_LOOP('',(#2239,#2247,#2248,#2256,#2264,#2272));
#2239 = ORIENTED_EDGE('',*,*,#2240,.T.);
#2240 = EDGE_CURVE('',#2241,#720,#2243,.T.);
#2241 = VERTEX_POINT('',#2242);
#2242 = CARTESIAN_POINT('',(0.1,-2.24,-2.5));
#2243 = LINE('',#2244,#2245);
#2244 = CARTESIAN_POINT('',(0.1,-2.24,-2.5));
#2245 = VECTOR('',#2246,1.);
#2246 = DIRECTION('',(0.,0.,1.));
#2247 = ORIENTED_EDGE('',*,*,#727,.F.);
#2248 = ORIENTED_EDGE('',*,*,#2249,.T.);
#2249 = EDGE_CURVE('',#728,#2250,#2252,.T.);
#2250 = VERTEX_POINT('',#2251);
#2251 = CARTESIAN_POINT('',(0.1,-2.84,-2.5));
#2252 = LINE('',#2253,#2254);
#2253 = CARTESIAN_POINT('',(0.1,-2.84,0.2));
#2254 = VECTOR('',#2255,1.);
#2255 = DIRECTION('',(-0.,0.,-1.));
#2256 = ORIENTED_EDGE('',*,*,#2257,.T.);
#2257 = EDGE_CURVE('',#2250,#2258,#2260,.T.);
#2258 = VERTEX_POINT('',#2259);
#2259 = CARTESIAN_POINT('',(0.1,-2.69,-3.1));
#2260 = LINE('',#2261,#2262);
#2261 = CARTESIAN_POINT('',(0.1,-2.84,-2.5));
#2262 = VECTOR('',#2263,1.);
#2263 = DIRECTION('',(5.662891120873E-17,0.242535625036,-0.970142500145)
  );
#2264 = ORIENTED_EDGE('',*,*,#2265,.F.);
#2265 = EDGE_CURVE('',#2266,#2258,#2268,.T.);
#2266 = VERTEX_POINT('',#2267);
#2267 = CARTESIAN_POINT('',(0.1,-2.39,-3.1));
#2268 = LINE('',#2269,#2270);
#2269 = CARTESIAN_POINT('',(0.1,-2.39,-3.1));
#2270 = VECTOR('',#2271,1.);
#2271 = DIRECTION('',(-2.334869823773E-16,-1.,0.));
#2272 = ORIENTED_EDGE('',*,*,#2273,.T.);
#2273 = EDGE_CURVE('',#2266,#2241,#2274,.T.);
#2274 = LINE('',#2275,#2276);
#2275 = CARTESIAN_POINT('',(0.1,-2.39,-3.1));
#2276 = VECTOR('',#2277,1.);
#2277 = DIRECTION('',(5.662891120873E-17,0.242535625036,0.970142500145)
  );
#2278 = PLANE('',#2279);
#2279 = AXIS2_PLACEMENT_3D('',#2280,#2281,#2282);
#2280 = CARTESIAN_POINT('',(0.1,-2.54,3.911477598424));
#2281 = DIRECTION('',(1.,-2.334869823773E-16,0.));
#2282 = DIRECTION('',(0.,0.,1.));
#2283 = ADVANCED_FACE('',(#2284),#2295,.T.);
#2284 = FACE_BOUND('',#2285,.T.);
#2285 = EDGE_LOOP('',(#2286,#2287,#2288,#2294));
#2286 = ORIENTED_EDGE('',*,*,#775,.F.);
#2287 = ORIENTED_EDGE('',*,*,#785,.T.);
#2288 = ORIENTED_EDGE('',*,*,#2289,.T.);
#2289 = EDGE_CURVE('',#786,#826,#2290,.T.);
#2290 = LINE('',#2291,#2292);
#2291 = CARTESIAN_POINT('',(0.1,0.3,0.2));
#2292 = VECTOR('',#2293,1.);
#2293 = DIRECTION('',(-1.,2.334869823773E-16,0.));
#2294 = ORIENTED_EDGE('',*,*,#833,.T.);
#2295 = PLANE('',#2296);
#2296 = AXIS2_PLACEMENT_3D('',#2297,#2298,#2299);
#2297 = CARTESIAN_POINT('',(0.1,0.3,0.2));
#2298 = DIRECTION('',(0.,0.,-1.));
#2299 = DIRECTION('',(2.334869823773E-16,1.,0.));
#2300 = ADVANCED_FACE('',(#2301),#2342,.F.);
#2301 = FACE_BOUND('',#2302,.F.);
#2302 = EDGE_LOOP('',(#2303,#2311,#2312,#2320,#2328,#2336));
#2303 = ORIENTED_EDGE('',*,*,#2304,.T.);
#2304 = EDGE_CURVE('',#2305,#826,#2307,.T.);
#2305 = VERTEX_POINT('',#2306);
#2306 = CARTESIAN_POINT('',(-0.1,0.3,-2.5));
#2307 = LINE('',#2308,#2309);
#2308 = CARTESIAN_POINT('',(-0.1,0.3,-2.5));
#2309 = VECTOR('',#2310,1.);
#2310 = DIRECTION('',(0.,0.,1.));
#2311 = ORIENTED_EDGE('',*,*,#825,.F.);
#2312 = ORIENTED_EDGE('',*,*,#2313,.T.);
#2313 = EDGE_CURVE('',#818,#2314,#2316,.T.);
#2314 = VERTEX_POINT('',#2315);
#2315 = CARTESIAN_POINT('',(-0.1,-0.3,-2.5));
#2316 = LINE('',#2317,#2318);
#2317 = CARTESIAN_POINT('',(-0.1,-0.3,0.2));
#2318 = VECTOR('',#2319,1.);
#2319 = DIRECTION('',(-0.,0.,-1.));
#2320 = ORIENTED_EDGE('',*,*,#2321,.T.);
#2321 = EDGE_CURVE('',#2314,#2322,#2324,.T.);
#2322 = VERTEX_POINT('',#2323);
#2323 = CARTESIAN_POINT('',(-0.1,-0.15,-3.1));
#2324 = LINE('',#2325,#2326);
#2325 = CARTESIAN_POINT('',(-0.1,-0.3,-2.5));
#2326 = VECTOR('',#2327,1.);
#2327 = DIRECTION('',(5.662891120873E-17,0.242535625036,-0.970142500145)
  );
#2328 = ORIENTED_EDGE('',*,*,#2329,.T.);
#2329 = EDGE_CURVE('',#2322,#2330,#2332,.T.);
#2330 = VERTEX_POINT('',#2331);
#2331 = CARTESIAN_POINT('',(-0.1,0.15,-3.1));
#2332 = LINE('',#2333,#2334);
#2333 = CARTESIAN_POINT('',(-0.1,-0.15,-3.1));
#2334 = VECTOR('',#2335,1.);
#2335 = DIRECTION('',(2.334869823773E-16,1.,0.));
#2336 = ORIENTED_EDGE('',*,*,#2337,.T.);
#2337 = EDGE_CURVE('',#2330,#2305,#2338,.T.);
#2338 = LINE('',#2339,#2340);
#2339 = CARTESIAN_POINT('',(-0.1,0.15,-3.1));
#2340 = VECTOR('',#2341,1.);
#2341 = DIRECTION('',(5.662891120873E-17,0.242535625036,0.970142500145)
  );
#2342 = PLANE('',#2343);
#2343 = AXIS2_PLACEMENT_3D('',#2344,#2345,#2346);
#2344 = CARTESIAN_POINT('',(-0.1,1.110223024625E-17,3.911477598424));
#2345 = DIRECTION('',(1.,-2.334869823773E-16,0.));
#2346 = DIRECTION('',(0.,0.,1.));
#2347 = ADVANCED_FACE('',(#2348),#2359,.T.);
#2348 = FACE_BOUND('',#2349,.T.);
#2349 = EDGE_LOOP('',(#2350,#2356,#2357,#2358));
#2350 = ORIENTED_EDGE('',*,*,#2351,.F.);
#2351 = EDGE_CURVE('',#794,#818,#2352,.T.);
#2352 = LINE('',#2353,#2354);
#2353 = CARTESIAN_POINT('',(0.1,-0.3,0.2));
#2354 = VECTOR('',#2355,1.);
#2355 = DIRECTION('',(-1.,2.334869823773E-16,0.));
#2356 = ORIENTED_EDGE('',*,*,#801,.T.);
#2357 = ORIENTED_EDGE('',*,*,#809,.T.);
#2358 = ORIENTED_EDGE('',*,*,#817,.T.);
#2359 = PLANE('',#2360);
#2360 = AXIS2_PLACEMENT_3D('',#2361,#2362,#2363);
#2361 = CARTESIAN_POINT('',(0.1,0.3,0.2));
#2362 = DIRECTION('',(0.,0.,-1.));
#2363 = DIRECTION('',(2.334869823773E-16,1.,0.));
#2364 = ADVANCED_FACE('',(#2365),#2406,.T.);
#2365 = FACE_BOUND('',#2366,.T.);
#2366 = EDGE_LOOP('',(#2367,#2375,#2376,#2384,#2392,#2400));
#2367 = ORIENTED_EDGE('',*,*,#2368,.T.);
#2368 = EDGE_CURVE('',#2369,#786,#2371,.T.);
#2369 = VERTEX_POINT('',#2370);
#2370 = CARTESIAN_POINT('',(0.1,0.3,-2.5));
#2371 = LINE('',#2372,#2373);
#2372 = CARTESIAN_POINT('',(0.1,0.3,-2.5));
#2373 = VECTOR('',#2374,1.);
#2374 = DIRECTION('',(0.,0.,1.));
#2375 = ORIENTED_EDGE('',*,*,#793,.F.);
#2376 = ORIENTED_EDGE('',*,*,#2377,.T.);
#2377 = EDGE_CURVE('',#794,#2378,#2380,.T.);
#2378 = VERTEX_POINT('',#2379);
#2379 = CARTESIAN_POINT('',(0.1,-0.3,-2.5));
#2380 = LINE('',#2381,#2382);
#2381 = CARTESIAN_POINT('',(0.1,-0.3,0.2));
#2382 = VECTOR('',#2383,1.);
#2383 = DIRECTION('',(-0.,0.,-1.));
#2384 = ORIENTED_EDGE('',*,*,#2385,.T.);
#2385 = EDGE_CURVE('',#2378,#2386,#2388,.T.);
#2386 = VERTEX_POINT('',#2387);
#2387 = CARTESIAN_POINT('',(0.1,-0.15,-3.1));
#2388 = LINE('',#2389,#2390);
#2389 = CARTESIAN_POINT('',(0.1,-0.3,-2.5));
#2390 = VECTOR('',#2391,1.);
#2391 = DIRECTION('',(5.662891120873E-17,0.242535625036,-0.970142500145)
  );
#2392 = ORIENTED_EDGE('',*,*,#2393,.F.);
#2393 = EDGE_CURVE('',#2394,#2386,#2396,.T.);
#2394 = VERTEX_POINT('',#2395);
#2395 = CARTESIAN_POINT('',(0.1,0.15,-3.1));
#2396 = LINE('',#2397,#2398);
#2397 = CARTESIAN_POINT('',(0.1,0.15,-3.1));
#2398 = VECTOR('',#2399,1.);
#2399 = DIRECTION('',(-2.334869823773E-16,-1.,0.));
#2400 = ORIENTED_EDGE('',*,*,#2401,.T.);
#2401 = EDGE_CURVE('',#2394,#2369,#2402,.T.);
#2402 = LINE('',#2403,#2404);
#2403 = CARTESIAN_POINT('',(0.1,0.15,-3.1));
#2404 = VECTOR('',#2405,1.);
#2405 = DIRECTION('',(5.662891120873E-17,0.242535625036,0.970142500145)
  );
#2406 = PLANE('',#2407);
#2407 = AXIS2_PLACEMENT_3D('',#2408,#2409,#2410);
#2408 = CARTESIAN_POINT('',(0.1,-1.110223024625E-17,3.911477598424));
#2409 = DIRECTION('',(1.,-2.334869823773E-16,0.));
#2410 = DIRECTION('',(0.,0.,1.));
#2411 = ADVANCED_FACE('',(#2412),#2423,.T.);
#2412 = FACE_BOUND('',#2413,.T.);
#2413 = EDGE_LOOP('',(#2414,#2415,#2416,#2422));
#2414 = ORIENTED_EDGE('',*,*,#841,.F.);
#2415 = ORIENTED_EDGE('',*,*,#851,.T.);
#2416 = ORIENTED_EDGE('',*,*,#2417,.T.);
#2417 = EDGE_CURVE('',#852,#892,#2418,.T.);
#2418 = LINE('',#2419,#2420);
#2419 = CARTESIAN_POINT('',(-2.64,-7.92,0.2));
#2420 = VECTOR('',#2421,1.);
#2421 = DIRECTION('',(1.,-1.110223024625E-16,0.));
#2422 = ORIENTED_EDGE('',*,*,#899,.T.);
#2423 = PLANE('',#2424);
#2424 = AXIS2_PLACEMENT_3D('',#2425,#2426,#2427);
#2425 = CARTESIAN_POINT('',(-2.64,-7.92,0.2));
#2426 = DIRECTION('',(0.,-0.,-1.));
#2427 = DIRECTION('',(-1.110223024625E-16,-1.,0.));
#2428 = ADVANCED_FACE('',(#2429),#2470,.F.);
#2429 = FACE_BOUND('',#2430,.F.);
#2430 = EDGE_LOOP('',(#2431,#2439,#2440,#2448,#2456,#2464));
#2431 = ORIENTED_EDGE('',*,*,#2432,.T.);
#2432 = EDGE_CURVE('',#2433,#892,#2435,.T.);
#2433 = VERTEX_POINT('',#2434);
#2434 = CARTESIAN_POINT('',(-2.44,-7.92,-2.5));
#2435 = LINE('',#2436,#2437);
#2436 = CARTESIAN_POINT('',(-2.44,-7.92,-2.5));
#2437 = VECTOR('',#2438,1.);
#2438 = DIRECTION('',(0.,0.,1.));
#2439 = ORIENTED_EDGE('',*,*,#891,.F.);
#2440 = ORIENTED_EDGE('',*,*,#2441,.T.);
#2441 = EDGE_CURVE('',#884,#2442,#2444,.T.);
#2442 = VERTEX_POINT('',#2443);
#2443 = CARTESIAN_POINT('',(-2.44,-7.32,-2.5));
#2444 = LINE('',#2445,#2446);
#2445 = CARTESIAN_POINT('',(-2.44,-7.32,0.2));
#2446 = VECTOR('',#2447,1.);
#2447 = DIRECTION('',(0.,0.,-1.));
#2448 = ORIENTED_EDGE('',*,*,#2449,.T.);
#2449 = EDGE_CURVE('',#2442,#2450,#2452,.T.);
#2450 = VERTEX_POINT('',#2451);
#2451 = CARTESIAN_POINT('',(-2.44,-7.47,-3.1));
#2452 = LINE('',#2453,#2454);
#2453 = CARTESIAN_POINT('',(-2.44,-7.32,-2.5));
#2454 = VECTOR('',#2455,1.);
#2455 = DIRECTION('',(-2.692686352073E-17,-0.242535625036,
    -0.970142500145));
#2456 = ORIENTED_EDGE('',*,*,#2457,.T.);
#2457 = EDGE_CURVE('',#2450,#2458,#2460,.T.);
#2458 = VERTEX_POINT('',#2459);
#2459 = CARTESIAN_POINT('',(-2.44,-7.77,-3.1));
#2460 = LINE('',#2461,#2462);
#2461 = CARTESIAN_POINT('',(-2.44,-7.47,-3.1));
#2462 = VECTOR('',#2463,1.);
#2463 = DIRECTION('',(-1.110223024625E-16,-1.,0.));
#2464 = ORIENTED_EDGE('',*,*,#2465,.T.);
#2465 = EDGE_CURVE('',#2458,#2433,#2466,.T.);
#2466 = LINE('',#2467,#2468);
#2467 = CARTESIAN_POINT('',(-2.44,-7.77,-3.1));
#2468 = VECTOR('',#2469,1.);
#2469 = DIRECTION('',(-2.692686352073E-17,-0.242535625036,0.970142500145
    ));
#2470 = PLANE('',#2471);
#2471 = AXIS2_PLACEMENT_3D('',#2472,#2473,#2474);
#2472 = CARTESIAN_POINT('',(-2.44,-7.62,3.911477598424));
#2473 = DIRECTION('',(-1.,1.110223024625E-16,0.));
#2474 = DIRECTION('',(0.,0.,1.));
#2475 = ADVANCED_FACE('',(#2476),#2487,.T.);
#2476 = FACE_BOUND('',#2477,.T.);
#2477 = EDGE_LOOP('',(#2478,#2484,#2485,#2486));
#2478 = ORIENTED_EDGE('',*,*,#2479,.F.);
#2479 = EDGE_CURVE('',#860,#884,#2480,.T.);
#2480 = LINE('',#2481,#2482);
#2481 = CARTESIAN_POINT('',(-2.64,-7.32,0.2));
#2482 = VECTOR('',#2483,1.);
#2483 = DIRECTION('',(1.,-1.110223024625E-16,0.));
#2484 = ORIENTED_EDGE('',*,*,#867,.T.);
#2485 = ORIENTED_EDGE('',*,*,#875,.T.);
#2486 = ORIENTED_EDGE('',*,*,#883,.T.);
#2487 = PLANE('',#2488);
#2488 = AXIS2_PLACEMENT_3D('',#2489,#2490,#2491);
#2489 = CARTESIAN_POINT('',(-2.64,-7.92,0.2));
#2490 = DIRECTION('',(0.,-0.,-1.));
#2491 = DIRECTION('',(-1.110223024625E-16,-1.,0.));
#2492 = ADVANCED_FACE('',(#2493),#2534,.T.);
#2493 = FACE_BOUND('',#2494,.T.);
#2494 = EDGE_LOOP('',(#2495,#2503,#2504,#2512,#2520,#2528));
#2495 = ORIENTED_EDGE('',*,*,#2496,.T.);
#2496 = EDGE_CURVE('',#2497,#852,#2499,.T.);
#2497 = VERTEX_POINT('',#2498);
#2498 = CARTESIAN_POINT('',(-2.64,-7.92,-2.5));
#2499 = LINE('',#2500,#2501);
#2500 = CARTESIAN_POINT('',(-2.64,-7.92,-2.5));
#2501 = VECTOR('',#2502,1.);
#2502 = DIRECTION('',(0.,0.,1.));
#2503 = ORIENTED_EDGE('',*,*,#859,.F.);
#2504 = ORIENTED_EDGE('',*,*,#2505,.T.);
#2505 = EDGE_CURVE('',#860,#2506,#2508,.T.);
#2506 = VERTEX_POINT('',#2507);
#2507 = CARTESIAN_POINT('',(-2.64,-7.32,-2.5));
#2508 = LINE('',#2509,#2510);
#2509 = CARTESIAN_POINT('',(-2.64,-7.32,0.2));
#2510 = VECTOR('',#2511,1.);
#2511 = DIRECTION('',(0.,0.,-1.));
#2512 = ORIENTED_EDGE('',*,*,#2513,.T.);
#2513 = EDGE_CURVE('',#2506,#2514,#2516,.T.);
#2514 = VERTEX_POINT('',#2515);
#2515 = CARTESIAN_POINT('',(-2.64,-7.47,-3.1));
#2516 = LINE('',#2517,#2518);
#2517 = CARTESIAN_POINT('',(-2.64,-7.32,-2.5));
#2518 = VECTOR('',#2519,1.);
#2519 = DIRECTION('',(-2.692686352073E-17,-0.242535625036,
    -0.970142500145));
#2520 = ORIENTED_EDGE('',*,*,#2521,.F.);
#2521 = EDGE_CURVE('',#2522,#2514,#2524,.T.);
#2522 = VERTEX_POINT('',#2523);
#2523 = CARTESIAN_POINT('',(-2.64,-7.77,-3.1));
#2524 = LINE('',#2525,#2526);
#2525 = CARTESIAN_POINT('',(-2.64,-7.77,-3.1));
#2526 = VECTOR('',#2527,1.);
#2527 = DIRECTION('',(1.110223024625E-16,1.,0.));
#2528 = ORIENTED_EDGE('',*,*,#2529,.T.);
#2529 = EDGE_CURVE('',#2522,#2497,#2530,.T.);
#2530 = LINE('',#2531,#2532);
#2531 = CARTESIAN_POINT('',(-2.64,-7.77,-3.1));
#2532 = VECTOR('',#2533,1.);
#2533 = DIRECTION('',(-2.692686352073E-17,-0.242535625036,0.970142500145
    ));
#2534 = PLANE('',#2535);
#2535 = AXIS2_PLACEMENT_3D('',#2536,#2537,#2538);
#2536 = CARTESIAN_POINT('',(-2.64,-7.62,3.911477598424));
#2537 = DIRECTION('',(-1.,1.110223024625E-16,0.));
#2538 = DIRECTION('',(0.,0.,1.));
#2539 = ADVANCED_FACE('',(#2540),#2551,.T.);
#2540 = FACE_BOUND('',#2541,.T.);
#2541 = EDGE_LOOP('',(#2542,#2543,#2544,#2550));
#2542 = ORIENTED_EDGE('',*,*,#907,.F.);
#2543 = ORIENTED_EDGE('',*,*,#917,.T.);
#2544 = ORIENTED_EDGE('',*,*,#2545,.T.);
#2545 = EDGE_CURVE('',#918,#958,#2546,.T.);
#2546 = LINE('',#2547,#2548);
#2547 = CARTESIAN_POINT('',(-2.64,-5.38,0.2));
#2548 = VECTOR('',#2549,1.);
#2549 = DIRECTION('',(1.,-1.110223024625E-16,0.));
#2550 = ORIENTED_EDGE('',*,*,#965,.T.);
#2551 = PLANE('',#2552);
#2552 = AXIS2_PLACEMENT_3D('',#2553,#2554,#2555);
#2553 = CARTESIAN_POINT('',(-2.64,-5.38,0.2));
#2554 = DIRECTION('',(0.,-0.,-1.));
#2555 = DIRECTION('',(-1.110223024625E-16,-1.,0.));
#2556 = ADVANCED_FACE('',(#2557),#2598,.F.);
#2557 = FACE_BOUND('',#2558,.F.);
#2558 = EDGE_LOOP('',(#2559,#2567,#2568,#2576,#2584,#2592));
#2559 = ORIENTED_EDGE('',*,*,#2560,.T.);
#2560 = EDGE_CURVE('',#2561,#958,#2563,.T.);
#2561 = VERTEX_POINT('',#2562);
#2562 = CARTESIAN_POINT('',(-2.44,-5.38,-2.5));
#2563 = LINE('',#2564,#2565);
#2564 = CARTESIAN_POINT('',(-2.44,-5.38,-2.5));
#2565 = VECTOR('',#2566,1.);
#2566 = DIRECTION('',(0.,0.,1.));
#2567 = ORIENTED_EDGE('',*,*,#957,.F.);
#2568 = ORIENTED_EDGE('',*,*,#2569,.T.);
#2569 = EDGE_CURVE('',#950,#2570,#2572,.T.);
#2570 = VERTEX_POINT('',#2571);
#2571 = CARTESIAN_POINT('',(-2.44,-4.78,-2.5));
#2572 = LINE('',#2573,#2574);
#2573 = CARTESIAN_POINT('',(-2.44,-4.78,0.2));
#2574 = VECTOR('',#2575,1.);
#2575 = DIRECTION('',(0.,0.,-1.));
#2576 = ORIENTED_EDGE('',*,*,#2577,.T.);
#2577 = EDGE_CURVE('',#2570,#2578,#2580,.T.);
#2578 = VERTEX_POINT('',#2579);
#2579 = CARTESIAN_POINT('',(-2.44,-4.93,-3.1));
#2580 = LINE('',#2581,#2582);
#2581 = CARTESIAN_POINT('',(-2.44,-4.78,-2.5));
#2582 = VECTOR('',#2583,1.);
#2583 = DIRECTION('',(-2.692686352073E-17,-0.242535625036,
    -0.970142500145));
#2584 = ORIENTED_EDGE('',*,*,#2585,.T.);
#2585 = EDGE_CURVE('',#2578,#2586,#2588,.T.);
#2586 = VERTEX_POINT('',#2587);
#2587 = CARTESIAN_POINT('',(-2.44,-5.23,-3.1));
#2588 = LINE('',#2589,#2590);
#2589 = CARTESIAN_POINT('',(-2.44,-4.93,-3.1));
#2590 = VECTOR('',#2591,1.);
#2591 = DIRECTION('',(-1.110223024625E-16,-1.,0.));
#2592 = ORIENTED_EDGE('',*,*,#2593,.T.);
#2593 = EDGE_CURVE('',#2586,#2561,#2594,.T.);
#2594 = LINE('',#2595,#2596);
#2595 = CARTESIAN_POINT('',(-2.44,-5.23,-3.1));
#2596 = VECTOR('',#2597,1.);
#2597 = DIRECTION('',(-2.692686352073E-17,-0.242535625036,0.970142500145
    ));
#2598 = PLANE('',#2599);
#2599 = AXIS2_PLACEMENT_3D('',#2600,#2601,#2602);
#2600 = CARTESIAN_POINT('',(-2.44,-5.08,3.911477598424));
#2601 = DIRECTION('',(-1.,1.110223024625E-16,0.));
#2602 = DIRECTION('',(0.,0.,1.));
#2603 = ADVANCED_FACE('',(#2604),#2615,.T.);
#2604 = FACE_BOUND('',#2605,.T.);
#2605 = EDGE_LOOP('',(#2606,#2612,#2613,#2614));
#2606 = ORIENTED_EDGE('',*,*,#2607,.F.);
#2607 = EDGE_CURVE('',#926,#950,#2608,.T.);
#2608 = LINE('',#2609,#2610);
#2609 = CARTESIAN_POINT('',(-2.64,-4.78,0.2));
#2610 = VECTOR('',#2611,1.);
#2611 = DIRECTION('',(1.,-1.110223024625E-16,0.));
#2612 = ORIENTED_EDGE('',*,*,#933,.T.);
#2613 = ORIENTED_EDGE('',*,*,#941,.T.);
#2614 = ORIENTED_EDGE('',*,*,#949,.T.);
#2615 = PLANE('',#2616);
#2616 = AXIS2_PLACEMENT_3D('',#2617,#2618,#2619);
#2617 = CARTESIAN_POINT('',(-2.64,-5.38,0.2));
#2618 = DIRECTION('',(0.,-0.,-1.));
#2619 = DIRECTION('',(-1.110223024625E-16,-1.,0.));
#2620 = ADVANCED_FACE('',(#2621),#2662,.T.);
#2621 = FACE_BOUND('',#2622,.T.);
#2622 = EDGE_LOOP('',(#2623,#2631,#2632,#2640,#2648,#2656));
#2623 = ORIENTED_EDGE('',*,*,#2624,.T.);
#2624 = EDGE_CURVE('',#2625,#918,#2627,.T.);
#2625 = VERTEX_POINT('',#2626);
#2626 = CARTESIAN_POINT('',(-2.64,-5.38,-2.5));
#2627 = LINE('',#2628,#2629);
#2628 = CARTESIAN_POINT('',(-2.64,-5.38,-2.5));
#2629 = VECTOR('',#2630,1.);
#2630 = DIRECTION('',(0.,0.,1.));
#2631 = ORIENTED_EDGE('',*,*,#925,.F.);
#2632 = ORIENTED_EDGE('',*,*,#2633,.T.);
#2633 = EDGE_CURVE('',#926,#2634,#2636,.T.);
#2634 = VERTEX_POINT('',#2635);
#2635 = CARTESIAN_POINT('',(-2.64,-4.78,-2.5));
#2636 = LINE('',#2637,#2638);
#2637 = CARTESIAN_POINT('',(-2.64,-4.78,0.2));
#2638 = VECTOR('',#2639,1.);
#2639 = DIRECTION('',(0.,0.,-1.));
#2640 = ORIENTED_EDGE('',*,*,#2641,.T.);
#2641 = EDGE_CURVE('',#2634,#2642,#2644,.T.);
#2642 = VERTEX_POINT('',#2643);
#2643 = CARTESIAN_POINT('',(-2.64,-4.93,-3.1));
#2644 = LINE('',#2645,#2646);
#2645 = CARTESIAN_POINT('',(-2.64,-4.78,-2.5));
#2646 = VECTOR('',#2647,1.);
#2647 = DIRECTION('',(-2.692686352073E-17,-0.242535625036,
    -0.970142500145));
#2648 = ORIENTED_EDGE('',*,*,#2649,.F.);
#2649 = EDGE_CURVE('',#2650,#2642,#2652,.T.);
#2650 = VERTEX_POINT('',#2651);
#2651 = CARTESIAN_POINT('',(-2.64,-5.23,-3.1));
#2652 = LINE('',#2653,#2654);
#2653 = CARTESIAN_POINT('',(-2.64,-5.23,-3.1));
#2654 = VECTOR('',#2655,1.);
#2655 = DIRECTION('',(1.110223024625E-16,1.,0.));
#2656 = ORIENTED_EDGE('',*,*,#2657,.T.);
#2657 = EDGE_CURVE('',#2650,#2625,#2658,.T.);
#2658 = LINE('',#2659,#2660);
#2659 = CARTESIAN_POINT('',(-2.64,-5.23,-3.1));
#2660 = VECTOR('',#2661,1.);
#2661 = DIRECTION('',(-2.692686352073E-17,-0.242535625036,0.970142500145
    ));
#2662 = PLANE('',#2663);
#2663 = AXIS2_PLACEMENT_3D('',#2664,#2665,#2666);
#2664 = CARTESIAN_POINT('',(-2.64,-5.08,3.911477598424));
#2665 = DIRECTION('',(-1.,1.110223024625E-16,0.));
#2666 = DIRECTION('',(0.,0.,1.));
#2667 = ADVANCED_FACE('',(#2668),#2679,.T.);
#2668 = FACE_BOUND('',#2669,.T.);
#2669 = EDGE_LOOP('',(#2670,#2671,#2672,#2678));
#2670 = ORIENTED_EDGE('',*,*,#973,.F.);
#2671 = ORIENTED_EDGE('',*,*,#983,.T.);
#2672 = ORIENTED_EDGE('',*,*,#2673,.T.);
#2673 = EDGE_CURVE('',#984,#1024,#2674,.T.);
#2674 = LINE('',#2675,#2676);
#2675 = CARTESIAN_POINT('',(-2.64,-2.84,0.2));
#2676 = VECTOR('',#2677,1.);
#2677 = DIRECTION('',(1.,-1.110223024625E-16,0.));
#2678 = ORIENTED_EDGE('',*,*,#1031,.T.);
#2679 = PLANE('',#2680);
#2680 = AXIS2_PLACEMENT_3D('',#2681,#2682,#2683);
#2681 = CARTESIAN_POINT('',(-2.64,-2.84,0.2));
#2682 = DIRECTION('',(0.,-0.,-1.));
#2683 = DIRECTION('',(-1.110223024625E-16,-1.,0.));
#2684 = ADVANCED_FACE('',(#2685),#2726,.F.);
#2685 = FACE_BOUND('',#2686,.F.);
#2686 = EDGE_LOOP('',(#2687,#2695,#2696,#2704,#2712,#2720));
#2687 = ORIENTED_EDGE('',*,*,#2688,.T.);
#2688 = EDGE_CURVE('',#2689,#1024,#2691,.T.);
#2689 = VERTEX_POINT('',#2690);
#2690 = CARTESIAN_POINT('',(-2.44,-2.84,-2.5));
#2691 = LINE('',#2692,#2693);
#2692 = CARTESIAN_POINT('',(-2.44,-2.84,-2.5));
#2693 = VECTOR('',#2694,1.);
#2694 = DIRECTION('',(0.,0.,1.));
#2695 = ORIENTED_EDGE('',*,*,#1023,.F.);
#2696 = ORIENTED_EDGE('',*,*,#2697,.T.);
#2697 = EDGE_CURVE('',#1016,#2698,#2700,.T.);
#2698 = VERTEX_POINT('',#2699);
#2699 = CARTESIAN_POINT('',(-2.44,-2.24,-2.5));
#2700 = LINE('',#2701,#2702);
#2701 = CARTESIAN_POINT('',(-2.44,-2.24,0.2));
#2702 = VECTOR('',#2703,1.);
#2703 = DIRECTION('',(0.,0.,-1.));
#2704 = ORIENTED_EDGE('',*,*,#2705,.T.);
#2705 = EDGE_CURVE('',#2698,#2706,#2708,.T.);
#2706 = VERTEX_POINT('',#2707);
#2707 = CARTESIAN_POINT('',(-2.44,-2.39,-3.1));
#2708 = LINE('',#2709,#2710);
#2709 = CARTESIAN_POINT('',(-2.44,-2.24,-2.5));
#2710 = VECTOR('',#2711,1.);
#2711 = DIRECTION('',(-2.692686352073E-17,-0.242535625036,
    -0.970142500145));
#2712 = ORIENTED_EDGE('',*,*,#2713,.T.);
#2713 = EDGE_CURVE('',#2706,#2714,#2716,.T.);
#2714 = VERTEX_POINT('',#2715);
#2715 = CARTESIAN_POINT('',(-2.44,-2.69,-3.1));
#2716 = LINE('',#2717,#2718);
#2717 = CARTESIAN_POINT('',(-2.44,-2.39,-3.1));
#2718 = VECTOR('',#2719,1.);
#2719 = DIRECTION('',(-1.110223024625E-16,-1.,0.));
#2720 = ORIENTED_EDGE('',*,*,#2721,.T.);
#2721 = EDGE_CURVE('',#2714,#2689,#2722,.T.);
#2722 = LINE('',#2723,#2724);
#2723 = CARTESIAN_POINT('',(-2.44,-2.69,-3.1));
#2724 = VECTOR('',#2725,1.);
#2725 = DIRECTION('',(-2.692686352073E-17,-0.242535625036,0.970142500145
    ));
#2726 = PLANE('',#2727);
#2727 = AXIS2_PLACEMENT_3D('',#2728,#2729,#2730);
#2728 = CARTESIAN_POINT('',(-2.44,-2.54,3.911477598424));
#2729 = DIRECTION('',(-1.,1.110223024625E-16,0.));
#2730 = DIRECTION('',(0.,0.,1.));
#2731 = ADVANCED_FACE('',(#2732),#2743,.T.);
#2732 = FACE_BOUND('',#2733,.T.);
#2733 = EDGE_LOOP('',(#2734,#2740,#2741,#2742));
#2734 = ORIENTED_EDGE('',*,*,#2735,.F.);
#2735 = EDGE_CURVE('',#992,#1016,#2736,.T.);
#2736 = LINE('',#2737,#2738);
#2737 = CARTESIAN_POINT('',(-2.64,-2.24,0.2));
#2738 = VECTOR('',#2739,1.);
#2739 = DIRECTION('',(1.,-1.110223024625E-16,0.));
#2740 = ORIENTED_EDGE('',*,*,#999,.T.);
#2741 = ORIENTED_EDGE('',*,*,#1007,.T.);
#2742 = ORIENTED_EDGE('',*,*,#1015,.T.);
#2743 = PLANE('',#2744);
#2744 = AXIS2_PLACEMENT_3D('',#2745,#2746,#2747);
#2745 = CARTESIAN_POINT('',(-2.64,-2.84,0.2));
#2746 = DIRECTION('',(0.,-0.,-1.));
#2747 = DIRECTION('',(-1.110223024625E-16,-1.,0.));
#2748 = ADVANCED_FACE('',(#2749),#2790,.T.);
#2749 = FACE_BOUND('',#2750,.T.);
#2750 = EDGE_LOOP('',(#2751,#2759,#2760,#2768,#2776,#2784));
#2751 = ORIENTED_EDGE('',*,*,#2752,.T.);
#2752 = EDGE_CURVE('',#2753,#984,#2755,.T.);
#2753 = VERTEX_POINT('',#2754);
#2754 = CARTESIAN_POINT('',(-2.64,-2.84,-2.5));
#2755 = LINE('',#2756,#2757);
#2756 = CARTESIAN_POINT('',(-2.64,-2.84,-2.5));
#2757 = VECTOR('',#2758,1.);
#2758 = DIRECTION('',(0.,0.,1.));
#2759 = ORIENTED_EDGE('',*,*,#991,.F.);
#2760 = ORIENTED_EDGE('',*,*,#2761,.T.);
#2761 = EDGE_CURVE('',#992,#2762,#2764,.T.);
#2762 = VERTEX_POINT('',#2763);
#2763 = CARTESIAN_POINT('',(-2.64,-2.24,-2.5));
#2764 = LINE('',#2765,#2766);
#2765 = CARTESIAN_POINT('',(-2.64,-2.24,0.2));
#2766 = VECTOR('',#2767,1.);
#2767 = DIRECTION('',(0.,0.,-1.));
#2768 = ORIENTED_EDGE('',*,*,#2769,.T.);
#2769 = EDGE_CURVE('',#2762,#2770,#2772,.T.);
#2770 = VERTEX_POINT('',#2771);
#2771 = CARTESIAN_POINT('',(-2.64,-2.39,-3.1));
#2772 = LINE('',#2773,#2774);
#2773 = CARTESIAN_POINT('',(-2.64,-2.24,-2.5));
#2774 = VECTOR('',#2775,1.);
#2775 = DIRECTION('',(-2.692686352073E-17,-0.242535625036,
    -0.970142500145));
#2776 = ORIENTED_EDGE('',*,*,#2777,.F.);
#2777 = EDGE_CURVE('',#2778,#2770,#2780,.T.);
#2778 = VERTEX_POINT('',#2779);
#2779 = CARTESIAN_POINT('',(-2.64,-2.69,-3.1));
#2780 = LINE('',#2781,#2782);
#2781 = CARTESIAN_POINT('',(-2.64,-2.69,-3.1));
#2782 = VECTOR('',#2783,1.);
#2783 = DIRECTION('',(1.110223024625E-16,1.,0.));
#2784 = ORIENTED_EDGE('',*,*,#2785,.T.);
#2785 = EDGE_CURVE('',#2778,#2753,#2786,.T.);
#2786 = LINE('',#2787,#2788);
#2787 = CARTESIAN_POINT('',(-2.64,-2.69,-3.1));
#2788 = VECTOR('',#2789,1.);
#2789 = DIRECTION('',(-2.692686352073E-17,-0.242535625036,0.970142500145
    ));
#2790 = PLANE('',#2791);
#2791 = AXIS2_PLACEMENT_3D('',#2792,#2793,#2794);
#2792 = CARTESIAN_POINT('',(-2.64,-2.54,3.911477598424));
#2793 = DIRECTION('',(-1.,1.110223024625E-16,0.));
#2794 = DIRECTION('',(0.,0.,1.));
#2795 = ADVANCED_FACE('',(#2796),#2807,.T.);
#2796 = FACE_BOUND('',#2797,.T.);
#2797 = EDGE_LOOP('',(#2798,#2799,#2800,#2806));
#2798 = ORIENTED_EDGE('',*,*,#1039,.F.);
#2799 = ORIENTED_EDGE('',*,*,#1049,.T.);
#2800 = ORIENTED_EDGE('',*,*,#2801,.T.);
#2801 = EDGE_CURVE('',#1050,#1090,#2802,.T.);
#2802 = LINE('',#2803,#2804);
#2803 = CARTESIAN_POINT('',(-2.64,-0.3,0.2));
#2804 = VECTOR('',#2805,1.);
#2805 = DIRECTION('',(1.,-1.110223024625E-16,0.));
#2806 = ORIENTED_EDGE('',*,*,#1097,.T.);
#2807 = PLANE('',#2808);
#2808 = AXIS2_PLACEMENT_3D('',#2809,#2810,#2811);
#2809 = CARTESIAN_POINT('',(-2.64,-0.3,0.2));
#2810 = DIRECTION('',(0.,-0.,-1.));
#2811 = DIRECTION('',(-1.110223024625E-16,-1.,0.));
#2812 = ADVANCED_FACE('',(#2813),#2854,.F.);
#2813 = FACE_BOUND('',#2814,.F.);
#2814 = EDGE_LOOP('',(#2815,#2823,#2824,#2832,#2840,#2848));
#2815 = ORIENTED_EDGE('',*,*,#2816,.T.);
#2816 = EDGE_CURVE('',#2817,#1090,#2819,.T.);
#2817 = VERTEX_POINT('',#2818);
#2818 = CARTESIAN_POINT('',(-2.44,-0.3,-2.5));
#2819 = LINE('',#2820,#2821);
#2820 = CARTESIAN_POINT('',(-2.44,-0.3,-2.5));
#2821 = VECTOR('',#2822,1.);
#2822 = DIRECTION('',(0.,0.,1.));
#2823 = ORIENTED_EDGE('',*,*,#1089,.F.);
#2824 = ORIENTED_EDGE('',*,*,#2825,.T.);
#2825 = EDGE_CURVE('',#1082,#2826,#2828,.T.);
#2826 = VERTEX_POINT('',#2827);
#2827 = CARTESIAN_POINT('',(-2.44,0.3,-2.5));
#2828 = LINE('',#2829,#2830);
#2829 = CARTESIAN_POINT('',(-2.44,0.3,0.2));
#2830 = VECTOR('',#2831,1.);
#2831 = DIRECTION('',(0.,0.,-1.));
#2832 = ORIENTED_EDGE('',*,*,#2833,.T.);
#2833 = EDGE_CURVE('',#2826,#2834,#2836,.T.);
#2834 = VERTEX_POINT('',#2835);
#2835 = CARTESIAN_POINT('',(-2.44,0.15,-3.1));
#2836 = LINE('',#2837,#2838);
#2837 = CARTESIAN_POINT('',(-2.44,0.3,-2.5));
#2838 = VECTOR('',#2839,1.);
#2839 = DIRECTION('',(-2.692686352073E-17,-0.242535625036,
    -0.970142500145));
#2840 = ORIENTED_EDGE('',*,*,#2841,.T.);
#2841 = EDGE_CURVE('',#2834,#2842,#2844,.T.);
#2842 = VERTEX_POINT('',#2843);
#2843 = CARTESIAN_POINT('',(-2.44,-0.15,-3.1));
#2844 = LINE('',#2845,#2846);
#2845 = CARTESIAN_POINT('',(-2.44,0.15,-3.1));
#2846 = VECTOR('',#2847,1.);
#2847 = DIRECTION('',(-1.110223024625E-16,-1.,0.));
#2848 = ORIENTED_EDGE('',*,*,#2849,.T.);
#2849 = EDGE_CURVE('',#2842,#2817,#2850,.T.);
#2850 = LINE('',#2851,#2852);
#2851 = CARTESIAN_POINT('',(-2.44,-0.15,-3.1));
#2852 = VECTOR('',#2853,1.);
#2853 = DIRECTION('',(-2.692686352073E-17,-0.242535625036,0.970142500145
    ));
#2854 = PLANE('',#2855);
#2855 = AXIS2_PLACEMENT_3D('',#2856,#2857,#2858);
#2856 = CARTESIAN_POINT('',(-2.44,2.708944180085E-16,3.911477598424));
#2857 = DIRECTION('',(-1.,1.110223024625E-16,0.));
#2858 = DIRECTION('',(0.,0.,1.));
#2859 = ADVANCED_FACE('',(#2860),#2871,.T.);
#2860 = FACE_BOUND('',#2861,.T.);
#2861 = EDGE_LOOP('',(#2862,#2868,#2869,#2870));
#2862 = ORIENTED_EDGE('',*,*,#2863,.F.);
#2863 = EDGE_CURVE('',#1058,#1082,#2864,.T.);
#2864 = LINE('',#2865,#2866);
#2865 = CARTESIAN_POINT('',(-2.64,0.3,0.2));
#2866 = VECTOR('',#2867,1.);
#2867 = DIRECTION('',(1.,-1.110223024625E-16,0.));
#2868 = ORIENTED_EDGE('',*,*,#1065,.T.);
#2869 = ORIENTED_EDGE('',*,*,#1073,.T.);
#2870 = ORIENTED_EDGE('',*,*,#1081,.T.);
#2871 = PLANE('',#2872);
#2872 = AXIS2_PLACEMENT_3D('',#2873,#2874,#2875);
#2873 = CARTESIAN_POINT('',(-2.64,-0.3,0.2));
#2874 = DIRECTION('',(0.,-0.,-1.));
#2875 = DIRECTION('',(-1.110223024625E-16,-1.,0.));
#2876 = ADVANCED_FACE('',(#2877),#2918,.T.);
#2877 = FACE_BOUND('',#2878,.T.);
#2878 = EDGE_LOOP('',(#2879,#2887,#2888,#2896,#2904,#2912));
#2879 = ORIENTED_EDGE('',*,*,#2880,.T.);
#2880 = EDGE_CURVE('',#2881,#1050,#2883,.T.);
#2881 = VERTEX_POINT('',#2882);
#2882 = CARTESIAN_POINT('',(-2.64,-0.3,-2.5));
#2883 = LINE('',#2884,#2885);
#2884 = CARTESIAN_POINT('',(-2.64,-0.3,-2.5));
#2885 = VECTOR('',#2886,1.);
#2886 = DIRECTION('',(0.,0.,1.));
#2887 = ORIENTED_EDGE('',*,*,#1057,.F.);
#2888 = ORIENTED_EDGE('',*,*,#2889,.T.);
#2889 = EDGE_CURVE('',#1058,#2890,#2892,.T.);
#2890 = VERTEX_POINT('',#2891);
#2891 = CARTESIAN_POINT('',(-2.64,0.3,-2.5));
#2892 = LINE('',#2893,#2894);
#2893 = CARTESIAN_POINT('',(-2.64,0.3,0.2));
#2894 = VECTOR('',#2895,1.);
#2895 = DIRECTION('',(0.,0.,-1.));
#2896 = ORIENTED_EDGE('',*,*,#2897,.T.);
#2897 = EDGE_CURVE('',#2890,#2898,#2900,.T.);
#2898 = VERTEX_POINT('',#2899);
#2899 = CARTESIAN_POINT('',(-2.64,0.15,-3.1));
#2900 = LINE('',#2901,#2902);
#2901 = CARTESIAN_POINT('',(-2.64,0.3,-2.5));
#2902 = VECTOR('',#2903,1.);
#2903 = DIRECTION('',(-2.692686352073E-17,-0.242535625036,
    -0.970142500145));
#2904 = ORIENTED_EDGE('',*,*,#2905,.F.);
#2905 = EDGE_CURVE('',#2906,#2898,#2908,.T.);
#2906 = VERTEX_POINT('',#2907);
#2907 = CARTESIAN_POINT('',(-2.64,-0.15,-3.1));
#2908 = LINE('',#2909,#2910);
#2909 = CARTESIAN_POINT('',(-2.64,-0.15,-3.1));
#2910 = VECTOR('',#2911,1.);
#2911 = DIRECTION('',(1.110223024625E-16,1.,0.));
#2912 = ORIENTED_EDGE('',*,*,#2913,.T.);
#2913 = EDGE_CURVE('',#2906,#2881,#2914,.T.);
#2914 = LINE('',#2915,#2916);
#2915 = CARTESIAN_POINT('',(-2.64,-0.15,-3.1));
#2916 = VECTOR('',#2917,1.);
#2917 = DIRECTION('',(-2.692686352073E-17,-0.242535625036,0.970142500145
    ));
#2918 = PLANE('',#2919);
#2919 = AXIS2_PLACEMENT_3D('',#2920,#2921,#2922);
#2920 = CARTESIAN_POINT('',(-2.64,2.93098878501E-16,3.911477598424));
#2921 = DIRECTION('',(-1.,1.110223024625E-16,0.));
#2922 = DIRECTION('',(0.,0.,1.));
#2923 = ADVANCED_FACE('',(#2924),#2949,.F.);
#2924 = FACE_BOUND('',#2925,.F.);
#2925 = EDGE_LOOP('',(#2926,#2934,#2942,#2948));
#2926 = ORIENTED_EDGE('',*,*,#2927,.T.);
#2927 = EDGE_CURVE('',#1136,#2928,#2930,.T.);
#2928 = VERTEX_POINT('',#2929);
#2929 = CARTESIAN_POINT('',(-0.3,-7.32,0.9));
#2930 = LINE('',#2931,#2932);
#2931 = CARTESIAN_POINT('',(-0.3,-7.32,8.2));
#2932 = VECTOR('',#2933,1.);
#2933 = DIRECTION('',(0.,0.,-1.));
#2934 = ORIENTED_EDGE('',*,*,#2935,.T.);
#2935 = EDGE_CURVE('',#2928,#2936,#2938,.T.);
#2936 = VERTEX_POINT('',#2937);
#2937 = CARTESIAN_POINT('',(-0.3,-7.92,0.9));
#2938 = LINE('',#2939,#2940);
#2939 = CARTESIAN_POINT('',(-0.3,-7.32,0.9));
#2940 = VECTOR('',#2941,1.);
#2941 = DIRECTION('',(-2.334869823773E-16,-1.,0.));
#2942 = ORIENTED_EDGE('',*,*,#2943,.F.);
#2943 = EDGE_CURVE('',#1145,#2936,#2944,.T.);
#2944 = LINE('',#2945,#2946);
#2945 = CARTESIAN_POINT('',(-0.3,-7.92,8.2));
#2946 = VECTOR('',#2947,1.);
#2947 = DIRECTION('',(0.,0.,-1.));
#2948 = ORIENTED_EDGE('',*,*,#1152,.F.);
#2949 = PLANE('',#2950);
#2950 = AXIS2_PLACEMENT_3D('',#2951,#2952,#2953);
#2951 = CARTESIAN_POINT('',(-0.3,-7.32,8.2));
#2952 = DIRECTION('',(-1.,2.334869823773E-16,0.));
#2953 = DIRECTION('',(-2.334869823773E-16,-1.,0.));
#2954 = ADVANCED_FACE('',(#2955),#3005,.F.);
#2955 = FACE_BOUND('',#2956,.F.);
#2956 = EDGE_LOOP('',(#2957,#2958,#2959,#2967,#2975,#2983,#2991,#2999));
#2957 = ORIENTED_EDGE('',*,*,#1176,.F.);
#2958 = ORIENTED_EDGE('',*,*,#2943,.T.);
#2959 = ORIENTED_EDGE('',*,*,#2960,.T.);
#2960 = EDGE_CURVE('',#2936,#2961,#2963,.T.);
#2961 = VERTEX_POINT('',#2962);
#2962 = CARTESIAN_POINT('',(-0.1,-7.92,0.9));
#2963 = LINE('',#2964,#2965);
#2964 = CARTESIAN_POINT('',(-0.3,-7.92,0.9));
#2965 = VECTOR('',#2966,1.);
#2966 = DIRECTION('',(1.,-2.334869823773E-16,0.));
#2967 = ORIENTED_EDGE('',*,*,#2968,.T.);
#2968 = EDGE_CURVE('',#2961,#2969,#2971,.T.);
#2969 = VERTEX_POINT('',#2970);
#2970 = CARTESIAN_POINT('',(-0.1,-7.92,7.4));
#2971 = LINE('',#2972,#2973);
#2972 = CARTESIAN_POINT('',(-0.1,-7.92,6.055738799212));
#2973 = VECTOR('',#2974,1.);
#2974 = DIRECTION('',(0.,0.,1.));
#2975 = ORIENTED_EDGE('',*,*,#2976,.F.);
#2976 = EDGE_CURVE('',#2977,#2969,#2979,.T.);
#2977 = VERTEX_POINT('',#2978);
#2978 = CARTESIAN_POINT('',(0.1,-7.92,7.4));
#2979 = LINE('',#2980,#2981);
#2980 = CARTESIAN_POINT('',(0.1,-7.92,7.4));
#2981 = VECTOR('',#2982,1.);
#2982 = DIRECTION('',(-1.,2.334869823773E-16,0.));
#2983 = ORIENTED_EDGE('',*,*,#2984,.F.);
#2984 = EDGE_CURVE('',#2985,#2977,#2987,.T.);
#2985 = VERTEX_POINT('',#2986);
#2986 = CARTESIAN_POINT('',(0.1,-7.92,0.9));
#2987 = LINE('',#2988,#2989);
#2988 = CARTESIAN_POINT('',(0.1,-7.92,6.055738799212));
#2989 = VECTOR('',#2990,1.);
#2990 = DIRECTION('',(0.,0.,1.));
#2991 = ORIENTED_EDGE('',*,*,#2992,.T.);
#2992 = EDGE_CURVE('',#2985,#2993,#2995,.T.);
#2993 = VERTEX_POINT('',#2994);
#2994 = CARTESIAN_POINT('',(0.3,-7.92,0.9));
#2995 = LINE('',#2996,#2997);
#2996 = CARTESIAN_POINT('',(-0.3,-7.92,0.9));
#2997 = VECTOR('',#2998,1.);
#2998 = DIRECTION('',(1.,-2.334869823773E-16,0.));
#2999 = ORIENTED_EDGE('',*,*,#3000,.F.);
#3000 = EDGE_CURVE('',#1169,#2993,#3001,.T.);
#3001 = LINE('',#3002,#3003);
#3002 = CARTESIAN_POINT('',(0.3,-7.92,8.2));
#3003 = VECTOR('',#3004,1.);
#3004 = DIRECTION('',(0.,0.,-1.));
#3005 = PLANE('',#3006);
#3006 = AXIS2_PLACEMENT_3D('',#3007,#3008,#3009);
#3007 = CARTESIAN_POINT('',(-0.3,-7.92,8.2));
#3008 = DIRECTION('',(-2.334869823773E-16,-1.,0.));
#3009 = DIRECTION('',(1.,-2.334869823773E-16,0.));
#3010 = ADVANCED_FACE('',(#3011),#3029,.F.);
#3011 = FACE_BOUND('',#3012,.F.);
#3012 = EDGE_LOOP('',(#3013,#3014,#3022,#3028));
#3013 = ORIENTED_EDGE('',*,*,#3000,.T.);
#3014 = ORIENTED_EDGE('',*,*,#3015,.T.);
#3015 = EDGE_CURVE('',#2993,#3016,#3018,.T.);
#3016 = VERTEX_POINT('',#3017);
#3017 = CARTESIAN_POINT('',(0.3,-7.32,0.9));
#3018 = LINE('',#3019,#3020);
#3019 = CARTESIAN_POINT('',(0.3,-7.92,0.9));
#3020 = VECTOR('',#3021,1.);
#3021 = DIRECTION('',(2.334869823773E-16,1.,0.));
#3022 = ORIENTED_EDGE('',*,*,#3023,.F.);
#3023 = EDGE_CURVE('',#1193,#3016,#3024,.T.);
#3024 = LINE('',#3025,#3026);
#3025 = CARTESIAN_POINT('',(0.3,-7.32,8.2));
#3026 = VECTOR('',#3027,1.);
#3027 = DIRECTION('',(0.,0.,-1.));
#3028 = ORIENTED_EDGE('',*,*,#1200,.F.);
#3029 = PLANE('',#3030);
#3030 = AXIS2_PLACEMENT_3D('',#3031,#3032,#3033);
#3031 = CARTESIAN_POINT('',(0.3,-7.92,8.2));
#3032 = DIRECTION('',(1.,-2.334869823773E-16,0.));
#3033 = DIRECTION('',(2.334869823773E-16,1.,0.));
#3034 = ADVANCED_FACE('',(#3035),#3078,.F.);
#3035 = FACE_BOUND('',#3036,.F.);
#3036 = EDGE_LOOP('',(#3037,#3038,#3039,#3047,#3055,#3063,#3071,#3077));
#3037 = ORIENTED_EDGE('',*,*,#1217,.F.);
#3038 = ORIENTED_EDGE('',*,*,#3023,.T.);
#3039 = ORIENTED_EDGE('',*,*,#3040,.T.);
#3040 = EDGE_CURVE('',#3016,#3041,#3043,.T.);
#3041 = VERTEX_POINT('',#3042);
#3042 = CARTESIAN_POINT('',(0.1,-7.32,0.9));
#3043 = LINE('',#3044,#3045);
#3044 = CARTESIAN_POINT('',(0.3,-7.32,0.9));
#3045 = VECTOR('',#3046,1.);
#3046 = DIRECTION('',(-1.,2.334869823773E-16,0.));
#3047 = ORIENTED_EDGE('',*,*,#3048,.F.);
#3048 = EDGE_CURVE('',#3049,#3041,#3051,.T.);
#3049 = VERTEX_POINT('',#3050);
#3050 = CARTESIAN_POINT('',(0.1,-7.32,7.4));
#3051 = LINE('',#3052,#3053);
#3052 = CARTESIAN_POINT('',(0.1,-7.32,6.055738799212));
#3053 = VECTOR('',#3054,1.);
#3054 = DIRECTION('',(0.,0.,-1.));
#3055 = ORIENTED_EDGE('',*,*,#3056,.T.);
#3056 = EDGE_CURVE('',#3049,#3057,#3059,.T.);
#3057 = VERTEX_POINT('',#3058);
#3058 = CARTESIAN_POINT('',(-0.1,-7.32,7.4));
#3059 = LINE('',#3060,#3061);
#3060 = CARTESIAN_POINT('',(0.1,-7.32,7.4));
#3061 = VECTOR('',#3062,1.);
#3062 = DIRECTION('',(-1.,2.334869823773E-16,0.));
#3063 = ORIENTED_EDGE('',*,*,#3064,.T.);
#3064 = EDGE_CURVE('',#3057,#3065,#3067,.T.);
#3065 = VERTEX_POINT('',#3066);
#3066 = CARTESIAN_POINT('',(-0.1,-7.32,0.9));
#3067 = LINE('',#3068,#3069);
#3068 = CARTESIAN_POINT('',(-0.1,-7.32,6.055738799212));
#3069 = VECTOR('',#3070,1.);
#3070 = DIRECTION('',(0.,0.,-1.));
#3071 = ORIENTED_EDGE('',*,*,#3072,.T.);
#3072 = EDGE_CURVE('',#3065,#2928,#3073,.T.);
#3073 = LINE('',#3074,#3075);
#3074 = CARTESIAN_POINT('',(0.3,-7.32,0.9));
#3075 = VECTOR('',#3076,1.);
#3076 = DIRECTION('',(-1.,2.334869823773E-16,0.));
#3077 = ORIENTED_EDGE('',*,*,#2927,.F.);
#3078 = PLANE('',#3079);
#3079 = AXIS2_PLACEMENT_3D('',#3080,#3081,#3082);
#3080 = CARTESIAN_POINT('',(0.3,-7.32,8.2));
#3081 = DIRECTION('',(2.334869823773E-16,1.,0.));
#3082 = DIRECTION('',(-1.,2.334869823773E-16,0.));
#3083 = ADVANCED_FACE('',(#3084),#3109,.F.);
#3084 = FACE_BOUND('',#3085,.F.);
#3085 = EDGE_LOOP('',(#3086,#3094,#3102,#3108));
#3086 = ORIENTED_EDGE('',*,*,#3087,.T.);
#3087 = EDGE_CURVE('',#1232,#3088,#3090,.T.);
#3088 = VERTEX_POINT('',#3089);
#3089 = CARTESIAN_POINT('',(-0.3,-4.78,0.9));
#3090 = LINE('',#3091,#3092);
#3091 = CARTESIAN_POINT('',(-0.3,-4.78,8.2));
#3092 = VECTOR('',#3093,1.);
#3093 = DIRECTION('',(0.,0.,-1.));
#3094 = ORIENTED_EDGE('',*,*,#3095,.T.);
#3095 = EDGE_CURVE('',#3088,#3096,#3098,.T.);
#3096 = VERTEX_POINT('',#3097);
#3097 = CARTESIAN_POINT('',(-0.3,-5.38,0.9));
#3098 = LINE('',#3099,#3100);
#3099 = CARTESIAN_POINT('',(-0.3,-4.78,0.9));
#3100 = VECTOR('',#3101,1.);
#3101 = DIRECTION('',(-2.334869823773E-16,-1.,0.));
#3102 = ORIENTED_EDGE('',*,*,#3103,.F.);
#3103 = EDGE_CURVE('',#1241,#3096,#3104,.T.);
#3104 = LINE('',#3105,#3106);
#3105 = CARTESIAN_POINT('',(-0.3,-5.38,8.2));
#3106 = VECTOR('',#3107,1.);
#3107 = DIRECTION('',(0.,0.,-1.));
#3108 = ORIENTED_EDGE('',*,*,#1248,.F.);
#3109 = PLANE('',#3110);
#3110 = AXIS2_PLACEMENT_3D('',#3111,#3112,#3113);
#3111 = CARTESIAN_POINT('',(-0.3,-4.78,8.2));
#3112 = DIRECTION('',(-1.,2.334869823773E-16,0.));
#3113 = DIRECTION('',(-2.334869823773E-16,-1.,0.));
#3114 = ADVANCED_FACE('',(#3115),#3165,.F.);
#3115 = FACE_BOUND('',#3116,.F.);
#3116 = EDGE_LOOP('',(#3117,#3118,#3119,#3127,#3135,#3143,#3151,#3159));
#3117 = ORIENTED_EDGE('',*,*,#1272,.F.);
#3118 = ORIENTED_EDGE('',*,*,#3103,.T.);
#3119 = ORIENTED_EDGE('',*,*,#3120,.T.);
#3120 = EDGE_CURVE('',#3096,#3121,#3123,.T.);
#3121 = VERTEX_POINT('',#3122);
#3122 = CARTESIAN_POINT('',(-0.1,-5.38,0.9));
#3123 = LINE('',#3124,#3125);
#3124 = CARTESIAN_POINT('',(-0.3,-5.38,0.9));
#3125 = VECTOR('',#3126,1.);
#3126 = DIRECTION('',(1.,-2.334869823773E-16,0.));
#3127 = ORIENTED_EDGE('',*,*,#3128,.T.);
#3128 = EDGE_CURVE('',#3121,#3129,#3131,.T.);
#3129 = VERTEX_POINT('',#3130);
#3130 = CARTESIAN_POINT('',(-0.1,-5.38,7.4));
#3131 = LINE('',#3132,#3133);
#3132 = CARTESIAN_POINT('',(-0.1,-5.38,6.055738799212));
#3133 = VECTOR('',#3134,1.);
#3134 = DIRECTION('',(0.,0.,1.));
#3135 = ORIENTED_EDGE('',*,*,#3136,.F.);
#3136 = EDGE_CURVE('',#3137,#3129,#3139,.T.);
#3137 = VERTEX_POINT('',#3138);
#3138 = CARTESIAN_POINT('',(0.1,-5.38,7.4));
#3139 = LINE('',#3140,#3141);
#3140 = CARTESIAN_POINT('',(0.1,-5.38,7.4));
#3141 = VECTOR('',#3142,1.);
#3142 = DIRECTION('',(-1.,2.334869823773E-16,0.));
#3143 = ORIENTED_EDGE('',*,*,#3144,.F.);
#3144 = EDGE_CURVE('',#3145,#3137,#3147,.T.);
#3145 = VERTEX_POINT('',#3146);
#3146 = CARTESIAN_POINT('',(0.1,-5.38,0.9));
#3147 = LINE('',#3148,#3149);
#3148 = CARTESIAN_POINT('',(0.1,-5.38,6.055738799212));
#3149 = VECTOR('',#3150,1.);
#3150 = DIRECTION('',(0.,0.,1.));
#3151 = ORIENTED_EDGE('',*,*,#3152,.T.);
#3152 = EDGE_CURVE('',#3145,#3153,#3155,.T.);
#3153 = VERTEX_POINT('',#3154);
#3154 = CARTESIAN_POINT('',(0.3,-5.38,0.9));
#3155 = LINE('',#3156,#3157);
#3156 = CARTESIAN_POINT('',(-0.3,-5.38,0.9));
#3157 = VECTOR('',#3158,1.);
#3158 = DIRECTION('',(1.,-2.334869823773E-16,0.));
#3159 = ORIENTED_EDGE('',*,*,#3160,.F.);
#3160 = EDGE_CURVE('',#1265,#3153,#3161,.T.);
#3161 = LINE('',#3162,#3163);
#3162 = CARTESIAN_POINT('',(0.3,-5.38,8.2));
#3163 = VECTOR('',#3164,1.);
#3164 = DIRECTION('',(0.,0.,-1.));
#3165 = PLANE('',#3166);
#3166 = AXIS2_PLACEMENT_3D('',#3167,#3168,#3169);
#3167 = CARTESIAN_POINT('',(-0.3,-5.38,8.2));
#3168 = DIRECTION('',(-2.334869823773E-16,-1.,0.));
#3169 = DIRECTION('',(1.,-2.334869823773E-16,0.));
#3170 = ADVANCED_FACE('',(#3171),#3189,.F.);
#3171 = FACE_BOUND('',#3172,.F.);
#3172 = EDGE_LOOP('',(#3173,#3174,#3182,#3188));
#3173 = ORIENTED_EDGE('',*,*,#3160,.T.);
#3174 = ORIENTED_EDGE('',*,*,#3175,.T.);
#3175 = EDGE_CURVE('',#3153,#3176,#3178,.T.);
#3176 = VERTEX_POINT('',#3177);
#3177 = CARTESIAN_POINT('',(0.3,-4.78,0.9));
#3178 = LINE('',#3179,#3180);
#3179 = CARTESIAN_POINT('',(0.3,-5.38,0.9));
#3180 = VECTOR('',#3181,1.);
#3181 = DIRECTION('',(2.334869823773E-16,1.,0.));
#3182 = ORIENTED_EDGE('',*,*,#3183,.F.);
#3183 = EDGE_CURVE('',#1289,#3176,#3184,.T.);
#3184 = LINE('',#3185,#3186);
#3185 = CARTESIAN_POINT('',(0.3,-4.78,8.2));
#3186 = VECTOR('',#3187,1.);
#3187 = DIRECTION('',(0.,0.,-1.));
#3188 = ORIENTED_EDGE('',*,*,#1296,.F.);
#3189 = PLANE('',#3190);
#3190 = AXIS2_PLACEMENT_3D('',#3191,#3192,#3193);
#3191 = CARTESIAN_POINT('',(0.3,-5.38,8.2));
#3192 = DIRECTION('',(1.,-2.334869823773E-16,0.));
#3193 = DIRECTION('',(2.334869823773E-16,1.,0.));
#3194 = ADVANCED_FACE('',(#3195),#3238,.F.);
#3195 = FACE_BOUND('',#3196,.F.);
#3196 = EDGE_LOOP('',(#3197,#3198,#3199,#3207,#3215,#3223,#3231,#3237));
#3197 = ORIENTED_EDGE('',*,*,#1313,.F.);
#3198 = ORIENTED_EDGE('',*,*,#3183,.T.);
#3199 = ORIENTED_EDGE('',*,*,#3200,.T.);
#3200 = EDGE_CURVE('',#3176,#3201,#3203,.T.);
#3201 = VERTEX_POINT('',#3202);
#3202 = CARTESIAN_POINT('',(0.1,-4.78,0.9));
#3203 = LINE('',#3204,#3205);
#3204 = CARTESIAN_POINT('',(0.3,-4.78,0.9));
#3205 = VECTOR('',#3206,1.);
#3206 = DIRECTION('',(-1.,2.334869823773E-16,0.));
#3207 = ORIENTED_EDGE('',*,*,#3208,.F.);
#3208 = EDGE_CURVE('',#3209,#3201,#3211,.T.);
#3209 = VERTEX_POINT('',#3210);
#3210 = CARTESIAN_POINT('',(0.1,-4.78,7.4));
#3211 = LINE('',#3212,#3213);
#3212 = CARTESIAN_POINT('',(0.1,-4.78,6.055738799212));
#3213 = VECTOR('',#3214,1.);
#3214 = DIRECTION('',(0.,0.,-1.));
#3215 = ORIENTED_EDGE('',*,*,#3216,.T.);
#3216 = EDGE_CURVE('',#3209,#3217,#3219,.T.);
#3217 = VERTEX_POINT('',#3218);
#3218 = CARTESIAN_POINT('',(-0.1,-4.78,7.4));
#3219 = LINE('',#3220,#3221);
#3220 = CARTESIAN_POINT('',(0.1,-4.78,7.4));
#3221 = VECTOR('',#3222,1.);
#3222 = DIRECTION('',(-1.,2.334869823773E-16,0.));
#3223 = ORIENTED_EDGE('',*,*,#3224,.T.);
#3224 = EDGE_CURVE('',#3217,#3225,#3227,.T.);
#3225 = VERTEX_POINT('',#3226);
#3226 = CARTESIAN_POINT('',(-0.1,-4.78,0.9));
#3227 = LINE('',#3228,#3229);
#3228 = CARTESIAN_POINT('',(-0.1,-4.78,6.055738799212));
#3229 = VECTOR('',#3230,1.);
#3230 = DIRECTION('',(0.,0.,-1.));
#3231 = ORIENTED_EDGE('',*,*,#3232,.T.);
#3232 = EDGE_CURVE('',#3225,#3088,#3233,.T.);
#3233 = LINE('',#3234,#3235);
#3234 = CARTESIAN_POINT('',(0.3,-4.78,0.9));
#3235 = VECTOR('',#3236,1.);
#3236 = DIRECTION('',(-1.,2.334869823773E-16,0.));
#3237 = ORIENTED_EDGE('',*,*,#3087,.F.);
#3238 = PLANE('',#3239);
#3239 = AXIS2_PLACEMENT_3D('',#3240,#3241,#3242);
#3240 = CARTESIAN_POINT('',(0.3,-4.78,8.2));
#3241 = DIRECTION('',(2.334869823773E-16,1.,0.));
#3242 = DIRECTION('',(-1.,2.334869823773E-16,0.));
#3243 = ADVANCED_FACE('',(#3244),#3269,.F.);
#3244 = FACE_BOUND('',#3245,.F.);
#3245 = EDGE_LOOP('',(#3246,#3254,#3262,#3268));
#3246 = ORIENTED_EDGE('',*,*,#3247,.T.);
#3247 = EDGE_CURVE('',#1328,#3248,#3250,.T.);
#3248 = VERTEX_POINT('',#3249);
#3249 = CARTESIAN_POINT('',(-0.3,-2.24,0.9));
#3250 = LINE('',#3251,#3252);
#3251 = CARTESIAN_POINT('',(-0.3,-2.24,8.2));
#3252 = VECTOR('',#3253,1.);
#3253 = DIRECTION('',(0.,0.,-1.));
#3254 = ORIENTED_EDGE('',*,*,#3255,.T.);
#3255 = EDGE_CURVE('',#3248,#3256,#3258,.T.);
#3256 = VERTEX_POINT('',#3257);
#3257 = CARTESIAN_POINT('',(-0.3,-2.84,0.9));
#3258 = LINE('',#3259,#3260);
#3259 = CARTESIAN_POINT('',(-0.3,-2.24,0.9));
#3260 = VECTOR('',#3261,1.);
#3261 = DIRECTION('',(-2.334869823773E-16,-1.,0.));
#3262 = ORIENTED_EDGE('',*,*,#3263,.F.);
#3263 = EDGE_CURVE('',#1337,#3256,#3264,.T.);
#3264 = LINE('',#3265,#3266);
#3265 = CARTESIAN_POINT('',(-0.3,-2.84,8.2));
#3266 = VECTOR('',#3267,1.);
#3267 = DIRECTION('',(0.,0.,-1.));
#3268 = ORIENTED_EDGE('',*,*,#1344,.F.);
#3269 = PLANE('',#3270);
#3270 = AXIS2_PLACEMENT_3D('',#3271,#3272,#3273);
#3271 = CARTESIAN_POINT('',(-0.3,-2.24,8.2));
#3272 = DIRECTION('',(-1.,2.334869823773E-16,0.));
#3273 = DIRECTION('',(-2.334869823773E-16,-1.,0.));
#3274 = ADVANCED_FACE('',(#3275),#3325,.F.);
#3275 = FACE_BOUND('',#3276,.F.);
#3276 = EDGE_LOOP('',(#3277,#3278,#3279,#3287,#3295,#3303,#3311,#3319));
#3277 = ORIENTED_EDGE('',*,*,#1368,.F.);
#3278 = ORIENTED_EDGE('',*,*,#3263,.T.);
#3279 = ORIENTED_EDGE('',*,*,#3280,.T.);
#3280 = EDGE_CURVE('',#3256,#3281,#3283,.T.);
#3281 = VERTEX_POINT('',#3282);
#3282 = CARTESIAN_POINT('',(-0.1,-2.84,0.9));
#3283 = LINE('',#3284,#3285);
#3284 = CARTESIAN_POINT('',(-0.3,-2.84,0.9));
#3285 = VECTOR('',#3286,1.);
#3286 = DIRECTION('',(1.,-2.334869823773E-16,0.));
#3287 = ORIENTED_EDGE('',*,*,#3288,.T.);
#3288 = EDGE_CURVE('',#3281,#3289,#3291,.T.);
#3289 = VERTEX_POINT('',#3290);
#3290 = CARTESIAN_POINT('',(-0.1,-2.84,7.4));
#3291 = LINE('',#3292,#3293);
#3292 = CARTESIAN_POINT('',(-0.1,-2.84,6.055738799212));
#3293 = VECTOR('',#3294,1.);
#3294 = DIRECTION('',(0.,0.,1.));
#3295 = ORIENTED_EDGE('',*,*,#3296,.F.);
#3296 = EDGE_CURVE('',#3297,#3289,#3299,.T.);
#3297 = VERTEX_POINT('',#3298);
#3298 = CARTESIAN_POINT('',(0.1,-2.84,7.4));
#3299 = LINE('',#3300,#3301);
#3300 = CARTESIAN_POINT('',(0.1,-2.84,7.4));
#3301 = VECTOR('',#3302,1.);
#3302 = DIRECTION('',(-1.,2.334869823773E-16,0.));
#3303 = ORIENTED_EDGE('',*,*,#3304,.F.);
#3304 = EDGE_CURVE('',#3305,#3297,#3307,.T.);
#3305 = VERTEX_POINT('',#3306);
#3306 = CARTESIAN_POINT('',(0.1,-2.84,0.9));
#3307 = LINE('',#3308,#3309);
#3308 = CARTESIAN_POINT('',(0.1,-2.84,6.055738799212));
#3309 = VECTOR('',#3310,1.);
#3310 = DIRECTION('',(0.,0.,1.));
#3311 = ORIENTED_EDGE('',*,*,#3312,.T.);
#3312 = EDGE_CURVE('',#3305,#3313,#3315,.T.);
#3313 = VERTEX_POINT('',#3314);
#3314 = CARTESIAN_POINT('',(0.3,-2.84,0.9));
#3315 = LINE('',#3316,#3317);
#3316 = CARTESIAN_POINT('',(-0.3,-2.84,0.9));
#3317 = VECTOR('',#3318,1.);
#3318 = DIRECTION('',(1.,-2.334869823773E-16,0.));
#3319 = ORIENTED_EDGE('',*,*,#3320,.F.);
#3320 = EDGE_CURVE('',#1361,#3313,#3321,.T.);
#3321 = LINE('',#3322,#3323);
#3322 = CARTESIAN_POINT('',(0.3,-2.84,8.2));
#3323 = VECTOR('',#3324,1.);
#3324 = DIRECTION('',(0.,0.,-1.));
#3325 = PLANE('',#3326);
#3326 = AXIS2_PLACEMENT_3D('',#3327,#3328,#3329);
#3327 = CARTESIAN_POINT('',(-0.3,-2.84,8.2));
#3328 = DIRECTION('',(-2.334869823773E-16,-1.,0.));
#3329 = DIRECTION('',(1.,-2.334869823773E-16,0.));
#3330 = ADVANCED_FACE('',(#3331),#3349,.F.);
#3331 = FACE_BOUND('',#3332,.F.);
#3332 = EDGE_LOOP('',(#3333,#3334,#3342,#3348));
#3333 = ORIENTED_EDGE('',*,*,#3320,.T.);
#3334 = ORIENTED_EDGE('',*,*,#3335,.T.);
#3335 = EDGE_CURVE('',#3313,#3336,#3338,.T.);
#3336 = VERTEX_POINT('',#3337);
#3337 = CARTESIAN_POINT('',(0.3,-2.24,0.9));
#3338 = LINE('',#3339,#3340);
#3339 = CARTESIAN_POINT('',(0.3,-2.84,0.9));
#3340 = VECTOR('',#3341,1.);
#3341 = DIRECTION('',(2.334869823773E-16,1.,0.));
#3342 = ORIENTED_EDGE('',*,*,#3343,.F.);
#3343 = EDGE_CURVE('',#1385,#3336,#3344,.T.);
#3344 = LINE('',#3345,#3346);
#3345 = CARTESIAN_POINT('',(0.3,-2.24,8.2));
#3346 = VECTOR('',#3347,1.);
#3347 = DIRECTION('',(0.,0.,-1.));
#3348 = ORIENTED_EDGE('',*,*,#1392,.F.);
#3349 = PLANE('',#3350);
#3350 = AXIS2_PLACEMENT_3D('',#3351,#3352,#3353);
#3351 = CARTESIAN_POINT('',(0.3,-2.84,8.2));
#3352 = DIRECTION('',(1.,-2.334869823773E-16,0.));
#3353 = DIRECTION('',(2.334869823773E-16,1.,0.));
#3354 = ADVANCED_FACE('',(#3355),#3398,.F.);
#3355 = FACE_BOUND('',#3356,.F.);
#3356 = EDGE_LOOP('',(#3357,#3358,#3359,#3367,#3375,#3383,#3391,#3397));
#3357 = ORIENTED_EDGE('',*,*,#1409,.F.);
#3358 = ORIENTED_EDGE('',*,*,#3343,.T.);
#3359 = ORIENTED_EDGE('',*,*,#3360,.T.);
#3360 = EDGE_CURVE('',#3336,#3361,#3363,.T.);
#3361 = VERTEX_POINT('',#3362);
#3362 = CARTESIAN_POINT('',(0.1,-2.24,0.9));
#3363 = LINE('',#3364,#3365);
#3364 = CARTESIAN_POINT('',(0.3,-2.24,0.9));
#3365 = VECTOR('',#3366,1.);
#3366 = DIRECTION('',(-1.,2.334869823773E-16,0.));
#3367 = ORIENTED_EDGE('',*,*,#3368,.F.);
#3368 = EDGE_CURVE('',#3369,#3361,#3371,.T.);
#3369 = VERTEX_POINT('',#3370);
#3370 = CARTESIAN_POINT('',(0.1,-2.24,7.4));
#3371 = LINE('',#3372,#3373);
#3372 = CARTESIAN_POINT('',(0.1,-2.24,6.055738799212));
#3373 = VECTOR('',#3374,1.);
#3374 = DIRECTION('',(0.,0.,-1.));
#3375 = ORIENTED_EDGE('',*,*,#3376,.T.);
#3376 = EDGE_CURVE('',#3369,#3377,#3379,.T.);
#3377 = VERTEX_POINT('',#3378);
#3378 = CARTESIAN_POINT('',(-0.1,-2.24,7.4));
#3379 = LINE('',#3380,#3381);
#3380 = CARTESIAN_POINT('',(0.1,-2.24,7.4));
#3381 = VECTOR('',#3382,1.);
#3382 = DIRECTION('',(-1.,2.334869823773E-16,0.));
#3383 = ORIENTED_EDGE('',*,*,#3384,.T.);
#3384 = EDGE_CURVE('',#3377,#3385,#3387,.T.);
#3385 = VERTEX_POINT('',#3386);
#3386 = CARTESIAN_POINT('',(-0.1,-2.24,0.9));
#3387 = LINE('',#3388,#3389);
#3388 = CARTESIAN_POINT('',(-0.1,-2.24,6.055738799212));
#3389 = VECTOR('',#3390,1.);
#3390 = DIRECTION('',(0.,0.,-1.));
#3391 = ORIENTED_EDGE('',*,*,#3392,.T.);
#3392 = EDGE_CURVE('',#3385,#3248,#3393,.T.);
#3393 = LINE('',#3394,#3395);
#3394 = CARTESIAN_POINT('',(0.3,-2.24,0.9));
#3395 = VECTOR('',#3396,1.);
#3396 = DIRECTION('',(-1.,2.334869823773E-16,0.));
#3397 = ORIENTED_EDGE('',*,*,#3247,.F.);
#3398 = PLANE('',#3399);
#3399 = AXIS2_PLACEMENT_3D('',#3400,#3401,#3402);
#3400 = CARTESIAN_POINT('',(0.3,-2.24,8.2));
#3401 = DIRECTION('',(2.334869823773E-16,1.,0.));
#3402 = DIRECTION('',(-1.,2.334869823773E-16,0.));
#3403 = ADVANCED_FACE('',(#3404),#3429,.F.);
#3404 = FACE_BOUND('',#3405,.F.);
#3405 = EDGE_LOOP('',(#3406,#3414,#3422,#3428));
#3406 = ORIENTED_EDGE('',*,*,#3407,.T.);
#3407 = EDGE_CURVE('',#1424,#3408,#3410,.T.);
#3408 = VERTEX_POINT('',#3409);
#3409 = CARTESIAN_POINT('',(-0.3,0.3,0.9));
#3410 = LINE('',#3411,#3412);
#3411 = CARTESIAN_POINT('',(-0.3,0.3,8.2));
#3412 = VECTOR('',#3413,1.);
#3413 = DIRECTION('',(0.,0.,-1.));
#3414 = ORIENTED_EDGE('',*,*,#3415,.T.);
#3415 = EDGE_CURVE('',#3408,#3416,#3418,.T.);
#3416 = VERTEX_POINT('',#3417);
#3417 = CARTESIAN_POINT('',(-0.3,-0.3,0.9));
#3418 = LINE('',#3419,#3420);
#3419 = CARTESIAN_POINT('',(-0.3,0.3,0.9));
#3420 = VECTOR('',#3421,1.);
#3421 = DIRECTION('',(-2.334869823773E-16,-1.,0.));
#3422 = ORIENTED_EDGE('',*,*,#3423,.F.);
#3423 = EDGE_CURVE('',#1433,#3416,#3424,.T.);
#3424 = LINE('',#3425,#3426);
#3425 = CARTESIAN_POINT('',(-0.3,-0.3,8.2));
#3426 = VECTOR('',#3427,1.);
#3427 = DIRECTION('',(0.,0.,-1.));
#3428 = ORIENTED_EDGE('',*,*,#1440,.F.);
#3429 = PLANE('',#3430);
#3430 = AXIS2_PLACEMENT_3D('',#3431,#3432,#3433);
#3431 = CARTESIAN_POINT('',(-0.3,0.3,8.2));
#3432 = DIRECTION('',(-1.,2.334869823773E-16,0.));
#3433 = DIRECTION('',(-2.334869823773E-16,-1.,0.));
#3434 = ADVANCED_FACE('',(#3435),#3485,.F.);
#3435 = FACE_BOUND('',#3436,.F.);
#3436 = EDGE_LOOP('',(#3437,#3438,#3439,#3447,#3455,#3463,#3471,#3479));
#3437 = ORIENTED_EDGE('',*,*,#1464,.F.);
#3438 = ORIENTED_EDGE('',*,*,#3423,.T.);
#3439 = ORIENTED_EDGE('',*,*,#3440,.T.);
#3440 = EDGE_CURVE('',#3416,#3441,#3443,.T.);
#3441 = VERTEX_POINT('',#3442);
#3442 = CARTESIAN_POINT('',(-0.1,-0.3,0.9));
#3443 = LINE('',#3444,#3445);
#3444 = CARTESIAN_POINT('',(-0.3,-0.3,0.9));
#3445 = VECTOR('',#3446,1.);
#3446 = DIRECTION('',(1.,-2.334869823773E-16,0.));
#3447 = ORIENTED_EDGE('',*,*,#3448,.T.);
#3448 = EDGE_CURVE('',#3441,#3449,#3451,.T.);
#3449 = VERTEX_POINT('',#3450);
#3450 = CARTESIAN_POINT('',(-0.1,-0.3,7.4));
#3451 = LINE('',#3452,#3453);
#3452 = CARTESIAN_POINT('',(-0.1,-0.3,6.055738799212));
#3453 = VECTOR('',#3454,1.);
#3454 = DIRECTION('',(0.,0.,1.));
#3455 = ORIENTED_EDGE('',*,*,#3456,.F.);
#3456 = EDGE_CURVE('',#3457,#3449,#3459,.T.);
#3457 = VERTEX_POINT('',#3458);
#3458 = CARTESIAN_POINT('',(0.1,-0.3,7.4));
#3459 = LINE('',#3460,#3461);
#3460 = CARTESIAN_POINT('',(0.1,-0.3,7.4));
#3461 = VECTOR('',#3462,1.);
#3462 = DIRECTION('',(-1.,2.334869823773E-16,0.));
#3463 = ORIENTED_EDGE('',*,*,#3464,.F.);
#3464 = EDGE_CURVE('',#3465,#3457,#3467,.T.);
#3465 = VERTEX_POINT('',#3466);
#3466 = CARTESIAN_POINT('',(0.1,-0.3,0.9));
#3467 = LINE('',#3468,#3469);
#3468 = CARTESIAN_POINT('',(0.1,-0.3,6.055738799212));
#3469 = VECTOR('',#3470,1.);
#3470 = DIRECTION('',(0.,0.,1.));
#3471 = ORIENTED_EDGE('',*,*,#3472,.T.);
#3472 = EDGE_CURVE('',#3465,#3473,#3475,.T.);
#3473 = VERTEX_POINT('',#3474);
#3474 = CARTESIAN_POINT('',(0.3,-0.3,0.9));
#3475 = LINE('',#3476,#3477);
#3476 = CARTESIAN_POINT('',(-0.3,-0.3,0.9));
#3477 = VECTOR('',#3478,1.);
#3478 = DIRECTION('',(1.,-2.334869823773E-16,0.));
#3479 = ORIENTED_EDGE('',*,*,#3480,.F.);
#3480 = EDGE_CURVE('',#1457,#3473,#3481,.T.);
#3481 = LINE('',#3482,#3483);
#3482 = CARTESIAN_POINT('',(0.3,-0.3,8.2));
#3483 = VECTOR('',#3484,1.);
#3484 = DIRECTION('',(0.,0.,-1.));
#3485 = PLANE('',#3486);
#3486 = AXIS2_PLACEMENT_3D('',#3487,#3488,#3489);
#3487 = CARTESIAN_POINT('',(-0.3,-0.3,8.2));
#3488 = DIRECTION('',(-2.334869823773E-16,-1.,0.));
#3489 = DIRECTION('',(1.,-2.334869823773E-16,0.));
#3490 = ADVANCED_FACE('',(#3491),#3509,.F.);
#3491 = FACE_BOUND('',#3492,.F.);
#3492 = EDGE_LOOP('',(#3493,#3494,#3502,#3508));
#3493 = ORIENTED_EDGE('',*,*,#3480,.T.);
#3494 = ORIENTED_EDGE('',*,*,#3495,.T.);
#3495 = EDGE_CURVE('',#3473,#3496,#3498,.T.);
#3496 = VERTEX_POINT('',#3497);
#3497 = CARTESIAN_POINT('',(0.3,0.3,0.9));
#3498 = LINE('',#3499,#3500);
#3499 = CARTESIAN_POINT('',(0.3,-0.3,0.9));
#3500 = VECTOR('',#3501,1.);
#3501 = DIRECTION('',(2.334869823773E-16,1.,0.));
#3502 = ORIENTED_EDGE('',*,*,#3503,.F.);
#3503 = EDGE_CURVE('',#1481,#3496,#3504,.T.);
#3504 = LINE('',#3505,#3506);
#3505 = CARTESIAN_POINT('',(0.3,0.3,8.2));
#3506 = VECTOR('',#3507,1.);
#3507 = DIRECTION('',(0.,0.,-1.));
#3508 = ORIENTED_EDGE('',*,*,#1488,.F.);
#3509 = PLANE('',#3510);
#3510 = AXIS2_PLACEMENT_3D('',#3511,#3512,#3513);
#3511 = CARTESIAN_POINT('',(0.3,-0.3,8.2));
#3512 = DIRECTION('',(1.,-2.334869823773E-16,0.));
#3513 = DIRECTION('',(2.334869823773E-16,1.,0.));
#3514 = ADVANCED_FACE('',(#3515),#3558,.F.);
#3515 = FACE_BOUND('',#3516,.F.);
#3516 = EDGE_LOOP('',(#3517,#3518,#3519,#3527,#3535,#3543,#3551,#3557));
#3517 = ORIENTED_EDGE('',*,*,#1505,.F.);
#3518 = ORIENTED_EDGE('',*,*,#3503,.T.);
#3519 = ORIENTED_EDGE('',*,*,#3520,.T.);
#3520 = EDGE_CURVE('',#3496,#3521,#3523,.T.);
#3521 = VERTEX_POINT('',#3522);
#3522 = CARTESIAN_POINT('',(0.1,0.3,0.9));
#3523 = LINE('',#3524,#3525);
#3524 = CARTESIAN_POINT('',(0.3,0.3,0.9));
#3525 = VECTOR('',#3526,1.);
#3526 = DIRECTION('',(-1.,2.334869823773E-16,0.));
#3527 = ORIENTED_EDGE('',*,*,#3528,.F.);
#3528 = EDGE_CURVE('',#3529,#3521,#3531,.T.);
#3529 = VERTEX_POINT('',#3530);
#3530 = CARTESIAN_POINT('',(0.1,0.3,7.4));
#3531 = LINE('',#3532,#3533);
#3532 = CARTESIAN_POINT('',(0.1,0.3,6.055738799212));
#3533 = VECTOR('',#3534,1.);
#3534 = DIRECTION('',(0.,0.,-1.));
#3535 = ORIENTED_EDGE('',*,*,#3536,.T.);
#3536 = EDGE_CURVE('',#3529,#3537,#3539,.T.);
#3537 = VERTEX_POINT('',#3538);
#3538 = CARTESIAN_POINT('',(-0.1,0.3,7.4));
#3539 = LINE('',#3540,#3541);
#3540 = CARTESIAN_POINT('',(0.1,0.3,7.4));
#3541 = VECTOR('',#3542,1.);
#3542 = DIRECTION('',(-1.,2.334869823773E-16,0.));
#3543 = ORIENTED_EDGE('',*,*,#3544,.T.);
#3544 = EDGE_CURVE('',#3537,#3545,#3547,.T.);
#3545 = VERTEX_POINT('',#3546);
#3546 = CARTESIAN_POINT('',(-0.1,0.3,0.9));
#3547 = LINE('',#3548,#3549);
#3548 = CARTESIAN_POINT('',(-0.1,0.3,6.055738799212));
#3549 = VECTOR('',#3550,1.);
#3550 = DIRECTION('',(0.,0.,-1.));
#3551 = ORIENTED_EDGE('',*,*,#3552,.T.);
#3552 = EDGE_CURVE('',#3545,#3408,#3553,.T.);
#3553 = LINE('',#3554,#3555);
#3554 = CARTESIAN_POINT('',(0.3,0.3,0.9));
#3555 = VECTOR('',#3556,1.);
#3556 = DIRECTION('',(-1.,2.334869823773E-16,0.));
#3557 = ORIENTED_EDGE('',*,*,#3407,.F.);
#3558 = PLANE('',#3559);
#3559 = AXIS2_PLACEMENT_3D('',#3560,#3561,#3562);
#3560 = CARTESIAN_POINT('',(0.3,0.3,8.2));
#3561 = DIRECTION('',(2.334869823773E-16,1.,0.));
#3562 = DIRECTION('',(-1.,2.334869823773E-16,0.));
#3563 = ADVANCED_FACE('',(#3564),#3589,.F.);
#3564 = FACE_BOUND('',#3565,.F.);
#3565 = EDGE_LOOP('',(#3566,#3574,#3582,#3588));
#3566 = ORIENTED_EDGE('',*,*,#3567,.T.);
#3567 = EDGE_CURVE('',#1520,#3568,#3570,.T.);
#3568 = VERTEX_POINT('',#3569);
#3569 = CARTESIAN_POINT('',(-2.24,-7.92,0.9));
#3570 = LINE('',#3571,#3572);
#3571 = CARTESIAN_POINT('',(-2.24,-7.92,8.2));
#3572 = VECTOR('',#3573,1.);
#3573 = DIRECTION('',(0.,-0.,-1.));
#3574 = ORIENTED_EDGE('',*,*,#3575,.T.);
#3575 = EDGE_CURVE('',#3568,#3576,#3578,.T.);
#3576 = VERTEX_POINT('',#3577);
#3577 = CARTESIAN_POINT('',(-2.24,-7.32,0.9));
#3578 = LINE('',#3579,#3580);
#3579 = CARTESIAN_POINT('',(-2.24,-7.92,0.9));
#3580 = VECTOR('',#3581,1.);
#3581 = DIRECTION('',(1.110223024625E-16,1.,0.));
#3582 = ORIENTED_EDGE('',*,*,#3583,.F.);
#3583 = EDGE_CURVE('',#1529,#3576,#3584,.T.);
#3584 = LINE('',#3585,#3586);
#3585 = CARTESIAN_POINT('',(-2.24,-7.32,8.2));
#3586 = VECTOR('',#3587,1.);
#3587 = DIRECTION('',(0.,-0.,-1.));
#3588 = ORIENTED_EDGE('',*,*,#1536,.F.);
#3589 = PLANE('',#3590);
#3590 = AXIS2_PLACEMENT_3D('',#3591,#3592,#3593);
#3591 = CARTESIAN_POINT('',(-2.24,-7.92,8.2));
#3592 = DIRECTION('',(1.,-1.110223024625E-16,0.));
#3593 = DIRECTION('',(1.110223024625E-16,1.,0.));
#3594 = ADVANCED_FACE('',(#3595),#3645,.F.);
#3595 = FACE_BOUND('',#3596,.F.);
#3596 = EDGE_LOOP('',(#3597,#3598,#3599,#3607,#3615,#3623,#3631,#3639));
#3597 = ORIENTED_EDGE('',*,*,#1560,.F.);
#3598 = ORIENTED_EDGE('',*,*,#3583,.T.);
#3599 = ORIENTED_EDGE('',*,*,#3600,.T.);
#3600 = EDGE_CURVE('',#3576,#3601,#3603,.T.);
#3601 = VERTEX_POINT('',#3602);
#3602 = CARTESIAN_POINT('',(-2.44,-7.32,0.9));
#3603 = LINE('',#3604,#3605);
#3604 = CARTESIAN_POINT('',(-2.24,-7.32,0.9));
#3605 = VECTOR('',#3606,1.);
#3606 = DIRECTION('',(-1.,1.110223024625E-16,0.));
#3607 = ORIENTED_EDGE('',*,*,#3608,.T.);
#3608 = EDGE_CURVE('',#3601,#3609,#3611,.T.);
#3609 = VERTEX_POINT('',#3610);
#3610 = CARTESIAN_POINT('',(-2.44,-7.32,7.4));
#3611 = LINE('',#3612,#3613);
#3612 = CARTESIAN_POINT('',(-2.44,-7.32,6.055738799212));
#3613 = VECTOR('',#3614,1.);
#3614 = DIRECTION('',(0.,-0.,1.));
#3615 = ORIENTED_EDGE('',*,*,#3616,.F.);
#3616 = EDGE_CURVE('',#3617,#3609,#3619,.T.);
#3617 = VERTEX_POINT('',#3618);
#3618 = CARTESIAN_POINT('',(-2.64,-7.32,7.4));
#3619 = LINE('',#3620,#3621);
#3620 = CARTESIAN_POINT('',(-2.64,-7.32,7.4));
#3621 = VECTOR('',#3622,1.);
#3622 = DIRECTION('',(1.,-1.110223024625E-16,0.));
#3623 = ORIENTED_EDGE('',*,*,#3624,.F.);
#3624 = EDGE_CURVE('',#3625,#3617,#3627,.T.);
#3625 = VERTEX_POINT('',#3626);
#3626 = CARTESIAN_POINT('',(-2.64,-7.32,0.9));
#3627 = LINE('',#3628,#3629);
#3628 = CARTESIAN_POINT('',(-2.64,-7.32,6.055738799212));
#3629 = VECTOR('',#3630,1.);
#3630 = DIRECTION('',(0.,-0.,1.));
#3631 = ORIENTED_EDGE('',*,*,#3632,.T.);
#3632 = EDGE_CURVE('',#3625,#3633,#3635,.T.);
#3633 = VERTEX_POINT('',#3634);
#3634 = CARTESIAN_POINT('',(-2.84,-7.32,0.9));
#3635 = LINE('',#3636,#3637);
#3636 = CARTESIAN_POINT('',(-2.24,-7.32,0.9));
#3637 = VECTOR('',#3638,1.);
#3638 = DIRECTION('',(-1.,1.110223024625E-16,0.));
#3639 = ORIENTED_EDGE('',*,*,#3640,.F.);
#3640 = EDGE_CURVE('',#1553,#3633,#3641,.T.);
#3641 = LINE('',#3642,#3643);
#3642 = CARTESIAN_POINT('',(-2.84,-7.32,8.2));
#3643 = VECTOR('',#3644,1.);
#3644 = DIRECTION('',(0.,-0.,-1.));
#3645 = PLANE('',#3646);
#3646 = AXIS2_PLACEMENT_3D('',#3647,#3648,#3649);
#3647 = CARTESIAN_POINT('',(-2.24,-7.32,8.2));
#3648 = DIRECTION('',(1.110223024625E-16,1.,0.));
#3649 = DIRECTION('',(-1.,1.110223024625E-16,0.));
#3650 = ADVANCED_FACE('',(#3651),#3669,.F.);
#3651 = FACE_BOUND('',#3652,.F.);
#3652 = EDGE_LOOP('',(#3653,#3654,#3662,#3668));
#3653 = ORIENTED_EDGE('',*,*,#3640,.T.);
#3654 = ORIENTED_EDGE('',*,*,#3655,.T.);
#3655 = EDGE_CURVE('',#3633,#3656,#3658,.T.);
#3656 = VERTEX_POINT('',#3657);
#3657 = CARTESIAN_POINT('',(-2.84,-7.92,0.9));
#3658 = LINE('',#3659,#3660);
#3659 = CARTESIAN_POINT('',(-2.84,-7.32,0.9));
#3660 = VECTOR('',#3661,1.);
#3661 = DIRECTION('',(-1.110223024625E-16,-1.,0.));
#3662 = ORIENTED_EDGE('',*,*,#3663,.F.);
#3663 = EDGE_CURVE('',#1577,#3656,#3664,.T.);
#3664 = LINE('',#3665,#3666);
#3665 = CARTESIAN_POINT('',(-2.84,-7.92,8.2));
#3666 = VECTOR('',#3667,1.);
#3667 = DIRECTION('',(0.,-0.,-1.));
#3668 = ORIENTED_EDGE('',*,*,#1584,.F.);
#3669 = PLANE('',#3670);
#3670 = AXIS2_PLACEMENT_3D('',#3671,#3672,#3673);
#3671 = CARTESIAN_POINT('',(-2.84,-7.32,8.2));
#3672 = DIRECTION('',(-1.,1.110223024625E-16,0.));
#3673 = DIRECTION('',(-1.110223024625E-16,-1.,0.));
#3674 = ADVANCED_FACE('',(#3675),#3718,.F.);
#3675 = FACE_BOUND('',#3676,.F.);
#3676 = EDGE_LOOP('',(#3677,#3678,#3679,#3687,#3695,#3703,#3711,#3717));
#3677 = ORIENTED_EDGE('',*,*,#1601,.F.);
#3678 = ORIENTED_EDGE('',*,*,#3663,.T.);
#3679 = ORIENTED_EDGE('',*,*,#3680,.T.);
#3680 = EDGE_CURVE('',#3656,#3681,#3683,.T.);
#3681 = VERTEX_POINT('',#3682);
#3682 = CARTESIAN_POINT('',(-2.64,-7.92,0.9));
#3683 = LINE('',#3684,#3685);
#3684 = CARTESIAN_POINT('',(-2.84,-7.92,0.9));
#3685 = VECTOR('',#3686,1.);
#3686 = DIRECTION('',(1.,-1.110223024625E-16,0.));
#3687 = ORIENTED_EDGE('',*,*,#3688,.F.);
#3688 = EDGE_CURVE('',#3689,#3681,#3691,.T.);
#3689 = VERTEX_POINT('',#3690);
#3690 = CARTESIAN_POINT('',(-2.64,-7.92,7.4));
#3691 = LINE('',#3692,#3693);
#3692 = CARTESIAN_POINT('',(-2.64,-7.92,6.055738799212));
#3693 = VECTOR('',#3694,1.);
#3694 = DIRECTION('',(-0.,0.,-1.));
#3695 = ORIENTED_EDGE('',*,*,#3696,.T.);
#3696 = EDGE_CURVE('',#3689,#3697,#3699,.T.);
#3697 = VERTEX_POINT('',#3698);
#3698 = CARTESIAN_POINT('',(-2.44,-7.92,7.4));
#3699 = LINE('',#3700,#3701);
#3700 = CARTESIAN_POINT('',(-2.64,-7.92,7.4));
#3701 = VECTOR('',#3702,1.);
#3702 = DIRECTION('',(1.,-1.110223024625E-16,0.));
#3703 = ORIENTED_EDGE('',*,*,#3704,.T.);
#3704 = EDGE_CURVE('',#3697,#3705,#3707,.T.);
#3705 = VERTEX_POINT('',#3706);
#3706 = CARTESIAN_POINT('',(-2.44,-7.92,0.9));
#3707 = LINE('',#3708,#3709);
#3708 = CARTESIAN_POINT('',(-2.44,-7.92,6.055738799212));
#3709 = VECTOR('',#3710,1.);
#3710 = DIRECTION('',(-0.,0.,-1.));
#3711 = ORIENTED_EDGE('',*,*,#3712,.T.);
#3712 = EDGE_CURVE('',#3705,#3568,#3713,.T.);
#3713 = LINE('',#3714,#3715);
#3714 = CARTESIAN_POINT('',(-2.84,-7.92,0.9));
#3715 = VECTOR('',#3716,1.);
#3716 = DIRECTION('',(1.,-1.110223024625E-16,0.));
#3717 = ORIENTED_EDGE('',*,*,#3567,.F.);
#3718 = PLANE('',#3719);
#3719 = AXIS2_PLACEMENT_3D('',#3720,#3721,#3722);
#3720 = CARTESIAN_POINT('',(-2.84,-7.92,8.2));
#3721 = DIRECTION('',(-1.110223024625E-16,-1.,0.));
#3722 = DIRECTION('',(1.,-1.110223024625E-16,0.));
#3723 = ADVANCED_FACE('',(#3724),#3749,.F.);
#3724 = FACE_BOUND('',#3725,.F.);
#3725 = EDGE_LOOP('',(#3726,#3734,#3742,#3748));
#3726 = ORIENTED_EDGE('',*,*,#3727,.T.);
#3727 = EDGE_CURVE('',#1616,#3728,#3730,.T.);
#3728 = VERTEX_POINT('',#3729);
#3729 = CARTESIAN_POINT('',(-2.24,-5.38,0.9));
#3730 = LINE('',#3731,#3732);
#3731 = CARTESIAN_POINT('',(-2.24,-5.38,8.2));
#3732 = VECTOR('',#3733,1.);
#3733 = DIRECTION('',(0.,-0.,-1.));
#3734 = ORIENTED_EDGE('',*,*,#3735,.T.);
#3735 = EDGE_CURVE('',#3728,#3736,#3738,.T.);
#3736 = VERTEX_POINT('',#3737);
#3737 = CARTESIAN_POINT('',(-2.24,-4.78,0.9));
#3738 = LINE('',#3739,#3740);
#3739 = CARTESIAN_POINT('',(-2.24,-5.38,0.9));
#3740 = VECTOR('',#3741,1.);
#3741 = DIRECTION('',(1.110223024625E-16,1.,0.));
#3742 = ORIENTED_EDGE('',*,*,#3743,.F.);
#3743 = EDGE_CURVE('',#1625,#3736,#3744,.T.);
#3744 = LINE('',#3745,#3746);
#3745 = CARTESIAN_POINT('',(-2.24,-4.78,8.2));
#3746 = VECTOR('',#3747,1.);
#3747 = DIRECTION('',(0.,-0.,-1.));
#3748 = ORIENTED_EDGE('',*,*,#1632,.F.);
#3749 = PLANE('',#3750);
#3750 = AXIS2_PLACEMENT_3D('',#3751,#3752,#3753);
#3751 = CARTESIAN_POINT('',(-2.24,-5.38,8.2));
#3752 = DIRECTION('',(1.,-1.110223024625E-16,0.));
#3753 = DIRECTION('',(1.110223024625E-16,1.,0.));
#3754 = ADVANCED_FACE('',(#3755),#3805,.F.);
#3755 = FACE_BOUND('',#3756,.F.);
#3756 = EDGE_LOOP('',(#3757,#3758,#3759,#3767,#3775,#3783,#3791,#3799));
#3757 = ORIENTED_EDGE('',*,*,#1656,.F.);
#3758 = ORIENTED_EDGE('',*,*,#3743,.T.);
#3759 = ORIENTED_EDGE('',*,*,#3760,.T.);
#3760 = EDGE_CURVE('',#3736,#3761,#3763,.T.);
#3761 = VERTEX_POINT('',#3762);
#3762 = CARTESIAN_POINT('',(-2.44,-4.78,0.9));
#3763 = LINE('',#3764,#3765);
#3764 = CARTESIAN_POINT('',(-2.24,-4.78,0.9));
#3765 = VECTOR('',#3766,1.);
#3766 = DIRECTION('',(-1.,1.110223024625E-16,0.));
#3767 = ORIENTED_EDGE('',*,*,#3768,.T.);
#3768 = EDGE_CURVE('',#3761,#3769,#3771,.T.);
#3769 = VERTEX_POINT('',#3770);
#3770 = CARTESIAN_POINT('',(-2.44,-4.78,7.4));
#3771 = LINE('',#3772,#3773);
#3772 = CARTESIAN_POINT('',(-2.44,-4.78,6.055738799212));
#3773 = VECTOR('',#3774,1.);
#3774 = DIRECTION('',(0.,-0.,1.));
#3775 = ORIENTED_EDGE('',*,*,#3776,.F.);
#3776 = EDGE_CURVE('',#3777,#3769,#3779,.T.);
#3777 = VERTEX_POINT('',#3778);
#3778 = CARTESIAN_POINT('',(-2.64,-4.78,7.4));
#3779 = LINE('',#3780,#3781);
#3780 = CARTESIAN_POINT('',(-2.64,-4.78,7.4));
#3781 = VECTOR('',#3782,1.);
#3782 = DIRECTION('',(1.,-1.110223024625E-16,0.));
#3783 = ORIENTED_EDGE('',*,*,#3784,.F.);
#3784 = EDGE_CURVE('',#3785,#3777,#3787,.T.);
#3785 = VERTEX_POINT('',#3786);
#3786 = CARTESIAN_POINT('',(-2.64,-4.78,0.9));
#3787 = LINE('',#3788,#3789);
#3788 = CARTESIAN_POINT('',(-2.64,-4.78,6.055738799212));
#3789 = VECTOR('',#3790,1.);
#3790 = DIRECTION('',(0.,-0.,1.));
#3791 = ORIENTED_EDGE('',*,*,#3792,.T.);
#3792 = EDGE_CURVE('',#3785,#3793,#3795,.T.);
#3793 = VERTEX_POINT('',#3794);
#3794 = CARTESIAN_POINT('',(-2.84,-4.78,0.9));
#3795 = LINE('',#3796,#3797);
#3796 = CARTESIAN_POINT('',(-2.24,-4.78,0.9));
#3797 = VECTOR('',#3798,1.);
#3798 = DIRECTION('',(-1.,1.110223024625E-16,0.));
#3799 = ORIENTED_EDGE('',*,*,#3800,.F.);
#3800 = EDGE_CURVE('',#1649,#3793,#3801,.T.);
#3801 = LINE('',#3802,#3803);
#3802 = CARTESIAN_POINT('',(-2.84,-4.78,8.2));
#3803 = VECTOR('',#3804,1.);
#3804 = DIRECTION('',(0.,-0.,-1.));
#3805 = PLANE('',#3806);
#3806 = AXIS2_PLACEMENT_3D('',#3807,#3808,#3809);
#3807 = CARTESIAN_POINT('',(-2.24,-4.78,8.2));
#3808 = DIRECTION('',(1.110223024625E-16,1.,0.));
#3809 = DIRECTION('',(-1.,1.110223024625E-16,0.));
#3810 = ADVANCED_FACE('',(#3811),#3829,.F.);
#3811 = FACE_BOUND('',#3812,.F.);
#3812 = EDGE_LOOP('',(#3813,#3814,#3822,#3828));
#3813 = ORIENTED_EDGE('',*,*,#3800,.T.);
#3814 = ORIENTED_EDGE('',*,*,#3815,.T.);
#3815 = EDGE_CURVE('',#3793,#3816,#3818,.T.);
#3816 = VERTEX_POINT('',#3817);
#3817 = CARTESIAN_POINT('',(-2.84,-5.38,0.9));
#3818 = LINE('',#3819,#3820);
#3819 = CARTESIAN_POINT('',(-2.84,-4.78,0.9));
#3820 = VECTOR('',#3821,1.);
#3821 = DIRECTION('',(-1.110223024625E-16,-1.,0.));
#3822 = ORIENTED_EDGE('',*,*,#3823,.F.);
#3823 = EDGE_CURVE('',#1673,#3816,#3824,.T.);
#3824 = LINE('',#3825,#3826);
#3825 = CARTESIAN_POINT('',(-2.84,-5.38,8.2));
#3826 = VECTOR('',#3827,1.);
#3827 = DIRECTION('',(0.,-0.,-1.));
#3828 = ORIENTED_EDGE('',*,*,#1680,.F.);
#3829 = PLANE('',#3830);
#3830 = AXIS2_PLACEMENT_3D('',#3831,#3832,#3833);
#3831 = CARTESIAN_POINT('',(-2.84,-4.78,8.2));
#3832 = DIRECTION('',(-1.,1.110223024625E-16,0.));
#3833 = DIRECTION('',(-1.110223024625E-16,-1.,0.));
#3834 = ADVANCED_FACE('',(#3835),#3878,.F.);
#3835 = FACE_BOUND('',#3836,.F.);
#3836 = EDGE_LOOP('',(#3837,#3838,#3839,#3847,#3855,#3863,#3871,#3877));
#3837 = ORIENTED_EDGE('',*,*,#1697,.F.);
#3838 = ORIENTED_EDGE('',*,*,#3823,.T.);
#3839 = ORIENTED_EDGE('',*,*,#3840,.T.);
#3840 = EDGE_CURVE('',#3816,#3841,#3843,.T.);
#3841 = VERTEX_POINT('',#3842);
#3842 = CARTESIAN_POINT('',(-2.64,-5.38,0.9));
#3843 = LINE('',#3844,#3845);
#3844 = CARTESIAN_POINT('',(-2.84,-5.38,0.9));
#3845 = VECTOR('',#3846,1.);
#3846 = DIRECTION('',(1.,-1.110223024625E-16,0.));
#3847 = ORIENTED_EDGE('',*,*,#3848,.F.);
#3848 = EDGE_CURVE('',#3849,#3841,#3851,.T.);
#3849 = VERTEX_POINT('',#3850);
#3850 = CARTESIAN_POINT('',(-2.64,-5.38,7.4));
#3851 = LINE('',#3852,#3853);
#3852 = CARTESIAN_POINT('',(-2.64,-5.38,6.055738799212));
#3853 = VECTOR('',#3854,1.);
#3854 = DIRECTION('',(-0.,0.,-1.));
#3855 = ORIENTED_EDGE('',*,*,#3856,.T.);
#3856 = EDGE_CURVE('',#3849,#3857,#3859,.T.);
#3857 = VERTEX_POINT('',#3858);
#3858 = CARTESIAN_POINT('',(-2.44,-5.38,7.4));
#3859 = LINE('',#3860,#3861);
#3860 = CARTESIAN_POINT('',(-2.64,-5.38,7.4));
#3861 = VECTOR('',#3862,1.);
#3862 = DIRECTION('',(1.,-1.110223024625E-16,0.));
#3863 = ORIENTED_EDGE('',*,*,#3864,.T.);
#3864 = EDGE_CURVE('',#3857,#3865,#3867,.T.);
#3865 = VERTEX_POINT('',#3866);
#3866 = CARTESIAN_POINT('',(-2.44,-5.38,0.9));
#3867 = LINE('',#3868,#3869);
#3868 = CARTESIAN_POINT('',(-2.44,-5.38,6.055738799212));
#3869 = VECTOR('',#3870,1.);
#3870 = DIRECTION('',(-0.,0.,-1.));
#3871 = ORIENTED_EDGE('',*,*,#3872,.T.);
#3872 = EDGE_CURVE('',#3865,#3728,#3873,.T.);
#3873 = LINE('',#3874,#3875);
#3874 = CARTESIAN_POINT('',(-2.84,-5.38,0.9));
#3875 = VECTOR('',#3876,1.);
#3876 = DIRECTION('',(1.,-1.110223024625E-16,0.));
#3877 = ORIENTED_EDGE('',*,*,#3727,.F.);
#3878 = PLANE('',#3879);
#3879 = AXIS2_PLACEMENT_3D('',#3880,#3881,#3882);
#3880 = CARTESIAN_POINT('',(-2.84,-5.38,8.2));
#3881 = DIRECTION('',(-1.110223024625E-16,-1.,0.));
#3882 = DIRECTION('',(1.,-1.110223024625E-16,0.));
#3883 = ADVANCED_FACE('',(#3884),#3909,.F.);
#3884 = FACE_BOUND('',#3885,.F.);
#3885 = EDGE_LOOP('',(#3886,#3894,#3902,#3908));
#3886 = ORIENTED_EDGE('',*,*,#3887,.T.);
#3887 = EDGE_CURVE('',#1712,#3888,#3890,.T.);
#3888 = VERTEX_POINT('',#3889);
#3889 = CARTESIAN_POINT('',(-2.24,-2.84,0.9));
#3890 = LINE('',#3891,#3892);
#3891 = CARTESIAN_POINT('',(-2.24,-2.84,8.2));
#3892 = VECTOR('',#3893,1.);
#3893 = DIRECTION('',(0.,-0.,-1.));
#3894 = ORIENTED_EDGE('',*,*,#3895,.T.);
#3895 = EDGE_CURVE('',#3888,#3896,#3898,.T.);
#3896 = VERTEX_POINT('',#3897);
#3897 = CARTESIAN_POINT('',(-2.24,-2.24,0.9));
#3898 = LINE('',#3899,#3900);
#3899 = CARTESIAN_POINT('',(-2.24,-2.84,0.9));
#3900 = VECTOR('',#3901,1.);
#3901 = DIRECTION('',(1.110223024625E-16,1.,0.));
#3902 = ORIENTED_EDGE('',*,*,#3903,.F.);
#3903 = EDGE_CURVE('',#1721,#3896,#3904,.T.);
#3904 = LINE('',#3905,#3906);
#3905 = CARTESIAN_POINT('',(-2.24,-2.24,8.2));
#3906 = VECTOR('',#3907,1.);
#3907 = DIRECTION('',(0.,-0.,-1.));
#3908 = ORIENTED_EDGE('',*,*,#1728,.F.);
#3909 = PLANE('',#3910);
#3910 = AXIS2_PLACEMENT_3D('',#3911,#3912,#3913);
#3911 = CARTESIAN_POINT('',(-2.24,-2.84,8.2));
#3912 = DIRECTION('',(1.,-1.110223024625E-16,0.));
#3913 = DIRECTION('',(1.110223024625E-16,1.,0.));
#3914 = ADVANCED_FACE('',(#3915),#3965,.F.);
#3915 = FACE_BOUND('',#3916,.F.);
#3916 = EDGE_LOOP('',(#3917,#3918,#3919,#3927,#3935,#3943,#3951,#3959));
#3917 = ORIENTED_EDGE('',*,*,#1752,.F.);
#3918 = ORIENTED_EDGE('',*,*,#3903,.T.);
#3919 = ORIENTED_EDGE('',*,*,#3920,.T.);
#3920 = EDGE_CURVE('',#3896,#3921,#3923,.T.);
#3921 = VERTEX_POINT('',#3922);
#3922 = CARTESIAN_POINT('',(-2.44,-2.24,0.9));
#3923 = LINE('',#3924,#3925);
#3924 = CARTESIAN_POINT('',(-2.24,-2.24,0.9));
#3925 = VECTOR('',#3926,1.);
#3926 = DIRECTION('',(-1.,1.110223024625E-16,0.));
#3927 = ORIENTED_EDGE('',*,*,#3928,.T.);
#3928 = EDGE_CURVE('',#3921,#3929,#3931,.T.);
#3929 = VERTEX_POINT('',#3930);
#3930 = CARTESIAN_POINT('',(-2.44,-2.24,7.4));
#3931 = LINE('',#3932,#3933);
#3932 = CARTESIAN_POINT('',(-2.44,-2.24,6.055738799212));
#3933 = VECTOR('',#3934,1.);
#3934 = DIRECTION('',(0.,-0.,1.));
#3935 = ORIENTED_EDGE('',*,*,#3936,.F.);
#3936 = EDGE_CURVE('',#3937,#3929,#3939,.T.);
#3937 = VERTEX_POINT('',#3938);
#3938 = CARTESIAN_POINT('',(-2.64,-2.24,7.4));
#3939 = LINE('',#3940,#3941);
#3940 = CARTESIAN_POINT('',(-2.64,-2.24,7.4));
#3941 = VECTOR('',#3942,1.);
#3942 = DIRECTION('',(1.,-1.110223024625E-16,0.));
#3943 = ORIENTED_EDGE('',*,*,#3944,.F.);
#3944 = EDGE_CURVE('',#3945,#3937,#3947,.T.);
#3945 = VERTEX_POINT('',#3946);
#3946 = CARTESIAN_POINT('',(-2.64,-2.24,0.9));
#3947 = LINE('',#3948,#3949);
#3948 = CARTESIAN_POINT('',(-2.64,-2.24,6.055738799212));
#3949 = VECTOR('',#3950,1.);
#3950 = DIRECTION('',(0.,-0.,1.));
#3951 = ORIENTED_EDGE('',*,*,#3952,.T.);
#3952 = EDGE_CURVE('',#3945,#3953,#3955,.T.);
#3953 = VERTEX_POINT('',#3954);
#3954 = CARTESIAN_POINT('',(-2.84,-2.24,0.9));
#3955 = LINE('',#3956,#3957);
#3956 = CARTESIAN_POINT('',(-2.24,-2.24,0.9));
#3957 = VECTOR('',#3958,1.);
#3958 = DIRECTION('',(-1.,1.110223024625E-16,0.));
#3959 = ORIENTED_EDGE('',*,*,#3960,.F.);
#3960 = EDGE_CURVE('',#1745,#3953,#3961,.T.);
#3961 = LINE('',#3962,#3963);
#3962 = CARTESIAN_POINT('',(-2.84,-2.24,8.2));
#3963 = VECTOR('',#3964,1.);
#3964 = DIRECTION('',(0.,-0.,-1.));
#3965 = PLANE('',#3966);
#3966 = AXIS2_PLACEMENT_3D('',#3967,#3968,#3969);
#3967 = CARTESIAN_POINT('',(-2.24,-2.24,8.2));
#3968 = DIRECTION('',(1.110223024625E-16,1.,0.));
#3969 = DIRECTION('',(-1.,1.110223024625E-16,0.));
#3970 = ADVANCED_FACE('',(#3971),#3989,.F.);
#3971 = FACE_BOUND('',#3972,.F.);
#3972 = EDGE_LOOP('',(#3973,#3974,#3982,#3988));
#3973 = ORIENTED_EDGE('',*,*,#3960,.T.);
#3974 = ORIENTED_EDGE('',*,*,#3975,.T.);
#3975 = EDGE_CURVE('',#3953,#3976,#3978,.T.);
#3976 = VERTEX_POINT('',#3977);
#3977 = CARTESIAN_POINT('',(-2.84,-2.84,0.9));
#3978 = LINE('',#3979,#3980);
#3979 = CARTESIAN_POINT('',(-2.84,-2.24,0.9));
#3980 = VECTOR('',#3981,1.);
#3981 = DIRECTION('',(-1.110223024625E-16,-1.,0.));
#3982 = ORIENTED_EDGE('',*,*,#3983,.F.);
#3983 = EDGE_CURVE('',#1769,#3976,#3984,.T.);
#3984 = LINE('',#3985,#3986);
#3985 = CARTESIAN_POINT('',(-2.84,-2.84,8.2));
#3986 = VECTOR('',#3987,1.);
#3987 = DIRECTION('',(0.,-0.,-1.));
#3988 = ORIENTED_EDGE('',*,*,#1776,.F.);
#3989 = PLANE('',#3990);
#3990 = AXIS2_PLACEMENT_3D('',#3991,#3992,#3993);
#3991 = CARTESIAN_POINT('',(-2.84,-2.24,8.2));
#3992 = DIRECTION('',(-1.,1.110223024625E-16,0.));
#3993 = DIRECTION('',(-1.110223024625E-16,-1.,0.));
#3994 = ADVANCED_FACE('',(#3995),#4038,.F.);
#3995 = FACE_BOUND('',#3996,.F.);
#3996 = EDGE_LOOP('',(#3997,#3998,#3999,#4007,#4015,#4023,#4031,#4037));
#3997 = ORIENTED_EDGE('',*,*,#1793,.F.);
#3998 = ORIENTED_EDGE('',*,*,#3983,.T.);
#3999 = ORIENTED_EDGE('',*,*,#4000,.T.);
#4000 = EDGE_CURVE('',#3976,#4001,#4003,.T.);
#4001 = VERTEX_POINT('',#4002);
#4002 = CARTESIAN_POINT('',(-2.64,-2.84,0.9));
#4003 = LINE('',#4004,#4005);
#4004 = CARTESIAN_POINT('',(-2.84,-2.84,0.9));
#4005 = VECTOR('',#4006,1.);
#4006 = DIRECTION('',(1.,-1.110223024625E-16,0.));
#4007 = ORIENTED_EDGE('',*,*,#4008,.F.);
#4008 = EDGE_CURVE('',#4009,#4001,#4011,.T.);
#4009 = VERTEX_POINT('',#4010);
#4010 = CARTESIAN_POINT('',(-2.64,-2.84,7.4));
#4011 = LINE('',#4012,#4013);
#4012 = CARTESIAN_POINT('',(-2.64,-2.84,6.055738799212));
#4013 = VECTOR('',#4014,1.);
#4014 = DIRECTION('',(-0.,0.,-1.));
#4015 = ORIENTED_EDGE('',*,*,#4016,.T.);
#4016 = EDGE_CURVE('',#4009,#4017,#4019,.T.);
#4017 = VERTEX_POINT('',#4018);
#4018 = CARTESIAN_POINT('',(-2.44,-2.84,7.4));
#4019 = LINE('',#4020,#4021);
#4020 = CARTESIAN_POINT('',(-2.64,-2.84,7.4));
#4021 = VECTOR('',#4022,1.);
#4022 = DIRECTION('',(1.,-1.110223024625E-16,0.));
#4023 = ORIENTED_EDGE('',*,*,#4024,.T.);
#4024 = EDGE_CURVE('',#4017,#4025,#4027,.T.);
#4025 = VERTEX_POINT('',#4026);
#4026 = CARTESIAN_POINT('',(-2.44,-2.84,0.9));
#4027 = LINE('',#4028,#4029);
#4028 = CARTESIAN_POINT('',(-2.44,-2.84,6.055738799212));
#4029 = VECTOR('',#4030,1.);
#4030 = DIRECTION('',(-0.,0.,-1.));
#4031 = ORIENTED_EDGE('',*,*,#4032,.T.);
#4032 = EDGE_CURVE('',#4025,#3888,#4033,.T.);
#4033 = LINE('',#4034,#4035);
#4034 = CARTESIAN_POINT('',(-2.84,-2.84,0.9));
#4035 = VECTOR('',#4036,1.);
#4036 = DIRECTION('',(1.,-1.110223024625E-16,0.));
#4037 = ORIENTED_EDGE('',*,*,#3887,.F.);
#4038 = PLANE('',#4039);
#4039 = AXIS2_PLACEMENT_3D('',#4040,#4041,#4042);
#4040 = CARTESIAN_POINT('',(-2.84,-2.84,8.2));
#4041 = DIRECTION('',(-1.110223024625E-16,-1.,0.));
#4042 = DIRECTION('',(1.,-1.110223024625E-16,0.));
#4043 = ADVANCED_FACE('',(#4044),#4069,.F.);
#4044 = FACE_BOUND('',#4045,.F.);
#4045 = EDGE_LOOP('',(#4046,#4054,#4062,#4068));
#4046 = ORIENTED_EDGE('',*,*,#4047,.T.);
#4047 = EDGE_CURVE('',#1808,#4048,#4050,.T.);
#4048 = VERTEX_POINT('',#4049);
#4049 = CARTESIAN_POINT('',(-2.24,-0.3,0.9));
#4050 = LINE('',#4051,#4052);
#4051 = CARTESIAN_POINT('',(-2.24,-0.3,8.2));
#4052 = VECTOR('',#4053,1.);
#4053 = DIRECTION('',(0.,-0.,-1.));
#4054 = ORIENTED_EDGE('',*,*,#4055,.T.);
#4055 = EDGE_CURVE('',#4048,#4056,#4058,.T.);
#4056 = VERTEX_POINT('',#4057);
#4057 = CARTESIAN_POINT('',(-2.24,0.3,0.9));
#4058 = LINE('',#4059,#4060);
#4059 = CARTESIAN_POINT('',(-2.24,-0.3,0.9));
#4060 = VECTOR('',#4061,1.);
#4061 = DIRECTION('',(1.110223024625E-16,1.,0.));
#4062 = ORIENTED_EDGE('',*,*,#4063,.F.);
#4063 = EDGE_CURVE('',#1817,#4056,#4064,.T.);
#4064 = LINE('',#4065,#4066);
#4065 = CARTESIAN_POINT('',(-2.24,0.3,8.2));
#4066 = VECTOR('',#4067,1.);
#4067 = DIRECTION('',(0.,-0.,-1.));
#4068 = ORIENTED_EDGE('',*,*,#1824,.F.);
#4069 = PLANE('',#4070);
#4070 = AXIS2_PLACEMENT_3D('',#4071,#4072,#4073);
#4071 = CARTESIAN_POINT('',(-2.24,-0.3,8.2));
#4072 = DIRECTION('',(1.,-1.110223024625E-16,0.));
#4073 = DIRECTION('',(1.110223024625E-16,1.,0.));
#4074 = ADVANCED_FACE('',(#4075),#4125,.F.);
#4075 = FACE_BOUND('',#4076,.F.);
#4076 = EDGE_LOOP('',(#4077,#4078,#4079,#4087,#4095,#4103,#4111,#4119));
#4077 = ORIENTED_EDGE('',*,*,#1848,.F.);
#4078 = ORIENTED_EDGE('',*,*,#4063,.T.);
#4079 = ORIENTED_EDGE('',*,*,#4080,.T.);
#4080 = EDGE_CURVE('',#4056,#4081,#4083,.T.);
#4081 = VERTEX_POINT('',#4082);
#4082 = CARTESIAN_POINT('',(-2.44,0.3,0.9));
#4083 = LINE('',#4084,#4085);
#4084 = CARTESIAN_POINT('',(-2.24,0.3,0.9));
#4085 = VECTOR('',#4086,1.);
#4086 = DIRECTION('',(-1.,1.110223024625E-16,0.));
#4087 = ORIENTED_EDGE('',*,*,#4088,.T.);
#4088 = EDGE_CURVE('',#4081,#4089,#4091,.T.);
#4089 = VERTEX_POINT('',#4090);
#4090 = CARTESIAN_POINT('',(-2.44,0.3,7.4));
#4091 = LINE('',#4092,#4093);
#4092 = CARTESIAN_POINT('',(-2.44,0.3,6.055738799212));
#4093 = VECTOR('',#4094,1.);
#4094 = DIRECTION('',(0.,-0.,1.));
#4095 = ORIENTED_EDGE('',*,*,#4096,.F.);
#4096 = EDGE_CURVE('',#4097,#4089,#4099,.T.);
#4097 = VERTEX_POINT('',#4098);
#4098 = CARTESIAN_POINT('',(-2.64,0.3,7.4));
#4099 = LINE('',#4100,#4101);
#4100 = CARTESIAN_POINT('',(-2.64,0.3,7.4));
#4101 = VECTOR('',#4102,1.);
#4102 = DIRECTION('',(1.,-1.110223024625E-16,0.));
#4103 = ORIENTED_EDGE('',*,*,#4104,.F.);
#4104 = EDGE_CURVE('',#4105,#4097,#4107,.T.);
#4105 = VERTEX_POINT('',#4106);
#4106 = CARTESIAN_POINT('',(-2.64,0.3,0.9));
#4107 = LINE('',#4108,#4109);
#4108 = CARTESIAN_POINT('',(-2.64,0.3,6.055738799212));
#4109 = VECTOR('',#4110,1.);
#4110 = DIRECTION('',(0.,-0.,1.));
#4111 = ORIENTED_EDGE('',*,*,#4112,.T.);
#4112 = EDGE_CURVE('',#4105,#4113,#4115,.T.);
#4113 = VERTEX_POINT('',#4114);
#4114 = CARTESIAN_POINT('',(-2.84,0.3,0.9));
#4115 = LINE('',#4116,#4117);
#4116 = CARTESIAN_POINT('',(-2.24,0.3,0.9));
#4117 = VECTOR('',#4118,1.);
#4118 = DIRECTION('',(-1.,1.110223024625E-16,0.));
#4119 = ORIENTED_EDGE('',*,*,#4120,.F.);
#4120 = EDGE_CURVE('',#1841,#4113,#4121,.T.);
#4121 = LINE('',#4122,#4123);
#4122 = CARTESIAN_POINT('',(-2.84,0.3,8.2));
#4123 = VECTOR('',#4124,1.);
#4124 = DIRECTION('',(0.,-0.,-1.));
#4125 = PLANE('',#4126);
#4126 = AXIS2_PLACEMENT_3D('',#4127,#4128,#4129);
#4127 = CARTESIAN_POINT('',(-2.24,0.3,8.2));
#4128 = DIRECTION('',(1.110223024625E-16,1.,0.));
#4129 = DIRECTION('',(-1.,1.110223024625E-16,0.));
#4130 = ADVANCED_FACE('',(#4131),#4149,.F.);
#4131 = FACE_BOUND('',#4132,.F.);
#4132 = EDGE_LOOP('',(#4133,#4134,#4142,#4148));
#4133 = ORIENTED_EDGE('',*,*,#4120,.T.);
#4134 = ORIENTED_EDGE('',*,*,#4135,.T.);
#4135 = EDGE_CURVE('',#4113,#4136,#4138,.T.);
#4136 = VERTEX_POINT('',#4137);
#4137 = CARTESIAN_POINT('',(-2.84,-0.3,0.9));
#4138 = LINE('',#4139,#4140);
#4139 = CARTESIAN_POINT('',(-2.84,0.3,0.9));
#4140 = VECTOR('',#4141,1.);
#4141 = DIRECTION('',(-1.110223024625E-16,-1.,0.));
#4142 = ORIENTED_EDGE('',*,*,#4143,.F.);
#4143 = EDGE_CURVE('',#1865,#4136,#4144,.T.);
#4144 = LINE('',#4145,#4146);
#4145 = CARTESIAN_POINT('',(-2.84,-0.3,8.2));
#4146 = VECTOR('',#4147,1.);
#4147 = DIRECTION('',(0.,-0.,-1.));
#4148 = ORIENTED_EDGE('',*,*,#1872,.F.);
#4149 = PLANE('',#4150);
#4150 = AXIS2_PLACEMENT_3D('',#4151,#4152,#4153);
#4151 = CARTESIAN_POINT('',(-2.84,0.3,8.2));
#4152 = DIRECTION('',(-1.,1.110223024625E-16,0.));
#4153 = DIRECTION('',(-1.110223024625E-16,-1.,0.));
#4154 = ADVANCED_FACE('',(#4155),#4198,.F.);
#4155 = FACE_BOUND('',#4156,.F.);
#4156 = EDGE_LOOP('',(#4157,#4158,#4159,#4167,#4175,#4183,#4191,#4197));
#4157 = ORIENTED_EDGE('',*,*,#1889,.F.);
#4158 = ORIENTED_EDGE('',*,*,#4143,.T.);
#4159 = ORIENTED_EDGE('',*,*,#4160,.T.);
#4160 = EDGE_CURVE('',#4136,#4161,#4163,.T.);
#4161 = VERTEX_POINT('',#4162);
#4162 = CARTESIAN_POINT('',(-2.64,-0.3,0.9));
#4163 = LINE('',#4164,#4165);
#4164 = CARTESIAN_POINT('',(-2.84,-0.3,0.9));
#4165 = VECTOR('',#4166,1.);
#4166 = DIRECTION('',(1.,-1.110223024625E-16,0.));
#4167 = ORIENTED_EDGE('',*,*,#4168,.F.);
#4168 = EDGE_CURVE('',#4169,#4161,#4171,.T.);
#4169 = VERTEX_POINT('',#4170);
#4170 = CARTESIAN_POINT('',(-2.64,-0.3,7.4));
#4171 = LINE('',#4172,#4173);
#4172 = CARTESIAN_POINT('',(-2.64,-0.3,6.055738799212));
#4173 = VECTOR('',#4174,1.);
#4174 = DIRECTION('',(-0.,0.,-1.));
#4175 = ORIENTED_EDGE('',*,*,#4176,.T.);
#4176 = EDGE_CURVE('',#4169,#4177,#4179,.T.);
#4177 = VERTEX_POINT('',#4178);
#4178 = CARTESIAN_POINT('',(-2.44,-0.3,7.4));
#4179 = LINE('',#4180,#4181);
#4180 = CARTESIAN_POINT('',(-2.64,-0.3,7.4));
#4181 = VECTOR('',#4182,1.);
#4182 = DIRECTION('',(1.,-1.110223024625E-16,0.));
#4183 = ORIENTED_EDGE('',*,*,#4184,.T.);
#4184 = EDGE_CURVE('',#4177,#4185,#4187,.T.);
#4185 = VERTEX_POINT('',#4186);
#4186 = CARTESIAN_POINT('',(-2.44,-0.3,0.9));
#4187 = LINE('',#4188,#4189);
#4188 = CARTESIAN_POINT('',(-2.44,-0.3,6.055738799212));
#4189 = VECTOR('',#4190,1.);
#4190 = DIRECTION('',(-0.,0.,-1.));
#4191 = ORIENTED_EDGE('',*,*,#4192,.T.);
#4192 = EDGE_CURVE('',#4185,#4048,#4193,.T.);
#4193 = LINE('',#4194,#4195);
#4194 = CARTESIAN_POINT('',(-2.84,-0.3,0.9));
#4195 = VECTOR('',#4196,1.);
#4196 = DIRECTION('',(1.,-1.110223024625E-16,0.));
#4197 = ORIENTED_EDGE('',*,*,#4047,.F.);
#4198 = PLANE('',#4199);
#4199 = AXIS2_PLACEMENT_3D('',#4200,#4201,#4202);
#4200 = CARTESIAN_POINT('',(-2.84,-0.3,8.2));
#4201 = DIRECTION('',(-1.110223024625E-16,-1.,0.));
#4202 = DIRECTION('',(1.,-1.110223024625E-16,0.));
#4203 = ADVANCED_FACE('',(#4204),#4215,.T.);
#4204 = FACE_BOUND('',#4205,.T.);
#4205 = EDGE_LOOP('',(#4206,#4212,#4213,#4214));
#4206 = ORIENTED_EDGE('',*,*,#4207,.T.);
#4207 = EDGE_CURVE('',#1985,#1921,#4208,.T.);
#4208 = LINE('',#4209,#4210);
#4209 = CARTESIAN_POINT('',(0.1,-7.32,-2.5));
#4210 = VECTOR('',#4211,1.);
#4211 = DIRECTION('',(-1.,2.334869823773E-16,0.));
#4212 = ORIENTED_EDGE('',*,*,#1920,.T.);
#4213 = ORIENTED_EDGE('',*,*,#1905,.F.);
#4214 = ORIENTED_EDGE('',*,*,#1984,.F.);
#4215 = PLANE('',#4216);
#4216 = AXIS2_PLACEMENT_3D('',#4217,#4218,#4219);
#4217 = CARTESIAN_POINT('',(0.1,-7.32,-2.5));
#4218 = DIRECTION('',(2.334869823773E-16,1.,0.));
#4219 = DIRECTION('',(0.,-0.,1.));
#4220 = ADVANCED_FACE('',(#4221),#4232,.T.);
#4221 = FACE_BOUND('',#4222,.T.);
#4222 = EDGE_LOOP('',(#4223,#4229,#4230,#4231));
#4223 = ORIENTED_EDGE('',*,*,#4224,.T.);
#4224 = EDGE_CURVE('',#2010,#1946,#4225,.T.);
#4225 = LINE('',#4226,#4227);
#4226 = CARTESIAN_POINT('',(0.1,-7.47,-3.1));
#4227 = VECTOR('',#4228,1.);
#4228 = DIRECTION('',(-1.,2.334869823773E-16,0.));
#4229 = ORIENTED_EDGE('',*,*,#1953,.T.);
#4230 = ORIENTED_EDGE('',*,*,#4207,.F.);
#4231 = ORIENTED_EDGE('',*,*,#2017,.F.);
#4232 = PLANE('',#4233);
#4233 = AXIS2_PLACEMENT_3D('',#4234,#4235,#4236);
#4234 = CARTESIAN_POINT('',(0.1,-7.47,-3.1));
#4235 = DIRECTION('',(2.26515644835E-16,0.970142500145,-0.242535625036)
  );
#4236 = DIRECTION('',(5.662891120873E-17,0.242535625036,0.970142500145)
  );
#4237 = ADVANCED_FACE('',(#4238),#4249,.T.);
#4238 = FACE_BOUND('',#4239,.T.);
#4239 = EDGE_LOOP('',(#4240,#4246,#4247,#4248));
#4240 = ORIENTED_EDGE('',*,*,#4241,.T.);
#4241 = EDGE_CURVE('',#2002,#1938,#4242,.T.);
#4242 = LINE('',#4243,#4244);
#4243 = CARTESIAN_POINT('',(0.1,-7.77,-3.1));
#4244 = VECTOR('',#4245,1.);
#4245 = DIRECTION('',(-1.,2.334869823773E-16,0.));
#4246 = ORIENTED_EDGE('',*,*,#1945,.T.);
#4247 = ORIENTED_EDGE('',*,*,#4224,.F.);
#4248 = ORIENTED_EDGE('',*,*,#2009,.T.);
#4249 = PLANE('',#4250);
#4250 = AXIS2_PLACEMENT_3D('',#4251,#4252,#4253);
#4251 = CARTESIAN_POINT('',(0.1,-7.77,-3.1));
#4252 = DIRECTION('',(0.,0.,-1.));
#4253 = DIRECTION('',(2.334869823773E-16,1.,0.));
#4254 = ADVANCED_FACE('',(#4255),#4266,.T.);
#4255 = FACE_BOUND('',#4256,.T.);
#4256 = EDGE_LOOP('',(#4257,#4263,#4264,#4265));
#4257 = ORIENTED_EDGE('',*,*,#4258,.T.);
#4258 = EDGE_CURVE('',#1994,#1930,#4259,.T.);
#4259 = LINE('',#4260,#4261);
#4260 = CARTESIAN_POINT('',(0.1,-7.92,-2.5));
#4261 = VECTOR('',#4262,1.);
#4262 = DIRECTION('',(-1.,2.334869823773E-16,0.));
#4263 = ORIENTED_EDGE('',*,*,#1937,.T.);
#4264 = ORIENTED_EDGE('',*,*,#4241,.F.);
#4265 = ORIENTED_EDGE('',*,*,#2001,.F.);
#4266 = PLANE('',#4267);
#4267 = AXIS2_PLACEMENT_3D('',#4268,#4269,#4270);
#4268 = CARTESIAN_POINT('',(0.1,-7.92,-2.5));
#4269 = DIRECTION('',(-2.26515644835E-16,-0.970142500145,-0.242535625036
    ));
#4270 = DIRECTION('',(5.662891120873E-17,0.242535625036,-0.970142500145)
  );
#4271 = ADVANCED_FACE('',(#4272),#4278,.T.);
#4272 = FACE_BOUND('',#4273,.T.);
#4273 = EDGE_LOOP('',(#4274,#4275,#4276,#4277));
#4274 = ORIENTED_EDGE('',*,*,#1967,.T.);
#4275 = ORIENTED_EDGE('',*,*,#1929,.T.);
#4276 = ORIENTED_EDGE('',*,*,#4258,.F.);
#4277 = ORIENTED_EDGE('',*,*,#1993,.F.);
#4278 = PLANE('',#4279);
#4279 = AXIS2_PLACEMENT_3D('',#4280,#4281,#4282);
#4280 = CARTESIAN_POINT('',(0.1,-7.92,0.2));
#4281 = DIRECTION('',(-2.334869823773E-16,-1.,0.));
#4282 = DIRECTION('',(-0.,0.,-1.));
#4283 = ADVANCED_FACE('',(#4284),#4295,.T.);
#4284 = FACE_BOUND('',#4285,.T.);
#4285 = EDGE_LOOP('',(#4286,#4292,#4293,#4294));
#4286 = ORIENTED_EDGE('',*,*,#4287,.T.);
#4287 = EDGE_CURVE('',#2113,#2049,#4288,.T.);
#4288 = LINE('',#4289,#4290);
#4289 = CARTESIAN_POINT('',(0.1,-4.78,-2.5));
#4290 = VECTOR('',#4291,1.);
#4291 = DIRECTION('',(-1.,2.334869823773E-16,0.));
#4292 = ORIENTED_EDGE('',*,*,#2048,.T.);
#4293 = ORIENTED_EDGE('',*,*,#2033,.F.);
#4294 = ORIENTED_EDGE('',*,*,#2112,.F.);
#4295 = PLANE('',#4296);
#4296 = AXIS2_PLACEMENT_3D('',#4297,#4298,#4299);
#4297 = CARTESIAN_POINT('',(0.1,-4.78,-2.5));
#4298 = DIRECTION('',(2.334869823773E-16,1.,0.));
#4299 = DIRECTION('',(0.,-0.,1.));
#4300 = ADVANCED_FACE('',(#4301),#4312,.T.);
#4301 = FACE_BOUND('',#4302,.T.);
#4302 = EDGE_LOOP('',(#4303,#4309,#4310,#4311));
#4303 = ORIENTED_EDGE('',*,*,#4304,.T.);
#4304 = EDGE_CURVE('',#2138,#2074,#4305,.T.);
#4305 = LINE('',#4306,#4307);
#4306 = CARTESIAN_POINT('',(0.1,-4.93,-3.1));
#4307 = VECTOR('',#4308,1.);
#4308 = DIRECTION('',(-1.,2.334869823773E-16,0.));
#4309 = ORIENTED_EDGE('',*,*,#2081,.T.);
#4310 = ORIENTED_EDGE('',*,*,#4287,.F.);
#4311 = ORIENTED_EDGE('',*,*,#2145,.F.);
#4312 = PLANE('',#4313);
#4313 = AXIS2_PLACEMENT_3D('',#4314,#4315,#4316);
#4314 = CARTESIAN_POINT('',(0.1,-4.93,-3.1));
#4315 = DIRECTION('',(2.26515644835E-16,0.970142500145,-0.242535625036)
  );
#4316 = DIRECTION('',(5.662891120873E-17,0.242535625036,0.970142500145)
  );
#4317 = ADVANCED_FACE('',(#4318),#4329,.T.);
#4318 = FACE_BOUND('',#4319,.T.);
#4319 = EDGE_LOOP('',(#4320,#4326,#4327,#4328));
#4320 = ORIENTED_EDGE('',*,*,#4321,.T.);
#4321 = EDGE_CURVE('',#2130,#2066,#4322,.T.);
#4322 = LINE('',#4323,#4324);
#4323 = CARTESIAN_POINT('',(0.1,-5.23,-3.1));
#4324 = VECTOR('',#4325,1.);
#4325 = DIRECTION('',(-1.,2.334869823773E-16,0.));
#4326 = ORIENTED_EDGE('',*,*,#2073,.T.);
#4327 = ORIENTED_EDGE('',*,*,#4304,.F.);
#4328 = ORIENTED_EDGE('',*,*,#2137,.T.);
#4329 = PLANE('',#4330);
#4330 = AXIS2_PLACEMENT_3D('',#4331,#4332,#4333);
#4331 = CARTESIAN_POINT('',(0.1,-5.23,-3.1));
#4332 = DIRECTION('',(0.,0.,-1.));
#4333 = DIRECTION('',(2.334869823773E-16,1.,0.));
#4334 = ADVANCED_FACE('',(#4335),#4346,.T.);
#4335 = FACE_BOUND('',#4336,.T.);
#4336 = EDGE_LOOP('',(#4337,#4343,#4344,#4345));
#4337 = ORIENTED_EDGE('',*,*,#4338,.T.);
#4338 = EDGE_CURVE('',#2122,#2058,#4339,.T.);
#4339 = LINE('',#4340,#4341);
#4340 = CARTESIAN_POINT('',(0.1,-5.38,-2.5));
#4341 = VECTOR('',#4342,1.);
#4342 = DIRECTION('',(-1.,2.334869823773E-16,0.));
#4343 = ORIENTED_EDGE('',*,*,#2065,.T.);
#4344 = ORIENTED_EDGE('',*,*,#4321,.F.);
#4345 = ORIENTED_EDGE('',*,*,#2129,.F.);
#4346 = PLANE('',#4347);
#4347 = AXIS2_PLACEMENT_3D('',#4348,#4349,#4350);
#4348 = CARTESIAN_POINT('',(0.1,-5.38,-2.5));
#4349 = DIRECTION('',(-2.26515644835E-16,-0.970142500145,-0.242535625036
    ));
#4350 = DIRECTION('',(5.662891120873E-17,0.242535625036,-0.970142500145)
  );
#4351 = ADVANCED_FACE('',(#4352),#4358,.T.);
#4352 = FACE_BOUND('',#4353,.T.);
#4353 = EDGE_LOOP('',(#4354,#4355,#4356,#4357));
#4354 = ORIENTED_EDGE('',*,*,#2095,.T.);
#4355 = ORIENTED_EDGE('',*,*,#2057,.T.);
#4356 = ORIENTED_EDGE('',*,*,#4338,.F.);
#4357 = ORIENTED_EDGE('',*,*,#2121,.F.);
#4358 = PLANE('',#4359);
#4359 = AXIS2_PLACEMENT_3D('',#4360,#4361,#4362);
#4360 = CARTESIAN_POINT('',(0.1,-5.38,0.2));
#4361 = DIRECTION('',(-2.334869823773E-16,-1.,0.));
#4362 = DIRECTION('',(-0.,0.,-1.));
#4363 = ADVANCED_FACE('',(#4364),#4375,.T.);
#4364 = FACE_BOUND('',#4365,.T.);
#4365 = EDGE_LOOP('',(#4366,#4372,#4373,#4374));
#4366 = ORIENTED_EDGE('',*,*,#4367,.T.);
#4367 = EDGE_CURVE('',#2241,#2177,#4368,.T.);
#4368 = LINE('',#4369,#4370);
#4369 = CARTESIAN_POINT('',(0.1,-2.24,-2.5));
#4370 = VECTOR('',#4371,1.);
#4371 = DIRECTION('',(-1.,2.334869823773E-16,0.));
#4372 = ORIENTED_EDGE('',*,*,#2176,.T.);
#4373 = ORIENTED_EDGE('',*,*,#2161,.F.);
#4374 = ORIENTED_EDGE('',*,*,#2240,.F.);
#4375 = PLANE('',#4376);
#4376 = AXIS2_PLACEMENT_3D('',#4377,#4378,#4379);
#4377 = CARTESIAN_POINT('',(0.1,-2.24,-2.5));
#4378 = DIRECTION('',(2.334869823773E-16,1.,0.));
#4379 = DIRECTION('',(0.,-0.,1.));
#4380 = ADVANCED_FACE('',(#4381),#4392,.T.);
#4381 = FACE_BOUND('',#4382,.T.);
#4382 = EDGE_LOOP('',(#4383,#4389,#4390,#4391));
#4383 = ORIENTED_EDGE('',*,*,#4384,.T.);
#4384 = EDGE_CURVE('',#2266,#2202,#4385,.T.);
#4385 = LINE('',#4386,#4387);
#4386 = CARTESIAN_POINT('',(0.1,-2.39,-3.1));
#4387 = VECTOR('',#4388,1.);
#4388 = DIRECTION('',(-1.,2.334869823773E-16,0.));
#4389 = ORIENTED_EDGE('',*,*,#2209,.T.);
#4390 = ORIENTED_EDGE('',*,*,#4367,.F.);
#4391 = ORIENTED_EDGE('',*,*,#2273,.F.);
#4392 = PLANE('',#4393);
#4393 = AXIS2_PLACEMENT_3D('',#4394,#4395,#4396);
#4394 = CARTESIAN_POINT('',(0.1,-2.39,-3.1));
#4395 = DIRECTION('',(2.26515644835E-16,0.970142500145,-0.242535625036)
  );
#4396 = DIRECTION('',(5.662891120873E-17,0.242535625036,0.970142500145)
  );
#4397 = ADVANCED_FACE('',(#4398),#4409,.T.);
#4398 = FACE_BOUND('',#4399,.T.);
#4399 = EDGE_LOOP('',(#4400,#4406,#4407,#4408));
#4400 = ORIENTED_EDGE('',*,*,#4401,.T.);
#4401 = EDGE_CURVE('',#2258,#2194,#4402,.T.);
#4402 = LINE('',#4403,#4404);
#4403 = CARTESIAN_POINT('',(0.1,-2.69,-3.1));
#4404 = VECTOR('',#4405,1.);
#4405 = DIRECTION('',(-1.,2.334869823773E-16,0.));
#4406 = ORIENTED_EDGE('',*,*,#2201,.T.);
#4407 = ORIENTED_EDGE('',*,*,#4384,.F.);
#4408 = ORIENTED_EDGE('',*,*,#2265,.T.);
#4409 = PLANE('',#4410);
#4410 = AXIS2_PLACEMENT_3D('',#4411,#4412,#4413);
#4411 = CARTESIAN_POINT('',(0.1,-2.69,-3.1));
#4412 = DIRECTION('',(0.,0.,-1.));
#4413 = DIRECTION('',(2.334869823773E-16,1.,0.));
#4414 = ADVANCED_FACE('',(#4415),#4426,.T.);
#4415 = FACE_BOUND('',#4416,.T.);
#4416 = EDGE_LOOP('',(#4417,#4423,#4424,#4425));
#4417 = ORIENTED_EDGE('',*,*,#4418,.T.);
#4418 = EDGE_CURVE('',#2250,#2186,#4419,.T.);
#4419 = LINE('',#4420,#4421);
#4420 = CARTESIAN_POINT('',(0.1,-2.84,-2.5));
#4421 = VECTOR('',#4422,1.);
#4422 = DIRECTION('',(-1.,2.334869823773E-16,0.));
#4423 = ORIENTED_EDGE('',*,*,#2193,.T.);
#4424 = ORIENTED_EDGE('',*,*,#4401,.F.);
#4425 = ORIENTED_EDGE('',*,*,#2257,.F.);
#4426 = PLANE('',#4427);
#4427 = AXIS2_PLACEMENT_3D('',#4428,#4429,#4430);
#4428 = CARTESIAN_POINT('',(0.1,-2.84,-2.5));
#4429 = DIRECTION('',(-2.26515644835E-16,-0.970142500145,-0.242535625036
    ));
#4430 = DIRECTION('',(5.662891120873E-17,0.242535625036,-0.970142500145)
  );
#4431 = ADVANCED_FACE('',(#4432),#4438,.T.);
#4432 = FACE_BOUND('',#4433,.T.);
#4433 = EDGE_LOOP('',(#4434,#4435,#4436,#4437));
#4434 = ORIENTED_EDGE('',*,*,#2223,.T.);
#4435 = ORIENTED_EDGE('',*,*,#2185,.T.);
#4436 = ORIENTED_EDGE('',*,*,#4418,.F.);
#4437 = ORIENTED_EDGE('',*,*,#2249,.F.);
#4438 = PLANE('',#4439);
#4439 = AXIS2_PLACEMENT_3D('',#4440,#4441,#4442);
#4440 = CARTESIAN_POINT('',(0.1,-2.84,0.2));
#4441 = DIRECTION('',(-2.334869823773E-16,-1.,0.));
#4442 = DIRECTION('',(-0.,0.,-1.));
#4443 = ADVANCED_FACE('',(#4444),#4455,.T.);
#4444 = FACE_BOUND('',#4445,.T.);
#4445 = EDGE_LOOP('',(#4446,#4452,#4453,#4454));
#4446 = ORIENTED_EDGE('',*,*,#4447,.T.);
#4447 = EDGE_CURVE('',#2369,#2305,#4448,.T.);
#4448 = LINE('',#4449,#4450);
#4449 = CARTESIAN_POINT('',(0.1,0.3,-2.5));
#4450 = VECTOR('',#4451,1.);
#4451 = DIRECTION('',(-1.,2.334869823773E-16,0.));
#4452 = ORIENTED_EDGE('',*,*,#2304,.T.);
#4453 = ORIENTED_EDGE('',*,*,#2289,.F.);
#4454 = ORIENTED_EDGE('',*,*,#2368,.F.);
#4455 = PLANE('',#4456);
#4456 = AXIS2_PLACEMENT_3D('',#4457,#4458,#4459);
#4457 = CARTESIAN_POINT('',(0.1,0.3,-2.5));
#4458 = DIRECTION('',(2.334869823773E-16,1.,0.));
#4459 = DIRECTION('',(0.,-0.,1.));
#4460 = ADVANCED_FACE('',(#4461),#4472,.T.);
#4461 = FACE_BOUND('',#4462,.T.);
#4462 = EDGE_LOOP('',(#4463,#4469,#4470,#4471));
#4463 = ORIENTED_EDGE('',*,*,#4464,.T.);
#4464 = EDGE_CURVE('',#2394,#2330,#4465,.T.);
#4465 = LINE('',#4466,#4467);
#4466 = CARTESIAN_POINT('',(0.1,0.15,-3.1));
#4467 = VECTOR('',#4468,1.);
#4468 = DIRECTION('',(-1.,2.334869823773E-16,0.));
#4469 = ORIENTED_EDGE('',*,*,#2337,.T.);
#4470 = ORIENTED_EDGE('',*,*,#4447,.F.);
#4471 = ORIENTED_EDGE('',*,*,#2401,.F.);
#4472 = PLANE('',#4473);
#4473 = AXIS2_PLACEMENT_3D('',#4474,#4475,#4476);
#4474 = CARTESIAN_POINT('',(0.1,0.15,-3.1));
#4475 = DIRECTION('',(2.26515644835E-16,0.970142500145,-0.242535625036)
  );
#4476 = DIRECTION('',(5.662891120873E-17,0.242535625036,0.970142500145)
  );
#4477 = ADVANCED_FACE('',(#4478),#4489,.T.);
#4478 = FACE_BOUND('',#4479,.T.);
#4479 = EDGE_LOOP('',(#4480,#4486,#4487,#4488));
#4480 = ORIENTED_EDGE('',*,*,#4481,.T.);
#4481 = EDGE_CURVE('',#2386,#2322,#4482,.T.);
#4482 = LINE('',#4483,#4484);
#4483 = CARTESIAN_POINT('',(0.1,-0.15,-3.1));
#4484 = VECTOR('',#4485,1.);
#4485 = DIRECTION('',(-1.,2.334869823773E-16,0.));
#4486 = ORIENTED_EDGE('',*,*,#2329,.T.);
#4487 = ORIENTED_EDGE('',*,*,#4464,.F.);
#4488 = ORIENTED_EDGE('',*,*,#2393,.T.);
#4489 = PLANE('',#4490);
#4490 = AXIS2_PLACEMENT_3D('',#4491,#4492,#4493);
#4491 = CARTESIAN_POINT('',(0.1,-0.15,-3.1));
#4492 = DIRECTION('',(0.,0.,-1.));
#4493 = DIRECTION('',(2.334869823773E-16,1.,0.));
#4494 = ADVANCED_FACE('',(#4495),#4506,.T.);
#4495 = FACE_BOUND('',#4496,.T.);
#4496 = EDGE_LOOP('',(#4497,#4503,#4504,#4505));
#4497 = ORIENTED_EDGE('',*,*,#4498,.T.);
#4498 = EDGE_CURVE('',#2378,#2314,#4499,.T.);
#4499 = LINE('',#4500,#4501);
#4500 = CARTESIAN_POINT('',(0.1,-0.3,-2.5));
#4501 = VECTOR('',#4502,1.);
#4502 = DIRECTION('',(-1.,2.334869823773E-16,0.));
#4503 = ORIENTED_EDGE('',*,*,#2321,.T.);
#4504 = ORIENTED_EDGE('',*,*,#4481,.F.);
#4505 = ORIENTED_EDGE('',*,*,#2385,.F.);
#4506 = PLANE('',#4507);
#4507 = AXIS2_PLACEMENT_3D('',#4508,#4509,#4510);
#4508 = CARTESIAN_POINT('',(0.1,-0.3,-2.5));
#4509 = DIRECTION('',(-2.26515644835E-16,-0.970142500145,-0.242535625036
    ));
#4510 = DIRECTION('',(5.662891120873E-17,0.242535625036,-0.970142500145)
  );
#4511 = ADVANCED_FACE('',(#4512),#4518,.T.);
#4512 = FACE_BOUND('',#4513,.T.);
#4513 = EDGE_LOOP('',(#4514,#4515,#4516,#4517));
#4514 = ORIENTED_EDGE('',*,*,#2351,.T.);
#4515 = ORIENTED_EDGE('',*,*,#2313,.T.);
#4516 = ORIENTED_EDGE('',*,*,#4498,.F.);
#4517 = ORIENTED_EDGE('',*,*,#2377,.F.);
#4518 = PLANE('',#4519);
#4519 = AXIS2_PLACEMENT_3D('',#4520,#4521,#4522);
#4520 = CARTESIAN_POINT('',(0.1,-0.3,0.2));
#4521 = DIRECTION('',(-2.334869823773E-16,-1.,0.));
#4522 = DIRECTION('',(-0.,0.,-1.));
#4523 = ADVANCED_FACE('',(#4524),#4535,.T.);
#4524 = FACE_BOUND('',#4525,.T.);
#4525 = EDGE_LOOP('',(#4526,#4532,#4533,#4534));
#4526 = ORIENTED_EDGE('',*,*,#4527,.T.);
#4527 = EDGE_CURVE('',#2497,#2433,#4528,.T.);
#4528 = LINE('',#4529,#4530);
#4529 = CARTESIAN_POINT('',(-2.64,-7.92,-2.5));
#4530 = VECTOR('',#4531,1.);
#4531 = DIRECTION('',(1.,-1.110223024625E-16,0.));
#4532 = ORIENTED_EDGE('',*,*,#2432,.T.);
#4533 = ORIENTED_EDGE('',*,*,#2417,.F.);
#4534 = ORIENTED_EDGE('',*,*,#2496,.F.);
#4535 = PLANE('',#4536);
#4536 = AXIS2_PLACEMENT_3D('',#4537,#4538,#4539);
#4537 = CARTESIAN_POINT('',(-2.64,-7.92,-2.5));
#4538 = DIRECTION('',(-1.110223024625E-16,-1.,0.));
#4539 = DIRECTION('',(0.,0.,1.));
#4540 = ADVANCED_FACE('',(#4541),#4552,.T.);
#4541 = FACE_BOUND('',#4542,.T.);
#4542 = EDGE_LOOP('',(#4543,#4549,#4550,#4551));
#4543 = ORIENTED_EDGE('',*,*,#4544,.T.);
#4544 = EDGE_CURVE('',#2522,#2458,#4545,.T.);
#4545 = LINE('',#4546,#4547);
#4546 = CARTESIAN_POINT('',(-2.64,-7.77,-3.1));
#4547 = VECTOR('',#4548,1.);
#4548 = DIRECTION('',(1.,-1.110223024625E-16,0.));
#4549 = ORIENTED_EDGE('',*,*,#2465,.T.);
#4550 = ORIENTED_EDGE('',*,*,#4527,.F.);
#4551 = ORIENTED_EDGE('',*,*,#2529,.F.);
#4552 = PLANE('',#4553);
#4553 = AXIS2_PLACEMENT_3D('',#4554,#4555,#4556);
#4554 = CARTESIAN_POINT('',(-2.64,-7.77,-3.1));
#4555 = DIRECTION('',(-1.077074540829E-16,-0.970142500145,
    -0.242535625036));
#4556 = DIRECTION('',(-2.692686352073E-17,-0.242535625036,0.970142500145
    ));
#4557 = ADVANCED_FACE('',(#4558),#4569,.T.);
#4558 = FACE_BOUND('',#4559,.T.);
#4559 = EDGE_LOOP('',(#4560,#4566,#4567,#4568));
#4560 = ORIENTED_EDGE('',*,*,#4561,.T.);
#4561 = EDGE_CURVE('',#2514,#2450,#4562,.T.);
#4562 = LINE('',#4563,#4564);
#4563 = CARTESIAN_POINT('',(-2.64,-7.47,-3.1));
#4564 = VECTOR('',#4565,1.);
#4565 = DIRECTION('',(1.,-1.110223024625E-16,0.));
#4566 = ORIENTED_EDGE('',*,*,#2457,.T.);
#4567 = ORIENTED_EDGE('',*,*,#4544,.F.);
#4568 = ORIENTED_EDGE('',*,*,#2521,.T.);
#4569 = PLANE('',#4570);
#4570 = AXIS2_PLACEMENT_3D('',#4571,#4572,#4573);
#4571 = CARTESIAN_POINT('',(-2.64,-7.47,-3.1));
#4572 = DIRECTION('',(0.,-0.,-1.));
#4573 = DIRECTION('',(-1.110223024625E-16,-1.,0.));
#4574 = ADVANCED_FACE('',(#4575),#4586,.T.);
#4575 = FACE_BOUND('',#4576,.T.);
#4576 = EDGE_LOOP('',(#4577,#4583,#4584,#4585));
#4577 = ORIENTED_EDGE('',*,*,#4578,.T.);
#4578 = EDGE_CURVE('',#2506,#2442,#4579,.T.);
#4579 = LINE('',#4580,#4581);
#4580 = CARTESIAN_POINT('',(-2.64,-7.32,-2.5));
#4581 = VECTOR('',#4582,1.);
#4582 = DIRECTION('',(1.,-1.110223024625E-16,0.));
#4583 = ORIENTED_EDGE('',*,*,#2449,.T.);
#4584 = ORIENTED_EDGE('',*,*,#4561,.F.);
#4585 = ORIENTED_EDGE('',*,*,#2513,.F.);
#4586 = PLANE('',#4587);
#4587 = AXIS2_PLACEMENT_3D('',#4588,#4589,#4590);
#4588 = CARTESIAN_POINT('',(-2.64,-7.32,-2.5));
#4589 = DIRECTION('',(1.077074540829E-16,0.970142500145,-0.242535625036)
  );
#4590 = DIRECTION('',(-2.692686352073E-17,-0.242535625036,
    -0.970142500145));
#4591 = ADVANCED_FACE('',(#4592),#4598,.T.);
#4592 = FACE_BOUND('',#4593,.T.);
#4593 = EDGE_LOOP('',(#4594,#4595,#4596,#4597));
#4594 = ORIENTED_EDGE('',*,*,#2479,.T.);
#4595 = ORIENTED_EDGE('',*,*,#2441,.T.);
#4596 = ORIENTED_EDGE('',*,*,#4578,.F.);
#4597 = ORIENTED_EDGE('',*,*,#2505,.F.);
#4598 = PLANE('',#4599);
#4599 = AXIS2_PLACEMENT_3D('',#4600,#4601,#4602);
#4600 = CARTESIAN_POINT('',(-2.64,-7.32,0.2));
#4601 = DIRECTION('',(1.110223024625E-16,1.,0.));
#4602 = DIRECTION('',(0.,0.,-1.));
#4603 = ADVANCED_FACE('',(#4604),#4615,.T.);
#4604 = FACE_BOUND('',#4605,.T.);
#4605 = EDGE_LOOP('',(#4606,#4612,#4613,#4614));
#4606 = ORIENTED_EDGE('',*,*,#4607,.T.);
#4607 = EDGE_CURVE('',#2625,#2561,#4608,.T.);
#4608 = LINE('',#4609,#4610);
#4609 = CARTESIAN_POINT('',(-2.64,-5.38,-2.5));
#4610 = VECTOR('',#4611,1.);
#4611 = DIRECTION('',(1.,-1.110223024625E-16,0.));
#4612 = ORIENTED_EDGE('',*,*,#2560,.T.);
#4613 = ORIENTED_EDGE('',*,*,#2545,.F.);
#4614 = ORIENTED_EDGE('',*,*,#2624,.F.);
#4615 = PLANE('',#4616);
#4616 = AXIS2_PLACEMENT_3D('',#4617,#4618,#4619);
#4617 = CARTESIAN_POINT('',(-2.64,-5.38,-2.5));
#4618 = DIRECTION('',(-1.110223024625E-16,-1.,0.));
#4619 = DIRECTION('',(0.,0.,1.));
#4620 = ADVANCED_FACE('',(#4621),#4632,.T.);
#4621 = FACE_BOUND('',#4622,.T.);
#4622 = EDGE_LOOP('',(#4623,#4629,#4630,#4631));
#4623 = ORIENTED_EDGE('',*,*,#4624,.T.);
#4624 = EDGE_CURVE('',#2650,#2586,#4625,.T.);
#4625 = LINE('',#4626,#4627);
#4626 = CARTESIAN_POINT('',(-2.64,-5.23,-3.1));
#4627 = VECTOR('',#4628,1.);
#4628 = DIRECTION('',(1.,-1.110223024625E-16,0.));
#4629 = ORIENTED_EDGE('',*,*,#2593,.T.);
#4630 = ORIENTED_EDGE('',*,*,#4607,.F.);
#4631 = ORIENTED_EDGE('',*,*,#2657,.F.);
#4632 = PLANE('',#4633);
#4633 = AXIS2_PLACEMENT_3D('',#4634,#4635,#4636);
#4634 = CARTESIAN_POINT('',(-2.64,-5.23,-3.1));
#4635 = DIRECTION('',(-1.077074540829E-16,-0.970142500145,
    -0.242535625036));
#4636 = DIRECTION('',(-2.692686352073E-17,-0.242535625036,0.970142500145
    ));
#4637 = ADVANCED_FACE('',(#4638),#4649,.T.);
#4638 = FACE_BOUND('',#4639,.T.);
#4639 = EDGE_LOOP('',(#4640,#4646,#4647,#4648));
#4640 = ORIENTED_EDGE('',*,*,#4641,.T.);
#4641 = EDGE_CURVE('',#2642,#2578,#4642,.T.);
#4642 = LINE('',#4643,#4644);
#4643 = CARTESIAN_POINT('',(-2.64,-4.93,-3.1));
#4644 = VECTOR('',#4645,1.);
#4645 = DIRECTION('',(1.,-1.110223024625E-16,0.));
#4646 = ORIENTED_EDGE('',*,*,#2585,.T.);
#4647 = ORIENTED_EDGE('',*,*,#4624,.F.);
#4648 = ORIENTED_EDGE('',*,*,#2649,.T.);
#4649 = PLANE('',#4650);
#4650 = AXIS2_PLACEMENT_3D('',#4651,#4652,#4653);
#4651 = CARTESIAN_POINT('',(-2.64,-4.93,-3.1));
#4652 = DIRECTION('',(0.,-0.,-1.));
#4653 = DIRECTION('',(-1.110223024625E-16,-1.,0.));
#4654 = ADVANCED_FACE('',(#4655),#4666,.T.);
#4655 = FACE_BOUND('',#4656,.T.);
#4656 = EDGE_LOOP('',(#4657,#4663,#4664,#4665));
#4657 = ORIENTED_EDGE('',*,*,#4658,.T.);
#4658 = EDGE_CURVE('',#2634,#2570,#4659,.T.);
#4659 = LINE('',#4660,#4661);
#4660 = CARTESIAN_POINT('',(-2.64,-4.78,-2.5));
#4661 = VECTOR('',#4662,1.);
#4662 = DIRECTION('',(1.,-1.110223024625E-16,0.));
#4663 = ORIENTED_EDGE('',*,*,#2577,.T.);
#4664 = ORIENTED_EDGE('',*,*,#4641,.F.);
#4665 = ORIENTED_EDGE('',*,*,#2641,.F.);
#4666 = PLANE('',#4667);
#4667 = AXIS2_PLACEMENT_3D('',#4668,#4669,#4670);
#4668 = CARTESIAN_POINT('',(-2.64,-4.78,-2.5));
#4669 = DIRECTION('',(1.077074540829E-16,0.970142500145,-0.242535625036)
  );
#4670 = DIRECTION('',(-2.692686352073E-17,-0.242535625036,
    -0.970142500145));
#4671 = ADVANCED_FACE('',(#4672),#4678,.T.);
#4672 = FACE_BOUND('',#4673,.T.);
#4673 = EDGE_LOOP('',(#4674,#4675,#4676,#4677));
#4674 = ORIENTED_EDGE('',*,*,#2607,.T.);
#4675 = ORIENTED_EDGE('',*,*,#2569,.T.);
#4676 = ORIENTED_EDGE('',*,*,#4658,.F.);
#4677 = ORIENTED_EDGE('',*,*,#2633,.F.);
#4678 = PLANE('',#4679);
#4679 = AXIS2_PLACEMENT_3D('',#4680,#4681,#4682);
#4680 = CARTESIAN_POINT('',(-2.64,-4.78,0.2));
#4681 = DIRECTION('',(1.110223024625E-16,1.,0.));
#4682 = DIRECTION('',(0.,0.,-1.));
#4683 = ADVANCED_FACE('',(#4684),#4695,.T.);
#4684 = FACE_BOUND('',#4685,.T.);
#4685 = EDGE_LOOP('',(#4686,#4692,#4693,#4694));
#4686 = ORIENTED_EDGE('',*,*,#4687,.T.);
#4687 = EDGE_CURVE('',#2753,#2689,#4688,.T.);
#4688 = LINE('',#4689,#4690);
#4689 = CARTESIAN_POINT('',(-2.64,-2.84,-2.5));
#4690 = VECTOR('',#4691,1.);
#4691 = DIRECTION('',(1.,-1.110223024625E-16,0.));
#4692 = ORIENTED_EDGE('',*,*,#2688,.T.);
#4693 = ORIENTED_EDGE('',*,*,#2673,.F.);
#4694 = ORIENTED_EDGE('',*,*,#2752,.F.);
#4695 = PLANE('',#4696);
#4696 = AXIS2_PLACEMENT_3D('',#4697,#4698,#4699);
#4697 = CARTESIAN_POINT('',(-2.64,-2.84,-2.5));
#4698 = DIRECTION('',(-1.110223024625E-16,-1.,0.));
#4699 = DIRECTION('',(0.,0.,1.));
#4700 = ADVANCED_FACE('',(#4701),#4712,.T.);
#4701 = FACE_BOUND('',#4702,.T.);
#4702 = EDGE_LOOP('',(#4703,#4709,#4710,#4711));
#4703 = ORIENTED_EDGE('',*,*,#4704,.T.);
#4704 = EDGE_CURVE('',#2778,#2714,#4705,.T.);
#4705 = LINE('',#4706,#4707);
#4706 = CARTESIAN_POINT('',(-2.64,-2.69,-3.1));
#4707 = VECTOR('',#4708,1.);
#4708 = DIRECTION('',(1.,-1.110223024625E-16,0.));
#4709 = ORIENTED_EDGE('',*,*,#2721,.T.);
#4710 = ORIENTED_EDGE('',*,*,#4687,.F.);
#4711 = ORIENTED_EDGE('',*,*,#2785,.F.);
#4712 = PLANE('',#4713);
#4713 = AXIS2_PLACEMENT_3D('',#4714,#4715,#4716);
#4714 = CARTESIAN_POINT('',(-2.64,-2.69,-3.1));
#4715 = DIRECTION('',(-1.077074540829E-16,-0.970142500145,
    -0.242535625036));
#4716 = DIRECTION('',(-2.692686352073E-17,-0.242535625036,0.970142500145
    ));
#4717 = ADVANCED_FACE('',(#4718),#4729,.T.);
#4718 = FACE_BOUND('',#4719,.T.);
#4719 = EDGE_LOOP('',(#4720,#4726,#4727,#4728));
#4720 = ORIENTED_EDGE('',*,*,#4721,.T.);
#4721 = EDGE_CURVE('',#2770,#2706,#4722,.T.);
#4722 = LINE('',#4723,#4724);
#4723 = CARTESIAN_POINT('',(-2.64,-2.39,-3.1));
#4724 = VECTOR('',#4725,1.);
#4725 = DIRECTION('',(1.,-1.110223024625E-16,0.));
#4726 = ORIENTED_EDGE('',*,*,#2713,.T.);
#4727 = ORIENTED_EDGE('',*,*,#4704,.F.);
#4728 = ORIENTED_EDGE('',*,*,#2777,.T.);
#4729 = PLANE('',#4730);
#4730 = AXIS2_PLACEMENT_3D('',#4731,#4732,#4733);
#4731 = CARTESIAN_POINT('',(-2.64,-2.39,-3.1));
#4732 = DIRECTION('',(0.,-0.,-1.));
#4733 = DIRECTION('',(-1.110223024625E-16,-1.,0.));
#4734 = ADVANCED_FACE('',(#4735),#4746,.T.);
#4735 = FACE_BOUND('',#4736,.T.);
#4736 = EDGE_LOOP('',(#4737,#4743,#4744,#4745));
#4737 = ORIENTED_EDGE('',*,*,#4738,.T.);
#4738 = EDGE_CURVE('',#2762,#2698,#4739,.T.);
#4739 = LINE('',#4740,#4741);
#4740 = CARTESIAN_POINT('',(-2.64,-2.24,-2.5));
#4741 = VECTOR('',#4742,1.);
#4742 = DIRECTION('',(1.,-1.110223024625E-16,0.));
#4743 = ORIENTED_EDGE('',*,*,#2705,.T.);
#4744 = ORIENTED_EDGE('',*,*,#4721,.F.);
#4745 = ORIENTED_EDGE('',*,*,#2769,.F.);
#4746 = PLANE('',#4747);
#4747 = AXIS2_PLACEMENT_3D('',#4748,#4749,#4750);
#4748 = CARTESIAN_POINT('',(-2.64,-2.24,-2.5));
#4749 = DIRECTION('',(1.077074540829E-16,0.970142500145,-0.242535625036)
  );
#4750 = DIRECTION('',(-2.692686352073E-17,-0.242535625036,
    -0.970142500145));
#4751 = ADVANCED_FACE('',(#4752),#4758,.T.);
#4752 = FACE_BOUND('',#4753,.T.);
#4753 = EDGE_LOOP('',(#4754,#4755,#4756,#4757));
#4754 = ORIENTED_EDGE('',*,*,#2735,.T.);
#4755 = ORIENTED_EDGE('',*,*,#2697,.T.);
#4756 = ORIENTED_EDGE('',*,*,#4738,.F.);
#4757 = ORIENTED_EDGE('',*,*,#2761,.F.);
#4758 = PLANE('',#4759);
#4759 = AXIS2_PLACEMENT_3D('',#4760,#4761,#4762);
#4760 = CARTESIAN_POINT('',(-2.64,-2.24,0.2));
#4761 = DIRECTION('',(1.110223024625E-16,1.,0.));
#4762 = DIRECTION('',(0.,0.,-1.));
#4763 = ADVANCED_FACE('',(#4764),#4775,.T.);
#4764 = FACE_BOUND('',#4765,.T.);
#4765 = EDGE_LOOP('',(#4766,#4772,#4773,#4774));
#4766 = ORIENTED_EDGE('',*,*,#4767,.T.);
#4767 = EDGE_CURVE('',#2881,#2817,#4768,.T.);
#4768 = LINE('',#4769,#4770);
#4769 = CARTESIAN_POINT('',(-2.64,-0.3,-2.5));
#4770 = VECTOR('',#4771,1.);
#4771 = DIRECTION('',(1.,-1.110223024625E-16,0.));
#4772 = ORIENTED_EDGE('',*,*,#2816,.T.);
#4773 = ORIENTED_EDGE('',*,*,#2801,.F.);
#4774 = ORIENTED_EDGE('',*,*,#2880,.F.);
#4775 = PLANE('',#4776);
#4776 = AXIS2_PLACEMENT_3D('',#4777,#4778,#4779);
#4777 = CARTESIAN_POINT('',(-2.64,-0.3,-2.5));
#4778 = DIRECTION('',(-1.110223024625E-16,-1.,0.));
#4779 = DIRECTION('',(0.,0.,1.));
#4780 = ADVANCED_FACE('',(#4781),#4792,.T.);
#4781 = FACE_BOUND('',#4782,.T.);
#4782 = EDGE_LOOP('',(#4783,#4789,#4790,#4791));
#4783 = ORIENTED_EDGE('',*,*,#4784,.T.);
#4784 = EDGE_CURVE('',#2906,#2842,#4785,.T.);
#4785 = LINE('',#4786,#4787);
#4786 = CARTESIAN_POINT('',(-2.64,-0.15,-3.1));
#4787 = VECTOR('',#4788,1.);
#4788 = DIRECTION('',(1.,-1.110223024625E-16,0.));
#4789 = ORIENTED_EDGE('',*,*,#2849,.T.);
#4790 = ORIENTED_EDGE('',*,*,#4767,.F.);
#4791 = ORIENTED_EDGE('',*,*,#2913,.F.);
#4792 = PLANE('',#4793);
#4793 = AXIS2_PLACEMENT_3D('',#4794,#4795,#4796);
#4794 = CARTESIAN_POINT('',(-2.64,-0.15,-3.1));
#4795 = DIRECTION('',(-1.077074540829E-16,-0.970142500145,
    -0.242535625036));
#4796 = DIRECTION('',(-2.692686352073E-17,-0.242535625036,0.970142500145
    ));
#4797 = ADVANCED_FACE('',(#4798),#4809,.T.);
#4798 = FACE_BOUND('',#4799,.T.);
#4799 = EDGE_LOOP('',(#4800,#4806,#4807,#4808));
#4800 = ORIENTED_EDGE('',*,*,#4801,.T.);
#4801 = EDGE_CURVE('',#2898,#2834,#4802,.T.);
#4802 = LINE('',#4803,#4804);
#4803 = CARTESIAN_POINT('',(-2.64,0.15,-3.1));
#4804 = VECTOR('',#4805,1.);
#4805 = DIRECTION('',(1.,-1.110223024625E-16,0.));
#4806 = ORIENTED_EDGE('',*,*,#2841,.T.);
#4807 = ORIENTED_EDGE('',*,*,#4784,.F.);
#4808 = ORIENTED_EDGE('',*,*,#2905,.T.);
#4809 = PLANE('',#4810);
#4810 = AXIS2_PLACEMENT_3D('',#4811,#4812,#4813);
#4811 = CARTESIAN_POINT('',(-2.64,0.15,-3.1));
#4812 = DIRECTION('',(0.,-0.,-1.));
#4813 = DIRECTION('',(-1.110223024625E-16,-1.,0.));
#4814 = ADVANCED_FACE('',(#4815),#4826,.T.);
#4815 = FACE_BOUND('',#4816,.T.);
#4816 = EDGE_LOOP('',(#4817,#4823,#4824,#4825));
#4817 = ORIENTED_EDGE('',*,*,#4818,.T.);
#4818 = EDGE_CURVE('',#2890,#2826,#4819,.T.);
#4819 = LINE('',#4820,#4821);
#4820 = CARTESIAN_POINT('',(-2.64,0.3,-2.5));
#4821 = VECTOR('',#4822,1.);
#4822 = DIRECTION('',(1.,-1.110223024625E-16,0.));
#4823 = ORIENTED_EDGE('',*,*,#2833,.T.);
#4824 = ORIENTED_EDGE('',*,*,#4801,.F.);
#4825 = ORIENTED_EDGE('',*,*,#2897,.F.);
#4826 = PLANE('',#4827);
#4827 = AXIS2_PLACEMENT_3D('',#4828,#4829,#4830);
#4828 = CARTESIAN_POINT('',(-2.64,0.3,-2.5));
#4829 = DIRECTION('',(1.077074540829E-16,0.970142500145,-0.242535625036)
  );
#4830 = DIRECTION('',(-2.692686352073E-17,-0.242535625036,
    -0.970142500145));
#4831 = ADVANCED_FACE('',(#4832),#4838,.T.);
#4832 = FACE_BOUND('',#4833,.T.);
#4833 = EDGE_LOOP('',(#4834,#4835,#4836,#4837));
#4834 = ORIENTED_EDGE('',*,*,#2863,.T.);
#4835 = ORIENTED_EDGE('',*,*,#2825,.T.);
#4836 = ORIENTED_EDGE('',*,*,#4818,.F.);
#4837 = ORIENTED_EDGE('',*,*,#2889,.F.);
#4838 = PLANE('',#4839);
#4839 = AXIS2_PLACEMENT_3D('',#4840,#4841,#4842);
#4840 = CARTESIAN_POINT('',(-2.64,0.3,0.2));
#4841 = DIRECTION('',(1.110223024625E-16,1.,0.));
#4842 = DIRECTION('',(0.,0.,-1.));
#4843 = ADVANCED_FACE('',(#4844),#4855,.T.);
#4844 = FACE_BOUND('',#4845,.T.);
#4845 = EDGE_LOOP('',(#4846,#4847,#4848,#4849));
#4846 = ORIENTED_EDGE('',*,*,#3072,.T.);
#4847 = ORIENTED_EDGE('',*,*,#2935,.T.);
#4848 = ORIENTED_EDGE('',*,*,#2960,.T.);
#4849 = ORIENTED_EDGE('',*,*,#4850,.T.);
#4850 = EDGE_CURVE('',#2961,#3065,#4851,.T.);
#4851 = LINE('',#4852,#4853);
#4852 = CARTESIAN_POINT('',(-0.1,-7.62,0.9));
#4853 = VECTOR('',#4854,1.);
#4854 = DIRECTION('',(2.334869823773E-16,1.,-0.));
#4855 = PLANE('',#4856);
#4856 = AXIS2_PLACEMENT_3D('',#4857,#4858,#4859);
#4857 = CARTESIAN_POINT('',(-1.290079154614E-15,-7.62,0.9));
#4858 = DIRECTION('',(0.,0.,1.));
#4859 = DIRECTION('',(-2.334869823773E-16,-1.,0.));
#4860 = ADVANCED_FACE('',(#4861),#4872,.T.);
#4861 = FACE_BOUND('',#4862,.T.);
#4862 = EDGE_LOOP('',(#4863,#4864,#4870,#4871));
#4863 = ORIENTED_EDGE('',*,*,#3040,.T.);
#4864 = ORIENTED_EDGE('',*,*,#4865,.F.);
#4865 = EDGE_CURVE('',#2985,#3041,#4866,.T.);
#4866 = LINE('',#4867,#4868);
#4867 = CARTESIAN_POINT('',(0.1,-7.62,0.9));
#4868 = VECTOR('',#4869,1.);
#4869 = DIRECTION('',(2.334869823773E-16,1.,-0.));
#4870 = ORIENTED_EDGE('',*,*,#2992,.T.);
#4871 = ORIENTED_EDGE('',*,*,#3015,.T.);
#4872 = PLANE('',#4873);
#4873 = AXIS2_PLACEMENT_3D('',#4874,#4875,#4876);
#4874 = CARTESIAN_POINT('',(-1.290079154614E-15,-7.62,0.9));
#4875 = DIRECTION('',(0.,0.,1.));
#4876 = DIRECTION('',(-2.334869823773E-16,-1.,0.));
#4877 = ADVANCED_FACE('',(#4878),#4921,.T.);
#4878 = FACE_BOUND('',#4879,.T.);
#4879 = EDGE_LOOP('',(#4880,#4881,#4889,#4897,#4905,#4913,#4919,#4920));
#4880 = ORIENTED_EDGE('',*,*,#3048,.F.);
#4881 = ORIENTED_EDGE('',*,*,#4882,.T.);
#4882 = EDGE_CURVE('',#3049,#4883,#4885,.T.);
#4883 = VERTEX_POINT('',#4884);
#4884 = CARTESIAN_POINT('',(0.1,-7.37,7.35));
#4885 = LINE('',#4886,#4887);
#4886 = CARTESIAN_POINT('',(0.1,-7.32,7.4));
#4887 = VECTOR('',#4888,1.);
#4888 = DIRECTION('',(-1.651002285576E-16,-0.707106781187,
    -0.707106781187));
#4889 = ORIENTED_EDGE('',*,*,#4890,.T.);
#4890 = EDGE_CURVE('',#4883,#4891,#4893,.T.);
#4891 = VERTEX_POINT('',#4892);
#4892 = CARTESIAN_POINT('',(0.1,-7.37,1.25));
#4893 = LINE('',#4894,#4895);
#4894 = CARTESIAN_POINT('',(0.1,-7.37,7.35));
#4895 = VECTOR('',#4896,1.);
#4896 = DIRECTION('',(-0.,0.,-1.));
#4897 = ORIENTED_EDGE('',*,*,#4898,.T.);
#4898 = EDGE_CURVE('',#4891,#4899,#4901,.T.);
#4899 = VERTEX_POINT('',#4900);
#4900 = CARTESIAN_POINT('',(0.1,-7.87,1.25));
#4901 = LINE('',#4902,#4903);
#4902 = CARTESIAN_POINT('',(0.1,-7.37,1.25));
#4903 = VECTOR('',#4904,1.);
#4904 = DIRECTION('',(-2.334869823773E-16,-1.,0.));
#4905 = ORIENTED_EDGE('',*,*,#4906,.T.);
#4906 = EDGE_CURVE('',#4899,#4907,#4909,.T.);
#4907 = VERTEX_POINT('',#4908);
#4908 = CARTESIAN_POINT('',(0.1,-7.87,7.35));
#4909 = LINE('',#4910,#4911);
#4910 = CARTESIAN_POINT('',(0.1,-7.87,1.25));
#4911 = VECTOR('',#4912,1.);
#4912 = DIRECTION('',(0.,0.,1.));
#4913 = ORIENTED_EDGE('',*,*,#4914,.T.);
#4914 = EDGE_CURVE('',#4907,#2977,#4915,.T.);
#4915 = LINE('',#4916,#4917);
#4916 = CARTESIAN_POINT('',(0.1,-7.87,7.35));
#4917 = VECTOR('',#4918,1.);
#4918 = DIRECTION('',(-1.651002285576E-16,-0.707106781187,0.707106781187
    ));
#4919 = ORIENTED_EDGE('',*,*,#2984,.F.);
#4920 = ORIENTED_EDGE('',*,*,#4865,.T.);
#4921 = PLANE('',#4922);
#4922 = AXIS2_PLACEMENT_3D('',#4923,#4924,#4925);
#4923 = CARTESIAN_POINT('',(0.1,-7.62,3.911477598424));
#4924 = DIRECTION('',(1.,-2.334869823773E-16,0.));
#4925 = DIRECTION('',(0.,0.,1.));
#4926 = ADVANCED_FACE('',(#4927),#4945,.T.);
#4927 = FACE_BOUND('',#4928,.T.);
#4928 = EDGE_LOOP('',(#4929,#4937,#4943,#4944));
#4929 = ORIENTED_EDGE('',*,*,#4930,.T.);
#4930 = EDGE_CURVE('',#4907,#4931,#4933,.T.);
#4931 = VERTEX_POINT('',#4932);
#4932 = CARTESIAN_POINT('',(-0.1,-7.87,7.35));
#4933 = LINE('',#4934,#4935);
#4934 = CARTESIAN_POINT('',(0.1,-7.87,7.35));
#4935 = VECTOR('',#4936,1.);
#4936 = DIRECTION('',(-1.,2.334869823773E-16,0.));
#4937 = ORIENTED_EDGE('',*,*,#4938,.T.);
#4938 = EDGE_CURVE('',#4931,#2969,#4939,.T.);
#4939 = LINE('',#4940,#4941);
#4940 = CARTESIAN_POINT('',(-0.1,-7.87,7.35));
#4941 = VECTOR('',#4942,1.);
#4942 = DIRECTION('',(-1.651002285576E-16,-0.707106781187,0.707106781187
    ));
#4943 = ORIENTED_EDGE('',*,*,#2976,.F.);
#4944 = ORIENTED_EDGE('',*,*,#4914,.F.);
#4945 = PLANE('',#4946);
#4946 = AXIS2_PLACEMENT_3D('',#4947,#4948,#4949);
#4947 = CARTESIAN_POINT('',(0.1,-7.87,7.35));
#4948 = DIRECTION('',(1.651002285576E-16,0.707106781187,0.707106781187)
  );
#4949 = DIRECTION('',(-1.651002285576E-16,-0.707106781187,0.707106781187
    ));
#4950 = ADVANCED_FACE('',(#4951),#4987,.F.);
#4951 = FACE_BOUND('',#4952,.F.);
#4952 = EDGE_LOOP('',(#4953,#4954,#4962,#4970,#4978,#4984,#4985,#4986));
#4953 = ORIENTED_EDGE('',*,*,#3064,.F.);
#4954 = ORIENTED_EDGE('',*,*,#4955,.T.);
#4955 = EDGE_CURVE('',#3057,#4956,#4958,.T.);
#4956 = VERTEX_POINT('',#4957);
#4957 = CARTESIAN_POINT('',(-0.1,-7.37,7.35));
#4958 = LINE('',#4959,#4960);
#4959 = CARTESIAN_POINT('',(-0.1,-7.32,7.4));
#4960 = VECTOR('',#4961,1.);
#4961 = DIRECTION('',(-1.651002285576E-16,-0.707106781187,
    -0.707106781187));
#4962 = ORIENTED_EDGE('',*,*,#4963,.T.);
#4963 = EDGE_CURVE('',#4956,#4964,#4966,.T.);
#4964 = VERTEX_POINT('',#4965);
#4965 = CARTESIAN_POINT('',(-0.1,-7.37,1.25));
#4966 = LINE('',#4967,#4968);
#4967 = CARTESIAN_POINT('',(-0.1,-7.37,7.35));
#4968 = VECTOR('',#4969,1.);
#4969 = DIRECTION('',(-0.,0.,-1.));
#4970 = ORIENTED_EDGE('',*,*,#4971,.T.);
#4971 = EDGE_CURVE('',#4964,#4972,#4974,.T.);
#4972 = VERTEX_POINT('',#4973);
#4973 = CARTESIAN_POINT('',(-0.1,-7.87,1.25));
#4974 = LINE('',#4975,#4976);
#4975 = CARTESIAN_POINT('',(-0.1,-7.37,1.25));
#4976 = VECTOR('',#4977,1.);
#4977 = DIRECTION('',(-2.334869823773E-16,-1.,0.));
#4978 = ORIENTED_EDGE('',*,*,#4979,.T.);
#4979 = EDGE_CURVE('',#4972,#4931,#4980,.T.);
#4980 = LINE('',#4981,#4982);
#4981 = CARTESIAN_POINT('',(-0.1,-7.87,1.25));
#4982 = VECTOR('',#4983,1.);
#4983 = DIRECTION('',(0.,0.,1.));
#4984 = ORIENTED_EDGE('',*,*,#4938,.T.);
#4985 = ORIENTED_EDGE('',*,*,#2968,.F.);
#4986 = ORIENTED_EDGE('',*,*,#4850,.T.);
#4987 = PLANE('',#4988);
#4988 = AXIS2_PLACEMENT_3D('',#4989,#4990,#4991);
#4989 = CARTESIAN_POINT('',(-0.1,-7.62,3.911477598424));
#4990 = DIRECTION('',(1.,-2.334869823773E-16,0.));
#4991 = DIRECTION('',(0.,0.,1.));
#4992 = ADVANCED_FACE('',(#4993),#5004,.T.);
#4993 = FACE_BOUND('',#4994,.T.);
#4994 = EDGE_LOOP('',(#4995,#4996,#4997,#5003));
#4995 = ORIENTED_EDGE('',*,*,#3056,.T.);
#4996 = ORIENTED_EDGE('',*,*,#4955,.T.);
#4997 = ORIENTED_EDGE('',*,*,#4998,.F.);
#4998 = EDGE_CURVE('',#4883,#4956,#4999,.T.);
#4999 = LINE('',#5000,#5001);
#5000 = CARTESIAN_POINT('',(0.1,-7.37,7.35));
#5001 = VECTOR('',#5002,1.);
#5002 = DIRECTION('',(-1.,2.334869823773E-16,0.));
#5003 = ORIENTED_EDGE('',*,*,#4882,.F.);
#5004 = PLANE('',#5005);
#5005 = AXIS2_PLACEMENT_3D('',#5006,#5007,#5008);
#5006 = CARTESIAN_POINT('',(0.1,-7.32,7.4));
#5007 = DIRECTION('',(-1.651002285576E-16,-0.707106781187,0.707106781187
    ));
#5008 = DIRECTION('',(-1.651002285576E-16,-0.707106781187,
    -0.707106781187));
#5009 = ADVANCED_FACE('',(#5010),#5021,.T.);
#5010 = FACE_BOUND('',#5011,.T.);
#5011 = EDGE_LOOP('',(#5012,#5013,#5014,#5015));
#5012 = ORIENTED_EDGE('',*,*,#3232,.T.);
#5013 = ORIENTED_EDGE('',*,*,#3095,.T.);
#5014 = ORIENTED_EDGE('',*,*,#3120,.T.);
#5015 = ORIENTED_EDGE('',*,*,#5016,.T.);
#5016 = EDGE_CURVE('',#3121,#3225,#5017,.T.);
#5017 = LINE('',#5018,#5019);
#5018 = CARTESIAN_POINT('',(-0.1,-5.08,0.9));
#5019 = VECTOR('',#5020,1.);
#5020 = DIRECTION('',(2.334869823773E-16,1.,-0.));
#5021 = PLANE('',#5022);
#5022 = AXIS2_PLACEMENT_3D('',#5023,#5024,#5025);
#5023 = CARTESIAN_POINT('',(-7.860379014346E-16,-5.08,0.9));
#5024 = DIRECTION('',(0.,0.,1.));
#5025 = DIRECTION('',(-2.334869823773E-16,-1.,0.));
#5026 = ADVANCED_FACE('',(#5027),#5038,.T.);
#5027 = FACE_BOUND('',#5028,.T.);
#5028 = EDGE_LOOP('',(#5029,#5030,#5036,#5037));
#5029 = ORIENTED_EDGE('',*,*,#3200,.T.);
#5030 = ORIENTED_EDGE('',*,*,#5031,.F.);
#5031 = EDGE_CURVE('',#3145,#3201,#5032,.T.);
#5032 = LINE('',#5033,#5034);
#5033 = CARTESIAN_POINT('',(0.1,-5.08,0.9));
#5034 = VECTOR('',#5035,1.);
#5035 = DIRECTION('',(2.334869823773E-16,1.,-0.));
#5036 = ORIENTED_EDGE('',*,*,#3152,.T.);
#5037 = ORIENTED_EDGE('',*,*,#3175,.T.);
#5038 = PLANE('',#5039);
#5039 = AXIS2_PLACEMENT_3D('',#5040,#5041,#5042);
#5040 = CARTESIAN_POINT('',(-7.860379014346E-16,-5.08,0.9));
#5041 = DIRECTION('',(0.,0.,1.));
#5042 = DIRECTION('',(-2.334869823773E-16,-1.,0.));
#5043 = ADVANCED_FACE('',(#5044),#5087,.T.);
#5044 = FACE_BOUND('',#5045,.T.);
#5045 = EDGE_LOOP('',(#5046,#5047,#5055,#5063,#5071,#5079,#5085,#5086));
#5046 = ORIENTED_EDGE('',*,*,#3208,.F.);
#5047 = ORIENTED_EDGE('',*,*,#5048,.T.);
#5048 = EDGE_CURVE('',#3209,#5049,#5051,.T.);
#5049 = VERTEX_POINT('',#5050);
#5050 = CARTESIAN_POINT('',(0.1,-4.83,7.35));
#5051 = LINE('',#5052,#5053);
#5052 = CARTESIAN_POINT('',(0.1,-4.78,7.4));
#5053 = VECTOR('',#5054,1.);
#5054 = DIRECTION('',(-1.651002285576E-16,-0.707106781187,
    -0.707106781187));
#5055 = ORIENTED_EDGE('',*,*,#5056,.T.);
#5056 = EDGE_CURVE('',#5049,#5057,#5059,.T.);
#5057 = VERTEX_POINT('',#5058);
#5058 = CARTESIAN_POINT('',(0.1,-4.83,1.25));
#5059 = LINE('',#5060,#5061);
#5060 = CARTESIAN_POINT('',(0.1,-4.83,7.35));
#5061 = VECTOR('',#5062,1.);
#5062 = DIRECTION('',(-0.,0.,-1.));
#5063 = ORIENTED_EDGE('',*,*,#5064,.T.);
#5064 = EDGE_CURVE('',#5057,#5065,#5067,.T.);
#5065 = VERTEX_POINT('',#5066);
#5066 = CARTESIAN_POINT('',(0.1,-5.33,1.25));
#5067 = LINE('',#5068,#5069);
#5068 = CARTESIAN_POINT('',(0.1,-4.83,1.25));
#5069 = VECTOR('',#5070,1.);
#5070 = DIRECTION('',(-2.334869823773E-16,-1.,0.));
#5071 = ORIENTED_EDGE('',*,*,#5072,.T.);
#5072 = EDGE_CURVE('',#5065,#5073,#5075,.T.);
#5073 = VERTEX_POINT('',#5074);
#5074 = CARTESIAN_POINT('',(0.1,-5.33,7.35));
#5075 = LINE('',#5076,#5077);
#5076 = CARTESIAN_POINT('',(0.1,-5.33,1.25));
#5077 = VECTOR('',#5078,1.);
#5078 = DIRECTION('',(0.,0.,1.));
#5079 = ORIENTED_EDGE('',*,*,#5080,.T.);
#5080 = EDGE_CURVE('',#5073,#3137,#5081,.T.);
#5081 = LINE('',#5082,#5083);
#5082 = CARTESIAN_POINT('',(0.1,-5.33,7.35));
#5083 = VECTOR('',#5084,1.);
#5084 = DIRECTION('',(-1.651002285576E-16,-0.707106781187,0.707106781187
    ));
#5085 = ORIENTED_EDGE('',*,*,#3144,.F.);
#5086 = ORIENTED_EDGE('',*,*,#5031,.T.);
#5087 = PLANE('',#5088);
#5088 = AXIS2_PLACEMENT_3D('',#5089,#5090,#5091);
#5089 = CARTESIAN_POINT('',(0.1,-5.08,3.911477598424));
#5090 = DIRECTION('',(1.,-2.334869823773E-16,0.));
#5091 = DIRECTION('',(0.,0.,1.));
#5092 = ADVANCED_FACE('',(#5093),#5111,.T.);
#5093 = FACE_BOUND('',#5094,.T.);
#5094 = EDGE_LOOP('',(#5095,#5103,#5109,#5110));
#5095 = ORIENTED_EDGE('',*,*,#5096,.T.);
#5096 = EDGE_CURVE('',#5073,#5097,#5099,.T.);
#5097 = VERTEX_POINT('',#5098);
#5098 = CARTESIAN_POINT('',(-0.1,-5.33,7.35));
#5099 = LINE('',#5100,#5101);
#5100 = CARTESIAN_POINT('',(0.1,-5.33,7.35));
#5101 = VECTOR('',#5102,1.);
#5102 = DIRECTION('',(-1.,2.334869823773E-16,0.));
#5103 = ORIENTED_EDGE('',*,*,#5104,.T.);
#5104 = EDGE_CURVE('',#5097,#3129,#5105,.T.);
#5105 = LINE('',#5106,#5107);
#5106 = CARTESIAN_POINT('',(-0.1,-5.33,7.35));
#5107 = VECTOR('',#5108,1.);
#5108 = DIRECTION('',(-1.651002285576E-16,-0.707106781187,0.707106781187
    ));
#5109 = ORIENTED_EDGE('',*,*,#3136,.F.);
#5110 = ORIENTED_EDGE('',*,*,#5080,.F.);
#5111 = PLANE('',#5112);
#5112 = AXIS2_PLACEMENT_3D('',#5113,#5114,#5115);
#5113 = CARTESIAN_POINT('',(0.1,-5.33,7.35));
#5114 = DIRECTION('',(1.651002285576E-16,0.707106781187,0.707106781187)
  );
#5115 = DIRECTION('',(-1.651002285576E-16,-0.707106781187,0.707106781187
    ));
#5116 = ADVANCED_FACE('',(#5117),#5153,.F.);
#5117 = FACE_BOUND('',#5118,.F.);
#5118 = EDGE_LOOP('',(#5119,#5120,#5128,#5136,#5144,#5150,#5151,#5152));
#5119 = ORIENTED_EDGE('',*,*,#3224,.F.);
#5120 = ORIENTED_EDGE('',*,*,#5121,.T.);
#5121 = EDGE_CURVE('',#3217,#5122,#5124,.T.);
#5122 = VERTEX_POINT('',#5123);
#5123 = CARTESIAN_POINT('',(-0.1,-4.83,7.35));
#5124 = LINE('',#5125,#5126);
#5125 = CARTESIAN_POINT('',(-0.1,-4.78,7.4));
#5126 = VECTOR('',#5127,1.);
#5127 = DIRECTION('',(-1.651002285576E-16,-0.707106781187,
    -0.707106781187));
#5128 = ORIENTED_EDGE('',*,*,#5129,.T.);
#5129 = EDGE_CURVE('',#5122,#5130,#5132,.T.);
#5130 = VERTEX_POINT('',#5131);
#5131 = CARTESIAN_POINT('',(-0.1,-4.83,1.25));
#5132 = LINE('',#5133,#5134);
#5133 = CARTESIAN_POINT('',(-0.1,-4.83,7.35));
#5134 = VECTOR('',#5135,1.);
#5135 = DIRECTION('',(-0.,0.,-1.));
#5136 = ORIENTED_EDGE('',*,*,#5137,.T.);
#5137 = EDGE_CURVE('',#5130,#5138,#5140,.T.);
#5138 = VERTEX_POINT('',#5139);
#5139 = CARTESIAN_POINT('',(-0.1,-5.33,1.25));
#5140 = LINE('',#5141,#5142);
#5141 = CARTESIAN_POINT('',(-0.1,-4.83,1.25));
#5142 = VECTOR('',#5143,1.);
#5143 = DIRECTION('',(-2.334869823773E-16,-1.,0.));
#5144 = ORIENTED_EDGE('',*,*,#5145,.T.);
#5145 = EDGE_CURVE('',#5138,#5097,#5146,.T.);
#5146 = LINE('',#5147,#5148);
#5147 = CARTESIAN_POINT('',(-0.1,-5.33,1.25));
#5148 = VECTOR('',#5149,1.);
#5149 = DIRECTION('',(0.,0.,1.));
#5150 = ORIENTED_EDGE('',*,*,#5104,.T.);
#5151 = ORIENTED_EDGE('',*,*,#3128,.F.);
#5152 = ORIENTED_EDGE('',*,*,#5016,.T.);
#5153 = PLANE('',#5154);
#5154 = AXIS2_PLACEMENT_3D('',#5155,#5156,#5157);
#5155 = CARTESIAN_POINT('',(-0.1,-5.08,3.911477598424));
#5156 = DIRECTION('',(1.,-2.334869823773E-16,0.));
#5157 = DIRECTION('',(0.,0.,1.));
#5158 = ADVANCED_FACE('',(#5159),#5170,.T.);
#5159 = FACE_BOUND('',#5160,.T.);
#5160 = EDGE_LOOP('',(#5161,#5162,#5163,#5169));
#5161 = ORIENTED_EDGE('',*,*,#3216,.T.);
#5162 = ORIENTED_EDGE('',*,*,#5121,.T.);
#5163 = ORIENTED_EDGE('',*,*,#5164,.F.);
#5164 = EDGE_CURVE('',#5049,#5122,#5165,.T.);
#5165 = LINE('',#5166,#5167);
#5166 = CARTESIAN_POINT('',(0.1,-4.83,7.35));
#5167 = VECTOR('',#5168,1.);
#5168 = DIRECTION('',(-1.,2.334869823773E-16,0.));
#5169 = ORIENTED_EDGE('',*,*,#5048,.F.);
#5170 = PLANE('',#5171);
#5171 = AXIS2_PLACEMENT_3D('',#5172,#5173,#5174);
#5172 = CARTESIAN_POINT('',(0.1,-4.78,7.4));
#5173 = DIRECTION('',(-1.651002285576E-16,-0.707106781187,0.707106781187
    ));
#5174 = DIRECTION('',(-1.651002285576E-16,-0.707106781187,
    -0.707106781187));
#5175 = ADVANCED_FACE('',(#5176),#5187,.T.);
#5176 = FACE_BOUND('',#5177,.T.);
#5177 = EDGE_LOOP('',(#5178,#5179,#5180,#5181));
#5178 = ORIENTED_EDGE('',*,*,#3392,.T.);
#5179 = ORIENTED_EDGE('',*,*,#3255,.T.);
#5180 = ORIENTED_EDGE('',*,*,#3280,.T.);
#5181 = ORIENTED_EDGE('',*,*,#5182,.T.);
#5182 = EDGE_CURVE('',#3281,#3385,#5183,.T.);
#5183 = LINE('',#5184,#5185);
#5184 = CARTESIAN_POINT('',(-0.1,-2.54,0.9));
#5185 = VECTOR('',#5186,1.);
#5186 = DIRECTION('',(2.334869823773E-16,1.,-0.));
#5187 = PLANE('',#5188);
#5188 = AXIS2_PLACEMENT_3D('',#5189,#5190,#5191);
#5189 = CARTESIAN_POINT('',(-5.995204332976E-17,-2.54,0.9));
#5190 = DIRECTION('',(0.,0.,1.));
#5191 = DIRECTION('',(-2.334869823773E-16,-1.,0.));
#5192 = ADVANCED_FACE('',(#5193),#5204,.T.);
#5193 = FACE_BOUND('',#5194,.T.);
#5194 = EDGE_LOOP('',(#5195,#5196,#5202,#5203));
#5195 = ORIENTED_EDGE('',*,*,#3360,.T.);
#5196 = ORIENTED_EDGE('',*,*,#5197,.F.);
#5197 = EDGE_CURVE('',#3305,#3361,#5198,.T.);
#5198 = LINE('',#5199,#5200);
#5199 = CARTESIAN_POINT('',(0.1,-2.54,0.9));
#5200 = VECTOR('',#5201,1.);
#5201 = DIRECTION('',(2.334869823773E-16,1.,-0.));
#5202 = ORIENTED_EDGE('',*,*,#3312,.T.);
#5203 = ORIENTED_EDGE('',*,*,#3335,.T.);
#5204 = PLANE('',#5205);
#5205 = AXIS2_PLACEMENT_3D('',#5206,#5207,#5208);
#5206 = CARTESIAN_POINT('',(-5.995204332976E-17,-2.54,0.9));
#5207 = DIRECTION('',(0.,0.,1.));
#5208 = DIRECTION('',(-2.334869823773E-16,-1.,0.));
#5209 = ADVANCED_FACE('',(#5210),#5253,.T.);
#5210 = FACE_BOUND('',#5211,.T.);
#5211 = EDGE_LOOP('',(#5212,#5213,#5221,#5229,#5237,#5245,#5251,#5252));
#5212 = ORIENTED_EDGE('',*,*,#3368,.F.);
#5213 = ORIENTED_EDGE('',*,*,#5214,.T.);
#5214 = EDGE_CURVE('',#3369,#5215,#5217,.T.);
#5215 = VERTEX_POINT('',#5216);
#5216 = CARTESIAN_POINT('',(0.1,-2.29,7.35));
#5217 = LINE('',#5218,#5219);
#5218 = CARTESIAN_POINT('',(0.1,-2.24,7.4));
#5219 = VECTOR('',#5220,1.);
#5220 = DIRECTION('',(-1.651002285576E-16,-0.707106781187,
    -0.707106781187));
#5221 = ORIENTED_EDGE('',*,*,#5222,.T.);
#5222 = EDGE_CURVE('',#5215,#5223,#5225,.T.);
#5223 = VERTEX_POINT('',#5224);
#5224 = CARTESIAN_POINT('',(0.1,-2.29,1.25));
#5225 = LINE('',#5226,#5227);
#5226 = CARTESIAN_POINT('',(0.1,-2.29,7.35));
#5227 = VECTOR('',#5228,1.);
#5228 = DIRECTION('',(-0.,0.,-1.));
#5229 = ORIENTED_EDGE('',*,*,#5230,.T.);
#5230 = EDGE_CURVE('',#5223,#5231,#5233,.T.);
#5231 = VERTEX_POINT('',#5232);
#5232 = CARTESIAN_POINT('',(0.1,-2.79,1.25));
#5233 = LINE('',#5234,#5235);
#5234 = CARTESIAN_POINT('',(0.1,-2.29,1.25));
#5235 = VECTOR('',#5236,1.);
#5236 = DIRECTION('',(-2.334869823773E-16,-1.,0.));
#5237 = ORIENTED_EDGE('',*,*,#5238,.T.);
#5238 = EDGE_CURVE('',#5231,#5239,#5241,.T.);
#5239 = VERTEX_POINT('',#5240);
#5240 = CARTESIAN_POINT('',(0.1,-2.79,7.35));
#5241 = LINE('',#5242,#5243);
#5242 = CARTESIAN_POINT('',(0.1,-2.79,1.25));
#5243 = VECTOR('',#5244,1.);
#5244 = DIRECTION('',(0.,0.,1.));
#5245 = ORIENTED_EDGE('',*,*,#5246,.T.);
#5246 = EDGE_CURVE('',#5239,#3297,#5247,.T.);
#5247 = LINE('',#5248,#5249);
#5248 = CARTESIAN_POINT('',(0.1,-2.79,7.35));
#5249 = VECTOR('',#5250,1.);
#5250 = DIRECTION('',(-1.651002285576E-16,-0.707106781187,0.707106781187
    ));
#5251 = ORIENTED_EDGE('',*,*,#3304,.F.);
#5252 = ORIENTED_EDGE('',*,*,#5197,.T.);
#5253 = PLANE('',#5254);
#5254 = AXIS2_PLACEMENT_3D('',#5255,#5256,#5257);
#5255 = CARTESIAN_POINT('',(0.1,-2.54,3.911477598424));
#5256 = DIRECTION('',(1.,-2.334869823773E-16,0.));
#5257 = DIRECTION('',(0.,0.,1.));
#5258 = ADVANCED_FACE('',(#5259),#5277,.T.);
#5259 = FACE_BOUND('',#5260,.T.);
#5260 = EDGE_LOOP('',(#5261,#5269,#5275,#5276));
#5261 = ORIENTED_EDGE('',*,*,#5262,.T.);
#5262 = EDGE_CURVE('',#5239,#5263,#5265,.T.);
#5263 = VERTEX_POINT('',#5264);
#5264 = CARTESIAN_POINT('',(-0.1,-2.79,7.35));
#5265 = LINE('',#5266,#5267);
#5266 = CARTESIAN_POINT('',(0.1,-2.79,7.35));
#5267 = VECTOR('',#5268,1.);
#5268 = DIRECTION('',(-1.,2.334869823773E-16,0.));
#5269 = ORIENTED_EDGE('',*,*,#5270,.T.);
#5270 = EDGE_CURVE('',#5263,#3289,#5271,.T.);
#5271 = LINE('',#5272,#5273);
#5272 = CARTESIAN_POINT('',(-0.1,-2.79,7.35));
#5273 = VECTOR('',#5274,1.);
#5274 = DIRECTION('',(-1.651002285576E-16,-0.707106781187,0.707106781187
    ));
#5275 = ORIENTED_EDGE('',*,*,#3296,.F.);
#5276 = ORIENTED_EDGE('',*,*,#5246,.F.);
#5277 = PLANE('',#5278);
#5278 = AXIS2_PLACEMENT_3D('',#5279,#5280,#5281);
#5279 = CARTESIAN_POINT('',(0.1,-2.79,7.35));
#5280 = DIRECTION('',(1.651002285576E-16,0.707106781187,0.707106781187)
  );
#5281 = DIRECTION('',(-1.651002285576E-16,-0.707106781187,0.707106781187
    ));
#5282 = ADVANCED_FACE('',(#5283),#5319,.F.);
#5283 = FACE_BOUND('',#5284,.F.);
#5284 = EDGE_LOOP('',(#5285,#5286,#5294,#5302,#5310,#5316,#5317,#5318));
#5285 = ORIENTED_EDGE('',*,*,#3384,.F.);
#5286 = ORIENTED_EDGE('',*,*,#5287,.T.);
#5287 = EDGE_CURVE('',#3377,#5288,#5290,.T.);
#5288 = VERTEX_POINT('',#5289);
#5289 = CARTESIAN_POINT('',(-0.1,-2.29,7.35));
#5290 = LINE('',#5291,#5292);
#5291 = CARTESIAN_POINT('',(-0.1,-2.24,7.4));
#5292 = VECTOR('',#5293,1.);
#5293 = DIRECTION('',(-1.651002285576E-16,-0.707106781187,
    -0.707106781187));
#5294 = ORIENTED_EDGE('',*,*,#5295,.T.);
#5295 = EDGE_CURVE('',#5288,#5296,#5298,.T.);
#5296 = VERTEX_POINT('',#5297);
#5297 = CARTESIAN_POINT('',(-0.1,-2.29,1.25));
#5298 = LINE('',#5299,#5300);
#5299 = CARTESIAN_POINT('',(-0.1,-2.29,7.35));
#5300 = VECTOR('',#5301,1.);
#5301 = DIRECTION('',(-0.,0.,-1.));
#5302 = ORIENTED_EDGE('',*,*,#5303,.T.);
#5303 = EDGE_CURVE('',#5296,#5304,#5306,.T.);
#5304 = VERTEX_POINT('',#5305);
#5305 = CARTESIAN_POINT('',(-0.1,-2.79,1.25));
#5306 = LINE('',#5307,#5308);
#5307 = CARTESIAN_POINT('',(-0.1,-2.29,1.25));
#5308 = VECTOR('',#5309,1.);
#5309 = DIRECTION('',(-2.334869823773E-16,-1.,0.));
#5310 = ORIENTED_EDGE('',*,*,#5311,.T.);
#5311 = EDGE_CURVE('',#5304,#5263,#5312,.T.);
#5312 = LINE('',#5313,#5314);
#5313 = CARTESIAN_POINT('',(-0.1,-2.79,1.25));
#5314 = VECTOR('',#5315,1.);
#5315 = DIRECTION('',(0.,0.,1.));
#5316 = ORIENTED_EDGE('',*,*,#5270,.T.);
#5317 = ORIENTED_EDGE('',*,*,#3288,.F.);
#5318 = ORIENTED_EDGE('',*,*,#5182,.T.);
#5319 = PLANE('',#5320);
#5320 = AXIS2_PLACEMENT_3D('',#5321,#5322,#5323);
#5321 = CARTESIAN_POINT('',(-0.1,-2.54,3.911477598424));
#5322 = DIRECTION('',(1.,-2.334869823773E-16,0.));
#5323 = DIRECTION('',(0.,0.,1.));
#5324 = ADVANCED_FACE('',(#5325),#5336,.T.);
#5325 = FACE_BOUND('',#5326,.T.);
#5326 = EDGE_LOOP('',(#5327,#5328,#5329,#5335));
#5327 = ORIENTED_EDGE('',*,*,#3376,.T.);
#5328 = ORIENTED_EDGE('',*,*,#5287,.T.);
#5329 = ORIENTED_EDGE('',*,*,#5330,.F.);
#5330 = EDGE_CURVE('',#5215,#5288,#5331,.T.);
#5331 = LINE('',#5332,#5333);
#5332 = CARTESIAN_POINT('',(0.1,-2.29,7.35));
#5333 = VECTOR('',#5334,1.);
#5334 = DIRECTION('',(-1.,2.334869823773E-16,0.));
#5335 = ORIENTED_EDGE('',*,*,#5214,.F.);
#5336 = PLANE('',#5337);
#5337 = AXIS2_PLACEMENT_3D('',#5338,#5339,#5340);
#5338 = CARTESIAN_POINT('',(0.1,-2.24,7.4));
#5339 = DIRECTION('',(-1.651002285576E-16,-0.707106781187,0.707106781187
    ));
#5340 = DIRECTION('',(-1.651002285576E-16,-0.707106781187,
    -0.707106781187));
#5341 = ADVANCED_FACE('',(#5342),#5353,.T.);
#5342 = FACE_BOUND('',#5343,.T.);
#5343 = EDGE_LOOP('',(#5344,#5345,#5346,#5347));
#5344 = ORIENTED_EDGE('',*,*,#3552,.T.);
#5345 = ORIENTED_EDGE('',*,*,#3415,.T.);
#5346 = ORIENTED_EDGE('',*,*,#3440,.T.);
#5347 = ORIENTED_EDGE('',*,*,#5348,.T.);
#5348 = EDGE_CURVE('',#3441,#3545,#5349,.T.);
#5349 = LINE('',#5350,#5351);
#5350 = CARTESIAN_POINT('',(-0.1,-4.268637456081E-16,0.9));
#5351 = VECTOR('',#5352,1.);
#5352 = DIRECTION('',(2.334869823773E-16,1.,-0.));
#5353 = PLANE('',#5354);
#5354 = AXIS2_PLACEMENT_3D('',#5355,#5356,#5357);
#5355 = CARTESIAN_POINT('',(4.440892098501E-16,-8.881784197001E-16,0.9)
  );
#5356 = DIRECTION('',(0.,0.,1.));
#5357 = DIRECTION('',(-2.334869823773E-16,-1.,0.));
#5358 = ADVANCED_FACE('',(#5359),#5370,.T.);
#5359 = FACE_BOUND('',#5360,.T.);
#5360 = EDGE_LOOP('',(#5361,#5362,#5368,#5369));
#5361 = ORIENTED_EDGE('',*,*,#3520,.T.);
#5362 = ORIENTED_EDGE('',*,*,#5363,.F.);
#5363 = EDGE_CURVE('',#3465,#3521,#5364,.T.);
#5364 = LINE('',#5365,#5366);
#5365 = CARTESIAN_POINT('',(0.1,-4.613146740921E-16,0.9));
#5366 = VECTOR('',#5367,1.);
#5367 = DIRECTION('',(2.334869823773E-16,1.,-0.));
#5368 = ORIENTED_EDGE('',*,*,#3472,.T.);
#5369 = ORIENTED_EDGE('',*,*,#3495,.T.);
#5370 = PLANE('',#5371);
#5371 = AXIS2_PLACEMENT_3D('',#5372,#5373,#5374);
#5372 = CARTESIAN_POINT('',(4.440892098501E-16,-8.881784197001E-16,0.9)
  );
#5373 = DIRECTION('',(0.,0.,1.));
#5374 = DIRECTION('',(-2.334869823773E-16,-1.,0.));
#5375 = ADVANCED_FACE('',(#5376),#5419,.T.);
#5376 = FACE_BOUND('',#5377,.T.);
#5377 = EDGE_LOOP('',(#5378,#5379,#5387,#5395,#5403,#5411,#5417,#5418));
#5378 = ORIENTED_EDGE('',*,*,#3528,.F.);
#5379 = ORIENTED_EDGE('',*,*,#5380,.T.);
#5380 = EDGE_CURVE('',#3529,#5381,#5383,.T.);
#5381 = VERTEX_POINT('',#5382);
#5382 = CARTESIAN_POINT('',(0.1,0.25,7.35));
#5383 = LINE('',#5384,#5385);
#5384 = CARTESIAN_POINT('',(0.1,0.3,7.4));
#5385 = VECTOR('',#5386,1.);
#5386 = DIRECTION('',(-1.651002285576E-16,-0.707106781187,
    -0.707106781187));
#5387 = ORIENTED_EDGE('',*,*,#5388,.T.);
#5388 = EDGE_CURVE('',#5381,#5389,#5391,.T.);
#5389 = VERTEX_POINT('',#5390);
#5390 = CARTESIAN_POINT('',(0.1,0.25,1.25));
#5391 = LINE('',#5392,#5393);
#5392 = CARTESIAN_POINT('',(0.1,0.25,7.35));
#5393 = VECTOR('',#5394,1.);
#5394 = DIRECTION('',(-0.,0.,-1.));
#5395 = ORIENTED_EDGE('',*,*,#5396,.T.);
#5396 = EDGE_CURVE('',#5389,#5397,#5399,.T.);
#5397 = VERTEX_POINT('',#5398);
#5398 = CARTESIAN_POINT('',(0.1,-0.25,1.25));
#5399 = LINE('',#5400,#5401);
#5400 = CARTESIAN_POINT('',(0.1,0.25,1.25));
#5401 = VECTOR('',#5402,1.);
#5402 = DIRECTION('',(-2.334869823773E-16,-1.,0.));
#5403 = ORIENTED_EDGE('',*,*,#5404,.T.);
#5404 = EDGE_CURVE('',#5397,#5405,#5407,.T.);
#5405 = VERTEX_POINT('',#5406);
#5406 = CARTESIAN_POINT('',(0.1,-0.25,7.35));
#5407 = LINE('',#5408,#5409);
#5408 = CARTESIAN_POINT('',(0.1,-0.25,1.25));
#5409 = VECTOR('',#5410,1.);
#5410 = DIRECTION('',(0.,0.,1.));
#5411 = ORIENTED_EDGE('',*,*,#5412,.T.);
#5412 = EDGE_CURVE('',#5405,#3457,#5413,.T.);
#5413 = LINE('',#5414,#5415);
#5414 = CARTESIAN_POINT('',(0.1,-0.25,7.35));
#5415 = VECTOR('',#5416,1.);
#5416 = DIRECTION('',(-1.651002285576E-16,-0.707106781187,0.707106781187
    ));
#5417 = ORIENTED_EDGE('',*,*,#3464,.F.);
#5418 = ORIENTED_EDGE('',*,*,#5363,.T.);
#5419 = PLANE('',#5420);
#5420 = AXIS2_PLACEMENT_3D('',#5421,#5422,#5423);
#5421 = CARTESIAN_POINT('',(0.1,-1.110223024625E-17,3.911477598424));
#5422 = DIRECTION('',(1.,-2.334869823773E-16,0.));
#5423 = DIRECTION('',(0.,0.,1.));
#5424 = ADVANCED_FACE('',(#5425),#5443,.T.);
#5425 = FACE_BOUND('',#5426,.T.);
#5426 = EDGE_LOOP('',(#5427,#5435,#5441,#5442));
#5427 = ORIENTED_EDGE('',*,*,#5428,.T.);
#5428 = EDGE_CURVE('',#5405,#5429,#5431,.T.);
#5429 = VERTEX_POINT('',#5430);
#5430 = CARTESIAN_POINT('',(-0.1,-0.25,7.35));
#5431 = LINE('',#5432,#5433);
#5432 = CARTESIAN_POINT('',(0.1,-0.25,7.35));
#5433 = VECTOR('',#5434,1.);
#5434 = DIRECTION('',(-1.,2.334869823773E-16,0.));
#5435 = ORIENTED_EDGE('',*,*,#5436,.T.);
#5436 = EDGE_CURVE('',#5429,#3449,#5437,.T.);
#5437 = LINE('',#5438,#5439);
#5438 = CARTESIAN_POINT('',(-0.1,-0.25,7.35));
#5439 = VECTOR('',#5440,1.);
#5440 = DIRECTION('',(-1.651002285576E-16,-0.707106781187,0.707106781187
    ));
#5441 = ORIENTED_EDGE('',*,*,#3456,.F.);
#5442 = ORIENTED_EDGE('',*,*,#5412,.F.);
#5443 = PLANE('',#5444);
#5444 = AXIS2_PLACEMENT_3D('',#5445,#5446,#5447);
#5445 = CARTESIAN_POINT('',(0.1,-0.25,7.35));
#5446 = DIRECTION('',(1.651002285576E-16,0.707106781187,0.707106781187)
  );
#5447 = DIRECTION('',(-1.651002285576E-16,-0.707106781187,0.707106781187
    ));
#5448 = ADVANCED_FACE('',(#5449),#5485,.F.);
#5449 = FACE_BOUND('',#5450,.F.);
#5450 = EDGE_LOOP('',(#5451,#5452,#5460,#5468,#5476,#5482,#5483,#5484));
#5451 = ORIENTED_EDGE('',*,*,#3544,.F.);
#5452 = ORIENTED_EDGE('',*,*,#5453,.T.);
#5453 = EDGE_CURVE('',#3537,#5454,#5456,.T.);
#5454 = VERTEX_POINT('',#5455);
#5455 = CARTESIAN_POINT('',(-0.1,0.25,7.35));
#5456 = LINE('',#5457,#5458);
#5457 = CARTESIAN_POINT('',(-0.1,0.3,7.4));
#5458 = VECTOR('',#5459,1.);
#5459 = DIRECTION('',(-1.651002285576E-16,-0.707106781187,
    -0.707106781187));
#5460 = ORIENTED_EDGE('',*,*,#5461,.T.);
#5461 = EDGE_CURVE('',#5454,#5462,#5464,.T.);
#5462 = VERTEX_POINT('',#5463);
#5463 = CARTESIAN_POINT('',(-0.1,0.25,1.25));
#5464 = LINE('',#5465,#5466);
#5465 = CARTESIAN_POINT('',(-0.1,0.25,7.35));
#5466 = VECTOR('',#5467,1.);
#5467 = DIRECTION('',(-0.,0.,-1.));
#5468 = ORIENTED_EDGE('',*,*,#5469,.T.);
#5469 = EDGE_CURVE('',#5462,#5470,#5472,.T.);
#5470 = VERTEX_POINT('',#5471);
#5471 = CARTESIAN_POINT('',(-0.1,-0.25,1.25));
#5472 = LINE('',#5473,#5474);
#5473 = CARTESIAN_POINT('',(-0.1,0.25,1.25));
#5474 = VECTOR('',#5475,1.);
#5475 = DIRECTION('',(-2.334869823773E-16,-1.,0.));
#5476 = ORIENTED_EDGE('',*,*,#5477,.T.);
#5477 = EDGE_CURVE('',#5470,#5429,#5478,.T.);
#5478 = LINE('',#5479,#5480);
#5479 = CARTESIAN_POINT('',(-0.1,-0.25,1.25));
#5480 = VECTOR('',#5481,1.);
#5481 = DIRECTION('',(0.,0.,1.));
#5482 = ORIENTED_EDGE('',*,*,#5436,.T.);
#5483 = ORIENTED_EDGE('',*,*,#3448,.F.);
#5484 = ORIENTED_EDGE('',*,*,#5348,.T.);
#5485 = PLANE('',#5486);
#5486 = AXIS2_PLACEMENT_3D('',#5487,#5488,#5489);
#5487 = CARTESIAN_POINT('',(-0.1,1.110223024625E-17,3.911477598424));
#5488 = DIRECTION('',(1.,-2.334869823773E-16,0.));
#5489 = DIRECTION('',(0.,0.,1.));
#5490 = ADVANCED_FACE('',(#5491),#5502,.T.);
#5491 = FACE_BOUND('',#5492,.T.);
#5492 = EDGE_LOOP('',(#5493,#5494,#5495,#5501));
#5493 = ORIENTED_EDGE('',*,*,#3536,.T.);
#5494 = ORIENTED_EDGE('',*,*,#5453,.T.);
#5495 = ORIENTED_EDGE('',*,*,#5496,.F.);
#5496 = EDGE_CURVE('',#5381,#5454,#5497,.T.);
#5497 = LINE('',#5498,#5499);
#5498 = CARTESIAN_POINT('',(0.1,0.25,7.35));
#5499 = VECTOR('',#5500,1.);
#5500 = DIRECTION('',(-1.,2.334869823773E-16,0.));
#5501 = ORIENTED_EDGE('',*,*,#5380,.F.);
#5502 = PLANE('',#5503);
#5503 = AXIS2_PLACEMENT_3D('',#5504,#5505,#5506);
#5504 = CARTESIAN_POINT('',(0.1,0.3,7.4));
#5505 = DIRECTION('',(-1.651002285576E-16,-0.707106781187,0.707106781187
    ));
#5506 = DIRECTION('',(-1.651002285576E-16,-0.707106781187,
    -0.707106781187));
#5507 = ADVANCED_FACE('',(#5508),#5519,.T.);
#5508 = FACE_BOUND('',#5509,.T.);
#5509 = EDGE_LOOP('',(#5510,#5511,#5512,#5513));
#5510 = ORIENTED_EDGE('',*,*,#3712,.T.);
#5511 = ORIENTED_EDGE('',*,*,#3575,.T.);
#5512 = ORIENTED_EDGE('',*,*,#3600,.T.);
#5513 = ORIENTED_EDGE('',*,*,#5514,.T.);
#5514 = EDGE_CURVE('',#3601,#3705,#5515,.T.);
#5515 = LINE('',#5516,#5517);
#5516 = CARTESIAN_POINT('',(-2.44,-7.62,0.9));
#5517 = VECTOR('',#5518,1.);
#5518 = DIRECTION('',(-1.110223024625E-16,-1.,0.));
#5519 = PLANE('',#5520);
#5520 = AXIS2_PLACEMENT_3D('',#5521,#5522,#5523);
#5521 = CARTESIAN_POINT('',(-2.54,-7.62,0.9));
#5522 = DIRECTION('',(0.,0.,1.));
#5523 = DIRECTION('',(1.110223024625E-16,1.,-0.));
#5524 = ADVANCED_FACE('',(#5525),#5536,.T.);
#5525 = FACE_BOUND('',#5526,.T.);
#5526 = EDGE_LOOP('',(#5527,#5528,#5534,#5535));
#5527 = ORIENTED_EDGE('',*,*,#3680,.T.);
#5528 = ORIENTED_EDGE('',*,*,#5529,.F.);
#5529 = EDGE_CURVE('',#3625,#3681,#5530,.T.);
#5530 = LINE('',#5531,#5532);
#5531 = CARTESIAN_POINT('',(-2.64,-7.62,0.9));
#5532 = VECTOR('',#5533,1.);
#5533 = DIRECTION('',(-1.110223024625E-16,-1.,0.));
#5534 = ORIENTED_EDGE('',*,*,#3632,.T.);
#5535 = ORIENTED_EDGE('',*,*,#3655,.T.);
#5536 = PLANE('',#5537);
#5537 = AXIS2_PLACEMENT_3D('',#5538,#5539,#5540);
#5538 = CARTESIAN_POINT('',(-2.54,-7.62,0.9));
#5539 = DIRECTION('',(0.,0.,1.));
#5540 = DIRECTION('',(1.110223024625E-16,1.,-0.));
#5541 = ADVANCED_FACE('',(#5542),#5585,.T.);
#5542 = FACE_BOUND('',#5543,.T.);
#5543 = EDGE_LOOP('',(#5544,#5545,#5553,#5561,#5569,#5577,#5583,#5584));
#5544 = ORIENTED_EDGE('',*,*,#3688,.F.);
#5545 = ORIENTED_EDGE('',*,*,#5546,.T.);
#5546 = EDGE_CURVE('',#3689,#5547,#5549,.T.);
#5547 = VERTEX_POINT('',#5548);
#5548 = CARTESIAN_POINT('',(-2.64,-7.87,7.35));
#5549 = LINE('',#5550,#5551);
#5550 = CARTESIAN_POINT('',(-2.64,-7.92,7.4));
#5551 = VECTOR('',#5552,1.);
#5552 = DIRECTION('',(7.850462293414E-17,0.707106781187,-0.707106781187)
  );
#5553 = ORIENTED_EDGE('',*,*,#5554,.T.);
#5554 = EDGE_CURVE('',#5547,#5555,#5557,.T.);
#5555 = VERTEX_POINT('',#5556);
#5556 = CARTESIAN_POINT('',(-2.64,-7.87,1.25));
#5557 = LINE('',#5558,#5559);
#5558 = CARTESIAN_POINT('',(-2.64,-7.87,7.35));
#5559 = VECTOR('',#5560,1.);
#5560 = DIRECTION('',(0.,0.,-1.));
#5561 = ORIENTED_EDGE('',*,*,#5562,.T.);
#5562 = EDGE_CURVE('',#5555,#5563,#5565,.T.);
#5563 = VERTEX_POINT('',#5564);
#5564 = CARTESIAN_POINT('',(-2.64,-7.37,1.25));
#5565 = LINE('',#5566,#5567);
#5566 = CARTESIAN_POINT('',(-2.64,-7.87,1.25));
#5567 = VECTOR('',#5568,1.);
#5568 = DIRECTION('',(1.110223024625E-16,1.,0.));
#5569 = ORIENTED_EDGE('',*,*,#5570,.T.);
#5570 = EDGE_CURVE('',#5563,#5571,#5573,.T.);
#5571 = VERTEX_POINT('',#5572);
#5572 = CARTESIAN_POINT('',(-2.64,-7.37,7.35));
#5573 = LINE('',#5574,#5575);
#5574 = CARTESIAN_POINT('',(-2.64,-7.37,1.25));
#5575 = VECTOR('',#5576,1.);
#5576 = DIRECTION('',(0.,0.,1.));
#5577 = ORIENTED_EDGE('',*,*,#5578,.T.);
#5578 = EDGE_CURVE('',#5571,#3617,#5579,.T.);
#5579 = LINE('',#5580,#5581);
#5580 = CARTESIAN_POINT('',(-2.64,-7.37,7.35));
#5581 = VECTOR('',#5582,1.);
#5582 = DIRECTION('',(7.850462293414E-17,0.707106781187,0.707106781187)
  );
#5583 = ORIENTED_EDGE('',*,*,#3624,.F.);
#5584 = ORIENTED_EDGE('',*,*,#5529,.T.);
#5585 = PLANE('',#5586);
#5586 = AXIS2_PLACEMENT_3D('',#5587,#5588,#5589);
#5587 = CARTESIAN_POINT('',(-2.64,-7.62,3.911477598424));
#5588 = DIRECTION('',(-1.,1.110223024625E-16,0.));
#5589 = DIRECTION('',(0.,0.,1.));
#5590 = ADVANCED_FACE('',(#5591),#5609,.T.);
#5591 = FACE_BOUND('',#5592,.T.);
#5592 = EDGE_LOOP('',(#5593,#5601,#5607,#5608));
#5593 = ORIENTED_EDGE('',*,*,#5594,.T.);
#5594 = EDGE_CURVE('',#5571,#5595,#5597,.T.);
#5595 = VERTEX_POINT('',#5596);
#5596 = CARTESIAN_POINT('',(-2.44,-7.37,7.35));
#5597 = LINE('',#5598,#5599);
#5598 = CARTESIAN_POINT('',(-2.64,-7.37,7.35));
#5599 = VECTOR('',#5600,1.);
#5600 = DIRECTION('',(1.,-1.110223024625E-16,0.));
#5601 = ORIENTED_EDGE('',*,*,#5602,.T.);
#5602 = EDGE_CURVE('',#5595,#3609,#5603,.T.);
#5603 = LINE('',#5604,#5605);
#5604 = CARTESIAN_POINT('',(-2.44,-7.37,7.35));
#5605 = VECTOR('',#5606,1.);
#5606 = DIRECTION('',(7.850462293414E-17,0.707106781187,0.707106781187)
  );
#5607 = ORIENTED_EDGE('',*,*,#3616,.F.);
#5608 = ORIENTED_EDGE('',*,*,#5578,.F.);
#5609 = PLANE('',#5610);
#5610 = AXIS2_PLACEMENT_3D('',#5611,#5612,#5613);
#5611 = CARTESIAN_POINT('',(-2.64,-7.37,7.35));
#5612 = DIRECTION('',(-7.850462293414E-17,-0.707106781187,0.707106781187
    ));
#5613 = DIRECTION('',(7.850462293414E-17,0.707106781187,0.707106781187)
  );
#5614 = ADVANCED_FACE('',(#5615),#5651,.F.);
#5615 = FACE_BOUND('',#5616,.F.);
#5616 = EDGE_LOOP('',(#5617,#5618,#5626,#5634,#5642,#5648,#5649,#5650));
#5617 = ORIENTED_EDGE('',*,*,#3704,.F.);
#5618 = ORIENTED_EDGE('',*,*,#5619,.T.);
#5619 = EDGE_CURVE('',#3697,#5620,#5622,.T.);
#5620 = VERTEX_POINT('',#5621);
#5621 = CARTESIAN_POINT('',(-2.44,-7.87,7.35));
#5622 = LINE('',#5623,#5624);
#5623 = CARTESIAN_POINT('',(-2.44,-7.92,7.4));
#5624 = VECTOR('',#5625,1.);
#5625 = DIRECTION('',(7.850462293414E-17,0.707106781187,-0.707106781187)
  );
#5626 = ORIENTED_EDGE('',*,*,#5627,.T.);
#5627 = EDGE_CURVE('',#5620,#5628,#5630,.T.);
#5628 = VERTEX_POINT('',#5629);
#5629 = CARTESIAN_POINT('',(-2.44,-7.87,1.25));
#5630 = LINE('',#5631,#5632);
#5631 = CARTESIAN_POINT('',(-2.44,-7.87,7.35));
#5632 = VECTOR('',#5633,1.);
#5633 = DIRECTION('',(0.,0.,-1.));
#5634 = ORIENTED_EDGE('',*,*,#5635,.T.);
#5635 = EDGE_CURVE('',#5628,#5636,#5638,.T.);
#5636 = VERTEX_POINT('',#5637);
#5637 = CARTESIAN_POINT('',(-2.44,-7.37,1.25));
#5638 = LINE('',#5639,#5640);
#5639 = CARTESIAN_POINT('',(-2.44,-7.87,1.25));
#5640 = VECTOR('',#5641,1.);
#5641 = DIRECTION('',(1.110223024625E-16,1.,0.));
#5642 = ORIENTED_EDGE('',*,*,#5643,.T.);
#5643 = EDGE_CURVE('',#5636,#5595,#5644,.T.);
#5644 = LINE('',#5645,#5646);
#5645 = CARTESIAN_POINT('',(-2.44,-7.37,1.25));
#5646 = VECTOR('',#5647,1.);
#5647 = DIRECTION('',(0.,0.,1.));
#5648 = ORIENTED_EDGE('',*,*,#5602,.T.);
#5649 = ORIENTED_EDGE('',*,*,#3608,.F.);
#5650 = ORIENTED_EDGE('',*,*,#5514,.T.);
#5651 = PLANE('',#5652);
#5652 = AXIS2_PLACEMENT_3D('',#5653,#5654,#5655);
#5653 = CARTESIAN_POINT('',(-2.44,-7.62,3.911477598424));
#5654 = DIRECTION('',(-1.,1.110223024625E-16,0.));
#5655 = DIRECTION('',(0.,0.,1.));
#5656 = ADVANCED_FACE('',(#5657),#5668,.T.);
#5657 = FACE_BOUND('',#5658,.T.);
#5658 = EDGE_LOOP('',(#5659,#5660,#5661,#5667));
#5659 = ORIENTED_EDGE('',*,*,#3696,.T.);
#5660 = ORIENTED_EDGE('',*,*,#5619,.T.);
#5661 = ORIENTED_EDGE('',*,*,#5662,.F.);
#5662 = EDGE_CURVE('',#5547,#5620,#5663,.T.);
#5663 = LINE('',#5664,#5665);
#5664 = CARTESIAN_POINT('',(-2.64,-7.87,7.35));
#5665 = VECTOR('',#5666,1.);
#5666 = DIRECTION('',(1.,-1.110223024625E-16,0.));
#5667 = ORIENTED_EDGE('',*,*,#5546,.F.);
#5668 = PLANE('',#5669);
#5669 = AXIS2_PLACEMENT_3D('',#5670,#5671,#5672);
#5670 = CARTESIAN_POINT('',(-2.64,-7.92,7.4));
#5671 = DIRECTION('',(7.850462293414E-17,0.707106781187,0.707106781187)
  );
#5672 = DIRECTION('',(7.850462293414E-17,0.707106781187,-0.707106781187)
  );
#5673 = ADVANCED_FACE('',(#5674),#5685,.T.);
#5674 = FACE_BOUND('',#5675,.T.);
#5675 = EDGE_LOOP('',(#5676,#5677,#5678,#5679));
#5676 = ORIENTED_EDGE('',*,*,#3872,.T.);
#5677 = ORIENTED_EDGE('',*,*,#3735,.T.);
#5678 = ORIENTED_EDGE('',*,*,#3760,.T.);
#5679 = ORIENTED_EDGE('',*,*,#5680,.T.);
#5680 = EDGE_CURVE('',#3761,#3865,#5681,.T.);
#5681 = LINE('',#5682,#5683);
#5682 = CARTESIAN_POINT('',(-2.44,-5.08,0.9));
#5683 = VECTOR('',#5684,1.);
#5684 = DIRECTION('',(-1.110223024625E-16,-1.,0.));
#5685 = PLANE('',#5686);
#5686 = AXIS2_PLACEMENT_3D('',#5687,#5688,#5689);
#5687 = CARTESIAN_POINT('',(-2.54,-5.08,0.9));
#5688 = DIRECTION('',(0.,0.,1.));
#5689 = DIRECTION('',(1.110223024625E-16,1.,-0.));
#5690 = ADVANCED_FACE('',(#5691),#5702,.T.);
#5691 = FACE_BOUND('',#5692,.T.);
#5692 = EDGE_LOOP('',(#5693,#5694,#5700,#5701));
#5693 = ORIENTED_EDGE('',*,*,#3840,.T.);
#5694 = ORIENTED_EDGE('',*,*,#5695,.F.);
#5695 = EDGE_CURVE('',#3785,#3841,#5696,.T.);
#5696 = LINE('',#5697,#5698);
#5697 = CARTESIAN_POINT('',(-2.64,-5.08,0.9));
#5698 = VECTOR('',#5699,1.);
#5699 = DIRECTION('',(-1.110223024625E-16,-1.,0.));
#5700 = ORIENTED_EDGE('',*,*,#3792,.T.);
#5701 = ORIENTED_EDGE('',*,*,#3815,.T.);
#5702 = PLANE('',#5703);
#5703 = AXIS2_PLACEMENT_3D('',#5704,#5705,#5706);
#5704 = CARTESIAN_POINT('',(-2.54,-5.08,0.9));
#5705 = DIRECTION('',(0.,0.,1.));
#5706 = DIRECTION('',(1.110223024625E-16,1.,-0.));
#5707 = ADVANCED_FACE('',(#5708),#5751,.T.);
#5708 = FACE_BOUND('',#5709,.T.);
#5709 = EDGE_LOOP('',(#5710,#5711,#5719,#5727,#5735,#5743,#5749,#5750));
#5710 = ORIENTED_EDGE('',*,*,#3848,.F.);
#5711 = ORIENTED_EDGE('',*,*,#5712,.T.);
#5712 = EDGE_CURVE('',#3849,#5713,#5715,.T.);
#5713 = VERTEX_POINT('',#5714);
#5714 = CARTESIAN_POINT('',(-2.64,-5.33,7.35));
#5715 = LINE('',#5716,#5717);
#5716 = CARTESIAN_POINT('',(-2.64,-5.38,7.4));
#5717 = VECTOR('',#5718,1.);
#5718 = DIRECTION('',(7.850462293414E-17,0.707106781187,-0.707106781187)
  );
#5719 = ORIENTED_EDGE('',*,*,#5720,.T.);
#5720 = EDGE_CURVE('',#5713,#5721,#5723,.T.);
#5721 = VERTEX_POINT('',#5722);
#5722 = CARTESIAN_POINT('',(-2.64,-5.33,1.25));
#5723 = LINE('',#5724,#5725);
#5724 = CARTESIAN_POINT('',(-2.64,-5.33,7.35));
#5725 = VECTOR('',#5726,1.);
#5726 = DIRECTION('',(0.,0.,-1.));
#5727 = ORIENTED_EDGE('',*,*,#5728,.T.);
#5728 = EDGE_CURVE('',#5721,#5729,#5731,.T.);
#5729 = VERTEX_POINT('',#5730);
#5730 = CARTESIAN_POINT('',(-2.64,-4.83,1.25));
#5731 = LINE('',#5732,#5733);
#5732 = CARTESIAN_POINT('',(-2.64,-5.33,1.25));
#5733 = VECTOR('',#5734,1.);
#5734 = DIRECTION('',(1.110223024625E-16,1.,0.));
#5735 = ORIENTED_EDGE('',*,*,#5736,.T.);
#5736 = EDGE_CURVE('',#5729,#5737,#5739,.T.);
#5737 = VERTEX_POINT('',#5738);
#5738 = CARTESIAN_POINT('',(-2.64,-4.83,7.35));
#5739 = LINE('',#5740,#5741);
#5740 = CARTESIAN_POINT('',(-2.64,-4.83,1.25));
#5741 = VECTOR('',#5742,1.);
#5742 = DIRECTION('',(0.,0.,1.));
#5743 = ORIENTED_EDGE('',*,*,#5744,.T.);
#5744 = EDGE_CURVE('',#5737,#3777,#5745,.T.);
#5745 = LINE('',#5746,#5747);
#5746 = CARTESIAN_POINT('',(-2.64,-4.83,7.35));
#5747 = VECTOR('',#5748,1.);
#5748 = DIRECTION('',(7.850462293414E-17,0.707106781187,0.707106781187)
  );
#5749 = ORIENTED_EDGE('',*,*,#3784,.F.);
#5750 = ORIENTED_EDGE('',*,*,#5695,.T.);
#5751 = PLANE('',#5752);
#5752 = AXIS2_PLACEMENT_3D('',#5753,#5754,#5755);
#5753 = CARTESIAN_POINT('',(-2.64,-5.08,3.911477598424));
#5754 = DIRECTION('',(-1.,1.110223024625E-16,0.));
#5755 = DIRECTION('',(0.,0.,1.));
#5756 = ADVANCED_FACE('',(#5757),#5775,.T.);
#5757 = FACE_BOUND('',#5758,.T.);
#5758 = EDGE_LOOP('',(#5759,#5767,#5773,#5774));
#5759 = ORIENTED_EDGE('',*,*,#5760,.T.);
#5760 = EDGE_CURVE('',#5737,#5761,#5763,.T.);
#5761 = VERTEX_POINT('',#5762);
#5762 = CARTESIAN_POINT('',(-2.44,-4.83,7.35));
#5763 = LINE('',#5764,#5765);
#5764 = CARTESIAN_POINT('',(-2.64,-4.83,7.35));
#5765 = VECTOR('',#5766,1.);
#5766 = DIRECTION('',(1.,-1.110223024625E-16,0.));
#5767 = ORIENTED_EDGE('',*,*,#5768,.T.);
#5768 = EDGE_CURVE('',#5761,#3769,#5769,.T.);
#5769 = LINE('',#5770,#5771);
#5770 = CARTESIAN_POINT('',(-2.44,-4.83,7.35));
#5771 = VECTOR('',#5772,1.);
#5772 = DIRECTION('',(7.850462293414E-17,0.707106781187,0.707106781187)
  );
#5773 = ORIENTED_EDGE('',*,*,#3776,.F.);
#5774 = ORIENTED_EDGE('',*,*,#5744,.F.);
#5775 = PLANE('',#5776);
#5776 = AXIS2_PLACEMENT_3D('',#5777,#5778,#5779);
#5777 = CARTESIAN_POINT('',(-2.64,-4.83,7.35));
#5778 = DIRECTION('',(-7.850462293414E-17,-0.707106781187,0.707106781187
    ));
#5779 = DIRECTION('',(7.850462293414E-17,0.707106781187,0.707106781187)
  );
#5780 = ADVANCED_FACE('',(#5781),#5817,.F.);
#5781 = FACE_BOUND('',#5782,.F.);
#5782 = EDGE_LOOP('',(#5783,#5784,#5792,#5800,#5808,#5814,#5815,#5816));
#5783 = ORIENTED_EDGE('',*,*,#3864,.F.);
#5784 = ORIENTED_EDGE('',*,*,#5785,.T.);
#5785 = EDGE_CURVE('',#3857,#5786,#5788,.T.);
#5786 = VERTEX_POINT('',#5787);
#5787 = CARTESIAN_POINT('',(-2.44,-5.33,7.35));
#5788 = LINE('',#5789,#5790);
#5789 = CARTESIAN_POINT('',(-2.44,-5.38,7.4));
#5790 = VECTOR('',#5791,1.);
#5791 = DIRECTION('',(7.850462293414E-17,0.707106781187,-0.707106781187)
  );
#5792 = ORIENTED_EDGE('',*,*,#5793,.T.);
#5793 = EDGE_CURVE('',#5786,#5794,#5796,.T.);
#5794 = VERTEX_POINT('',#5795);
#5795 = CARTESIAN_POINT('',(-2.44,-5.33,1.25));
#5796 = LINE('',#5797,#5798);
#5797 = CARTESIAN_POINT('',(-2.44,-5.33,7.35));
#5798 = VECTOR('',#5799,1.);
#5799 = DIRECTION('',(0.,0.,-1.));
#5800 = ORIENTED_EDGE('',*,*,#5801,.T.);
#5801 = EDGE_CURVE('',#5794,#5802,#5804,.T.);
#5802 = VERTEX_POINT('',#5803);
#5803 = CARTESIAN_POINT('',(-2.44,-4.83,1.25));
#5804 = LINE('',#5805,#5806);
#5805 = CARTESIAN_POINT('',(-2.44,-5.33,1.25));
#5806 = VECTOR('',#5807,1.);
#5807 = DIRECTION('',(1.110223024625E-16,1.,0.));
#5808 = ORIENTED_EDGE('',*,*,#5809,.T.);
#5809 = EDGE_CURVE('',#5802,#5761,#5810,.T.);
#5810 = LINE('',#5811,#5812);
#5811 = CARTESIAN_POINT('',(-2.44,-4.83,1.25));
#5812 = VECTOR('',#5813,1.);
#5813 = DIRECTION('',(0.,0.,1.));
#5814 = ORIENTED_EDGE('',*,*,#5768,.T.);
#5815 = ORIENTED_EDGE('',*,*,#3768,.F.);
#5816 = ORIENTED_EDGE('',*,*,#5680,.T.);
#5817 = PLANE('',#5818);
#5818 = AXIS2_PLACEMENT_3D('',#5819,#5820,#5821);
#5819 = CARTESIAN_POINT('',(-2.44,-5.08,3.911477598424));
#5820 = DIRECTION('',(-1.,1.110223024625E-16,0.));
#5821 = DIRECTION('',(0.,0.,1.));
#5822 = ADVANCED_FACE('',(#5823),#5834,.T.);
#5823 = FACE_BOUND('',#5824,.T.);
#5824 = EDGE_LOOP('',(#5825,#5826,#5827,#5833));
#5825 = ORIENTED_EDGE('',*,*,#3856,.T.);
#5826 = ORIENTED_EDGE('',*,*,#5785,.T.);
#5827 = ORIENTED_EDGE('',*,*,#5828,.F.);
#5828 = EDGE_CURVE('',#5713,#5786,#5829,.T.);
#5829 = LINE('',#5830,#5831);
#5830 = CARTESIAN_POINT('',(-2.64,-5.33,7.35));
#5831 = VECTOR('',#5832,1.);
#5832 = DIRECTION('',(1.,-1.110223024625E-16,0.));
#5833 = ORIENTED_EDGE('',*,*,#5712,.F.);
#5834 = PLANE('',#5835);
#5835 = AXIS2_PLACEMENT_3D('',#5836,#5837,#5838);
#5836 = CARTESIAN_POINT('',(-2.64,-5.38,7.4));
#5837 = DIRECTION('',(7.850462293414E-17,0.707106781187,0.707106781187)
  );
#5838 = DIRECTION('',(7.850462293414E-17,0.707106781187,-0.707106781187)
  );
#5839 = ADVANCED_FACE('',(#5840),#5851,.T.);
#5840 = FACE_BOUND('',#5841,.T.);
#5841 = EDGE_LOOP('',(#5842,#5843,#5844,#5845));
#5842 = ORIENTED_EDGE('',*,*,#4032,.T.);
#5843 = ORIENTED_EDGE('',*,*,#3895,.T.);
#5844 = ORIENTED_EDGE('',*,*,#3920,.T.);
#5845 = ORIENTED_EDGE('',*,*,#5846,.T.);
#5846 = EDGE_CURVE('',#3921,#4025,#5847,.T.);
#5847 = LINE('',#5848,#5849);
#5848 = CARTESIAN_POINT('',(-2.44,-2.54,0.9));
#5849 = VECTOR('',#5850,1.);
#5850 = DIRECTION('',(-1.110223024625E-16,-1.,0.));
#5851 = PLANE('',#5852);
#5852 = AXIS2_PLACEMENT_3D('',#5853,#5854,#5855);
#5853 = CARTESIAN_POINT('',(-2.54,-2.54,0.9));
#5854 = DIRECTION('',(0.,0.,1.));
#5855 = DIRECTION('',(1.110223024625E-16,1.,-0.));
#5856 = ADVANCED_FACE('',(#5857),#5868,.T.);
#5857 = FACE_BOUND('',#5858,.T.);
#5858 = EDGE_LOOP('',(#5859,#5860,#5866,#5867));
#5859 = ORIENTED_EDGE('',*,*,#4000,.T.);
#5860 = ORIENTED_EDGE('',*,*,#5861,.F.);
#5861 = EDGE_CURVE('',#3945,#4001,#5862,.T.);
#5862 = LINE('',#5863,#5864);
#5863 = CARTESIAN_POINT('',(-2.64,-2.54,0.9));
#5864 = VECTOR('',#5865,1.);
#5865 = DIRECTION('',(-1.110223024625E-16,-1.,0.));
#5866 = ORIENTED_EDGE('',*,*,#3952,.T.);
#5867 = ORIENTED_EDGE('',*,*,#3975,.T.);
#5868 = PLANE('',#5869);
#5869 = AXIS2_PLACEMENT_3D('',#5870,#5871,#5872);
#5870 = CARTESIAN_POINT('',(-2.54,-2.54,0.9));
#5871 = DIRECTION('',(0.,0.,1.));
#5872 = DIRECTION('',(1.110223024625E-16,1.,-0.));
#5873 = ADVANCED_FACE('',(#5874),#5917,.T.);
#5874 = FACE_BOUND('',#5875,.T.);
#5875 = EDGE_LOOP('',(#5876,#5877,#5885,#5893,#5901,#5909,#5915,#5916));
#5876 = ORIENTED_EDGE('',*,*,#4008,.F.);
#5877 = ORIENTED_EDGE('',*,*,#5878,.T.);
#5878 = EDGE_CURVE('',#4009,#5879,#5881,.T.);
#5879 = VERTEX_POINT('',#5880);
#5880 = CARTESIAN_POINT('',(-2.64,-2.79,7.35));
#5881 = LINE('',#5882,#5883);
#5882 = CARTESIAN_POINT('',(-2.64,-2.84,7.4));
#5883 = VECTOR('',#5884,1.);
#5884 = DIRECTION('',(7.850462293414E-17,0.707106781187,-0.707106781187)
  );
#5885 = ORIENTED_EDGE('',*,*,#5886,.T.);
#5886 = EDGE_CURVE('',#5879,#5887,#5889,.T.);
#5887 = VERTEX_POINT('',#5888);
#5888 = CARTESIAN_POINT('',(-2.64,-2.79,1.25));
#5889 = LINE('',#5890,#5891);
#5890 = CARTESIAN_POINT('',(-2.64,-2.79,7.35));
#5891 = VECTOR('',#5892,1.);
#5892 = DIRECTION('',(0.,0.,-1.));
#5893 = ORIENTED_EDGE('',*,*,#5894,.T.);
#5894 = EDGE_CURVE('',#5887,#5895,#5897,.T.);
#5895 = VERTEX_POINT('',#5896);
#5896 = CARTESIAN_POINT('',(-2.64,-2.29,1.25));
#5897 = LINE('',#5898,#5899);
#5898 = CARTESIAN_POINT('',(-2.64,-2.79,1.25));
#5899 = VECTOR('',#5900,1.);
#5900 = DIRECTION('',(1.110223024625E-16,1.,0.));
#5901 = ORIENTED_EDGE('',*,*,#5902,.T.);
#5902 = EDGE_CURVE('',#5895,#5903,#5905,.T.);
#5903 = VERTEX_POINT('',#5904);
#5904 = CARTESIAN_POINT('',(-2.64,-2.29,7.35));
#5905 = LINE('',#5906,#5907);
#5906 = CARTESIAN_POINT('',(-2.64,-2.29,1.25));
#5907 = VECTOR('',#5908,1.);
#5908 = DIRECTION('',(0.,0.,1.));
#5909 = ORIENTED_EDGE('',*,*,#5910,.T.);
#5910 = EDGE_CURVE('',#5903,#3937,#5911,.T.);
#5911 = LINE('',#5912,#5913);
#5912 = CARTESIAN_POINT('',(-2.64,-2.29,7.35));
#5913 = VECTOR('',#5914,1.);
#5914 = DIRECTION('',(7.850462293414E-17,0.707106781187,0.707106781187)
  );
#5915 = ORIENTED_EDGE('',*,*,#3944,.F.);
#5916 = ORIENTED_EDGE('',*,*,#5861,.T.);
#5917 = PLANE('',#5918);
#5918 = AXIS2_PLACEMENT_3D('',#5919,#5920,#5921);
#5919 = CARTESIAN_POINT('',(-2.64,-2.54,3.911477598424));
#5920 = DIRECTION('',(-1.,1.110223024625E-16,0.));
#5921 = DIRECTION('',(0.,0.,1.));
#5922 = ADVANCED_FACE('',(#5923),#5941,.T.);
#5923 = FACE_BOUND('',#5924,.T.);
#5924 = EDGE_LOOP('',(#5925,#5933,#5939,#5940));
#5925 = ORIENTED_EDGE('',*,*,#5926,.T.);
#5926 = EDGE_CURVE('',#5903,#5927,#5929,.T.);
#5927 = VERTEX_POINT('',#5928);
#5928 = CARTESIAN_POINT('',(-2.44,-2.29,7.35));
#5929 = LINE('',#5930,#5931);
#5930 = CARTESIAN_POINT('',(-2.64,-2.29,7.35));
#5931 = VECTOR('',#5932,1.);
#5932 = DIRECTION('',(1.,-1.110223024625E-16,0.));
#5933 = ORIENTED_EDGE('',*,*,#5934,.T.);
#5934 = EDGE_CURVE('',#5927,#3929,#5935,.T.);
#5935 = LINE('',#5936,#5937);
#5936 = CARTESIAN_POINT('',(-2.44,-2.29,7.35));
#5937 = VECTOR('',#5938,1.);
#5938 = DIRECTION('',(7.850462293414E-17,0.707106781187,0.707106781187)
  );
#5939 = ORIENTED_EDGE('',*,*,#3936,.F.);
#5940 = ORIENTED_EDGE('',*,*,#5910,.F.);
#5941 = PLANE('',#5942);
#5942 = AXIS2_PLACEMENT_3D('',#5943,#5944,#5945);
#5943 = CARTESIAN_POINT('',(-2.64,-2.29,7.35));
#5944 = DIRECTION('',(-7.850462293414E-17,-0.707106781187,0.707106781187
    ));
#5945 = DIRECTION('',(7.850462293414E-17,0.707106781187,0.707106781187)
  );
#5946 = ADVANCED_FACE('',(#5947),#5983,.F.);
#5947 = FACE_BOUND('',#5948,.F.);
#5948 = EDGE_LOOP('',(#5949,#5950,#5958,#5966,#5974,#5980,#5981,#5982));
#5949 = ORIENTED_EDGE('',*,*,#4024,.F.);
#5950 = ORIENTED_EDGE('',*,*,#5951,.T.);
#5951 = EDGE_CURVE('',#4017,#5952,#5954,.T.);
#5952 = VERTEX_POINT('',#5953);
#5953 = CARTESIAN_POINT('',(-2.44,-2.79,7.35));
#5954 = LINE('',#5955,#5956);
#5955 = CARTESIAN_POINT('',(-2.44,-2.84,7.4));
#5956 = VECTOR('',#5957,1.);
#5957 = DIRECTION('',(7.850462293414E-17,0.707106781187,-0.707106781187)
  );
#5958 = ORIENTED_EDGE('',*,*,#5959,.T.);
#5959 = EDGE_CURVE('',#5952,#5960,#5962,.T.);
#5960 = VERTEX_POINT('',#5961);
#5961 = CARTESIAN_POINT('',(-2.44,-2.79,1.25));
#5962 = LINE('',#5963,#5964);
#5963 = CARTESIAN_POINT('',(-2.44,-2.79,7.35));
#5964 = VECTOR('',#5965,1.);
#5965 = DIRECTION('',(0.,0.,-1.));
#5966 = ORIENTED_EDGE('',*,*,#5967,.T.);
#5967 = EDGE_CURVE('',#5960,#5968,#5970,.T.);
#5968 = VERTEX_POINT('',#5969);
#5969 = CARTESIAN_POINT('',(-2.44,-2.29,1.25));
#5970 = LINE('',#5971,#5972);
#5971 = CARTESIAN_POINT('',(-2.44,-2.79,1.25));
#5972 = VECTOR('',#5973,1.);
#5973 = DIRECTION('',(1.110223024625E-16,1.,0.));
#5974 = ORIENTED_EDGE('',*,*,#5975,.T.);
#5975 = EDGE_CURVE('',#5968,#5927,#5976,.T.);
#5976 = LINE('',#5977,#5978);
#5977 = CARTESIAN_POINT('',(-2.44,-2.29,1.25));
#5978 = VECTOR('',#5979,1.);
#5979 = DIRECTION('',(0.,0.,1.));
#5980 = ORIENTED_EDGE('',*,*,#5934,.T.);
#5981 = ORIENTED_EDGE('',*,*,#3928,.F.);
#5982 = ORIENTED_EDGE('',*,*,#5846,.T.);
#5983 = PLANE('',#5984);
#5984 = AXIS2_PLACEMENT_3D('',#5985,#5986,#5987);
#5985 = CARTESIAN_POINT('',(-2.44,-2.54,3.911477598424));
#5986 = DIRECTION('',(-1.,1.110223024625E-16,0.));
#5987 = DIRECTION('',(0.,0.,1.));
#5988 = ADVANCED_FACE('',(#5989),#6000,.T.);
#5989 = FACE_BOUND('',#5990,.T.);
#5990 = EDGE_LOOP('',(#5991,#5992,#5993,#5999));
#5991 = ORIENTED_EDGE('',*,*,#4016,.T.);
#5992 = ORIENTED_EDGE('',*,*,#5951,.T.);
#5993 = ORIENTED_EDGE('',*,*,#5994,.F.);
#5994 = EDGE_CURVE('',#5879,#5952,#5995,.T.);
#5995 = LINE('',#5996,#5997);
#5996 = CARTESIAN_POINT('',(-2.64,-2.79,7.35));
#5997 = VECTOR('',#5998,1.);
#5998 = DIRECTION('',(1.,-1.110223024625E-16,0.));
#5999 = ORIENTED_EDGE('',*,*,#5878,.F.);
#6000 = PLANE('',#6001);
#6001 = AXIS2_PLACEMENT_3D('',#6002,#6003,#6004);
#6002 = CARTESIAN_POINT('',(-2.64,-2.84,7.4));
#6003 = DIRECTION('',(7.850462293414E-17,0.707106781187,0.707106781187)
  );
#6004 = DIRECTION('',(7.850462293414E-17,0.707106781187,-0.707106781187)
  );
#6005 = ADVANCED_FACE('',(#6006),#6017,.T.);
#6006 = FACE_BOUND('',#6007,.T.);
#6007 = EDGE_LOOP('',(#6008,#6009,#6010,#6011));
#6008 = ORIENTED_EDGE('',*,*,#4192,.T.);
#6009 = ORIENTED_EDGE('',*,*,#4055,.T.);
#6010 = ORIENTED_EDGE('',*,*,#4080,.T.);
#6011 = ORIENTED_EDGE('',*,*,#6012,.T.);
#6012 = EDGE_CURVE('',#4081,#4185,#6013,.T.);
#6013 = LINE('',#6014,#6015);
#6014 = CARTESIAN_POINT('',(-2.44,7.149836278586E-16,0.9));
#6015 = VECTOR('',#6016,1.);
#6016 = DIRECTION('',(-1.110223024625E-16,-1.,0.));
#6017 = PLANE('',#6018);
#6018 = AXIS2_PLACEMENT_3D('',#6019,#6020,#6021);
#6019 = CARTESIAN_POINT('',(-2.54,1.170175067955E-15,0.9));
#6020 = DIRECTION('',(0.,0.,1.));
#6021 = DIRECTION('',(1.110223024625E-16,1.,-0.));
#6022 = ADVANCED_FACE('',(#6023),#6034,.T.);
#6023 = FACE_BOUND('',#6024,.T.);
#6024 = EDGE_LOOP('',(#6025,#6026,#6032,#6033));
#6025 = ORIENTED_EDGE('',*,*,#4160,.T.);
#6026 = ORIENTED_EDGE('',*,*,#6027,.F.);
#6027 = EDGE_CURVE('',#4105,#4161,#6028,.T.);
#6028 = LINE('',#6029,#6030);
#6029 = CARTESIAN_POINT('',(-2.64,7.371880883511E-16,0.9));
#6030 = VECTOR('',#6031,1.);
#6031 = DIRECTION('',(-1.110223024625E-16,-1.,0.));
#6032 = ORIENTED_EDGE('',*,*,#4112,.T.);
#6033 = ORIENTED_EDGE('',*,*,#4135,.T.);
#6034 = PLANE('',#6035);
#6035 = AXIS2_PLACEMENT_3D('',#6036,#6037,#6038);
#6036 = CARTESIAN_POINT('',(-2.54,1.170175067955E-15,0.9));
#6037 = DIRECTION('',(0.,0.,1.));
#6038 = DIRECTION('',(1.110223024625E-16,1.,-0.));
#6039 = ADVANCED_FACE('',(#6040),#6083,.T.);
#6040 = FACE_BOUND('',#6041,.T.);
#6041 = EDGE_LOOP('',(#6042,#6043,#6051,#6059,#6067,#6075,#6081,#6082));
#6042 = ORIENTED_EDGE('',*,*,#4168,.F.);
#6043 = ORIENTED_EDGE('',*,*,#6044,.T.);
#6044 = EDGE_CURVE('',#4169,#6045,#6047,.T.);
#6045 = VERTEX_POINT('',#6046);
#6046 = CARTESIAN_POINT('',(-2.64,-0.25,7.35));
#6047 = LINE('',#6048,#6049);
#6048 = CARTESIAN_POINT('',(-2.64,-0.3,7.4));
#6049 = VECTOR('',#6050,1.);
#6050 = DIRECTION('',(7.850462293414E-17,0.707106781187,-0.707106781187)
  );
#6051 = ORIENTED_EDGE('',*,*,#6052,.T.);
#6052 = EDGE_CURVE('',#6045,#6053,#6055,.T.);
#6053 = VERTEX_POINT('',#6054);
#6054 = CARTESIAN_POINT('',(-2.64,-0.25,1.25));
#6055 = LINE('',#6056,#6057);
#6056 = CARTESIAN_POINT('',(-2.64,-0.25,7.35));
#6057 = VECTOR('',#6058,1.);
#6058 = DIRECTION('',(0.,0.,-1.));
#6059 = ORIENTED_EDGE('',*,*,#6060,.T.);
#6060 = EDGE_CURVE('',#6053,#6061,#6063,.T.);
#6061 = VERTEX_POINT('',#6062);
#6062 = CARTESIAN_POINT('',(-2.64,0.25,1.25));
#6063 = LINE('',#6064,#6065);
#6064 = CARTESIAN_POINT('',(-2.64,-0.25,1.25));
#6065 = VECTOR('',#6066,1.);
#6066 = DIRECTION('',(1.110223024625E-16,1.,0.));
#6067 = ORIENTED_EDGE('',*,*,#6068,.T.);
#6068 = EDGE_CURVE('',#6061,#6069,#6071,.T.);
#6069 = VERTEX_POINT('',#6070);
#6070 = CARTESIAN_POINT('',(-2.64,0.25,7.35));
#6071 = LINE('',#6072,#6073);
#6072 = CARTESIAN_POINT('',(-2.64,0.25,1.25));
#6073 = VECTOR('',#6074,1.);
#6074 = DIRECTION('',(0.,0.,1.));
#6075 = ORIENTED_EDGE('',*,*,#6076,.T.);
#6076 = EDGE_CURVE('',#6069,#4097,#6077,.T.);
#6077 = LINE('',#6078,#6079);
#6078 = CARTESIAN_POINT('',(-2.64,0.25,7.35));
#6079 = VECTOR('',#6080,1.);
#6080 = DIRECTION('',(7.850462293414E-17,0.707106781187,0.707106781187)
  );
#6081 = ORIENTED_EDGE('',*,*,#4104,.F.);
#6082 = ORIENTED_EDGE('',*,*,#6027,.T.);
#6083 = PLANE('',#6084);
#6084 = AXIS2_PLACEMENT_3D('',#6085,#6086,#6087);
#6085 = CARTESIAN_POINT('',(-2.64,2.93098878501E-16,3.911477598424));
#6086 = DIRECTION('',(-1.,1.110223024625E-16,0.));
#6087 = DIRECTION('',(0.,0.,1.));
#6088 = ADVANCED_FACE('',(#6089),#6107,.T.);
#6089 = FACE_BOUND('',#6090,.T.);
#6090 = EDGE_LOOP('',(#6091,#6099,#6105,#6106));
#6091 = ORIENTED_EDGE('',*,*,#6092,.T.);
#6092 = EDGE_CURVE('',#6069,#6093,#6095,.T.);
#6093 = VERTEX_POINT('',#6094);
#6094 = CARTESIAN_POINT('',(-2.44,0.25,7.35));
#6095 = LINE('',#6096,#6097);
#6096 = CARTESIAN_POINT('',(-2.64,0.25,7.35));
#6097 = VECTOR('',#6098,1.);
#6098 = DIRECTION('',(1.,-1.110223024625E-16,0.));
#6099 = ORIENTED_EDGE('',*,*,#6100,.T.);
#6100 = EDGE_CURVE('',#6093,#4089,#6101,.T.);
#6101 = LINE('',#6102,#6103);
#6102 = CARTESIAN_POINT('',(-2.44,0.25,7.35));
#6103 = VECTOR('',#6104,1.);
#6104 = DIRECTION('',(7.850462293414E-17,0.707106781187,0.707106781187)
  );
#6105 = ORIENTED_EDGE('',*,*,#4096,.F.);
#6106 = ORIENTED_EDGE('',*,*,#6076,.F.);
#6107 = PLANE('',#6108);
#6108 = AXIS2_PLACEMENT_3D('',#6109,#6110,#6111);
#6109 = CARTESIAN_POINT('',(-2.64,0.25,7.35));
#6110 = DIRECTION('',(-7.850462293414E-17,-0.707106781187,0.707106781187
    ));
#6111 = DIRECTION('',(7.850462293414E-17,0.707106781187,0.707106781187)
  );
#6112 = ADVANCED_FACE('',(#6113),#6149,.F.);
#6113 = FACE_BOUND('',#6114,.F.);
#6114 = EDGE_LOOP('',(#6115,#6116,#6124,#6132,#6140,#6146,#6147,#6148));
#6115 = ORIENTED_EDGE('',*,*,#4184,.F.);
#6116 = ORIENTED_EDGE('',*,*,#6117,.T.);
#6117 = EDGE_CURVE('',#4177,#6118,#6120,.T.);
#6118 = VERTEX_POINT('',#6119);
#6119 = CARTESIAN_POINT('',(-2.44,-0.25,7.35));
#6120 = LINE('',#6121,#6122);
#6121 = CARTESIAN_POINT('',(-2.44,-0.3,7.4));
#6122 = VECTOR('',#6123,1.);
#6123 = DIRECTION('',(7.850462293414E-17,0.707106781187,-0.707106781187)
  );
#6124 = ORIENTED_EDGE('',*,*,#6125,.T.);
#6125 = EDGE_CURVE('',#6118,#6126,#6128,.T.);
#6126 = VERTEX_POINT('',#6127);
#6127 = CARTESIAN_POINT('',(-2.44,-0.25,1.25));
#6128 = LINE('',#6129,#6130);
#6129 = CARTESIAN_POINT('',(-2.44,-0.25,7.35));
#6130 = VECTOR('',#6131,1.);
#6131 = DIRECTION('',(0.,0.,-1.));
#6132 = ORIENTED_EDGE('',*,*,#6133,.T.);
#6133 = EDGE_CURVE('',#6126,#6134,#6136,.T.);
#6134 = VERTEX_POINT('',#6135);
#6135 = CARTESIAN_POINT('',(-2.44,0.25,1.25));
#6136 = LINE('',#6137,#6138);
#6137 = CARTESIAN_POINT('',(-2.44,-0.25,1.25));
#6138 = VECTOR('',#6139,1.);
#6139 = DIRECTION('',(1.110223024625E-16,1.,0.));
#6140 = ORIENTED_EDGE('',*,*,#6141,.T.);
#6141 = EDGE_CURVE('',#6134,#6093,#6142,.T.);
#6142 = LINE('',#6143,#6144);
#6143 = CARTESIAN_POINT('',(-2.44,0.25,1.25));
#6144 = VECTOR('',#6145,1.);
#6145 = DIRECTION('',(0.,0.,1.));
#6146 = ORIENTED_EDGE('',*,*,#6100,.T.);
#6147 = ORIENTED_EDGE('',*,*,#4088,.F.);
#6148 = ORIENTED_EDGE('',*,*,#6012,.T.);
#6149 = PLANE('',#6150);
#6150 = AXIS2_PLACEMENT_3D('',#6151,#6152,#6153);
#6151 = CARTESIAN_POINT('',(-2.44,2.708944180085E-16,3.911477598424));
#6152 = DIRECTION('',(-1.,1.110223024625E-16,0.));
#6153 = DIRECTION('',(0.,0.,1.));
#6154 = ADVANCED_FACE('',(#6155),#6166,.T.);
#6155 = FACE_BOUND('',#6156,.T.);
#6156 = EDGE_LOOP('',(#6157,#6158,#6159,#6165));
#6157 = ORIENTED_EDGE('',*,*,#4176,.T.);
#6158 = ORIENTED_EDGE('',*,*,#6117,.T.);
#6159 = ORIENTED_EDGE('',*,*,#6160,.F.);
#6160 = EDGE_CURVE('',#6045,#6118,#6161,.T.);
#6161 = LINE('',#6162,#6163);
#6162 = CARTESIAN_POINT('',(-2.64,-0.25,7.35));
#6163 = VECTOR('',#6164,1.);
#6164 = DIRECTION('',(1.,-1.110223024625E-16,0.));
#6165 = ORIENTED_EDGE('',*,*,#6044,.F.);
#6166 = PLANE('',#6167);
#6167 = AXIS2_PLACEMENT_3D('',#6168,#6169,#6170);
#6168 = CARTESIAN_POINT('',(-2.64,-0.3,7.4));
#6169 = DIRECTION('',(7.850462293414E-17,0.707106781187,0.707106781187)
  );
#6170 = DIRECTION('',(7.850462293414E-17,0.707106781187,-0.707106781187)
  );
#6171 = ADVANCED_FACE('',(#6172),#6183,.T.);
#6172 = FACE_BOUND('',#6173,.T.);
#6173 = EDGE_LOOP('',(#6174,#6180,#6181,#6182));
#6174 = ORIENTED_EDGE('',*,*,#6175,.T.);
#6175 = EDGE_CURVE('',#4899,#4972,#6176,.T.);
#6176 = LINE('',#6177,#6178);
#6177 = CARTESIAN_POINT('',(0.1,-7.87,1.25));
#6178 = VECTOR('',#6179,1.);
#6179 = DIRECTION('',(-1.,2.334869823773E-16,0.));
#6180 = ORIENTED_EDGE('',*,*,#4979,.T.);
#6181 = ORIENTED_EDGE('',*,*,#4930,.F.);
#6182 = ORIENTED_EDGE('',*,*,#4906,.F.);
#6183 = PLANE('',#6184);
#6184 = AXIS2_PLACEMENT_3D('',#6185,#6186,#6187);
#6185 = CARTESIAN_POINT('',(0.1,-7.87,1.25));
#6186 = DIRECTION('',(2.334869823773E-16,1.,0.));
#6187 = DIRECTION('',(0.,-0.,1.));
#6188 = ADVANCED_FACE('',(#6189),#6200,.T.);
#6189 = FACE_BOUND('',#6190,.T.);
#6190 = EDGE_LOOP('',(#6191,#6197,#6198,#6199));
#6191 = ORIENTED_EDGE('',*,*,#6192,.T.);
#6192 = EDGE_CURVE('',#4891,#4964,#6193,.T.);
#6193 = LINE('',#6194,#6195);
#6194 = CARTESIAN_POINT('',(0.1,-7.37,1.25));
#6195 = VECTOR('',#6196,1.);
#6196 = DIRECTION('',(-1.,2.334869823773E-16,0.));
#6197 = ORIENTED_EDGE('',*,*,#4971,.T.);
#6198 = ORIENTED_EDGE('',*,*,#6175,.F.);
#6199 = ORIENTED_EDGE('',*,*,#4898,.F.);
#6200 = PLANE('',#6201);
#6201 = AXIS2_PLACEMENT_3D('',#6202,#6203,#6204);
#6202 = CARTESIAN_POINT('',(0.1,-7.37,1.25));
#6203 = DIRECTION('',(0.,0.,1.));
#6204 = DIRECTION('',(-2.334869823773E-16,-1.,0.));
#6205 = ADVANCED_FACE('',(#6206),#6212,.T.);
#6206 = FACE_BOUND('',#6207,.T.);
#6207 = EDGE_LOOP('',(#6208,#6209,#6210,#6211));
#6208 = ORIENTED_EDGE('',*,*,#4998,.T.);
#6209 = ORIENTED_EDGE('',*,*,#4963,.T.);
#6210 = ORIENTED_EDGE('',*,*,#6192,.F.);
#6211 = ORIENTED_EDGE('',*,*,#4890,.F.);
#6212 = PLANE('',#6213);
#6213 = AXIS2_PLACEMENT_3D('',#6214,#6215,#6216);
#6214 = CARTESIAN_POINT('',(0.1,-7.37,7.35));
#6215 = DIRECTION('',(-2.334869823773E-16,-1.,0.));
#6216 = DIRECTION('',(-0.,0.,-1.));
#6217 = ADVANCED_FACE('',(#6218),#6229,.T.);
#6218 = FACE_BOUND('',#6219,.T.);
#6219 = EDGE_LOOP('',(#6220,#6226,#6227,#6228));
#6220 = ORIENTED_EDGE('',*,*,#6221,.T.);
#6221 = EDGE_CURVE('',#5065,#5138,#6222,.T.);
#6222 = LINE('',#6223,#6224);
#6223 = CARTESIAN_POINT('',(0.1,-5.33,1.25));
#6224 = VECTOR('',#6225,1.);
#6225 = DIRECTION('',(-1.,2.334869823773E-16,0.));
#6226 = ORIENTED_EDGE('',*,*,#5145,.T.);
#6227 = ORIENTED_EDGE('',*,*,#5096,.F.);
#6228 = ORIENTED_EDGE('',*,*,#5072,.F.);
#6229 = PLANE('',#6230);
#6230 = AXIS2_PLACEMENT_3D('',#6231,#6232,#6233);
#6231 = CARTESIAN_POINT('',(0.1,-5.33,1.25));
#6232 = DIRECTION('',(2.334869823773E-16,1.,0.));
#6233 = DIRECTION('',(0.,-0.,1.));
#6234 = ADVANCED_FACE('',(#6235),#6246,.T.);
#6235 = FACE_BOUND('',#6236,.T.);
#6236 = EDGE_LOOP('',(#6237,#6243,#6244,#6245));
#6237 = ORIENTED_EDGE('',*,*,#6238,.T.);
#6238 = EDGE_CURVE('',#5057,#5130,#6239,.T.);
#6239 = LINE('',#6240,#6241);
#6240 = CARTESIAN_POINT('',(0.1,-4.83,1.25));
#6241 = VECTOR('',#6242,1.);
#6242 = DIRECTION('',(-1.,2.334869823773E-16,0.));
#6243 = ORIENTED_EDGE('',*,*,#5137,.T.);
#6244 = ORIENTED_EDGE('',*,*,#6221,.F.);
#6245 = ORIENTED_EDGE('',*,*,#5064,.F.);
#6246 = PLANE('',#6247);
#6247 = AXIS2_PLACEMENT_3D('',#6248,#6249,#6250);
#6248 = CARTESIAN_POINT('',(0.1,-4.83,1.25));
#6249 = DIRECTION('',(0.,0.,1.));
#6250 = DIRECTION('',(-2.334869823773E-16,-1.,0.));
#6251 = ADVANCED_FACE('',(#6252),#6258,.T.);
#6252 = FACE_BOUND('',#6253,.T.);
#6253 = EDGE_LOOP('',(#6254,#6255,#6256,#6257));
#6254 = ORIENTED_EDGE('',*,*,#5164,.T.);
#6255 = ORIENTED_EDGE('',*,*,#5129,.T.);
#6256 = ORIENTED_EDGE('',*,*,#6238,.F.);
#6257 = ORIENTED_EDGE('',*,*,#5056,.F.);
#6258 = PLANE('',#6259);
#6259 = AXIS2_PLACEMENT_3D('',#6260,#6261,#6262);
#6260 = CARTESIAN_POINT('',(0.1,-4.83,7.35));
#6261 = DIRECTION('',(-2.334869823773E-16,-1.,0.));
#6262 = DIRECTION('',(-0.,0.,-1.));
#6263 = ADVANCED_FACE('',(#6264),#6275,.T.);
#6264 = FACE_BOUND('',#6265,.T.);
#6265 = EDGE_LOOP('',(#6266,#6272,#6273,#6274));
#6266 = ORIENTED_EDGE('',*,*,#6267,.T.);
#6267 = EDGE_CURVE('',#5231,#5304,#6268,.T.);
#6268 = LINE('',#6269,#6270);
#6269 = CARTESIAN_POINT('',(0.1,-2.79,1.25));
#6270 = VECTOR('',#6271,1.);
#6271 = DIRECTION('',(-1.,2.334869823773E-16,0.));
#6272 = ORIENTED_EDGE('',*,*,#5311,.T.);
#6273 = ORIENTED_EDGE('',*,*,#5262,.F.);
#6274 = ORIENTED_EDGE('',*,*,#5238,.F.);
#6275 = PLANE('',#6276);
#6276 = AXIS2_PLACEMENT_3D('',#6277,#6278,#6279);
#6277 = CARTESIAN_POINT('',(0.1,-2.79,1.25));
#6278 = DIRECTION('',(2.334869823773E-16,1.,0.));
#6279 = DIRECTION('',(0.,-0.,1.));
#6280 = ADVANCED_FACE('',(#6281),#6292,.T.);
#6281 = FACE_BOUND('',#6282,.T.);
#6282 = EDGE_LOOP('',(#6283,#6289,#6290,#6291));
#6283 = ORIENTED_EDGE('',*,*,#6284,.T.);
#6284 = EDGE_CURVE('',#5223,#5296,#6285,.T.);
#6285 = LINE('',#6286,#6287);
#6286 = CARTESIAN_POINT('',(0.1,-2.29,1.25));
#6287 = VECTOR('',#6288,1.);
#6288 = DIRECTION('',(-1.,2.334869823773E-16,0.));
#6289 = ORIENTED_EDGE('',*,*,#5303,.T.);
#6290 = ORIENTED_EDGE('',*,*,#6267,.F.);
#6291 = ORIENTED_EDGE('',*,*,#5230,.F.);
#6292 = PLANE('',#6293);
#6293 = AXIS2_PLACEMENT_3D('',#6294,#6295,#6296);
#6294 = CARTESIAN_POINT('',(0.1,-2.29,1.25));
#6295 = DIRECTION('',(0.,0.,1.));
#6296 = DIRECTION('',(-2.334869823773E-16,-1.,0.));
#6297 = ADVANCED_FACE('',(#6298),#6304,.T.);
#6298 = FACE_BOUND('',#6299,.T.);
#6299 = EDGE_LOOP('',(#6300,#6301,#6302,#6303));
#6300 = ORIENTED_EDGE('',*,*,#5330,.T.);
#6301 = ORIENTED_EDGE('',*,*,#5295,.T.);
#6302 = ORIENTED_EDGE('',*,*,#6284,.F.);
#6303 = ORIENTED_EDGE('',*,*,#5222,.F.);
#6304 = PLANE('',#6305);
#6305 = AXIS2_PLACEMENT_3D('',#6306,#6307,#6308);
#6306 = CARTESIAN_POINT('',(0.1,-2.29,7.35));
#6307 = DIRECTION('',(-2.334869823773E-16,-1.,0.));
#6308 = DIRECTION('',(-0.,0.,-1.));
#6309 = ADVANCED_FACE('',(#6310),#6321,.T.);
#6310 = FACE_BOUND('',#6311,.T.);
#6311 = EDGE_LOOP('',(#6312,#6318,#6319,#6320));
#6312 = ORIENTED_EDGE('',*,*,#6313,.T.);
#6313 = EDGE_CURVE('',#5397,#5470,#6314,.T.);
#6314 = LINE('',#6315,#6316);
#6315 = CARTESIAN_POINT('',(0.1,-0.25,1.25));
#6316 = VECTOR('',#6317,1.);
#6317 = DIRECTION('',(-1.,2.334869823773E-16,0.));
#6318 = ORIENTED_EDGE('',*,*,#5477,.T.);
#6319 = ORIENTED_EDGE('',*,*,#5428,.F.);
#6320 = ORIENTED_EDGE('',*,*,#5404,.F.);
#6321 = PLANE('',#6322);
#6322 = AXIS2_PLACEMENT_3D('',#6323,#6324,#6325);
#6323 = CARTESIAN_POINT('',(0.1,-0.25,1.25));
#6324 = DIRECTION('',(2.334869823773E-16,1.,0.));
#6325 = DIRECTION('',(0.,-0.,1.));
#6326 = ADVANCED_FACE('',(#6327),#6338,.T.);
#6327 = FACE_BOUND('',#6328,.T.);
#6328 = EDGE_LOOP('',(#6329,#6335,#6336,#6337));
#6329 = ORIENTED_EDGE('',*,*,#6330,.T.);
#6330 = EDGE_CURVE('',#5389,#5462,#6331,.T.);
#6331 = LINE('',#6332,#6333);
#6332 = CARTESIAN_POINT('',(0.1,0.25,1.25));
#6333 = VECTOR('',#6334,1.);
#6334 = DIRECTION('',(-1.,2.334869823773E-16,0.));
#6335 = ORIENTED_EDGE('',*,*,#5469,.T.);
#6336 = ORIENTED_EDGE('',*,*,#6313,.F.);
#6337 = ORIENTED_EDGE('',*,*,#5396,.F.);
#6338 = PLANE('',#6339);
#6339 = AXIS2_PLACEMENT_3D('',#6340,#6341,#6342);
#6340 = CARTESIAN_POINT('',(0.1,0.25,1.25));
#6341 = DIRECTION('',(0.,0.,1.));
#6342 = DIRECTION('',(-2.334869823773E-16,-1.,0.));
#6343 = ADVANCED_FACE('',(#6344),#6350,.T.);
#6344 = FACE_BOUND('',#6345,.T.);
#6345 = EDGE_LOOP('',(#6346,#6347,#6348,#6349));
#6346 = ORIENTED_EDGE('',*,*,#5496,.T.);
#6347 = ORIENTED_EDGE('',*,*,#5461,.T.);
#6348 = ORIENTED_EDGE('',*,*,#6330,.F.);
#6349 = ORIENTED_EDGE('',*,*,#5388,.F.);
#6350 = PLANE('',#6351);
#6351 = AXIS2_PLACEMENT_3D('',#6352,#6353,#6354);
#6352 = CARTESIAN_POINT('',(0.1,0.25,7.35));
#6353 = DIRECTION('',(-2.334869823773E-16,-1.,0.));
#6354 = DIRECTION('',(-0.,0.,-1.));
#6355 = ADVANCED_FACE('',(#6356),#6367,.T.);
#6356 = FACE_BOUND('',#6357,.T.);
#6357 = EDGE_LOOP('',(#6358,#6364,#6365,#6366));
#6358 = ORIENTED_EDGE('',*,*,#6359,.T.);
#6359 = EDGE_CURVE('',#5563,#5636,#6360,.T.);
#6360 = LINE('',#6361,#6362);
#6361 = CARTESIAN_POINT('',(-2.64,-7.37,1.25));
#6362 = VECTOR('',#6363,1.);
#6363 = DIRECTION('',(1.,-1.110223024625E-16,0.));
#6364 = ORIENTED_EDGE('',*,*,#5643,.T.);
#6365 = ORIENTED_EDGE('',*,*,#5594,.F.);
#6366 = ORIENTED_EDGE('',*,*,#5570,.F.);
#6367 = PLANE('',#6368);
#6368 = AXIS2_PLACEMENT_3D('',#6369,#6370,#6371);
#6369 = CARTESIAN_POINT('',(-2.64,-7.37,1.25));
#6370 = DIRECTION('',(-1.110223024625E-16,-1.,0.));
#6371 = DIRECTION('',(0.,0.,1.));
#6372 = ADVANCED_FACE('',(#6373),#6384,.T.);
#6373 = FACE_BOUND('',#6374,.T.);
#6374 = EDGE_LOOP('',(#6375,#6381,#6382,#6383));
#6375 = ORIENTED_EDGE('',*,*,#6376,.T.);
#6376 = EDGE_CURVE('',#5555,#5628,#6377,.T.);
#6377 = LINE('',#6378,#6379);
#6378 = CARTESIAN_POINT('',(-2.64,-7.87,1.25));
#6379 = VECTOR('',#6380,1.);
#6380 = DIRECTION('',(1.,-1.110223024625E-16,0.));
#6381 = ORIENTED_EDGE('',*,*,#5635,.T.);
#6382 = ORIENTED_EDGE('',*,*,#6359,.F.);
#6383 = ORIENTED_EDGE('',*,*,#5562,.F.);
#6384 = PLANE('',#6385);
#6385 = AXIS2_PLACEMENT_3D('',#6386,#6387,#6388);
#6386 = CARTESIAN_POINT('',(-2.64,-7.87,1.25));
#6387 = DIRECTION('',(0.,0.,1.));
#6388 = DIRECTION('',(1.110223024625E-16,1.,-0.));
#6389 = ADVANCED_FACE('',(#6390),#6396,.T.);
#6390 = FACE_BOUND('',#6391,.T.);
#6391 = EDGE_LOOP('',(#6392,#6393,#6394,#6395));
#6392 = ORIENTED_EDGE('',*,*,#5662,.T.);
#6393 = ORIENTED_EDGE('',*,*,#5627,.T.);
#6394 = ORIENTED_EDGE('',*,*,#6376,.F.);
#6395 = ORIENTED_EDGE('',*,*,#5554,.F.);
#6396 = PLANE('',#6397);
#6397 = AXIS2_PLACEMENT_3D('',#6398,#6399,#6400);
#6398 = CARTESIAN_POINT('',(-2.64,-7.87,7.35));
#6399 = DIRECTION('',(1.110223024625E-16,1.,0.));
#6400 = DIRECTION('',(0.,0.,-1.));
#6401 = ADVANCED_FACE('',(#6402),#6413,.T.);
#6402 = FACE_BOUND('',#6403,.T.);
#6403 = EDGE_LOOP('',(#6404,#6410,#6411,#6412));
#6404 = ORIENTED_EDGE('',*,*,#6405,.T.);
#6405 = EDGE_CURVE('',#5729,#5802,#6406,.T.);
#6406 = LINE('',#6407,#6408);
#6407 = CARTESIAN_POINT('',(-2.64,-4.83,1.25));
#6408 = VECTOR('',#6409,1.);
#6409 = DIRECTION('',(1.,-1.110223024625E-16,0.));
#6410 = ORIENTED_EDGE('',*,*,#5809,.T.);
#6411 = ORIENTED_EDGE('',*,*,#5760,.F.);
#6412 = ORIENTED_EDGE('',*,*,#5736,.F.);
#6413 = PLANE('',#6414);
#6414 = AXIS2_PLACEMENT_3D('',#6415,#6416,#6417);
#6415 = CARTESIAN_POINT('',(-2.64,-4.83,1.25));
#6416 = DIRECTION('',(-1.110223024625E-16,-1.,0.));
#6417 = DIRECTION('',(0.,0.,1.));
#6418 = ADVANCED_FACE('',(#6419),#6430,.T.);
#6419 = FACE_BOUND('',#6420,.T.);
#6420 = EDGE_LOOP('',(#6421,#6427,#6428,#6429));
#6421 = ORIENTED_EDGE('',*,*,#6422,.T.);
#6422 = EDGE_CURVE('',#5721,#5794,#6423,.T.);
#6423 = LINE('',#6424,#6425);
#6424 = CARTESIAN_POINT('',(-2.64,-5.33,1.25));
#6425 = VECTOR('',#6426,1.);
#6426 = DIRECTION('',(1.,-1.110223024625E-16,0.));
#6427 = ORIENTED_EDGE('',*,*,#5801,.T.);
#6428 = ORIENTED_EDGE('',*,*,#6405,.F.);
#6429 = ORIENTED_EDGE('',*,*,#5728,.F.);
#6430 = PLANE('',#6431);
#6431 = AXIS2_PLACEMENT_3D('',#6432,#6433,#6434);
#6432 = CARTESIAN_POINT('',(-2.64,-5.33,1.25));
#6433 = DIRECTION('',(0.,0.,1.));
#6434 = DIRECTION('',(1.110223024625E-16,1.,-0.));
#6435 = ADVANCED_FACE('',(#6436),#6442,.T.);
#6436 = FACE_BOUND('',#6437,.T.);
#6437 = EDGE_LOOP('',(#6438,#6439,#6440,#6441));
#6438 = ORIENTED_EDGE('',*,*,#5828,.T.);
#6439 = ORIENTED_EDGE('',*,*,#5793,.T.);
#6440 = ORIENTED_EDGE('',*,*,#6422,.F.);
#6441 = ORIENTED_EDGE('',*,*,#5720,.F.);
#6442 = PLANE('',#6443);
#6443 = AXIS2_PLACEMENT_3D('',#6444,#6445,#6446);
#6444 = CARTESIAN_POINT('',(-2.64,-5.33,7.35));
#6445 = DIRECTION('',(1.110223024625E-16,1.,0.));
#6446 = DIRECTION('',(0.,0.,-1.));
#6447 = ADVANCED_FACE('',(#6448),#6459,.T.);
#6448 = FACE_BOUND('',#6449,.T.);
#6449 = EDGE_LOOP('',(#6450,#6456,#6457,#6458));
#6450 = ORIENTED_EDGE('',*,*,#6451,.T.);
#6451 = EDGE_CURVE('',#5895,#5968,#6452,.T.);
#6452 = LINE('',#6453,#6454);
#6453 = CARTESIAN_POINT('',(-2.64,-2.29,1.25));
#6454 = VECTOR('',#6455,1.);
#6455 = DIRECTION('',(1.,-1.110223024625E-16,0.));
#6456 = ORIENTED_EDGE('',*,*,#5975,.T.);
#6457 = ORIENTED_EDGE('',*,*,#5926,.F.);
#6458 = ORIENTED_EDGE('',*,*,#5902,.F.);
#6459 = PLANE('',#6460);
#6460 = AXIS2_PLACEMENT_3D('',#6461,#6462,#6463);
#6461 = CARTESIAN_POINT('',(-2.64,-2.29,1.25));
#6462 = DIRECTION('',(-1.110223024625E-16,-1.,0.));
#6463 = DIRECTION('',(0.,0.,1.));
#6464 = ADVANCED_FACE('',(#6465),#6476,.T.);
#6465 = FACE_BOUND('',#6466,.T.);
#6466 = EDGE_LOOP('',(#6467,#6473,#6474,#6475));
#6467 = ORIENTED_EDGE('',*,*,#6468,.T.);
#6468 = EDGE_CURVE('',#5887,#5960,#6469,.T.);
#6469 = LINE('',#6470,#6471);
#6470 = CARTESIAN_POINT('',(-2.64,-2.79,1.25));
#6471 = VECTOR('',#6472,1.);
#6472 = DIRECTION('',(1.,-1.110223024625E-16,0.));
#6473 = ORIENTED_EDGE('',*,*,#5967,.T.);
#6474 = ORIENTED_EDGE('',*,*,#6451,.F.);
#6475 = ORIENTED_EDGE('',*,*,#5894,.F.);
#6476 = PLANE('',#6477);
#6477 = AXIS2_PLACEMENT_3D('',#6478,#6479,#6480);
#6478 = CARTESIAN_POINT('',(-2.64,-2.79,1.25));
#6479 = DIRECTION('',(0.,0.,1.));
#6480 = DIRECTION('',(1.110223024625E-16,1.,-0.));
#6481 = ADVANCED_FACE('',(#6482),#6488,.T.);
#6482 = FACE_BOUND('',#6483,.T.);
#6483 = EDGE_LOOP('',(#6484,#6485,#6486,#6487));
#6484 = ORIENTED_EDGE('',*,*,#5994,.T.);
#6485 = ORIENTED_EDGE('',*,*,#5959,.T.);
#6486 = ORIENTED_EDGE('',*,*,#6468,.F.);
#6487 = ORIENTED_EDGE('',*,*,#5886,.F.);
#6488 = PLANE('',#6489);
#6489 = AXIS2_PLACEMENT_3D('',#6490,#6491,#6492);
#6490 = CARTESIAN_POINT('',(-2.64,-2.79,7.35));
#6491 = DIRECTION('',(1.110223024625E-16,1.,0.));
#6492 = DIRECTION('',(0.,0.,-1.));
#6493 = ADVANCED_FACE('',(#6494),#6505,.T.);
#6494 = FACE_BOUND('',#6495,.T.);
#6495 = EDGE_LOOP('',(#6496,#6502,#6503,#6504));
#6496 = ORIENTED_EDGE('',*,*,#6497,.T.);
#6497 = EDGE_CURVE('',#6061,#6134,#6498,.T.);
#6498 = LINE('',#6499,#6500);
#6499 = CARTESIAN_POINT('',(-2.64,0.25,1.25));
#6500 = VECTOR('',#6501,1.);
#6501 = DIRECTION('',(1.,-1.110223024625E-16,0.));
#6502 = ORIENTED_EDGE('',*,*,#6141,.T.);
#6503 = ORIENTED_EDGE('',*,*,#6092,.F.);
#6504 = ORIENTED_EDGE('',*,*,#6068,.F.);
#6505 = PLANE('',#6506);
#6506 = AXIS2_PLACEMENT_3D('',#6507,#6508,#6509);
#6507 = CARTESIAN_POINT('',(-2.64,0.25,1.25));
#6508 = DIRECTION('',(-1.110223024625E-16,-1.,0.));
#6509 = DIRECTION('',(0.,0.,1.));
#6510 = ADVANCED_FACE('',(#6511),#6522,.T.);
#6511 = FACE_BOUND('',#6512,.T.);
#6512 = EDGE_LOOP('',(#6513,#6519,#6520,#6521));
#6513 = ORIENTED_EDGE('',*,*,#6514,.T.);
#6514 = EDGE_CURVE('',#6053,#6126,#6515,.T.);
#6515 = LINE('',#6516,#6517);
#6516 = CARTESIAN_POINT('',(-2.64,-0.25,1.25));
#6517 = VECTOR('',#6518,1.);
#6518 = DIRECTION('',(1.,-1.110223024625E-16,0.));
#6519 = ORIENTED_EDGE('',*,*,#6133,.T.);
#6520 = ORIENTED_EDGE('',*,*,#6497,.F.);
#6521 = ORIENTED_EDGE('',*,*,#6060,.F.);
#6522 = PLANE('',#6523);
#6523 = AXIS2_PLACEMENT_3D('',#6524,#6525,#6526);
#6524 = CARTESIAN_POINT('',(-2.64,-0.25,1.25));
#6525 = DIRECTION('',(0.,0.,1.));
#6526 = DIRECTION('',(1.110223024625E-16,1.,-0.));
#6527 = ADVANCED_FACE('',(#6528),#6534,.T.);
#6528 = FACE_BOUND('',#6529,.T.);
#6529 = EDGE_LOOP('',(#6530,#6531,#6532,#6533));
#6530 = ORIENTED_EDGE('',*,*,#6160,.T.);
#6531 = ORIENTED_EDGE('',*,*,#6125,.T.);
#6532 = ORIENTED_EDGE('',*,*,#6514,.F.);
#6533 = ORIENTED_EDGE('',*,*,#6052,.F.);
#6534 = PLANE('',#6535);
#6535 = AXIS2_PLACEMENT_3D('',#6536,#6537,#6538);
#6536 = CARTESIAN_POINT('',(-2.64,-0.25,7.35));
#6537 = DIRECTION('',(1.110223024625E-16,1.,0.));
#6538 = DIRECTION('',(0.,0.,-1.));
#6539 = ( GEOMETRIC_REPRESENTATION_CONTEXT(3) 
GLOBAL_UNCERTAINTY_ASSIGNED_CONTEXT((#6543)) 
GLOBAL_UNIT_ASSIGNED_CONTEXT((#6540,#6541,#6542)) REPRESENTATION_CONTEXT
('Context #1','3D Context with UNIT and UNCERTAINTY') );
#6540 = ( LENGTH_UNIT() NAMED_UNIT(*) SI_UNIT(.MILLI.,.METRE.) );
#6541 = ( NAMED_UNIT(*) PLANE_ANGLE_UNIT() SI_UNIT($,.RADIAN.) );
#6542 = ( NAMED_UNIT(*) SI_UNIT($,.STERADIAN.) SOLID_ANGLE_UNIT() );
#6543 = UNCERTAINTY_MEASURE_WITH_UNIT(LENGTH_MEASURE(1.E-07),#6540,
  'distance_accuracy_value','confusion accuracy');
#6544 = CONTEXT_DEPENDENT_SHAPE_REPRESENTATION(#6545,#6547);
#6545 = ( REPRESENTATION_RELATIONSHIP('','',#48,#10) 
REPRESENTATION_RELATIONSHIP_WITH_TRANSFORMATION(#6546) 
SHAPE_REPRESENTATION_RELATIONSHIP() );
#6546 = ITEM_DEFINED_TRANSFORMATION('','',#11,#15);
#6547 = PRODUCT_DEFINITION_SHAPE('Placement','Placement of an item',
  #6548);
#6548 = NEXT_ASSEMBLY_USAGE_OCCURRENCE('1','J2','',#5,#43,$);
#6549 = PRODUCT_RELATED_PRODUCT_CATEGORY('part',$,(#45));
#6550 = CONTEXT_DEPENDENT_SHAPE_REPRESENTATION(#6551,#6553);
#6551 = ( REPRESENTATION_RELATIONSHIP('','',#48,#10) 
REPRESENTATION_RELATIONSHIP_WITH_TRANSFORMATION(#6552) 
SHAPE_REPRESENTATION_RELATIONSHIP() );
#6552 = ITEM_DEFINED_TRANSFORMATION('','',#11,#19);
#6553 = PRODUCT_DEFINITION_SHAPE('Placement','Placement of an item',
  #6554);
#6554 = NEXT_ASSEMBLY_USAGE_OCCURRENCE('2','J3','',#5,#43,$);
#6555 = CONTEXT_DEPENDENT_SHAPE_REPRESENTATION(#6556,#6558);
#6556 = ( REPRESENTATION_RELATIONSHIP('','',#48,#10) 
REPRESENTATION_RELATIONSHIP_WITH_TRANSFORMATION(#6557) 
SHAPE_REPRESENTATION_RELATIONSHIP() );
#6557 = ITEM_DEFINED_TRANSFORMATION('','',#11,#23);
#6558 = PRODUCT_DEFINITION_SHAPE('Placement','Placement of an item',
  #6559);
#6559 = NEXT_ASSEMBLY_USAGE_OCCURRENCE('3','J1','',#5,#43,$);
#6560 = CONTEXT_DEPENDENT_SHAPE_REPRESENTATION(#6561,#6563);
#6561 = ( REPRESENTATION_RELATIONSHIP('','',#48,#10) 
REPRESENTATION_RELATIONSHIP_WITH_TRANSFORMATION(#6562) 
SHAPE_REPRESENTATION_RELATIONSHIP() );
#6562 = ITEM_DEFINED_TRANSFORMATION('','',#11,#27);
#6563 = PRODUCT_DEFINITION_SHAPE('Placement','Placement of an item',
  #6564);
#6564 = NEXT_ASSEMBLY_USAGE_OCCURRENCE('4','J4','',#5,#43,$);
#6565 = SHAPE_DEFINITION_REPRESENTATION(#6566,#6572);
#6566 = PRODUCT_DEFINITION_SHAPE('','',#6567);
#6567 = PRODUCT_DEFINITION('design','',#6568,#6571);
#6568 = PRODUCT_DEFINITION_FORMATION('','',#6569);
#6569 = PRODUCT('psu_front_panel_connector_PCB',
  'psu_front_panel_connector_PCB','',(#6570));
#6570 = PRODUCT_CONTEXT('',#2,'mechanical');
#6571 = PRODUCT_DEFINITION_CONTEXT('part definition',#2,'design');
#6572 = ADVANCED_BREP_SHAPE_REPRESENTATION('',(#11,#6573),#8127);
#6573 = MANIFOLD_SOLID_BREP('',#6574);
#6574 = CLOSED_SHELL('',(#6575,#6615,#6646,#6677,#7090,#7503,#7515,#7532
    ,#7549,#7566,#7583,#7600,#7617,#7634,#7651,#7668,#7685,#7702,#7719,
    #7736,#7753,#7770,#7787,#7804,#7821,#7838,#7855,#7872,#7889,#7906,
    #7923,#7940,#7957,#7974,#7991,#8008,#8025,#8042,#8059,#8076,#8093,
    #8110));
#6575 = ADVANCED_FACE('',(#6576),#6610,.T.);
#6576 = FACE_BOUND('',#6577,.T.);
#6577 = EDGE_LOOP('',(#6578,#6588,#6596,#6604));
#6578 = ORIENTED_EDGE('',*,*,#6579,.T.);
#6579 = EDGE_CURVE('',#6580,#6582,#6584,.T.);
#6580 = VERTEX_POINT('',#6581);
#6581 = CARTESIAN_POINT('',(185.,-115.,0.));
#6582 = VERTEX_POINT('',#6583);
#6583 = CARTESIAN_POINT('',(185.,-115.,1.51));
#6584 = LINE('',#6585,#6586);
#6585 = CARTESIAN_POINT('',(185.,-115.,0.));
#6586 = VECTOR('',#6587,1.);
#6587 = DIRECTION('',(0.,0.,1.));
#6588 = ORIENTED_EDGE('',*,*,#6589,.T.);
#6589 = EDGE_CURVE('',#6582,#6590,#6592,.T.);
#6590 = VERTEX_POINT('',#6591);
#6591 = CARTESIAN_POINT('',(115.,-115.,1.51));
#6592 = LINE('',#6593,#6594);
#6593 = CARTESIAN_POINT('',(185.,-115.,1.51));
#6594 = VECTOR('',#6595,1.);
#6595 = DIRECTION('',(-1.,0.,0.));
#6596 = ORIENTED_EDGE('',*,*,#6597,.F.);
#6597 = EDGE_CURVE('',#6598,#6590,#6600,.T.);
#6598 = VERTEX_POINT('',#6599);
#6599 = CARTESIAN_POINT('',(115.,-115.,0.));
#6600 = LINE('',#6601,#6602);
#6601 = CARTESIAN_POINT('',(115.,-115.,0.));
#6602 = VECTOR('',#6603,1.);
#6603 = DIRECTION('',(0.,0.,1.));
#6604 = ORIENTED_EDGE('',*,*,#6605,.F.);
#6605 = EDGE_CURVE('',#6580,#6598,#6606,.T.);
#6606 = LINE('',#6607,#6608);
#6607 = CARTESIAN_POINT('',(185.,-115.,0.));
#6608 = VECTOR('',#6609,1.);
#6609 = DIRECTION('',(-1.,0.,0.));
#6610 = PLANE('',#6611);
#6611 = AXIS2_PLACEMENT_3D('',#6612,#6613,#6614);
#6612 = CARTESIAN_POINT('',(185.,-115.,0.));
#6613 = DIRECTION('',(0.,-1.,0.));
#6614 = DIRECTION('',(-1.,0.,0.));
#6615 = ADVANCED_FACE('',(#6616),#6641,.T.);
#6616 = FACE_BOUND('',#6617,.T.);
#6617 = EDGE_LOOP('',(#6618,#6628,#6634,#6635));
#6618 = ORIENTED_EDGE('',*,*,#6619,.T.);
#6619 = EDGE_CURVE('',#6620,#6622,#6624,.T.);
#6620 = VERTEX_POINT('',#6621);
#6621 = CARTESIAN_POINT('',(185.,-85.,0.));
#6622 = VERTEX_POINT('',#6623);
#6623 = CARTESIAN_POINT('',(185.,-85.,1.51));
#6624 = LINE('',#6625,#6626);
#6625 = CARTESIAN_POINT('',(185.,-85.,0.));
#6626 = VECTOR('',#6627,1.);
#6627 = DIRECTION('',(0.,0.,1.));
#6628 = ORIENTED_EDGE('',*,*,#6629,.T.);
#6629 = EDGE_CURVE('',#6622,#6582,#6630,.T.);
#6630 = LINE('',#6631,#6632);
#6631 = CARTESIAN_POINT('',(185.,-85.,1.51));
#6632 = VECTOR('',#6633,1.);
#6633 = DIRECTION('',(0.,-1.,0.));
#6634 = ORIENTED_EDGE('',*,*,#6579,.F.);
#6635 = ORIENTED_EDGE('',*,*,#6636,.F.);
#6636 = EDGE_CURVE('',#6620,#6580,#6637,.T.);
#6637 = LINE('',#6638,#6639);
#6638 = CARTESIAN_POINT('',(185.,-85.,0.));
#6639 = VECTOR('',#6640,1.);
#6640 = DIRECTION('',(0.,-1.,0.));
#6641 = PLANE('',#6642);
#6642 = AXIS2_PLACEMENT_3D('',#6643,#6644,#6645);
#6643 = CARTESIAN_POINT('',(185.,-85.,0.));
#6644 = DIRECTION('',(1.,0.,-0.));
#6645 = DIRECTION('',(0.,-1.,0.));
#6646 = ADVANCED_FACE('',(#6647),#6672,.T.);
#6647 = FACE_BOUND('',#6648,.T.);
#6648 = EDGE_LOOP('',(#6649,#6650,#6658,#6666));
#6649 = ORIENTED_EDGE('',*,*,#6597,.T.);
#6650 = ORIENTED_EDGE('',*,*,#6651,.T.);
#6651 = EDGE_CURVE('',#6590,#6652,#6654,.T.);
#6652 = VERTEX_POINT('',#6653);
#6653 = CARTESIAN_POINT('',(115.,-85.,1.51));
#6654 = LINE('',#6655,#6656);
#6655 = CARTESIAN_POINT('',(115.,-115.,1.51));
#6656 = VECTOR('',#6657,1.);
#6657 = DIRECTION('',(0.,1.,0.));
#6658 = ORIENTED_EDGE('',*,*,#6659,.F.);
#6659 = EDGE_CURVE('',#6660,#6652,#6662,.T.);
#6660 = VERTEX_POINT('',#6661);
#6661 = CARTESIAN_POINT('',(115.,-85.,0.));
#6662 = LINE('',#6663,#6664);
#6663 = CARTESIAN_POINT('',(115.,-85.,0.));
#6664 = VECTOR('',#6665,1.);
#6665 = DIRECTION('',(0.,0.,1.));
#6666 = ORIENTED_EDGE('',*,*,#6667,.F.);
#6667 = EDGE_CURVE('',#6598,#6660,#6668,.T.);
#6668 = LINE('',#6669,#6670);
#6669 = CARTESIAN_POINT('',(115.,-115.,0.));
#6670 = VECTOR('',#6671,1.);
#6671 = DIRECTION('',(0.,1.,0.));
#6672 = PLANE('',#6673);
#6673 = AXIS2_PLACEMENT_3D('',#6674,#6675,#6676);
#6674 = CARTESIAN_POINT('',(115.,-115.,0.));
#6675 = DIRECTION('',(-1.,0.,0.));
#6676 = DIRECTION('',(0.,1.,0.));
#6677 = ADVANCED_FACE('',(#6678,#6689,#6700,#6711,#6722,#6733,#6744,
    #6755,#6766,#6777,#6788,#6799,#6810,#6821,#6832,#6843,#6854,#6865,
    #6876,#6887,#6898,#6909,#6920,#6931,#6942,#6953,#6964,#6975,#6986,
    #6997,#7008,#7019,#7030,#7041,#7052,#7063,#7074),#7085,.F.);
#6678 = FACE_BOUND('',#6679,.F.);
#6679 = EDGE_LOOP('',(#6680,#6681,#6682,#6688));
#6680 = ORIENTED_EDGE('',*,*,#6605,.F.);
#6681 = ORIENTED_EDGE('',*,*,#6636,.F.);
#6682 = ORIENTED_EDGE('',*,*,#6683,.F.);
#6683 = EDGE_CURVE('',#6660,#6620,#6684,.T.);
#6684 = LINE('',#6685,#6686);
#6685 = CARTESIAN_POINT('',(115.,-85.,0.));
#6686 = VECTOR('',#6687,1.);
#6687 = DIRECTION('',(1.,0.,0.));
#6688 = ORIENTED_EDGE('',*,*,#6667,.F.);
#6689 = FACE_BOUND('',#6690,.F.);
#6690 = EDGE_LOOP('',(#6691));
#6691 = ORIENTED_EDGE('',*,*,#6692,.T.);
#6692 = EDGE_CURVE('',#6693,#6693,#6695,.T.);
#6693 = VERTEX_POINT('',#6694);
#6694 = CARTESIAN_POINT('',(117.,-114.1,0.));
#6695 = CIRCLE('',#6696,1.1);
#6696 = AXIS2_PLACEMENT_3D('',#6697,#6698,#6699);
#6697 = CARTESIAN_POINT('',(117.,-113.,0.));
#6698 = DIRECTION('',(-0.,0.,-1.));
#6699 = DIRECTION('',(-0.,-1.,0.));
#6700 = FACE_BOUND('',#6701,.F.);
#6701 = EDGE_LOOP('',(#6702));
#6702 = ORIENTED_EDGE('',*,*,#6703,.T.);
#6703 = EDGE_CURVE('',#6704,#6704,#6706,.T.);
#6704 = VERTEX_POINT('',#6705);
#6705 = CARTESIAN_POINT('',(124.46,-112.26,0.));
#6706 = CIRCLE('',#6707,0.5);
#6707 = AXIS2_PLACEMENT_3D('',#6708,#6709,#6710);
#6708 = CARTESIAN_POINT('',(124.46,-111.76,0.));
#6709 = DIRECTION('',(-0.,0.,-1.));
#6710 = DIRECTION('',(-0.,-1.,0.));
#6711 = FACE_BOUND('',#6712,.F.);
#6712 = EDGE_LOOP('',(#6713));
#6713 = ORIENTED_EDGE('',*,*,#6714,.T.);
#6714 = EDGE_CURVE('',#6715,#6715,#6717,.T.);
#6715 = VERTEX_POINT('',#6716);
#6716 = CARTESIAN_POINT('',(127.,-112.26,0.));
#6717 = CIRCLE('',#6718,0.5);
#6718 = AXIS2_PLACEMENT_3D('',#6719,#6720,#6721);
#6719 = CARTESIAN_POINT('',(127.,-111.76,0.));
#6720 = DIRECTION('',(-0.,0.,-1.));
#6721 = DIRECTION('',(-0.,-1.,0.));
#6722 = FACE_BOUND('',#6723,.F.);
#6723 = EDGE_LOOP('',(#6724));
#6724 = ORIENTED_EDGE('',*,*,#6725,.T.);
#6725 = EDGE_CURVE('',#6726,#6726,#6728,.T.);
#6726 = VERTEX_POINT('',#6727);
#6727 = CARTESIAN_POINT('',(124.46,-109.72,0.));
#6728 = CIRCLE('',#6729,0.5);
#6729 = AXIS2_PLACEMENT_3D('',#6730,#6731,#6732);
#6730 = CARTESIAN_POINT('',(124.46,-109.22,0.));
#6731 = DIRECTION('',(-0.,0.,-1.));
#6732 = DIRECTION('',(-0.,-1.,0.));
#6733 = FACE_BOUND('',#6734,.F.);
#6734 = EDGE_LOOP('',(#6735));
#6735 = ORIENTED_EDGE('',*,*,#6736,.T.);
#6736 = EDGE_CURVE('',#6737,#6737,#6739,.T.);
#6737 = VERTEX_POINT('',#6738);
#6738 = CARTESIAN_POINT('',(127.,-109.72,0.));
#6739 = CIRCLE('',#6740,0.5);
#6740 = AXIS2_PLACEMENT_3D('',#6741,#6742,#6743);
#6741 = CARTESIAN_POINT('',(127.,-109.22,0.));
#6742 = DIRECTION('',(-0.,0.,-1.));
#6743 = DIRECTION('',(-0.,-1.,0.));
#6744 = FACE_BOUND('',#6745,.F.);
#6745 = EDGE_LOOP('',(#6746));
#6746 = ORIENTED_EDGE('',*,*,#6747,.T.);
#6747 = EDGE_CURVE('',#6748,#6748,#6750,.T.);
#6748 = VERTEX_POINT('',#6749);
#6749 = CARTESIAN_POINT('',(139.7,-112.26,0.));
#6750 = CIRCLE('',#6751,0.5);
#6751 = AXIS2_PLACEMENT_3D('',#6752,#6753,#6754);
#6752 = CARTESIAN_POINT('',(139.7,-111.76,0.));
#6753 = DIRECTION('',(-0.,0.,-1.));
#6754 = DIRECTION('',(-0.,-1.,0.));
#6755 = FACE_BOUND('',#6756,.F.);
#6756 = EDGE_LOOP('',(#6757));
#6757 = ORIENTED_EDGE('',*,*,#6758,.T.);
#6758 = EDGE_CURVE('',#6759,#6759,#6761,.T.);
#6759 = VERTEX_POINT('',#6760);
#6760 = CARTESIAN_POINT('',(142.24,-112.26,0.));
#6761 = CIRCLE('',#6762,0.5);
#6762 = AXIS2_PLACEMENT_3D('',#6763,#6764,#6765);
#6763 = CARTESIAN_POINT('',(142.24,-111.76,0.));
#6764 = DIRECTION('',(-0.,0.,-1.));
#6765 = DIRECTION('',(-0.,-1.,0.));
#6766 = FACE_BOUND('',#6767,.F.);
#6767 = EDGE_LOOP('',(#6768));
#6768 = ORIENTED_EDGE('',*,*,#6769,.T.);
#6769 = EDGE_CURVE('',#6770,#6770,#6772,.T.);
#6770 = VERTEX_POINT('',#6771);
#6771 = CARTESIAN_POINT('',(139.7,-109.72,0.));
#6772 = CIRCLE('',#6773,0.5);
#6773 = AXIS2_PLACEMENT_3D('',#6774,#6775,#6776);
#6774 = CARTESIAN_POINT('',(139.7,-109.22,0.));
#6775 = DIRECTION('',(-0.,0.,-1.));
#6776 = DIRECTION('',(-0.,-1.,0.));
#6777 = FACE_BOUND('',#6778,.F.);
#6778 = EDGE_LOOP('',(#6779));
#6779 = ORIENTED_EDGE('',*,*,#6780,.T.);
#6780 = EDGE_CURVE('',#6781,#6781,#6783,.T.);
#6781 = VERTEX_POINT('',#6782);
#6782 = CARTESIAN_POINT('',(142.24,-109.72,0.));
#6783 = CIRCLE('',#6784,0.5);
#6784 = AXIS2_PLACEMENT_3D('',#6785,#6786,#6787);
#6785 = CARTESIAN_POINT('',(142.24,-109.22,0.));
#6786 = DIRECTION('',(-0.,0.,-1.));
#6787 = DIRECTION('',(-0.,-1.,0.));
#6788 = FACE_BOUND('',#6789,.F.);
#6789 = EDGE_LOOP('',(#6790));
#6790 = ORIENTED_EDGE('',*,*,#6791,.T.);
#6791 = EDGE_CURVE('',#6792,#6792,#6794,.T.);
#6792 = VERTEX_POINT('',#6793);
#6793 = CARTESIAN_POINT('',(124.46,-107.18,0.));
#6794 = CIRCLE('',#6795,0.5);
#6795 = AXIS2_PLACEMENT_3D('',#6796,#6797,#6798);
#6796 = CARTESIAN_POINT('',(124.46,-106.68,0.));
#6797 = DIRECTION('',(-0.,0.,-1.));
#6798 = DIRECTION('',(-0.,-1.,0.));
#6799 = FACE_BOUND('',#6800,.F.);
#6800 = EDGE_LOOP('',(#6801));
#6801 = ORIENTED_EDGE('',*,*,#6802,.T.);
#6802 = EDGE_CURVE('',#6803,#6803,#6805,.T.);
#6803 = VERTEX_POINT('',#6804);
#6804 = CARTESIAN_POINT('',(127.,-107.18,0.));
#6805 = CIRCLE('',#6806,0.5);
#6806 = AXIS2_PLACEMENT_3D('',#6807,#6808,#6809);
#6807 = CARTESIAN_POINT('',(127.,-106.68,0.));
#6808 = DIRECTION('',(-0.,0.,-1.));
#6809 = DIRECTION('',(-0.,-1.,0.));
#6810 = FACE_BOUND('',#6811,.F.);
#6811 = EDGE_LOOP('',(#6812));
#6812 = ORIENTED_EDGE('',*,*,#6813,.T.);
#6813 = EDGE_CURVE('',#6814,#6814,#6816,.T.);
#6814 = VERTEX_POINT('',#6815);
#6815 = CARTESIAN_POINT('',(124.46,-104.64,0.));
#6816 = CIRCLE('',#6817,0.5);
#6817 = AXIS2_PLACEMENT_3D('',#6818,#6819,#6820);
#6818 = CARTESIAN_POINT('',(124.46,-104.14,0.));
#6819 = DIRECTION('',(-0.,0.,-1.));
#6820 = DIRECTION('',(-0.,-1.,0.));
#6821 = FACE_BOUND('',#6822,.F.);
#6822 = EDGE_LOOP('',(#6823));
#6823 = ORIENTED_EDGE('',*,*,#6824,.T.);
#6824 = EDGE_CURVE('',#6825,#6825,#6827,.T.);
#6825 = VERTEX_POINT('',#6826);
#6826 = CARTESIAN_POINT('',(127.,-104.64,0.));
#6827 = CIRCLE('',#6828,0.5);
#6828 = AXIS2_PLACEMENT_3D('',#6829,#6830,#6831);
#6829 = CARTESIAN_POINT('',(127.,-104.14,0.));
#6830 = DIRECTION('',(-0.,0.,-1.));
#6831 = DIRECTION('',(-0.,-1.,0.));
#6832 = FACE_BOUND('',#6833,.F.);
#6833 = EDGE_LOOP('',(#6834));
#6834 = ORIENTED_EDGE('',*,*,#6835,.T.);
#6835 = EDGE_CURVE('',#6836,#6836,#6838,.T.);
#6836 = VERTEX_POINT('',#6837);
#6837 = CARTESIAN_POINT('',(139.7,-107.18,0.));
#6838 = CIRCLE('',#6839,0.5);
#6839 = AXIS2_PLACEMENT_3D('',#6840,#6841,#6842);
#6840 = CARTESIAN_POINT('',(139.7,-106.68,0.));
#6841 = DIRECTION('',(-0.,0.,-1.));
#6842 = DIRECTION('',(-0.,-1.,0.));
#6843 = FACE_BOUND('',#6844,.F.);
#6844 = EDGE_LOOP('',(#6845));
#6845 = ORIENTED_EDGE('',*,*,#6846,.T.);
#6846 = EDGE_CURVE('',#6847,#6847,#6849,.T.);
#6847 = VERTEX_POINT('',#6848);
#6848 = CARTESIAN_POINT('',(139.7,-104.64,0.));
#6849 = CIRCLE('',#6850,0.5);
#6850 = AXIS2_PLACEMENT_3D('',#6851,#6852,#6853);
#6851 = CARTESIAN_POINT('',(139.7,-104.14,0.));
#6852 = DIRECTION('',(-0.,0.,-1.));
#6853 = DIRECTION('',(-0.,-1.,0.));
#6854 = FACE_BOUND('',#6855,.F.);
#6855 = EDGE_LOOP('',(#6856));
#6856 = ORIENTED_EDGE('',*,*,#6857,.T.);
#6857 = EDGE_CURVE('',#6858,#6858,#6860,.T.);
#6858 = VERTEX_POINT('',#6859);
#6859 = CARTESIAN_POINT('',(142.24,-107.18,0.));
#6860 = CIRCLE('',#6861,0.5);
#6861 = AXIS2_PLACEMENT_3D('',#6862,#6863,#6864);
#6862 = CARTESIAN_POINT('',(142.24,-106.68,0.));
#6863 = DIRECTION('',(-0.,0.,-1.));
#6864 = DIRECTION('',(-0.,-1.,0.));
#6865 = FACE_BOUND('',#6866,.F.);
#6866 = EDGE_LOOP('',(#6867));
#6867 = ORIENTED_EDGE('',*,*,#6868,.T.);
#6868 = EDGE_CURVE('',#6869,#6869,#6871,.T.);
#6869 = VERTEX_POINT('',#6870);
#6870 = CARTESIAN_POINT('',(142.24,-104.64,0.));
#6871 = CIRCLE('',#6872,0.5);
#6872 = AXIS2_PLACEMENT_3D('',#6873,#6874,#6875);
#6873 = CARTESIAN_POINT('',(142.24,-104.14,0.));
#6874 = DIRECTION('',(-0.,0.,-1.));
#6875 = DIRECTION('',(-0.,-1.,0.));
#6876 = FACE_BOUND('',#6877,.F.);
#6877 = EDGE_LOOP('',(#6878));
#6878 = ORIENTED_EDGE('',*,*,#6879,.T.);
#6879 = EDGE_CURVE('',#6880,#6880,#6882,.T.);
#6880 = VERTEX_POINT('',#6881);
#6881 = CARTESIAN_POINT('',(157.48,-112.26,0.));
#6882 = CIRCLE('',#6883,0.5);
#6883 = AXIS2_PLACEMENT_3D('',#6884,#6885,#6886);
#6884 = CARTESIAN_POINT('',(157.48,-111.76,0.));
#6885 = DIRECTION('',(-0.,0.,-1.));
#6886 = DIRECTION('',(-0.,-1.,0.));
#6887 = FACE_BOUND('',#6888,.F.);
#6888 = EDGE_LOOP('',(#6889));
#6889 = ORIENTED_EDGE('',*,*,#6890,.T.);
#6890 = EDGE_CURVE('',#6891,#6891,#6893,.T.);
#6891 = VERTEX_POINT('',#6892);
#6892 = CARTESIAN_POINT('',(160.02,-112.26,0.));
#6893 = CIRCLE('',#6894,0.5);
#6894 = AXIS2_PLACEMENT_3D('',#6895,#6896,#6897);
#6895 = CARTESIAN_POINT('',(160.02,-111.76,0.));
#6896 = DIRECTION('',(-0.,0.,-1.));
#6897 = DIRECTION('',(-0.,-1.,0.));
#6898 = FACE_BOUND('',#6899,.F.);
#6899 = EDGE_LOOP('',(#6900));
#6900 = ORIENTED_EDGE('',*,*,#6901,.T.);
#6901 = EDGE_CURVE('',#6902,#6902,#6904,.T.);
#6902 = VERTEX_POINT('',#6903);
#6903 = CARTESIAN_POINT('',(157.48,-109.72,0.));
#6904 = CIRCLE('',#6905,0.5);
#6905 = AXIS2_PLACEMENT_3D('',#6906,#6907,#6908);
#6906 = CARTESIAN_POINT('',(157.48,-109.22,0.));
#6907 = DIRECTION('',(-0.,0.,-1.));
#6908 = DIRECTION('',(-0.,-1.,0.));
#6909 = FACE_BOUND('',#6910,.F.);
#6910 = EDGE_LOOP('',(#6911));
#6911 = ORIENTED_EDGE('',*,*,#6912,.T.);
#6912 = EDGE_CURVE('',#6913,#6913,#6915,.T.);
#6913 = VERTEX_POINT('',#6914);
#6914 = CARTESIAN_POINT('',(160.02,-109.72,0.));
#6915 = CIRCLE('',#6916,0.5);
#6916 = AXIS2_PLACEMENT_3D('',#6917,#6918,#6919);
#6917 = CARTESIAN_POINT('',(160.02,-109.22,0.));
#6918 = DIRECTION('',(-0.,0.,-1.));
#6919 = DIRECTION('',(-0.,-1.,0.));
#6920 = FACE_BOUND('',#6921,.F.);
#6921 = EDGE_LOOP('',(#6922));
#6922 = ORIENTED_EDGE('',*,*,#6923,.T.);
#6923 = EDGE_CURVE('',#6924,#6924,#6926,.T.);
#6924 = VERTEX_POINT('',#6925);
#6925 = CARTESIAN_POINT('',(172.72,-112.26,0.));
#6926 = CIRCLE('',#6927,0.5);
#6927 = AXIS2_PLACEMENT_3D('',#6928,#6929,#6930);
#6928 = CARTESIAN_POINT('',(172.72,-111.76,0.));
#6929 = DIRECTION('',(-0.,0.,-1.));
#6930 = DIRECTION('',(-0.,-1.,0.));
#6931 = FACE_BOUND('',#6932,.F.);
#6932 = EDGE_LOOP('',(#6933));
#6933 = ORIENTED_EDGE('',*,*,#6934,.T.);
#6934 = EDGE_CURVE('',#6935,#6935,#6937,.T.);
#6935 = VERTEX_POINT('',#6936);
#6936 = CARTESIAN_POINT('',(175.26,-112.26,0.));
#6937 = CIRCLE('',#6938,0.5);
#6938 = AXIS2_PLACEMENT_3D('',#6939,#6940,#6941);
#6939 = CARTESIAN_POINT('',(175.26,-111.76,0.));
#6940 = DIRECTION('',(-0.,0.,-1.));
#6941 = DIRECTION('',(-0.,-1.,0.));
#6942 = FACE_BOUND('',#6943,.F.);
#6943 = EDGE_LOOP('',(#6944));
#6944 = ORIENTED_EDGE('',*,*,#6945,.T.);
#6945 = EDGE_CURVE('',#6946,#6946,#6948,.T.);
#6946 = VERTEX_POINT('',#6947);
#6947 = CARTESIAN_POINT('',(183.,-114.1,0.));
#6948 = CIRCLE('',#6949,1.1);
#6949 = AXIS2_PLACEMENT_3D('',#6950,#6951,#6952);
#6950 = CARTESIAN_POINT('',(183.,-113.,0.));
#6951 = DIRECTION('',(-0.,0.,-1.));
#6952 = DIRECTION('',(-0.,-1.,0.));
#6953 = FACE_BOUND('',#6954,.F.);
#6954 = EDGE_LOOP('',(#6955));
#6955 = ORIENTED_EDGE('',*,*,#6956,.T.);
#6956 = EDGE_CURVE('',#6957,#6957,#6959,.T.);
#6957 = VERTEX_POINT('',#6958);
#6958 = CARTESIAN_POINT('',(172.72,-109.72,0.));
#6959 = CIRCLE('',#6960,0.5);
#6960 = AXIS2_PLACEMENT_3D('',#6961,#6962,#6963);
#6961 = CARTESIAN_POINT('',(172.72,-109.22,0.));
#6962 = DIRECTION('',(-0.,0.,-1.));
#6963 = DIRECTION('',(-0.,-1.,0.));
#6964 = FACE_BOUND('',#6965,.F.);
#6965 = EDGE_LOOP('',(#6966));
#6966 = ORIENTED_EDGE('',*,*,#6967,.T.);
#6967 = EDGE_CURVE('',#6968,#6968,#6970,.T.);
#6968 = VERTEX_POINT('',#6969);
#6969 = CARTESIAN_POINT('',(175.26,-109.72,0.));
#6970 = CIRCLE('',#6971,0.5);
#6971 = AXIS2_PLACEMENT_3D('',#6972,#6973,#6974);
#6972 = CARTESIAN_POINT('',(175.26,-109.22,0.));
#6973 = DIRECTION('',(-0.,0.,-1.));
#6974 = DIRECTION('',(-0.,-1.,0.));
#6975 = FACE_BOUND('',#6976,.F.);
#6976 = EDGE_LOOP('',(#6977));
#6977 = ORIENTED_EDGE('',*,*,#6978,.T.);
#6978 = EDGE_CURVE('',#6979,#6979,#6981,.T.);
#6979 = VERTEX_POINT('',#6980);
#6980 = CARTESIAN_POINT('',(157.48,-107.18,0.));
#6981 = CIRCLE('',#6982,0.5);
#6982 = AXIS2_PLACEMENT_3D('',#6983,#6984,#6985);
#6983 = CARTESIAN_POINT('',(157.48,-106.68,0.));
#6984 = DIRECTION('',(-0.,0.,-1.));
#6985 = DIRECTION('',(-0.,-1.,0.));
#6986 = FACE_BOUND('',#6987,.F.);
#6987 = EDGE_LOOP('',(#6988));
#6988 = ORIENTED_EDGE('',*,*,#6989,.T.);
#6989 = EDGE_CURVE('',#6990,#6990,#6992,.T.);
#6990 = VERTEX_POINT('',#6991);
#6991 = CARTESIAN_POINT('',(157.48,-104.64,0.));
#6992 = CIRCLE('',#6993,0.5);
#6993 = AXIS2_PLACEMENT_3D('',#6994,#6995,#6996);
#6994 = CARTESIAN_POINT('',(157.48,-104.14,0.));
#6995 = DIRECTION('',(-0.,0.,-1.));
#6996 = DIRECTION('',(-0.,-1.,0.));
#6997 = FACE_BOUND('',#6998,.F.);
#6998 = EDGE_LOOP('',(#6999));
#6999 = ORIENTED_EDGE('',*,*,#7000,.T.);
#7000 = EDGE_CURVE('',#7001,#7001,#7003,.T.);
#7001 = VERTEX_POINT('',#7002);
#7002 = CARTESIAN_POINT('',(160.02,-107.18,0.));
#7003 = CIRCLE('',#7004,0.5);
#7004 = AXIS2_PLACEMENT_3D('',#7005,#7006,#7007);
#7005 = CARTESIAN_POINT('',(160.02,-106.68,0.));
#7006 = DIRECTION('',(-0.,0.,-1.));
#7007 = DIRECTION('',(-0.,-1.,0.));
#7008 = FACE_BOUND('',#7009,.F.);
#7009 = EDGE_LOOP('',(#7010));
#7010 = ORIENTED_EDGE('',*,*,#7011,.T.);
#7011 = EDGE_CURVE('',#7012,#7012,#7014,.T.);
#7012 = VERTEX_POINT('',#7013);
#7013 = CARTESIAN_POINT('',(160.02,-104.64,0.));
#7014 = CIRCLE('',#7015,0.5);
#7015 = AXIS2_PLACEMENT_3D('',#7016,#7017,#7018);
#7016 = CARTESIAN_POINT('',(160.02,-104.14,0.));
#7017 = DIRECTION('',(-0.,0.,-1.));
#7018 = DIRECTION('',(-0.,-1.,0.));
#7019 = FACE_BOUND('',#7020,.F.);
#7020 = EDGE_LOOP('',(#7021));
#7021 = ORIENTED_EDGE('',*,*,#7022,.T.);
#7022 = EDGE_CURVE('',#7023,#7023,#7025,.T.);
#7023 = VERTEX_POINT('',#7024);
#7024 = CARTESIAN_POINT('',(172.72,-107.18,0.));
#7025 = CIRCLE('',#7026,0.5);
#7026 = AXIS2_PLACEMENT_3D('',#7027,#7028,#7029);
#7027 = CARTESIAN_POINT('',(172.72,-106.68,0.));
#7028 = DIRECTION('',(-0.,0.,-1.));
#7029 = DIRECTION('',(-0.,-1.,0.));
#7030 = FACE_BOUND('',#7031,.F.);
#7031 = EDGE_LOOP('',(#7032));
#7032 = ORIENTED_EDGE('',*,*,#7033,.T.);
#7033 = EDGE_CURVE('',#7034,#7034,#7036,.T.);
#7034 = VERTEX_POINT('',#7035);
#7035 = CARTESIAN_POINT('',(175.26,-107.18,0.));
#7036 = CIRCLE('',#7037,0.5);
#7037 = AXIS2_PLACEMENT_3D('',#7038,#7039,#7040);
#7038 = CARTESIAN_POINT('',(175.26,-106.68,0.));
#7039 = DIRECTION('',(-0.,0.,-1.));
#7040 = DIRECTION('',(-0.,-1.,0.));
#7041 = FACE_BOUND('',#7042,.F.);
#7042 = EDGE_LOOP('',(#7043));
#7043 = ORIENTED_EDGE('',*,*,#7044,.T.);
#7044 = EDGE_CURVE('',#7045,#7045,#7047,.T.);
#7045 = VERTEX_POINT('',#7046);
#7046 = CARTESIAN_POINT('',(172.72,-104.64,0.));
#7047 = CIRCLE('',#7048,0.5);
#7048 = AXIS2_PLACEMENT_3D('',#7049,#7050,#7051);
#7049 = CARTESIAN_POINT('',(172.72,-104.14,0.));
#7050 = DIRECTION('',(-0.,0.,-1.));
#7051 = DIRECTION('',(-0.,-1.,0.));
#7052 = FACE_BOUND('',#7053,.F.);
#7053 = EDGE_LOOP('',(#7054));
#7054 = ORIENTED_EDGE('',*,*,#7055,.T.);
#7055 = EDGE_CURVE('',#7056,#7056,#7058,.T.);
#7056 = VERTEX_POINT('',#7057);
#7057 = CARTESIAN_POINT('',(175.26,-104.64,0.));
#7058 = CIRCLE('',#7059,0.5);
#7059 = AXIS2_PLACEMENT_3D('',#7060,#7061,#7062);
#7060 = CARTESIAN_POINT('',(175.26,-104.14,0.));
#7061 = DIRECTION('',(-0.,0.,-1.));
#7062 = DIRECTION('',(-0.,-1.,0.));
#7063 = FACE_BOUND('',#7064,.F.);
#7064 = EDGE_LOOP('',(#7065));
#7065 = ORIENTED_EDGE('',*,*,#7066,.T.);
#7066 = EDGE_CURVE('',#7067,#7067,#7069,.T.);
#7067 = VERTEX_POINT('',#7068);
#7068 = CARTESIAN_POINT('',(117.,-88.1,0.));
#7069 = CIRCLE('',#7070,1.1);
#7070 = AXIS2_PLACEMENT_3D('',#7071,#7072,#7073);
#7071 = CARTESIAN_POINT('',(117.,-87.,0.));
#7072 = DIRECTION('',(-0.,0.,-1.));
#7073 = DIRECTION('',(-0.,-1.,0.));
#7074 = FACE_BOUND('',#7075,.F.);
#7075 = EDGE_LOOP('',(#7076));
#7076 = ORIENTED_EDGE('',*,*,#7077,.T.);
#7077 = EDGE_CURVE('',#7078,#7078,#7080,.T.);
#7078 = VERTEX_POINT('',#7079);
#7079 = CARTESIAN_POINT('',(183.,-88.1,0.));
#7080 = CIRCLE('',#7081,1.1);
#7081 = AXIS2_PLACEMENT_3D('',#7082,#7083,#7084);
#7082 = CARTESIAN_POINT('',(183.,-87.,0.));
#7083 = DIRECTION('',(-0.,0.,-1.));
#7084 = DIRECTION('',(-0.,-1.,0.));
#7085 = PLANE('',#7086);
#7086 = AXIS2_PLACEMENT_3D('',#7087,#7088,#7089);
#7087 = CARTESIAN_POINT('',(0.,0.,0.));
#7088 = DIRECTION('',(0.,0.,1.));
#7089 = DIRECTION('',(1.,0.,-0.));
#7090 = ADVANCED_FACE('',(#7091,#7102,#7113,#7124,#7135,#7146,#7157,
    #7168,#7179,#7190,#7201,#7212,#7223,#7234,#7245,#7256,#7267,#7278,
    #7289,#7300,#7311,#7322,#7333,#7344,#7355,#7366,#7377,#7388,#7399,
    #7410,#7421,#7432,#7443,#7454,#7465,#7476,#7487),#7498,.T.);
#7091 = FACE_BOUND('',#7092,.T.);
#7092 = EDGE_LOOP('',(#7093,#7094,#7095,#7101));
#7093 = ORIENTED_EDGE('',*,*,#6589,.F.);
#7094 = ORIENTED_EDGE('',*,*,#6629,.F.);
#7095 = ORIENTED_EDGE('',*,*,#7096,.F.);
#7096 = EDGE_CURVE('',#6652,#6622,#7097,.T.);
#7097 = LINE('',#7098,#7099);
#7098 = CARTESIAN_POINT('',(115.,-85.,1.51));
#7099 = VECTOR('',#7100,1.);
#7100 = DIRECTION('',(1.,0.,0.));
#7101 = ORIENTED_EDGE('',*,*,#6651,.F.);
#7102 = FACE_BOUND('',#7103,.T.);
#7103 = EDGE_LOOP('',(#7104));
#7104 = ORIENTED_EDGE('',*,*,#7105,.T.);
#7105 = EDGE_CURVE('',#7106,#7106,#7108,.T.);
#7106 = VERTEX_POINT('',#7107);
#7107 = CARTESIAN_POINT('',(117.,-114.1,1.51));
#7108 = CIRCLE('',#7109,1.1);
#7109 = AXIS2_PLACEMENT_3D('',#7110,#7111,#7112);
#7110 = CARTESIAN_POINT('',(117.,-113.,1.51));
#7111 = DIRECTION('',(-0.,0.,-1.));
#7112 = DIRECTION('',(-0.,-1.,0.));
#7113 = FACE_BOUND('',#7114,.T.);
#7114 = EDGE_LOOP('',(#7115));
#7115 = ORIENTED_EDGE('',*,*,#7116,.T.);
#7116 = EDGE_CURVE('',#7117,#7117,#7119,.T.);
#7117 = VERTEX_POINT('',#7118);
#7118 = CARTESIAN_POINT('',(124.46,-112.26,1.51));
#7119 = CIRCLE('',#7120,0.5);
#7120 = AXIS2_PLACEMENT_3D('',#7121,#7122,#7123);
#7121 = CARTESIAN_POINT('',(124.46,-111.76,1.51));
#7122 = DIRECTION('',(-0.,0.,-1.));
#7123 = DIRECTION('',(-0.,-1.,0.));
#7124 = FACE_BOUND('',#7125,.T.);
#7125 = EDGE_LOOP('',(#7126));
#7126 = ORIENTED_EDGE('',*,*,#7127,.T.);
#7127 = EDGE_CURVE('',#7128,#7128,#7130,.T.);
#7128 = VERTEX_POINT('',#7129);
#7129 = CARTESIAN_POINT('',(127.,-112.26,1.51));
#7130 = CIRCLE('',#7131,0.5);
#7131 = AXIS2_PLACEMENT_3D('',#7132,#7133,#7134);
#7132 = CARTESIAN_POINT('',(127.,-111.76,1.51));
#7133 = DIRECTION('',(-0.,0.,-1.));
#7134 = DIRECTION('',(-0.,-1.,0.));
#7135 = FACE_BOUND('',#7136,.T.);
#7136 = EDGE_LOOP('',(#7137));
#7137 = ORIENTED_EDGE('',*,*,#7138,.T.);
#7138 = EDGE_CURVE('',#7139,#7139,#7141,.T.);
#7139 = VERTEX_POINT('',#7140);
#7140 = CARTESIAN_POINT('',(124.46,-109.72,1.51));
#7141 = CIRCLE('',#7142,0.5);
#7142 = AXIS2_PLACEMENT_3D('',#7143,#7144,#7145);
#7143 = CARTESIAN_POINT('',(124.46,-109.22,1.51));
#7144 = DIRECTION('',(-0.,0.,-1.));
#7145 = DIRECTION('',(-0.,-1.,0.));
#7146 = FACE_BOUND('',#7147,.T.);
#7147 = EDGE_LOOP('',(#7148));
#7148 = ORIENTED_EDGE('',*,*,#7149,.T.);
#7149 = EDGE_CURVE('',#7150,#7150,#7152,.T.);
#7150 = VERTEX_POINT('',#7151);
#7151 = CARTESIAN_POINT('',(127.,-109.72,1.51));
#7152 = CIRCLE('',#7153,0.5);
#7153 = AXIS2_PLACEMENT_3D('',#7154,#7155,#7156);
#7154 = CARTESIAN_POINT('',(127.,-109.22,1.51));
#7155 = DIRECTION('',(-0.,0.,-1.));
#7156 = DIRECTION('',(-0.,-1.,0.));
#7157 = FACE_BOUND('',#7158,.T.);
#7158 = EDGE_LOOP('',(#7159));
#7159 = ORIENTED_EDGE('',*,*,#7160,.T.);
#7160 = EDGE_CURVE('',#7161,#7161,#7163,.T.);
#7161 = VERTEX_POINT('',#7162);
#7162 = CARTESIAN_POINT('',(139.7,-112.26,1.51));
#7163 = CIRCLE('',#7164,0.5);
#7164 = AXIS2_PLACEMENT_3D('',#7165,#7166,#7167);
#7165 = CARTESIAN_POINT('',(139.7,-111.76,1.51));
#7166 = DIRECTION('',(-0.,0.,-1.));
#7167 = DIRECTION('',(-0.,-1.,0.));
#7168 = FACE_BOUND('',#7169,.T.);
#7169 = EDGE_LOOP('',(#7170));
#7170 = ORIENTED_EDGE('',*,*,#7171,.T.);
#7171 = EDGE_CURVE('',#7172,#7172,#7174,.T.);
#7172 = VERTEX_POINT('',#7173);
#7173 = CARTESIAN_POINT('',(142.24,-112.26,1.51));
#7174 = CIRCLE('',#7175,0.5);
#7175 = AXIS2_PLACEMENT_3D('',#7176,#7177,#7178);
#7176 = CARTESIAN_POINT('',(142.24,-111.76,1.51));
#7177 = DIRECTION('',(-0.,0.,-1.));
#7178 = DIRECTION('',(-0.,-1.,0.));
#7179 = FACE_BOUND('',#7180,.T.);
#7180 = EDGE_LOOP('',(#7181));
#7181 = ORIENTED_EDGE('',*,*,#7182,.T.);
#7182 = EDGE_CURVE('',#7183,#7183,#7185,.T.);
#7183 = VERTEX_POINT('',#7184);
#7184 = CARTESIAN_POINT('',(139.7,-109.72,1.51));
#7185 = CIRCLE('',#7186,0.5);
#7186 = AXIS2_PLACEMENT_3D('',#7187,#7188,#7189);
#7187 = CARTESIAN_POINT('',(139.7,-109.22,1.51));
#7188 = DIRECTION('',(-0.,0.,-1.));
#7189 = DIRECTION('',(-0.,-1.,0.));
#7190 = FACE_BOUND('',#7191,.T.);
#7191 = EDGE_LOOP('',(#7192));
#7192 = ORIENTED_EDGE('',*,*,#7193,.T.);
#7193 = EDGE_CURVE('',#7194,#7194,#7196,.T.);
#7194 = VERTEX_POINT('',#7195);
#7195 = CARTESIAN_POINT('',(142.24,-109.72,1.51));
#7196 = CIRCLE('',#7197,0.5);
#7197 = AXIS2_PLACEMENT_3D('',#7198,#7199,#7200);
#7198 = CARTESIAN_POINT('',(142.24,-109.22,1.51));
#7199 = DIRECTION('',(-0.,0.,-1.));
#7200 = DIRECTION('',(-0.,-1.,0.));
#7201 = FACE_BOUND('',#7202,.T.);
#7202 = EDGE_LOOP('',(#7203));
#7203 = ORIENTED_EDGE('',*,*,#7204,.T.);
#7204 = EDGE_CURVE('',#7205,#7205,#7207,.T.);
#7205 = VERTEX_POINT('',#7206);
#7206 = CARTESIAN_POINT('',(124.46,-107.18,1.51));
#7207 = CIRCLE('',#7208,0.5);
#7208 = AXIS2_PLACEMENT_3D('',#7209,#7210,#7211);
#7209 = CARTESIAN_POINT('',(124.46,-106.68,1.51));
#7210 = DIRECTION('',(-0.,0.,-1.));
#7211 = DIRECTION('',(-0.,-1.,0.));
#7212 = FACE_BOUND('',#7213,.T.);
#7213 = EDGE_LOOP('',(#7214));
#7214 = ORIENTED_EDGE('',*,*,#7215,.T.);
#7215 = EDGE_CURVE('',#7216,#7216,#7218,.T.);
#7216 = VERTEX_POINT('',#7217);
#7217 = CARTESIAN_POINT('',(127.,-107.18,1.51));
#7218 = CIRCLE('',#7219,0.5);
#7219 = AXIS2_PLACEMENT_3D('',#7220,#7221,#7222);
#7220 = CARTESIAN_POINT('',(127.,-106.68,1.51));
#7221 = DIRECTION('',(-0.,0.,-1.));
#7222 = DIRECTION('',(-0.,-1.,0.));
#7223 = FACE_BOUND('',#7224,.T.);
#7224 = EDGE_LOOP('',(#7225));
#7225 = ORIENTED_EDGE('',*,*,#7226,.T.);
#7226 = EDGE_CURVE('',#7227,#7227,#7229,.T.);
#7227 = VERTEX_POINT('',#7228);
#7228 = CARTESIAN_POINT('',(124.46,-104.64,1.51));
#7229 = CIRCLE('',#7230,0.5);
#7230 = AXIS2_PLACEMENT_3D('',#7231,#7232,#7233);
#7231 = CARTESIAN_POINT('',(124.46,-104.14,1.51));
#7232 = DIRECTION('',(-0.,0.,-1.));
#7233 = DIRECTION('',(-0.,-1.,0.));
#7234 = FACE_BOUND('',#7235,.T.);
#7235 = EDGE_LOOP('',(#7236));
#7236 = ORIENTED_EDGE('',*,*,#7237,.T.);
#7237 = EDGE_CURVE('',#7238,#7238,#7240,.T.);
#7238 = VERTEX_POINT('',#7239);
#7239 = CARTESIAN_POINT('',(127.,-104.64,1.51));
#7240 = CIRCLE('',#7241,0.5);
#7241 = AXIS2_PLACEMENT_3D('',#7242,#7243,#7244);
#7242 = CARTESIAN_POINT('',(127.,-104.14,1.51));
#7243 = DIRECTION('',(-0.,0.,-1.));
#7244 = DIRECTION('',(-0.,-1.,0.));
#7245 = FACE_BOUND('',#7246,.T.);
#7246 = EDGE_LOOP('',(#7247));
#7247 = ORIENTED_EDGE('',*,*,#7248,.T.);
#7248 = EDGE_CURVE('',#7249,#7249,#7251,.T.);
#7249 = VERTEX_POINT('',#7250);
#7250 = CARTESIAN_POINT('',(139.7,-107.18,1.51));
#7251 = CIRCLE('',#7252,0.5);
#7252 = AXIS2_PLACEMENT_3D('',#7253,#7254,#7255);
#7253 = CARTESIAN_POINT('',(139.7,-106.68,1.51));
#7254 = DIRECTION('',(-0.,0.,-1.));
#7255 = DIRECTION('',(-0.,-1.,0.));
#7256 = FACE_BOUND('',#7257,.T.);
#7257 = EDGE_LOOP('',(#7258));
#7258 = ORIENTED_EDGE('',*,*,#7259,.T.);
#7259 = EDGE_CURVE('',#7260,#7260,#7262,.T.);
#7260 = VERTEX_POINT('',#7261);
#7261 = CARTESIAN_POINT('',(139.7,-104.64,1.51));
#7262 = CIRCLE('',#7263,0.5);
#7263 = AXIS2_PLACEMENT_3D('',#7264,#7265,#7266);
#7264 = CARTESIAN_POINT('',(139.7,-104.14,1.51));
#7265 = DIRECTION('',(-0.,0.,-1.));
#7266 = DIRECTION('',(-0.,-1.,0.));
#7267 = FACE_BOUND('',#7268,.T.);
#7268 = EDGE_LOOP('',(#7269));
#7269 = ORIENTED_EDGE('',*,*,#7270,.T.);
#7270 = EDGE_CURVE('',#7271,#7271,#7273,.T.);
#7271 = VERTEX_POINT('',#7272);
#7272 = CARTESIAN_POINT('',(142.24,-107.18,1.51));
#7273 = CIRCLE('',#7274,0.5);
#7274 = AXIS2_PLACEMENT_3D('',#7275,#7276,#7277);
#7275 = CARTESIAN_POINT('',(142.24,-106.68,1.51));
#7276 = DIRECTION('',(-0.,0.,-1.));
#7277 = DIRECTION('',(-0.,-1.,0.));
#7278 = FACE_BOUND('',#7279,.T.);
#7279 = EDGE_LOOP('',(#7280));
#7280 = ORIENTED_EDGE('',*,*,#7281,.T.);
#7281 = EDGE_CURVE('',#7282,#7282,#7284,.T.);
#7282 = VERTEX_POINT('',#7283);
#7283 = CARTESIAN_POINT('',(142.24,-104.64,1.51));
#7284 = CIRCLE('',#7285,0.5);
#7285 = AXIS2_PLACEMENT_3D('',#7286,#7287,#7288);
#7286 = CARTESIAN_POINT('',(142.24,-104.14,1.51));
#7287 = DIRECTION('',(-0.,0.,-1.));
#7288 = DIRECTION('',(-0.,-1.,0.));
#7289 = FACE_BOUND('',#7290,.T.);
#7290 = EDGE_LOOP('',(#7291));
#7291 = ORIENTED_EDGE('',*,*,#7292,.T.);
#7292 = EDGE_CURVE('',#7293,#7293,#7295,.T.);
#7293 = VERTEX_POINT('',#7294);
#7294 = CARTESIAN_POINT('',(157.48,-112.26,1.51));
#7295 = CIRCLE('',#7296,0.5);
#7296 = AXIS2_PLACEMENT_3D('',#7297,#7298,#7299);
#7297 = CARTESIAN_POINT('',(157.48,-111.76,1.51));
#7298 = DIRECTION('',(-0.,0.,-1.));
#7299 = DIRECTION('',(-0.,-1.,0.));
#7300 = FACE_BOUND('',#7301,.T.);
#7301 = EDGE_LOOP('',(#7302));
#7302 = ORIENTED_EDGE('',*,*,#7303,.T.);
#7303 = EDGE_CURVE('',#7304,#7304,#7306,.T.);
#7304 = VERTEX_POINT('',#7305);
#7305 = CARTESIAN_POINT('',(160.02,-112.26,1.51));
#7306 = CIRCLE('',#7307,0.5);
#7307 = AXIS2_PLACEMENT_3D('',#7308,#7309,#7310);
#7308 = CARTESIAN_POINT('',(160.02,-111.76,1.51));
#7309 = DIRECTION('',(-0.,0.,-1.));
#7310 = DIRECTION('',(-0.,-1.,0.));
#7311 = FACE_BOUND('',#7312,.T.);
#7312 = EDGE_LOOP('',(#7313));
#7313 = ORIENTED_EDGE('',*,*,#7314,.T.);
#7314 = EDGE_CURVE('',#7315,#7315,#7317,.T.);
#7315 = VERTEX_POINT('',#7316);
#7316 = CARTESIAN_POINT('',(157.48,-109.72,1.51));
#7317 = CIRCLE('',#7318,0.5);
#7318 = AXIS2_PLACEMENT_3D('',#7319,#7320,#7321);
#7319 = CARTESIAN_POINT('',(157.48,-109.22,1.51));
#7320 = DIRECTION('',(-0.,0.,-1.));
#7321 = DIRECTION('',(-0.,-1.,0.));
#7322 = FACE_BOUND('',#7323,.T.);
#7323 = EDGE_LOOP('',(#7324));
#7324 = ORIENTED_EDGE('',*,*,#7325,.T.);
#7325 = EDGE_CURVE('',#7326,#7326,#7328,.T.);
#7326 = VERTEX_POINT('',#7327);
#7327 = CARTESIAN_POINT('',(160.02,-109.72,1.51));
#7328 = CIRCLE('',#7329,0.5);
#7329 = AXIS2_PLACEMENT_3D('',#7330,#7331,#7332);
#7330 = CARTESIAN_POINT('',(160.02,-109.22,1.51));
#7331 = DIRECTION('',(-0.,0.,-1.));
#7332 = DIRECTION('',(-0.,-1.,0.));
#7333 = FACE_BOUND('',#7334,.T.);
#7334 = EDGE_LOOP('',(#7335));
#7335 = ORIENTED_EDGE('',*,*,#7336,.T.);
#7336 = EDGE_CURVE('',#7337,#7337,#7339,.T.);
#7337 = VERTEX_POINT('',#7338);
#7338 = CARTESIAN_POINT('',(172.72,-112.26,1.51));
#7339 = CIRCLE('',#7340,0.5);
#7340 = AXIS2_PLACEMENT_3D('',#7341,#7342,#7343);
#7341 = CARTESIAN_POINT('',(172.72,-111.76,1.51));
#7342 = DIRECTION('',(-0.,0.,-1.));
#7343 = DIRECTION('',(-0.,-1.,0.));
#7344 = FACE_BOUND('',#7345,.T.);
#7345 = EDGE_LOOP('',(#7346));
#7346 = ORIENTED_EDGE('',*,*,#7347,.T.);
#7347 = EDGE_CURVE('',#7348,#7348,#7350,.T.);
#7348 = VERTEX_POINT('',#7349);
#7349 = CARTESIAN_POINT('',(175.26,-112.26,1.51));
#7350 = CIRCLE('',#7351,0.5);
#7351 = AXIS2_PLACEMENT_3D('',#7352,#7353,#7354);
#7352 = CARTESIAN_POINT('',(175.26,-111.76,1.51));
#7353 = DIRECTION('',(-0.,0.,-1.));
#7354 = DIRECTION('',(-0.,-1.,0.));
#7355 = FACE_BOUND('',#7356,.T.);
#7356 = EDGE_LOOP('',(#7357));
#7357 = ORIENTED_EDGE('',*,*,#7358,.T.);
#7358 = EDGE_CURVE('',#7359,#7359,#7361,.T.);
#7359 = VERTEX_POINT('',#7360);
#7360 = CARTESIAN_POINT('',(183.,-114.1,1.51));
#7361 = CIRCLE('',#7362,1.1);
#7362 = AXIS2_PLACEMENT_3D('',#7363,#7364,#7365);
#7363 = CARTESIAN_POINT('',(183.,-113.,1.51));
#7364 = DIRECTION('',(-0.,0.,-1.));
#7365 = DIRECTION('',(-0.,-1.,0.));
#7366 = FACE_BOUND('',#7367,.T.);
#7367 = EDGE_LOOP('',(#7368));
#7368 = ORIENTED_EDGE('',*,*,#7369,.T.);
#7369 = EDGE_CURVE('',#7370,#7370,#7372,.T.);
#7370 = VERTEX_POINT('',#7371);
#7371 = CARTESIAN_POINT('',(172.72,-109.72,1.51));
#7372 = CIRCLE('',#7373,0.5);
#7373 = AXIS2_PLACEMENT_3D('',#7374,#7375,#7376);
#7374 = CARTESIAN_POINT('',(172.72,-109.22,1.51));
#7375 = DIRECTION('',(-0.,0.,-1.));
#7376 = DIRECTION('',(-0.,-1.,0.));
#7377 = FACE_BOUND('',#7378,.T.);
#7378 = EDGE_LOOP('',(#7379));
#7379 = ORIENTED_EDGE('',*,*,#7380,.T.);
#7380 = EDGE_CURVE('',#7381,#7381,#7383,.T.);
#7381 = VERTEX_POINT('',#7382);
#7382 = CARTESIAN_POINT('',(175.26,-109.72,1.51));
#7383 = CIRCLE('',#7384,0.5);
#7384 = AXIS2_PLACEMENT_3D('',#7385,#7386,#7387);
#7385 = CARTESIAN_POINT('',(175.26,-109.22,1.51));
#7386 = DIRECTION('',(-0.,0.,-1.));
#7387 = DIRECTION('',(-0.,-1.,0.));
#7388 = FACE_BOUND('',#7389,.T.);
#7389 = EDGE_LOOP('',(#7390));
#7390 = ORIENTED_EDGE('',*,*,#7391,.T.);
#7391 = EDGE_CURVE('',#7392,#7392,#7394,.T.);
#7392 = VERTEX_POINT('',#7393);
#7393 = CARTESIAN_POINT('',(157.48,-107.18,1.51));
#7394 = CIRCLE('',#7395,0.5);
#7395 = AXIS2_PLACEMENT_3D('',#7396,#7397,#7398);
#7396 = CARTESIAN_POINT('',(157.48,-106.68,1.51));
#7397 = DIRECTION('',(-0.,0.,-1.));
#7398 = DIRECTION('',(-0.,-1.,0.));
#7399 = FACE_BOUND('',#7400,.T.);
#7400 = EDGE_LOOP('',(#7401));
#7401 = ORIENTED_EDGE('',*,*,#7402,.T.);
#7402 = EDGE_CURVE('',#7403,#7403,#7405,.T.);
#7403 = VERTEX_POINT('',#7404);
#7404 = CARTESIAN_POINT('',(157.48,-104.64,1.51));
#7405 = CIRCLE('',#7406,0.5);
#7406 = AXIS2_PLACEMENT_3D('',#7407,#7408,#7409);
#7407 = CARTESIAN_POINT('',(157.48,-104.14,1.51));
#7408 = DIRECTION('',(-0.,0.,-1.));
#7409 = DIRECTION('',(-0.,-1.,0.));
#7410 = FACE_BOUND('',#7411,.T.);
#7411 = EDGE_LOOP('',(#7412));
#7412 = ORIENTED_EDGE('',*,*,#7413,.T.);
#7413 = EDGE_CURVE('',#7414,#7414,#7416,.T.);
#7414 = VERTEX_POINT('',#7415);
#7415 = CARTESIAN_POINT('',(160.02,-107.18,1.51));
#7416 = CIRCLE('',#7417,0.5);
#7417 = AXIS2_PLACEMENT_3D('',#7418,#7419,#7420);
#7418 = CARTESIAN_POINT('',(160.02,-106.68,1.51));
#7419 = DIRECTION('',(-0.,0.,-1.));
#7420 = DIRECTION('',(-0.,-1.,0.));
#7421 = FACE_BOUND('',#7422,.T.);
#7422 = EDGE_LOOP('',(#7423));
#7423 = ORIENTED_EDGE('',*,*,#7424,.T.);
#7424 = EDGE_CURVE('',#7425,#7425,#7427,.T.);
#7425 = VERTEX_POINT('',#7426);
#7426 = CARTESIAN_POINT('',(160.02,-104.64,1.51));
#7427 = CIRCLE('',#7428,0.5);
#7428 = AXIS2_PLACEMENT_3D('',#7429,#7430,#7431);
#7429 = CARTESIAN_POINT('',(160.02,-104.14,1.51));
#7430 = DIRECTION('',(-0.,0.,-1.));
#7431 = DIRECTION('',(-0.,-1.,0.));
#7432 = FACE_BOUND('',#7433,.T.);
#7433 = EDGE_LOOP('',(#7434));
#7434 = ORIENTED_EDGE('',*,*,#7435,.T.);
#7435 = EDGE_CURVE('',#7436,#7436,#7438,.T.);
#7436 = VERTEX_POINT('',#7437);
#7437 = CARTESIAN_POINT('',(172.72,-107.18,1.51));
#7438 = CIRCLE('',#7439,0.5);
#7439 = AXIS2_PLACEMENT_3D('',#7440,#7441,#7442);
#7440 = CARTESIAN_POINT('',(172.72,-106.68,1.51));
#7441 = DIRECTION('',(-0.,0.,-1.));
#7442 = DIRECTION('',(-0.,-1.,0.));
#7443 = FACE_BOUND('',#7444,.T.);
#7444 = EDGE_LOOP('',(#7445));
#7445 = ORIENTED_EDGE('',*,*,#7446,.T.);
#7446 = EDGE_CURVE('',#7447,#7447,#7449,.T.);
#7447 = VERTEX_POINT('',#7448);
#7448 = CARTESIAN_POINT('',(175.26,-107.18,1.51));
#7449 = CIRCLE('',#7450,0.5);
#7450 = AXIS2_PLACEMENT_3D('',#7451,#7452,#7453);
#7451 = CARTESIAN_POINT('',(175.26,-106.68,1.51));
#7452 = DIRECTION('',(-0.,0.,-1.));
#7453 = DIRECTION('',(-0.,-1.,0.));
#7454 = FACE_BOUND('',#7455,.T.);
#7455 = EDGE_LOOP('',(#7456));
#7456 = ORIENTED_EDGE('',*,*,#7457,.T.);
#7457 = EDGE_CURVE('',#7458,#7458,#7460,.T.);
#7458 = VERTEX_POINT('',#7459);
#7459 = CARTESIAN_POINT('',(172.72,-104.64,1.51));
#7460 = CIRCLE('',#7461,0.5);
#7461 = AXIS2_PLACEMENT_3D('',#7462,#7463,#7464);
#7462 = CARTESIAN_POINT('',(172.72,-104.14,1.51));
#7463 = DIRECTION('',(-0.,0.,-1.));
#7464 = DIRECTION('',(-0.,-1.,0.));
#7465 = FACE_BOUND('',#7466,.T.);
#7466 = EDGE_LOOP('',(#7467));
#7467 = ORIENTED_EDGE('',*,*,#7468,.T.);
#7468 = EDGE_CURVE('',#7469,#7469,#7471,.T.);
#7469 = VERTEX_POINT('',#7470);
#7470 = CARTESIAN_POINT('',(175.26,-104.64,1.51));
#7471 = CIRCLE('',#7472,0.5);
#7472 = AXIS2_PLACEMENT_3D('',#7473,#7474,#7475);
#7473 = CARTESIAN_POINT('',(175.26,-104.14,1.51));
#7474 = DIRECTION('',(-0.,0.,-1.));
#7475 = DIRECTION('',(-0.,-1.,0.));
#7476 = FACE_BOUND('',#7477,.T.);
#7477 = EDGE_LOOP('',(#7478));
#7478 = ORIENTED_EDGE('',*,*,#7479,.T.);
#7479 = EDGE_CURVE('',#7480,#7480,#7482,.T.);
#7480 = VERTEX_POINT('',#7481);
#7481 = CARTESIAN_POINT('',(117.,-88.1,1.51));
#7482 = CIRCLE('',#7483,1.1);
#7483 = AXIS2_PLACEMENT_3D('',#7484,#7485,#7486);
#7484 = CARTESIAN_POINT('',(117.,-87.,1.51));
#7485 = DIRECTION('',(-0.,0.,-1.));
#7486 = DIRECTION('',(-0.,-1.,0.));
#7487 = FACE_BOUND('',#7488,.T.);
#7488 = EDGE_LOOP('',(#7489));
#7489 = ORIENTED_EDGE('',*,*,#7490,.T.);
#7490 = EDGE_CURVE('',#7491,#7491,#7493,.T.);
#7491 = VERTEX_POINT('',#7492);
#7492 = CARTESIAN_POINT('',(183.,-88.1,1.51));
#7493 = CIRCLE('',#7494,1.1);
#7494 = AXIS2_PLACEMENT_3D('',#7495,#7496,#7497);
#7495 = CARTESIAN_POINT('',(183.,-87.,1.51));
#7496 = DIRECTION('',(-0.,0.,-1.));
#7497 = DIRECTION('',(-0.,-1.,0.));
#7498 = PLANE('',#7499);
#7499 = AXIS2_PLACEMENT_3D('',#7500,#7501,#7502);
#7500 = CARTESIAN_POINT('',(0.,0.,1.51));
#7501 = DIRECTION('',(0.,0.,1.));
#7502 = DIRECTION('',(1.,0.,-0.));
#7503 = ADVANCED_FACE('',(#7504),#7510,.T.);
#7504 = FACE_BOUND('',#7505,.T.);
#7505 = EDGE_LOOP('',(#7506,#7507,#7508,#7509));
#7506 = ORIENTED_EDGE('',*,*,#6659,.T.);
#7507 = ORIENTED_EDGE('',*,*,#7096,.T.);
#7508 = ORIENTED_EDGE('',*,*,#6619,.F.);
#7509 = ORIENTED_EDGE('',*,*,#6683,.F.);
#7510 = PLANE('',#7511);
#7511 = AXIS2_PLACEMENT_3D('',#7512,#7513,#7514);
#7512 = CARTESIAN_POINT('',(115.,-85.,0.));
#7513 = DIRECTION('',(0.,1.,0.));
#7514 = DIRECTION('',(1.,0.,0.));
#7515 = ADVANCED_FACE('',(#7516),#7527,.F.);
#7516 = FACE_BOUND('',#7517,.T.);
#7517 = EDGE_LOOP('',(#7518,#7519,#7525,#7526));
#7518 = ORIENTED_EDGE('',*,*,#6692,.T.);
#7519 = ORIENTED_EDGE('',*,*,#7520,.T.);
#7520 = EDGE_CURVE('',#6693,#7106,#7521,.T.);
#7521 = LINE('',#7522,#7523);
#7522 = CARTESIAN_POINT('',(117.,-114.1,-4.6E-02));
#7523 = VECTOR('',#7524,1.);
#7524 = DIRECTION('',(0.,0.,1.));
#7525 = ORIENTED_EDGE('',*,*,#7105,.F.);
#7526 = ORIENTED_EDGE('',*,*,#7520,.F.);
#7527 = CYLINDRICAL_SURFACE('',#7528,1.1);
#7528 = AXIS2_PLACEMENT_3D('',#7529,#7530,#7531);
#7529 = CARTESIAN_POINT('',(117.,-113.,-4.6E-02));
#7530 = DIRECTION('',(-0.,-0.,-1.));
#7531 = DIRECTION('',(-0.,-1.,0.));
#7532 = ADVANCED_FACE('',(#7533),#7544,.F.);
#7533 = FACE_BOUND('',#7534,.T.);
#7534 = EDGE_LOOP('',(#7535,#7536,#7542,#7543));
#7535 = ORIENTED_EDGE('',*,*,#6703,.T.);
#7536 = ORIENTED_EDGE('',*,*,#7537,.T.);
#7537 = EDGE_CURVE('',#6704,#7117,#7538,.T.);
#7538 = LINE('',#7539,#7540);
#7539 = CARTESIAN_POINT('',(124.46,-112.26,-4.6E-02));
#7540 = VECTOR('',#7541,1.);
#7541 = DIRECTION('',(0.,0.,1.));
#7542 = ORIENTED_EDGE('',*,*,#7116,.F.);
#7543 = ORIENTED_EDGE('',*,*,#7537,.F.);
#7544 = CYLINDRICAL_SURFACE('',#7545,0.5);
#7545 = AXIS2_PLACEMENT_3D('',#7546,#7547,#7548);
#7546 = CARTESIAN_POINT('',(124.46,-111.76,-4.6E-02));
#7547 = DIRECTION('',(-0.,-0.,-1.));
#7548 = DIRECTION('',(-0.,-1.,0.));
#7549 = ADVANCED_FACE('',(#7550),#7561,.F.);
#7550 = FACE_BOUND('',#7551,.T.);
#7551 = EDGE_LOOP('',(#7552,#7553,#7559,#7560));
#7552 = ORIENTED_EDGE('',*,*,#6714,.T.);
#7553 = ORIENTED_EDGE('',*,*,#7554,.T.);
#7554 = EDGE_CURVE('',#6715,#7128,#7555,.T.);
#7555 = LINE('',#7556,#7557);
#7556 = CARTESIAN_POINT('',(127.,-112.26,-4.6E-02));
#7557 = VECTOR('',#7558,1.);
#7558 = DIRECTION('',(0.,0.,1.));
#7559 = ORIENTED_EDGE('',*,*,#7127,.F.);
#7560 = ORIENTED_EDGE('',*,*,#7554,.F.);
#7561 = CYLINDRICAL_SURFACE('',#7562,0.5);
#7562 = AXIS2_PLACEMENT_3D('',#7563,#7564,#7565);
#7563 = CARTESIAN_POINT('',(127.,-111.76,-4.6E-02));
#7564 = DIRECTION('',(-0.,-0.,-1.));
#7565 = DIRECTION('',(-0.,-1.,0.));
#7566 = ADVANCED_FACE('',(#7567),#7578,.F.);
#7567 = FACE_BOUND('',#7568,.T.);
#7568 = EDGE_LOOP('',(#7569,#7570,#7576,#7577));
#7569 = ORIENTED_EDGE('',*,*,#6725,.T.);
#7570 = ORIENTED_EDGE('',*,*,#7571,.T.);
#7571 = EDGE_CURVE('',#6726,#7139,#7572,.T.);
#7572 = LINE('',#7573,#7574);
#7573 = CARTESIAN_POINT('',(124.46,-109.72,-4.6E-02));
#7574 = VECTOR('',#7575,1.);
#7575 = DIRECTION('',(0.,0.,1.));
#7576 = ORIENTED_EDGE('',*,*,#7138,.F.);
#7577 = ORIENTED_EDGE('',*,*,#7571,.F.);
#7578 = CYLINDRICAL_SURFACE('',#7579,0.5);
#7579 = AXIS2_PLACEMENT_3D('',#7580,#7581,#7582);
#7580 = CARTESIAN_POINT('',(124.46,-109.22,-4.6E-02));
#7581 = DIRECTION('',(-0.,-0.,-1.));
#7582 = DIRECTION('',(-0.,-1.,0.));
#7583 = ADVANCED_FACE('',(#7584),#7595,.F.);
#7584 = FACE_BOUND('',#7585,.T.);
#7585 = EDGE_LOOP('',(#7586,#7587,#7593,#7594));
#7586 = ORIENTED_EDGE('',*,*,#6736,.T.);
#7587 = ORIENTED_EDGE('',*,*,#7588,.T.);
#7588 = EDGE_CURVE('',#6737,#7150,#7589,.T.);
#7589 = LINE('',#7590,#7591);
#7590 = CARTESIAN_POINT('',(127.,-109.72,-4.6E-02));
#7591 = VECTOR('',#7592,1.);
#7592 = DIRECTION('',(0.,0.,1.));
#7593 = ORIENTED_EDGE('',*,*,#7149,.F.);
#7594 = ORIENTED_EDGE('',*,*,#7588,.F.);
#7595 = CYLINDRICAL_SURFACE('',#7596,0.5);
#7596 = AXIS2_PLACEMENT_3D('',#7597,#7598,#7599);
#7597 = CARTESIAN_POINT('',(127.,-109.22,-4.6E-02));
#7598 = DIRECTION('',(-0.,-0.,-1.));
#7599 = DIRECTION('',(-0.,-1.,0.));
#7600 = ADVANCED_FACE('',(#7601),#7612,.F.);
#7601 = FACE_BOUND('',#7602,.T.);
#7602 = EDGE_LOOP('',(#7603,#7604,#7610,#7611));
#7603 = ORIENTED_EDGE('',*,*,#6747,.T.);
#7604 = ORIENTED_EDGE('',*,*,#7605,.T.);
#7605 = EDGE_CURVE('',#6748,#7161,#7606,.T.);
#7606 = LINE('',#7607,#7608);
#7607 = CARTESIAN_POINT('',(139.7,-112.26,-4.6E-02));
#7608 = VECTOR('',#7609,1.);
#7609 = DIRECTION('',(0.,0.,1.));
#7610 = ORIENTED_EDGE('',*,*,#7160,.F.);
#7611 = ORIENTED_EDGE('',*,*,#7605,.F.);
#7612 = CYLINDRICAL_SURFACE('',#7613,0.5);
#7613 = AXIS2_PLACEMENT_3D('',#7614,#7615,#7616);
#7614 = CARTESIAN_POINT('',(139.7,-111.76,-4.6E-02));
#7615 = DIRECTION('',(-0.,-0.,-1.));
#7616 = DIRECTION('',(-0.,-1.,0.));
#7617 = ADVANCED_FACE('',(#7618),#7629,.F.);
#7618 = FACE_BOUND('',#7619,.T.);
#7619 = EDGE_LOOP('',(#7620,#7621,#7627,#7628));
#7620 = ORIENTED_EDGE('',*,*,#6758,.T.);
#7621 = ORIENTED_EDGE('',*,*,#7622,.T.);
#7622 = EDGE_CURVE('',#6759,#7172,#7623,.T.);
#7623 = LINE('',#7624,#7625);
#7624 = CARTESIAN_POINT('',(142.24,-112.26,-4.6E-02));
#7625 = VECTOR('',#7626,1.);
#7626 = DIRECTION('',(0.,0.,1.));
#7627 = ORIENTED_EDGE('',*,*,#7171,.F.);
#7628 = ORIENTED_EDGE('',*,*,#7622,.F.);
#7629 = CYLINDRICAL_SURFACE('',#7630,0.5);
#7630 = AXIS2_PLACEMENT_3D('',#7631,#7632,#7633);
#7631 = CARTESIAN_POINT('',(142.24,-111.76,-4.6E-02));
#7632 = DIRECTION('',(-0.,-0.,-1.));
#7633 = DIRECTION('',(-0.,-1.,0.));
#7634 = ADVANCED_FACE('',(#7635),#7646,.F.);
#7635 = FACE_BOUND('',#7636,.T.);
#7636 = EDGE_LOOP('',(#7637,#7638,#7644,#7645));
#7637 = ORIENTED_EDGE('',*,*,#6769,.T.);
#7638 = ORIENTED_EDGE('',*,*,#7639,.T.);
#7639 = EDGE_CURVE('',#6770,#7183,#7640,.T.);
#7640 = LINE('',#7641,#7642);
#7641 = CARTESIAN_POINT('',(139.7,-109.72,-4.6E-02));
#7642 = VECTOR('',#7643,1.);
#7643 = DIRECTION('',(0.,0.,1.));
#7644 = ORIENTED_EDGE('',*,*,#7182,.F.);
#7645 = ORIENTED_EDGE('',*,*,#7639,.F.);
#7646 = CYLINDRICAL_SURFACE('',#7647,0.5);
#7647 = AXIS2_PLACEMENT_3D('',#7648,#7649,#7650);
#7648 = CARTESIAN_POINT('',(139.7,-109.22,-4.6E-02));
#7649 = DIRECTION('',(-0.,-0.,-1.));
#7650 = DIRECTION('',(-0.,-1.,0.));
#7651 = ADVANCED_FACE('',(#7652),#7663,.F.);
#7652 = FACE_BOUND('',#7653,.T.);
#7653 = EDGE_LOOP('',(#7654,#7655,#7661,#7662));
#7654 = ORIENTED_EDGE('',*,*,#6780,.T.);
#7655 = ORIENTED_EDGE('',*,*,#7656,.T.);
#7656 = EDGE_CURVE('',#6781,#7194,#7657,.T.);
#7657 = LINE('',#7658,#7659);
#7658 = CARTESIAN_POINT('',(142.24,-109.72,-4.6E-02));
#7659 = VECTOR('',#7660,1.);
#7660 = DIRECTION('',(0.,0.,1.));
#7661 = ORIENTED_EDGE('',*,*,#7193,.F.);
#7662 = ORIENTED_EDGE('',*,*,#7656,.F.);
#7663 = CYLINDRICAL_SURFACE('',#7664,0.5);
#7664 = AXIS2_PLACEMENT_3D('',#7665,#7666,#7667);
#7665 = CARTESIAN_POINT('',(142.24,-109.22,-4.6E-02));
#7666 = DIRECTION('',(-0.,-0.,-1.));
#7667 = DIRECTION('',(-0.,-1.,0.));
#7668 = ADVANCED_FACE('',(#7669),#7680,.F.);
#7669 = FACE_BOUND('',#7670,.T.);
#7670 = EDGE_LOOP('',(#7671,#7672,#7678,#7679));
#7671 = ORIENTED_EDGE('',*,*,#6791,.T.);
#7672 = ORIENTED_EDGE('',*,*,#7673,.T.);
#7673 = EDGE_CURVE('',#6792,#7205,#7674,.T.);
#7674 = LINE('',#7675,#7676);
#7675 = CARTESIAN_POINT('',(124.46,-107.18,-4.6E-02));
#7676 = VECTOR('',#7677,1.);
#7677 = DIRECTION('',(0.,0.,1.));
#7678 = ORIENTED_EDGE('',*,*,#7204,.F.);
#7679 = ORIENTED_EDGE('',*,*,#7673,.F.);
#7680 = CYLINDRICAL_SURFACE('',#7681,0.5);
#7681 = AXIS2_PLACEMENT_3D('',#7682,#7683,#7684);
#7682 = CARTESIAN_POINT('',(124.46,-106.68,-4.6E-02));
#7683 = DIRECTION('',(-0.,-0.,-1.));
#7684 = DIRECTION('',(-0.,-1.,0.));
#7685 = ADVANCED_FACE('',(#7686),#7697,.F.);
#7686 = FACE_BOUND('',#7687,.T.);
#7687 = EDGE_LOOP('',(#7688,#7689,#7695,#7696));
#7688 = ORIENTED_EDGE('',*,*,#6802,.T.);
#7689 = ORIENTED_EDGE('',*,*,#7690,.T.);
#7690 = EDGE_CURVE('',#6803,#7216,#7691,.T.);
#7691 = LINE('',#7692,#7693);
#7692 = CARTESIAN_POINT('',(127.,-107.18,-4.6E-02));
#7693 = VECTOR('',#7694,1.);
#7694 = DIRECTION('',(0.,0.,1.));
#7695 = ORIENTED_EDGE('',*,*,#7215,.F.);
#7696 = ORIENTED_EDGE('',*,*,#7690,.F.);
#7697 = CYLINDRICAL_SURFACE('',#7698,0.5);
#7698 = AXIS2_PLACEMENT_3D('',#7699,#7700,#7701);
#7699 = CARTESIAN_POINT('',(127.,-106.68,-4.6E-02));
#7700 = DIRECTION('',(-0.,-0.,-1.));
#7701 = DIRECTION('',(-0.,-1.,0.));
#7702 = ADVANCED_FACE('',(#7703),#7714,.F.);
#7703 = FACE_BOUND('',#7704,.T.);
#7704 = EDGE_LOOP('',(#7705,#7706,#7712,#7713));
#7705 = ORIENTED_EDGE('',*,*,#6813,.T.);
#7706 = ORIENTED_EDGE('',*,*,#7707,.T.);
#7707 = EDGE_CURVE('',#6814,#7227,#7708,.T.);
#7708 = LINE('',#7709,#7710);
#7709 = CARTESIAN_POINT('',(124.46,-104.64,-4.6E-02));
#7710 = VECTOR('',#7711,1.);
#7711 = DIRECTION('',(0.,0.,1.));
#7712 = ORIENTED_EDGE('',*,*,#7226,.F.);
#7713 = ORIENTED_EDGE('',*,*,#7707,.F.);
#7714 = CYLINDRICAL_SURFACE('',#7715,0.5);
#7715 = AXIS2_PLACEMENT_3D('',#7716,#7717,#7718);
#7716 = CARTESIAN_POINT('',(124.46,-104.14,-4.6E-02));
#7717 = DIRECTION('',(-0.,-0.,-1.));
#7718 = DIRECTION('',(-0.,-1.,0.));
#7719 = ADVANCED_FACE('',(#7720),#7731,.F.);
#7720 = FACE_BOUND('',#7721,.T.);
#7721 = EDGE_LOOP('',(#7722,#7723,#7729,#7730));
#7722 = ORIENTED_EDGE('',*,*,#6824,.T.);
#7723 = ORIENTED_EDGE('',*,*,#7724,.T.);
#7724 = EDGE_CURVE('',#6825,#7238,#7725,.T.);
#7725 = LINE('',#7726,#7727);
#7726 = CARTESIAN_POINT('',(127.,-104.64,-4.6E-02));
#7727 = VECTOR('',#7728,1.);
#7728 = DIRECTION('',(0.,0.,1.));
#7729 = ORIENTED_EDGE('',*,*,#7237,.F.);
#7730 = ORIENTED_EDGE('',*,*,#7724,.F.);
#7731 = CYLINDRICAL_SURFACE('',#7732,0.5);
#7732 = AXIS2_PLACEMENT_3D('',#7733,#7734,#7735);
#7733 = CARTESIAN_POINT('',(127.,-104.14,-4.6E-02));
#7734 = DIRECTION('',(-0.,-0.,-1.));
#7735 = DIRECTION('',(-0.,-1.,0.));
#7736 = ADVANCED_FACE('',(#7737),#7748,.F.);
#7737 = FACE_BOUND('',#7738,.T.);
#7738 = EDGE_LOOP('',(#7739,#7740,#7746,#7747));
#7739 = ORIENTED_EDGE('',*,*,#6835,.T.);
#7740 = ORIENTED_EDGE('',*,*,#7741,.T.);
#7741 = EDGE_CURVE('',#6836,#7249,#7742,.T.);
#7742 = LINE('',#7743,#7744);
#7743 = CARTESIAN_POINT('',(139.7,-107.18,-4.6E-02));
#7744 = VECTOR('',#7745,1.);
#7745 = DIRECTION('',(0.,0.,1.));
#7746 = ORIENTED_EDGE('',*,*,#7248,.F.);
#7747 = ORIENTED_EDGE('',*,*,#7741,.F.);
#7748 = CYLINDRICAL_SURFACE('',#7749,0.5);
#7749 = AXIS2_PLACEMENT_3D('',#7750,#7751,#7752);
#7750 = CARTESIAN_POINT('',(139.7,-106.68,-4.6E-02));
#7751 = DIRECTION('',(-0.,-0.,-1.));
#7752 = DIRECTION('',(-0.,-1.,0.));
#7753 = ADVANCED_FACE('',(#7754),#7765,.F.);
#7754 = FACE_BOUND('',#7755,.T.);
#7755 = EDGE_LOOP('',(#7756,#7757,#7763,#7764));
#7756 = ORIENTED_EDGE('',*,*,#6846,.T.);
#7757 = ORIENTED_EDGE('',*,*,#7758,.T.);
#7758 = EDGE_CURVE('',#6847,#7260,#7759,.T.);
#7759 = LINE('',#7760,#7761);
#7760 = CARTESIAN_POINT('',(139.7,-104.64,-4.6E-02));
#7761 = VECTOR('',#7762,1.);
#7762 = DIRECTION('',(0.,0.,1.));
#7763 = ORIENTED_EDGE('',*,*,#7259,.F.);
#7764 = ORIENTED_EDGE('',*,*,#7758,.F.);
#7765 = CYLINDRICAL_SURFACE('',#7766,0.5);
#7766 = AXIS2_PLACEMENT_3D('',#7767,#7768,#7769);
#7767 = CARTESIAN_POINT('',(139.7,-104.14,-4.6E-02));
#7768 = DIRECTION('',(-0.,-0.,-1.));
#7769 = DIRECTION('',(-0.,-1.,0.));
#7770 = ADVANCED_FACE('',(#7771),#7782,.F.);
#7771 = FACE_BOUND('',#7772,.T.);
#7772 = EDGE_LOOP('',(#7773,#7774,#7780,#7781));
#7773 = ORIENTED_EDGE('',*,*,#6857,.T.);
#7774 = ORIENTED_EDGE('',*,*,#7775,.T.);
#7775 = EDGE_CURVE('',#6858,#7271,#7776,.T.);
#7776 = LINE('',#7777,#7778);
#7777 = CARTESIAN_POINT('',(142.24,-107.18,-4.6E-02));
#7778 = VECTOR('',#7779,1.);
#7779 = DIRECTION('',(0.,0.,1.));
#7780 = ORIENTED_EDGE('',*,*,#7270,.F.);
#7781 = ORIENTED_EDGE('',*,*,#7775,.F.);
#7782 = CYLINDRICAL_SURFACE('',#7783,0.5);
#7783 = AXIS2_PLACEMENT_3D('',#7784,#7785,#7786);
#7784 = CARTESIAN_POINT('',(142.24,-106.68,-4.6E-02));
#7785 = DIRECTION('',(-0.,-0.,-1.));
#7786 = DIRECTION('',(-0.,-1.,0.));
#7787 = ADVANCED_FACE('',(#7788),#7799,.F.);
#7788 = FACE_BOUND('',#7789,.T.);
#7789 = EDGE_LOOP('',(#7790,#7791,#7797,#7798));
#7790 = ORIENTED_EDGE('',*,*,#6868,.T.);
#7791 = ORIENTED_EDGE('',*,*,#7792,.T.);
#7792 = EDGE_CURVE('',#6869,#7282,#7793,.T.);
#7793 = LINE('',#7794,#7795);
#7794 = CARTESIAN_POINT('',(142.24,-104.64,-4.6E-02));
#7795 = VECTOR('',#7796,1.);
#7796 = DIRECTION('',(0.,0.,1.));
#7797 = ORIENTED_EDGE('',*,*,#7281,.F.);
#7798 = ORIENTED_EDGE('',*,*,#7792,.F.);
#7799 = CYLINDRICAL_SURFACE('',#7800,0.5);
#7800 = AXIS2_PLACEMENT_3D('',#7801,#7802,#7803);
#7801 = CARTESIAN_POINT('',(142.24,-104.14,-4.6E-02));
#7802 = DIRECTION('',(-0.,-0.,-1.));
#7803 = DIRECTION('',(-0.,-1.,0.));
#7804 = ADVANCED_FACE('',(#7805),#7816,.F.);
#7805 = FACE_BOUND('',#7806,.T.);
#7806 = EDGE_LOOP('',(#7807,#7808,#7814,#7815));
#7807 = ORIENTED_EDGE('',*,*,#6879,.T.);
#7808 = ORIENTED_EDGE('',*,*,#7809,.T.);
#7809 = EDGE_CURVE('',#6880,#7293,#7810,.T.);
#7810 = LINE('',#7811,#7812);
#7811 = CARTESIAN_POINT('',(157.48,-112.26,-4.6E-02));
#7812 = VECTOR('',#7813,1.);
#7813 = DIRECTION('',(0.,0.,1.));
#7814 = ORIENTED_EDGE('',*,*,#7292,.F.);
#7815 = ORIENTED_EDGE('',*,*,#7809,.F.);
#7816 = CYLINDRICAL_SURFACE('',#7817,0.5);
#7817 = AXIS2_PLACEMENT_3D('',#7818,#7819,#7820);
#7818 = CARTESIAN_POINT('',(157.48,-111.76,-4.6E-02));
#7819 = DIRECTION('',(-0.,-0.,-1.));
#7820 = DIRECTION('',(-0.,-1.,0.));
#7821 = ADVANCED_FACE('',(#7822),#7833,.F.);
#7822 = FACE_BOUND('',#7823,.T.);
#7823 = EDGE_LOOP('',(#7824,#7825,#7831,#7832));
#7824 = ORIENTED_EDGE('',*,*,#6890,.T.);
#7825 = ORIENTED_EDGE('',*,*,#7826,.T.);
#7826 = EDGE_CURVE('',#6891,#7304,#7827,.T.);
#7827 = LINE('',#7828,#7829);
#7828 = CARTESIAN_POINT('',(160.02,-112.26,-4.6E-02));
#7829 = VECTOR('',#7830,1.);
#7830 = DIRECTION('',(0.,0.,1.));
#7831 = ORIENTED_EDGE('',*,*,#7303,.F.);
#7832 = ORIENTED_EDGE('',*,*,#7826,.F.);
#7833 = CYLINDRICAL_SURFACE('',#7834,0.5);
#7834 = AXIS2_PLACEMENT_3D('',#7835,#7836,#7837);
#7835 = CARTESIAN_POINT('',(160.02,-111.76,-4.6E-02));
#7836 = DIRECTION('',(-0.,-0.,-1.));
#7837 = DIRECTION('',(-0.,-1.,0.));
#7838 = ADVANCED_FACE('',(#7839),#7850,.F.);
#7839 = FACE_BOUND('',#7840,.T.);
#7840 = EDGE_LOOP('',(#7841,#7842,#7848,#7849));
#7841 = ORIENTED_EDGE('',*,*,#6901,.T.);
#7842 = ORIENTED_EDGE('',*,*,#7843,.T.);
#7843 = EDGE_CURVE('',#6902,#7315,#7844,.T.);
#7844 = LINE('',#7845,#7846);
#7845 = CARTESIAN_POINT('',(157.48,-109.72,-4.6E-02));
#7846 = VECTOR('',#7847,1.);
#7847 = DIRECTION('',(0.,0.,1.));
#7848 = ORIENTED_EDGE('',*,*,#7314,.F.);
#7849 = ORIENTED_EDGE('',*,*,#7843,.F.);
#7850 = CYLINDRICAL_SURFACE('',#7851,0.5);
#7851 = AXIS2_PLACEMENT_3D('',#7852,#7853,#7854);
#7852 = CARTESIAN_POINT('',(157.48,-109.22,-4.6E-02));
#7853 = DIRECTION('',(-0.,-0.,-1.));
#7854 = DIRECTION('',(-0.,-1.,0.));
#7855 = ADVANCED_FACE('',(#7856),#7867,.F.);
#7856 = FACE_BOUND('',#7857,.T.);
#7857 = EDGE_LOOP('',(#7858,#7859,#7865,#7866));
#7858 = ORIENTED_EDGE('',*,*,#6912,.T.);
#7859 = ORIENTED_EDGE('',*,*,#7860,.T.);
#7860 = EDGE_CURVE('',#6913,#7326,#7861,.T.);
#7861 = LINE('',#7862,#7863);
#7862 = CARTESIAN_POINT('',(160.02,-109.72,-4.6E-02));
#7863 = VECTOR('',#7864,1.);
#7864 = DIRECTION('',(0.,0.,1.));
#7865 = ORIENTED_EDGE('',*,*,#7325,.F.);
#7866 = ORIENTED_EDGE('',*,*,#7860,.F.);
#7867 = CYLINDRICAL_SURFACE('',#7868,0.5);
#7868 = AXIS2_PLACEMENT_3D('',#7869,#7870,#7871);
#7869 = CARTESIAN_POINT('',(160.02,-109.22,-4.6E-02));
#7870 = DIRECTION('',(-0.,-0.,-1.));
#7871 = DIRECTION('',(-0.,-1.,0.));
#7872 = ADVANCED_FACE('',(#7873),#7884,.F.);
#7873 = FACE_BOUND('',#7874,.T.);
#7874 = EDGE_LOOP('',(#7875,#7876,#7882,#7883));
#7875 = ORIENTED_EDGE('',*,*,#6923,.T.);
#7876 = ORIENTED_EDGE('',*,*,#7877,.T.);
#7877 = EDGE_CURVE('',#6924,#7337,#7878,.T.);
#7878 = LINE('',#7879,#7880);
#7879 = CARTESIAN_POINT('',(172.72,-112.26,-4.6E-02));
#7880 = VECTOR('',#7881,1.);
#7881 = DIRECTION('',(0.,0.,1.));
#7882 = ORIENTED_EDGE('',*,*,#7336,.F.);
#7883 = ORIENTED_EDGE('',*,*,#7877,.F.);
#7884 = CYLINDRICAL_SURFACE('',#7885,0.5);
#7885 = AXIS2_PLACEMENT_3D('',#7886,#7887,#7888);
#7886 = CARTESIAN_POINT('',(172.72,-111.76,-4.6E-02));
#7887 = DIRECTION('',(-0.,-0.,-1.));
#7888 = DIRECTION('',(-0.,-1.,0.));
#7889 = ADVANCED_FACE('',(#7890),#7901,.F.);
#7890 = FACE_BOUND('',#7891,.T.);
#7891 = EDGE_LOOP('',(#7892,#7893,#7899,#7900));
#7892 = ORIENTED_EDGE('',*,*,#6934,.T.);
#7893 = ORIENTED_EDGE('',*,*,#7894,.T.);
#7894 = EDGE_CURVE('',#6935,#7348,#7895,.T.);
#7895 = LINE('',#7896,#7897);
#7896 = CARTESIAN_POINT('',(175.26,-112.26,-4.6E-02));
#7897 = VECTOR('',#7898,1.);
#7898 = DIRECTION('',(0.,0.,1.));
#7899 = ORIENTED_EDGE('',*,*,#7347,.F.);
#7900 = ORIENTED_EDGE('',*,*,#7894,.F.);
#7901 = CYLINDRICAL_SURFACE('',#7902,0.5);
#7902 = AXIS2_PLACEMENT_3D('',#7903,#7904,#7905);
#7903 = CARTESIAN_POINT('',(175.26,-111.76,-4.6E-02));
#7904 = DIRECTION('',(-0.,-0.,-1.));
#7905 = DIRECTION('',(-0.,-1.,0.));
#7906 = ADVANCED_FACE('',(#7907),#7918,.F.);
#7907 = FACE_BOUND('',#7908,.T.);
#7908 = EDGE_LOOP('',(#7909,#7910,#7916,#7917));
#7909 = ORIENTED_EDGE('',*,*,#6945,.T.);
#7910 = ORIENTED_EDGE('',*,*,#7911,.T.);
#7911 = EDGE_CURVE('',#6946,#7359,#7912,.T.);
#7912 = LINE('',#7913,#7914);
#7913 = CARTESIAN_POINT('',(183.,-114.1,-4.6E-02));
#7914 = VECTOR('',#7915,1.);
#7915 = DIRECTION('',(0.,0.,1.));
#7916 = ORIENTED_EDGE('',*,*,#7358,.F.);
#7917 = ORIENTED_EDGE('',*,*,#7911,.F.);
#7918 = CYLINDRICAL_SURFACE('',#7919,1.1);
#7919 = AXIS2_PLACEMENT_3D('',#7920,#7921,#7922);
#7920 = CARTESIAN_POINT('',(183.,-113.,-4.6E-02));
#7921 = DIRECTION('',(-0.,-0.,-1.));
#7922 = DIRECTION('',(-0.,-1.,0.));
#7923 = ADVANCED_FACE('',(#7924),#7935,.F.);
#7924 = FACE_BOUND('',#7925,.T.);
#7925 = EDGE_LOOP('',(#7926,#7927,#7933,#7934));
#7926 = ORIENTED_EDGE('',*,*,#6956,.T.);
#7927 = ORIENTED_EDGE('',*,*,#7928,.T.);
#7928 = EDGE_CURVE('',#6957,#7370,#7929,.T.);
#7929 = LINE('',#7930,#7931);
#7930 = CARTESIAN_POINT('',(172.72,-109.72,-4.6E-02));
#7931 = VECTOR('',#7932,1.);
#7932 = DIRECTION('',(0.,0.,1.));
#7933 = ORIENTED_EDGE('',*,*,#7369,.F.);
#7934 = ORIENTED_EDGE('',*,*,#7928,.F.);
#7935 = CYLINDRICAL_SURFACE('',#7936,0.5);
#7936 = AXIS2_PLACEMENT_3D('',#7937,#7938,#7939);
#7937 = CARTESIAN_POINT('',(172.72,-109.22,-4.6E-02));
#7938 = DIRECTION('',(-0.,-0.,-1.));
#7939 = DIRECTION('',(-0.,-1.,0.));
#7940 = ADVANCED_FACE('',(#7941),#7952,.F.);
#7941 = FACE_BOUND('',#7942,.T.);
#7942 = EDGE_LOOP('',(#7943,#7944,#7950,#7951));
#7943 = ORIENTED_EDGE('',*,*,#6967,.T.);
#7944 = ORIENTED_EDGE('',*,*,#7945,.T.);
#7945 = EDGE_CURVE('',#6968,#7381,#7946,.T.);
#7946 = LINE('',#7947,#7948);
#7947 = CARTESIAN_POINT('',(175.26,-109.72,-4.6E-02));
#7948 = VECTOR('',#7949,1.);
#7949 = DIRECTION('',(0.,0.,1.));
#7950 = ORIENTED_EDGE('',*,*,#7380,.F.);
#7951 = ORIENTED_EDGE('',*,*,#7945,.F.);
#7952 = CYLINDRICAL_SURFACE('',#7953,0.5);
#7953 = AXIS2_PLACEMENT_3D('',#7954,#7955,#7956);
#7954 = CARTESIAN_POINT('',(175.26,-109.22,-4.6E-02));
#7955 = DIRECTION('',(-0.,-0.,-1.));
#7956 = DIRECTION('',(-0.,-1.,0.));
#7957 = ADVANCED_FACE('',(#7958),#7969,.F.);
#7958 = FACE_BOUND('',#7959,.T.);
#7959 = EDGE_LOOP('',(#7960,#7961,#7967,#7968));
#7960 = ORIENTED_EDGE('',*,*,#6978,.T.);
#7961 = ORIENTED_EDGE('',*,*,#7962,.T.);
#7962 = EDGE_CURVE('',#6979,#7392,#7963,.T.);
#7963 = LINE('',#7964,#7965);
#7964 = CARTESIAN_POINT('',(157.48,-107.18,-4.6E-02));
#7965 = VECTOR('',#7966,1.);
#7966 = DIRECTION('',(0.,0.,1.));
#7967 = ORIENTED_EDGE('',*,*,#7391,.F.);
#7968 = ORIENTED_EDGE('',*,*,#7962,.F.);
#7969 = CYLINDRICAL_SURFACE('',#7970,0.5);
#7970 = AXIS2_PLACEMENT_3D('',#7971,#7972,#7973);
#7971 = CARTESIAN_POINT('',(157.48,-106.68,-4.6E-02));
#7972 = DIRECTION('',(-0.,-0.,-1.));
#7973 = DIRECTION('',(-0.,-1.,0.));
#7974 = ADVANCED_FACE('',(#7975),#7986,.F.);
#7975 = FACE_BOUND('',#7976,.T.);
#7976 = EDGE_LOOP('',(#7977,#7978,#7984,#7985));
#7977 = ORIENTED_EDGE('',*,*,#6989,.T.);
#7978 = ORIENTED_EDGE('',*,*,#7979,.T.);
#7979 = EDGE_CURVE('',#6990,#7403,#7980,.T.);
#7980 = LINE('',#7981,#7982);
#7981 = CARTESIAN_POINT('',(157.48,-104.64,-4.6E-02));
#7982 = VECTOR('',#7983,1.);
#7983 = DIRECTION('',(0.,0.,1.));
#7984 = ORIENTED_EDGE('',*,*,#7402,.F.);
#7985 = ORIENTED_EDGE('',*,*,#7979,.F.);
#7986 = CYLINDRICAL_SURFACE('',#7987,0.5);
#7987 = AXIS2_PLACEMENT_3D('',#7988,#7989,#7990);
#7988 = CARTESIAN_POINT('',(157.48,-104.14,-4.6E-02));
#7989 = DIRECTION('',(-0.,-0.,-1.));
#7990 = DIRECTION('',(-0.,-1.,0.));
#7991 = ADVANCED_FACE('',(#7992),#8003,.F.);
#7992 = FACE_BOUND('',#7993,.T.);
#7993 = EDGE_LOOP('',(#7994,#7995,#8001,#8002));
#7994 = ORIENTED_EDGE('',*,*,#7000,.T.);
#7995 = ORIENTED_EDGE('',*,*,#7996,.T.);
#7996 = EDGE_CURVE('',#7001,#7414,#7997,.T.);
#7997 = LINE('',#7998,#7999);
#7998 = CARTESIAN_POINT('',(160.02,-107.18,-4.6E-02));
#7999 = VECTOR('',#8000,1.);
#8000 = DIRECTION('',(0.,0.,1.));
#8001 = ORIENTED_EDGE('',*,*,#7413,.F.);
#8002 = ORIENTED_EDGE('',*,*,#7996,.F.);
#8003 = CYLINDRICAL_SURFACE('',#8004,0.5);
#8004 = AXIS2_PLACEMENT_3D('',#8005,#8006,#8007);
#8005 = CARTESIAN_POINT('',(160.02,-106.68,-4.6E-02));
#8006 = DIRECTION('',(-0.,-0.,-1.));
#8007 = DIRECTION('',(-0.,-1.,0.));
#8008 = ADVANCED_FACE('',(#8009),#8020,.F.);
#8009 = FACE_BOUND('',#8010,.T.);
#8010 = EDGE_LOOP('',(#8011,#8012,#8018,#8019));
#8011 = ORIENTED_EDGE('',*,*,#7011,.T.);
#8012 = ORIENTED_EDGE('',*,*,#8013,.T.);
#8013 = EDGE_CURVE('',#7012,#7425,#8014,.T.);
#8014 = LINE('',#8015,#8016);
#8015 = CARTESIAN_POINT('',(160.02,-104.64,-4.6E-02));
#8016 = VECTOR('',#8017,1.);
#8017 = DIRECTION('',(0.,0.,1.));
#8018 = ORIENTED_EDGE('',*,*,#7424,.F.);
#8019 = ORIENTED_EDGE('',*,*,#8013,.F.);
#8020 = CYLINDRICAL_SURFACE('',#8021,0.5);
#8021 = AXIS2_PLACEMENT_3D('',#8022,#8023,#8024);
#8022 = CARTESIAN_POINT('',(160.02,-104.14,-4.6E-02));
#8023 = DIRECTION('',(-0.,-0.,-1.));
#8024 = DIRECTION('',(-0.,-1.,0.));
#8025 = ADVANCED_FACE('',(#8026),#8037,.F.);
#8026 = FACE_BOUND('',#8027,.T.);
#8027 = EDGE_LOOP('',(#8028,#8029,#8035,#8036));
#8028 = ORIENTED_EDGE('',*,*,#7022,.T.);
#8029 = ORIENTED_EDGE('',*,*,#8030,.T.);
#8030 = EDGE_CURVE('',#7023,#7436,#8031,.T.);
#8031 = LINE('',#8032,#8033);
#8032 = CARTESIAN_POINT('',(172.72,-107.18,-4.6E-02));
#8033 = VECTOR('',#8034,1.);
#8034 = DIRECTION('',(0.,0.,1.));
#8035 = ORIENTED_EDGE('',*,*,#7435,.F.);
#8036 = ORIENTED_EDGE('',*,*,#8030,.F.);
#8037 = CYLINDRICAL_SURFACE('',#8038,0.5);
#8038 = AXIS2_PLACEMENT_3D('',#8039,#8040,#8041);
#8039 = CARTESIAN_POINT('',(172.72,-106.68,-4.6E-02));
#8040 = DIRECTION('',(-0.,-0.,-1.));
#8041 = DIRECTION('',(-0.,-1.,0.));
#8042 = ADVANCED_FACE('',(#8043),#8054,.F.);
#8043 = FACE_BOUND('',#8044,.T.);
#8044 = EDGE_LOOP('',(#8045,#8046,#8052,#8053));
#8045 = ORIENTED_EDGE('',*,*,#7033,.T.);
#8046 = ORIENTED_EDGE('',*,*,#8047,.T.);
#8047 = EDGE_CURVE('',#7034,#7447,#8048,.T.);
#8048 = LINE('',#8049,#8050);
#8049 = CARTESIAN_POINT('',(175.26,-107.18,-4.6E-02));
#8050 = VECTOR('',#8051,1.);
#8051 = DIRECTION('',(0.,0.,1.));
#8052 = ORIENTED_EDGE('',*,*,#7446,.F.);
#8053 = ORIENTED_EDGE('',*,*,#8047,.F.);
#8054 = CYLINDRICAL_SURFACE('',#8055,0.5);
#8055 = AXIS2_PLACEMENT_3D('',#8056,#8057,#8058);
#8056 = CARTESIAN_POINT('',(175.26,-106.68,-4.6E-02));
#8057 = DIRECTION('',(-0.,-0.,-1.));
#8058 = DIRECTION('',(-0.,-1.,0.));
#8059 = ADVANCED_FACE('',(#8060),#8071,.F.);
#8060 = FACE_BOUND('',#8061,.T.);
#8061 = EDGE_LOOP('',(#8062,#8063,#8069,#8070));
#8062 = ORIENTED_EDGE('',*,*,#7044,.T.);
#8063 = ORIENTED_EDGE('',*,*,#8064,.T.);
#8064 = EDGE_CURVE('',#7045,#7458,#8065,.T.);
#8065 = LINE('',#8066,#8067);
#8066 = CARTESIAN_POINT('',(172.72,-104.64,-4.6E-02));
#8067 = VECTOR('',#8068,1.);
#8068 = DIRECTION('',(0.,0.,1.));
#8069 = ORIENTED_EDGE('',*,*,#7457,.F.);
#8070 = ORIENTED_EDGE('',*,*,#8064,.F.);
#8071 = CYLINDRICAL_SURFACE('',#8072,0.5);
#8072 = AXIS2_PLACEMENT_3D('',#8073,#8074,#8075);
#8073 = CARTESIAN_POINT('',(172.72,-104.14,-4.6E-02));
#8074 = DIRECTION('',(-0.,-0.,-1.));
#8075 = DIRECTION('',(-0.,-1.,0.));
#8076 = ADVANCED_FACE('',(#8077),#8088,.F.);
#8077 = FACE_BOUND('',#8078,.T.);
#8078 = EDGE_LOOP('',(#8079,#8080,#8086,#8087));
#8079 = ORIENTED_EDGE('',*,*,#7055,.T.);
#8080 = ORIENTED_EDGE('',*,*,#8081,.T.);
#8081 = EDGE_CURVE('',#7056,#7469,#8082,.T.);
#8082 = LINE('',#8083,#8084);
#8083 = CARTESIAN_POINT('',(175.26,-104.64,-4.6E-02));
#8084 = VECTOR('',#8085,1.);
#8085 = DIRECTION('',(0.,0.,1.));
#8086 = ORIENTED_EDGE('',*,*,#7468,.F.);
#8087 = ORIENTED_EDGE('',*,*,#8081,.F.);
#8088 = CYLINDRICAL_SURFACE('',#8089,0.5);
#8089 = AXIS2_PLACEMENT_3D('',#8090,#8091,#8092);
#8090 = CARTESIAN_POINT('',(175.26,-104.14,-4.6E-02));
#8091 = DIRECTION('',(-0.,-0.,-1.));
#8092 = DIRECTION('',(-0.,-1.,0.));
#8093 = ADVANCED_FACE('',(#8094),#8105,.F.);
#8094 = FACE_BOUND('',#8095,.T.);
#8095 = EDGE_LOOP('',(#8096,#8097,#8103,#8104));
#8096 = ORIENTED_EDGE('',*,*,#7066,.T.);
#8097 = ORIENTED_EDGE('',*,*,#8098,.T.);
#8098 = EDGE_CURVE('',#7067,#7480,#8099,.T.);
#8099 = LINE('',#8100,#8101);
#8100 = CARTESIAN_POINT('',(117.,-88.1,-4.6E-02));
#8101 = VECTOR('',#8102,1.);
#8102 = DIRECTION('',(0.,0.,1.));
#8103 = ORIENTED_EDGE('',*,*,#7479,.F.);
#8104 = ORIENTED_EDGE('',*,*,#8098,.F.);
#8105 = CYLINDRICAL_SURFACE('',#8106,1.1);
#8106 = AXIS2_PLACEMENT_3D('',#8107,#8108,#8109);
#8107 = CARTESIAN_POINT('',(117.,-87.,-4.6E-02));
#8108 = DIRECTION('',(-0.,-0.,-1.));
#8109 = DIRECTION('',(-0.,-1.,0.));
#8110 = ADVANCED_FACE('',(#8111),#8122,.F.);
#8111 = FACE_BOUND('',#8112,.T.);
#8112 = EDGE_LOOP('',(#8113,#8114,#8120,#8121));
#8113 = ORIENTED_EDGE('',*,*,#7077,.T.);
#8114 = ORIENTED_EDGE('',*,*,#8115,.T.);
#8115 = EDGE_CURVE('',#7078,#7491,#8116,.T.);
#8116 = LINE('',#8117,#8118);
#8117 = CARTESIAN_POINT('',(183.,-88.1,-4.6E-02));
#8118 = VECTOR('',#8119,1.);
#8119 = DIRECTION('',(0.,0.,1.));
#8120 = ORIENTED_EDGE('',*,*,#7490,.F.);
#8121 = ORIENTED_EDGE('',*,*,#8115,.F.);
#8122 = CYLINDRICAL_SURFACE('',#8123,1.1);
#8123 = AXIS2_PLACEMENT_3D('',#8124,#8125,#8126);
#8124 = CARTESIAN_POINT('',(183.,-87.,-4.6E-02));
#8125 = DIRECTION('',(-0.,-0.,-1.));
#8126 = DIRECTION('',(-0.,-1.,0.));
#8127 = ( GEOMETRIC_REPRESENTATION_CONTEXT(3) 
GLOBAL_UNCERTAINTY_ASSIGNED_CONTEXT((#8131)) 
GLOBAL_UNIT_ASSIGNED_CONTEXT((#8128,#8129,#8130)) REPRESENTATION_CONTEXT
('Context #1','3D Context with UNIT and UNCERTAINTY') );
#8128 = ( LENGTH_UNIT() NAMED_UNIT(*) SI_UNIT(.MILLI.,.METRE.) );
#8129 = ( NAMED_UNIT(*) PLANE_ANGLE_UNIT() SI_UNIT($,.RADIAN.) );
#8130 = ( NAMED_UNIT(*) SI_UNIT($,.STERADIAN.) SOLID_ANGLE_UNIT() );
#8131 = UNCERTAINTY_MEASURE_WITH_UNIT(LENGTH_MEASURE(1.E-07),#8128,
  'distance_accuracy_value','confusion accuracy');
#8132 = CONTEXT_DEPENDENT_SHAPE_REPRESENTATION(#8133,#8135);
#8133 = ( REPRESENTATION_RELATIONSHIP('','',#6572,#10) 
REPRESENTATION_RELATIONSHIP_WITH_TRANSFORMATION(#8134) 
SHAPE_REPRESENTATION_RELATIONSHIP() );
#8134 = ITEM_DEFINED_TRANSFORMATION('','',#11,#31);
#8135 = PRODUCT_DEFINITION_SHAPE('Placement','Placement of an item',
  #8136);
#8136 = NEXT_ASSEMBLY_USAGE_OCCURRENCE('5','=>[0:1:1:3]','',#5,#6567,$);
#8137 = PRODUCT_RELATED_PRODUCT_CATEGORY('part',$,(#6569));
#8138 = MECHANICAL_DESIGN_GEOMETRIC_PRESENTATION_REPRESENTATION('',(
    #8139),#8127);
#8139 = STYLED_ITEM('color',(#8140),#6573);
#8140 = PRESENTATION_STYLE_ASSIGNMENT((#8141));
#8141 = SURFACE_STYLE_USAGE(.BOTH.,#8142);
#8142 = SURFACE_SIDE_STYLE('',(#8143));
#8143 = SURFACE_STYLE_FILL_AREA(#8144);
#8144 = FILL_AREA_STYLE('',(#8145));
#8145 = FILL_AREA_STYLE_COLOUR('',#8146);
#8146 = COLOUR_RGB('',0.313304153717,0.484529207832,0.410020903123);
#8147 = MECHANICAL_DESIGN_GEOMETRIC_PRESENTATION_REPRESENTATION('',(
    #8148,#8158,#8167,#8176,#8185,#8194,#8203,#8212,#8221,#8231,#8240,
    #8249,#8258,#8267,#8276,#8285,#8294,#8303,#8312,#8321,#8330,#8339,
    #8348,#8357,#8366,#8375,#8384,#8393,#8402,#8411,#8420,#8429,#8438,
    #8447,#8456,#8465,#8474,#8483,#8492,#8501,#8510,#8519,#8528,#8537,
    #8546,#8555,#8564,#8573,#8582,#8591,#8600,#8609,#8618,#8627,#8636,
    #8645,#8654,#8663,#8672,#8681,#8690,#8699,#8708,#8717,#8726,#8735,
    #8744,#8753,#8762,#8771,#8780,#8789,#8798,#8807,#8816,#8825,#8834,
    #8843,#8852,#8861,#8870,#8879,#8888,#8897,#8906,#8915,#8924,#8933,
    #8942,#8951,#8960,#8969,#8978,#8987,#8996,#9005,#9014,#9023,#9032,
    #9041,#9050,#9059,#9068,#9077,#9086,#9095,#9104,#9113,#9122,#9131,
    #9140,#9149,#9158,#9167,#9176,#9185,#9194,#9203,#9212,#9221,#9230,
    #9239,#9248,#9257,#9266,#9275,#9284,#9293,#9302,#9311,#9320,#9329,
    #9338,#9347,#9356,#9365,#9374,#9383,#9392,#9401,#9410,#9419,#9428,
    #9437,#9446,#9455,#9464,#9473,#9482,#9491,#9500,#9509,#9518,#9527,
    #9536,#9545,#9554,#9563,#9572,#9581,#9590,#9599,#9608,#9617,#9626,
    #9635,#9644,#9653,#9662,#9671,#9680,#9689,#9698,#9707,#9716,#9725,
    #9734,#9743,#9752,#9761,#9770,#9779,#9788,#9797,#9806,#9815,#9824,
    #9833,#9842,#9851,#9860,#9869,#9878,#9887,#9896,#9905,#9914,#9923,
    #9932,#9941,#9950,#9959,#9968,#9977,#9986,#9995,#10004,#10013,#10022
    ,#10031,#10040,#10049,#10058,#10067,#10076,#10085,#10094,#10103,
    #10112,#10121,#10130,#10139,#10148,#10157,#10166,#10175,#10184,
    #10193,#10202,#10211,#10220,#10229,#10238,#10247,#10256,#10265,
    #10274,#10283,#10292,#10301,#10310,#10319,#10328,#10337,#10346,
    #10355,#10364,#10373,#10382,#10391,#10400,#10409,#10418,#10427,
    #10436,#10445,#10454,#10463,#10472,#10481,#10490,#10499,#10508,
    #10517,#10526,#10535,#10544,#10553,#10562,#10571,#10580,#10589,
    #10598,#10607,#10616,#10625,#10634,#10643,#10652,#10661,#10670,
    #10679),#6539);
#8148 = STYLED_ITEM('color',(#8149),#51);
#8149 = PRESENTATION_STYLE_ASSIGNMENT((#8150,#8156));
#8150 = SURFACE_STYLE_USAGE(.BOTH.,#8151);
#8151 = SURFACE_SIDE_STYLE('',(#8152));
#8152 = SURFACE_STYLE_FILL_AREA(#8153);
#8153 = FILL_AREA_STYLE('',(#8154));
#8154 = FILL_AREA_STYLE_COLOUR('',#8155);
#8155 = COLOUR_RGB('',0.147999998088,0.145000001626,0.145000001626);
#8156 = CURVE_STYLE('',#8157,POSITIVE_LENGTH_MEASURE(0.1),#8155);
#8157 = DRAUGHTING_PRE_DEFINED_CURVE_FONT('continuous');
#8158 = STYLED_ITEM('color',(#8159),#91);
#8159 = PRESENTATION_STYLE_ASSIGNMENT((#8160,#8165));
#8160 = SURFACE_STYLE_USAGE(.BOTH.,#8161);
#8161 = SURFACE_SIDE_STYLE('',(#8162));
#8162 = SURFACE_STYLE_FILL_AREA(#8163);
#8163 = FILL_AREA_STYLE('',(#8164));
#8164 = FILL_AREA_STYLE_COLOUR('',#8155);
#8165 = CURVE_STYLE('',#8166,POSITIVE_LENGTH_MEASURE(0.1),#8155);
#8166 = DRAUGHTING_PRE_DEFINED_CURVE_FONT('continuous');
#8167 = STYLED_ITEM('color',(#8168),#154);
#8168 = PRESENTATION_STYLE_ASSIGNMENT((#8169,#8174));
#8169 = SURFACE_STYLE_USAGE(.BOTH.,#8170);
#8170 = SURFACE_SIDE_STYLE('',(#8171));
#8171 = SURFACE_STYLE_FILL_AREA(#8172);
#8172 = FILL_AREA_STYLE('',(#8173));
#8173 = FILL_AREA_STYLE_COLOUR('',#8155);
#8174 = CURVE_STYLE('',#8175,POSITIVE_LENGTH_MEASURE(0.1),#8155);
#8175 = DRAUGHTING_PRE_DEFINED_CURVE_FONT('continuous');
#8176 = STYLED_ITEM('color',(#8177),#217);
#8177 = PRESENTATION_STYLE_ASSIGNMENT((#8178,#8183));
#8178 = SURFACE_STYLE_USAGE(.BOTH.,#8179);
#8179 = SURFACE_SIDE_STYLE('',(#8180));
#8180 = SURFACE_STYLE_FILL_AREA(#8181);
#8181 = FILL_AREA_STYLE('',(#8182));
#8182 = FILL_AREA_STYLE_COLOUR('',#8155);
#8183 = CURVE_STYLE('',#8184,POSITIVE_LENGTH_MEASURE(0.1),#8155);
#8184 = DRAUGHTING_PRE_DEFINED_CURVE_FONT('continuous');
#8185 = STYLED_ITEM('color',(#8186),#234);
#8186 = PRESENTATION_STYLE_ASSIGNMENT((#8187,#8192));
#8187 = SURFACE_STYLE_USAGE(.BOTH.,#8188);
#8188 = SURFACE_SIDE_STYLE('',(#8189));
#8189 = SURFACE_STYLE_FILL_AREA(#8190);
#8190 = FILL_AREA_STYLE('',(#8191));
#8191 = FILL_AREA_STYLE_COLOUR('',#8155);
#8192 = CURVE_STYLE('',#8193,POSITIVE_LENGTH_MEASURE(0.1),#8155);
#8193 = DRAUGHTING_PRE_DEFINED_CURVE_FONT('continuous');
#8194 = STYLED_ITEM('color',(#8195),#523);
#8195 = PRESENTATION_STYLE_ASSIGNMENT((#8196,#8201));
#8196 = SURFACE_STYLE_USAGE(.BOTH.,#8197);
#8197 = SURFACE_SIDE_STYLE('',(#8198));
#8198 = SURFACE_STYLE_FILL_AREA(#8199);
#8199 = FILL_AREA_STYLE('',(#8200));
#8200 = FILL_AREA_STYLE_COLOUR('',#8155);
#8201 = CURVE_STYLE('',#8202,POSITIVE_LENGTH_MEASURE(0.1),#8155);
#8202 = DRAUGHTING_PRE_DEFINED_CURVE_FONT('continuous');
#8203 = STYLED_ITEM('color',(#8204),#545);
#8204 = PRESENTATION_STYLE_ASSIGNMENT((#8205,#8210));
#8205 = SURFACE_STYLE_USAGE(.BOTH.,#8206);
#8206 = SURFACE_SIDE_STYLE('',(#8207));
#8207 = SURFACE_STYLE_FILL_AREA(#8208);
#8208 = FILL_AREA_STYLE('',(#8209));
#8209 = FILL_AREA_STYLE_COLOUR('',#8155);
#8210 = CURVE_STYLE('',#8211,POSITIVE_LENGTH_MEASURE(0.1),#8155);
#8211 = DRAUGHTING_PRE_DEFINED_CURVE_FONT('continuous');
#8212 = STYLED_ITEM('color',(#8213),#562);
#8213 = PRESENTATION_STYLE_ASSIGNMENT((#8214,#8219));
#8214 = SURFACE_STYLE_USAGE(.BOTH.,#8215);
#8215 = SURFACE_SIDE_STYLE('',(#8216));
#8216 = SURFACE_STYLE_FILL_AREA(#8217);
#8217 = FILL_AREA_STYLE('',(#8218));
#8218 = FILL_AREA_STYLE_COLOUR('',#8155);
#8219 = CURVE_STYLE('',#8220,POSITIVE_LENGTH_MEASURE(0.1),#8155);
#8220 = DRAUGHTING_PRE_DEFINED_CURVE_FONT('continuous');
#8221 = OVER_RIDING_STYLED_ITEM('overriding color',(#8222),#595,#8212);
#8222 = PRESENTATION_STYLE_ASSIGNMENT((#8223,#8229));
#8223 = SURFACE_STYLE_USAGE(.BOTH.,#8224);
#8224 = SURFACE_SIDE_STYLE('',(#8225));
#8225 = SURFACE_STYLE_FILL_AREA(#8226);
#8226 = FILL_AREA_STYLE('',(#8227));
#8227 = FILL_AREA_STYLE_COLOUR('',#8228);
#8228 = COLOUR_RGB('',0.858999988747,0.738000004258,0.496000005009);
#8229 = CURVE_STYLE('',#8230,POSITIVE_LENGTH_MEASURE(0.1),#8228);
#8230 = DRAUGHTING_PRE_DEFINED_CURVE_FONT('continuous');
#8231 = OVER_RIDING_STYLED_ITEM('overriding color',(#8232),#627,#8212);
#8232 = PRESENTATION_STYLE_ASSIGNMENT((#8233,#8238));
#8233 = SURFACE_STYLE_USAGE(.BOTH.,#8234);
#8234 = SURFACE_SIDE_STYLE('',(#8235));
#8235 = SURFACE_STYLE_FILL_AREA(#8236);
#8236 = FILL_AREA_STYLE('',(#8237));
#8237 = FILL_AREA_STYLE_COLOUR('',#8228);
#8238 = CURVE_STYLE('',#8239,POSITIVE_LENGTH_MEASURE(0.1),#8228);
#8239 = DRAUGHTING_PRE_DEFINED_CURVE_FONT('continuous');
#8240 = OVER_RIDING_STYLED_ITEM('overriding color',(#8241),#661,#8212);
#8241 = PRESENTATION_STYLE_ASSIGNMENT((#8242,#8247));
#8242 = SURFACE_STYLE_USAGE(.BOTH.,#8243);
#8243 = SURFACE_SIDE_STYLE('',(#8244));
#8244 = SURFACE_STYLE_FILL_AREA(#8245);
#8245 = FILL_AREA_STYLE('',(#8246));
#8246 = FILL_AREA_STYLE_COLOUR('',#8228);
#8247 = CURVE_STYLE('',#8248,POSITIVE_LENGTH_MEASURE(0.1),#8228);
#8248 = DRAUGHTING_PRE_DEFINED_CURVE_FONT('continuous');
#8249 = OVER_RIDING_STYLED_ITEM('overriding color',(#8250),#693,#8212);
#8250 = PRESENTATION_STYLE_ASSIGNMENT((#8251,#8256));
#8251 = SURFACE_STYLE_USAGE(.BOTH.,#8252);
#8252 = SURFACE_SIDE_STYLE('',(#8253));
#8253 = SURFACE_STYLE_FILL_AREA(#8254);
#8254 = FILL_AREA_STYLE('',(#8255));
#8255 = FILL_AREA_STYLE_COLOUR('',#8228);
#8256 = CURVE_STYLE('',#8257,POSITIVE_LENGTH_MEASURE(0.1),#8228);
#8257 = DRAUGHTING_PRE_DEFINED_CURVE_FONT('continuous');
#8258 = OVER_RIDING_STYLED_ITEM('overriding color',(#8259),#727,#8212);
#8259 = PRESENTATION_STYLE_ASSIGNMENT((#8260,#8265));
#8260 = SURFACE_STYLE_USAGE(.BOTH.,#8261);
#8261 = SURFACE_SIDE_STYLE('',(#8262));
#8262 = SURFACE_STYLE_FILL_AREA(#8263);
#8263 = FILL_AREA_STYLE('',(#8264));
#8264 = FILL_AREA_STYLE_COLOUR('',#8228);
#8265 = CURVE_STYLE('',#8266,POSITIVE_LENGTH_MEASURE(0.1),#8228);
#8266 = DRAUGHTING_PRE_DEFINED_CURVE_FONT('continuous');
#8267 = OVER_RIDING_STYLED_ITEM('overriding color',(#8268),#759,#8212);
#8268 = PRESENTATION_STYLE_ASSIGNMENT((#8269,#8274));
#8269 = SURFACE_STYLE_USAGE(.BOTH.,#8270);
#8270 = SURFACE_SIDE_STYLE('',(#8271));
#8271 = SURFACE_STYLE_FILL_AREA(#8272);
#8272 = FILL_AREA_STYLE('',(#8273));
#8273 = FILL_AREA_STYLE_COLOUR('',#8228);
#8274 = CURVE_STYLE('',#8275,POSITIVE_LENGTH_MEASURE(0.1),#8228);
#8275 = DRAUGHTING_PRE_DEFINED_CURVE_FONT('continuous');
#8276 = OVER_RIDING_STYLED_ITEM('overriding color',(#8277),#793,#8212);
#8277 = PRESENTATION_STYLE_ASSIGNMENT((#8278,#8283));
#8278 = SURFACE_STYLE_USAGE(.BOTH.,#8279);
#8279 = SURFACE_SIDE_STYLE('',(#8280));
#8280 = SURFACE_STYLE_FILL_AREA(#8281);
#8281 = FILL_AREA_STYLE('',(#8282));
#8282 = FILL_AREA_STYLE_COLOUR('',#8228);
#8283 = CURVE_STYLE('',#8284,POSITIVE_LENGTH_MEASURE(0.1),#8228);
#8284 = DRAUGHTING_PRE_DEFINED_CURVE_FONT('continuous');
#8285 = OVER_RIDING_STYLED_ITEM('overriding color',(#8286),#825,#8212);
#8286 = PRESENTATION_STYLE_ASSIGNMENT((#8287,#8292));
#8287 = SURFACE_STYLE_USAGE(.BOTH.,#8288);
#8288 = SURFACE_SIDE_STYLE('',(#8289));
#8289 = SURFACE_STYLE_FILL_AREA(#8290);
#8290 = FILL_AREA_STYLE('',(#8291));
#8291 = FILL_AREA_STYLE_COLOUR('',#8228);
#8292 = CURVE_STYLE('',#8293,POSITIVE_LENGTH_MEASURE(0.1),#8228);
#8293 = DRAUGHTING_PRE_DEFINED_CURVE_FONT('continuous');
#8294 = OVER_RIDING_STYLED_ITEM('overriding color',(#8295),#859,#8212);
#8295 = PRESENTATION_STYLE_ASSIGNMENT((#8296,#8301));
#8296 = SURFACE_STYLE_USAGE(.BOTH.,#8297);
#8297 = SURFACE_SIDE_STYLE('',(#8298));
#8298 = SURFACE_STYLE_FILL_AREA(#8299);
#8299 = FILL_AREA_STYLE('',(#8300));
#8300 = FILL_AREA_STYLE_COLOUR('',#8228);
#8301 = CURVE_STYLE('',#8302,POSITIVE_LENGTH_MEASURE(0.1),#8228);
#8302 = DRAUGHTING_PRE_DEFINED_CURVE_FONT('continuous');
#8303 = OVER_RIDING_STYLED_ITEM('overriding color',(#8304),#891,#8212);
#8304 = PRESENTATION_STYLE_ASSIGNMENT((#8305,#8310));
#8305 = SURFACE_STYLE_USAGE(.BOTH.,#8306);
#8306 = SURFACE_SIDE_STYLE('',(#8307));
#8307 = SURFACE_STYLE_FILL_AREA(#8308);
#8308 = FILL_AREA_STYLE('',(#8309));
#8309 = FILL_AREA_STYLE_COLOUR('',#8228);
#8310 = CURVE_STYLE('',#8311,POSITIVE_LENGTH_MEASURE(0.1),#8228);
#8311 = DRAUGHTING_PRE_DEFINED_CURVE_FONT('continuous');
#8312 = OVER_RIDING_STYLED_ITEM('overriding color',(#8313),#925,#8212);
#8313 = PRESENTATION_STYLE_ASSIGNMENT((#8314,#8319));
#8314 = SURFACE_STYLE_USAGE(.BOTH.,#8315);
#8315 = SURFACE_SIDE_STYLE('',(#8316));
#8316 = SURFACE_STYLE_FILL_AREA(#8317);
#8317 = FILL_AREA_STYLE('',(#8318));
#8318 = FILL_AREA_STYLE_COLOUR('',#8228);
#8319 = CURVE_STYLE('',#8320,POSITIVE_LENGTH_MEASURE(0.1),#8228);
#8320 = DRAUGHTING_PRE_DEFINED_CURVE_FONT('continuous');
#8321 = OVER_RIDING_STYLED_ITEM('overriding color',(#8322),#957,#8212);
#8322 = PRESENTATION_STYLE_ASSIGNMENT((#8323,#8328));
#8323 = SURFACE_STYLE_USAGE(.BOTH.,#8324);
#8324 = SURFACE_SIDE_STYLE('',(#8325));
#8325 = SURFACE_STYLE_FILL_AREA(#8326);
#8326 = FILL_AREA_STYLE('',(#8327));
#8327 = FILL_AREA_STYLE_COLOUR('',#8228);
#8328 = CURVE_STYLE('',#8329,POSITIVE_LENGTH_MEASURE(0.1),#8228);
#8329 = DRAUGHTING_PRE_DEFINED_CURVE_FONT('continuous');
#8330 = OVER_RIDING_STYLED_ITEM('overriding color',(#8331),#991,#8212);
#8331 = PRESENTATION_STYLE_ASSIGNMENT((#8332,#8337));
#8332 = SURFACE_STYLE_USAGE(.BOTH.,#8333);
#8333 = SURFACE_SIDE_STYLE('',(#8334));
#8334 = SURFACE_STYLE_FILL_AREA(#8335);
#8335 = FILL_AREA_STYLE('',(#8336));
#8336 = FILL_AREA_STYLE_COLOUR('',#8228);
#8337 = CURVE_STYLE('',#8338,POSITIVE_LENGTH_MEASURE(0.1),#8228);
#8338 = DRAUGHTING_PRE_DEFINED_CURVE_FONT('continuous');
#8339 = OVER_RIDING_STYLED_ITEM('overriding color',(#8340),#1023,#8212);
#8340 = PRESENTATION_STYLE_ASSIGNMENT((#8341,#8346));
#8341 = SURFACE_STYLE_USAGE(.BOTH.,#8342);
#8342 = SURFACE_SIDE_STYLE('',(#8343));
#8343 = SURFACE_STYLE_FILL_AREA(#8344);
#8344 = FILL_AREA_STYLE('',(#8345));
#8345 = FILL_AREA_STYLE_COLOUR('',#8228);
#8346 = CURVE_STYLE('',#8347,POSITIVE_LENGTH_MEASURE(0.1),#8228);
#8347 = DRAUGHTING_PRE_DEFINED_CURVE_FONT('continuous');
#8348 = OVER_RIDING_STYLED_ITEM('overriding color',(#8349),#1057,#8212);
#8349 = PRESENTATION_STYLE_ASSIGNMENT((#8350,#8355));
#8350 = SURFACE_STYLE_USAGE(.BOTH.,#8351);
#8351 = SURFACE_SIDE_STYLE('',(#8352));
#8352 = SURFACE_STYLE_FILL_AREA(#8353);
#8353 = FILL_AREA_STYLE('',(#8354));
#8354 = FILL_AREA_STYLE_COLOUR('',#8228);
#8355 = CURVE_STYLE('',#8356,POSITIVE_LENGTH_MEASURE(0.1),#8228);
#8356 = DRAUGHTING_PRE_DEFINED_CURVE_FONT('continuous');
#8357 = OVER_RIDING_STYLED_ITEM('overriding color',(#8358),#1089,#8212);
#8358 = PRESENTATION_STYLE_ASSIGNMENT((#8359,#8364));
#8359 = SURFACE_STYLE_USAGE(.BOTH.,#8360);
#8360 = SURFACE_SIDE_STYLE('',(#8361));
#8361 = SURFACE_STYLE_FILL_AREA(#8362);
#8362 = FILL_AREA_STYLE('',(#8363));
#8363 = FILL_AREA_STYLE_COLOUR('',#8228);
#8364 = CURVE_STYLE('',#8365,POSITIVE_LENGTH_MEASURE(0.1),#8228);
#8365 = DRAUGHTING_PRE_DEFINED_CURVE_FONT('continuous');
#8366 = STYLED_ITEM('color',(#8367),#1107);
#8367 = PRESENTATION_STYLE_ASSIGNMENT((#8368,#8373));
#8368 = SURFACE_STYLE_USAGE(.BOTH.,#8369);
#8369 = SURFACE_SIDE_STYLE('',(#8370));
#8370 = SURFACE_STYLE_FILL_AREA(#8371);
#8371 = FILL_AREA_STYLE('',(#8372));
#8372 = FILL_AREA_STYLE_COLOUR('',#8155);
#8373 = CURVE_STYLE('',#8374,POSITIVE_LENGTH_MEASURE(0.1),#8155);
#8374 = DRAUGHTING_PRE_DEFINED_CURVE_FONT('continuous');
#8375 = STYLED_ITEM('color',(#8376),#1119);
#8376 = PRESENTATION_STYLE_ASSIGNMENT((#8377,#8382));
#8377 = SURFACE_STYLE_USAGE(.BOTH.,#8378);
#8378 = SURFACE_SIDE_STYLE('',(#8379));
#8379 = SURFACE_STYLE_FILL_AREA(#8380);
#8380 = FILL_AREA_STYLE('',(#8381));
#8381 = FILL_AREA_STYLE_COLOUR('',#8155);
#8382 = CURVE_STYLE('',#8383,POSITIVE_LENGTH_MEASURE(0.1),#8155);
#8383 = DRAUGHTING_PRE_DEFINED_CURVE_FONT('continuous');
#8384 = STYLED_ITEM('color',(#8385),#1131);
#8385 = PRESENTATION_STYLE_ASSIGNMENT((#8386,#8391));
#8386 = SURFACE_STYLE_USAGE(.BOTH.,#8387);
#8387 = SURFACE_SIDE_STYLE('',(#8388));
#8388 = SURFACE_STYLE_FILL_AREA(#8389);
#8389 = FILL_AREA_STYLE('',(#8390));
#8390 = FILL_AREA_STYLE_COLOUR('',#8155);
#8391 = CURVE_STYLE('',#8392,POSITIVE_LENGTH_MEASURE(0.1),#8155);
#8392 = DRAUGHTING_PRE_DEFINED_CURVE_FONT('continuous');
#8393 = STYLED_ITEM('color',(#8394),#1162);
#8394 = PRESENTATION_STYLE_ASSIGNMENT((#8395,#8400));
#8395 = SURFACE_STYLE_USAGE(.BOTH.,#8396);
#8396 = SURFACE_SIDE_STYLE('',(#8397));
#8397 = SURFACE_STYLE_FILL_AREA(#8398);
#8398 = FILL_AREA_STYLE('',(#8399));
#8399 = FILL_AREA_STYLE_COLOUR('',#8155);
#8400 = CURVE_STYLE('',#8401,POSITIVE_LENGTH_MEASURE(0.1),#8155);
#8401 = DRAUGHTING_PRE_DEFINED_CURVE_FONT('continuous');
#8402 = STYLED_ITEM('color',(#8403),#1186);
#8403 = PRESENTATION_STYLE_ASSIGNMENT((#8404,#8409));
#8404 = SURFACE_STYLE_USAGE(.BOTH.,#8405);
#8405 = SURFACE_SIDE_STYLE('',(#8406));
#8406 = SURFACE_STYLE_FILL_AREA(#8407);
#8407 = FILL_AREA_STYLE('',(#8408));
#8408 = FILL_AREA_STYLE_COLOUR('',#8155);
#8409 = CURVE_STYLE('',#8410,POSITIVE_LENGTH_MEASURE(0.1),#8155);
#8410 = DRAUGHTING_PRE_DEFINED_CURVE_FONT('continuous');
#8411 = STYLED_ITEM('color',(#8412),#1210);
#8412 = PRESENTATION_STYLE_ASSIGNMENT((#8413,#8418));
#8413 = SURFACE_STYLE_USAGE(.BOTH.,#8414);
#8414 = SURFACE_SIDE_STYLE('',(#8415));
#8415 = SURFACE_STYLE_FILL_AREA(#8416);
#8416 = FILL_AREA_STYLE('',(#8417));
#8417 = FILL_AREA_STYLE_COLOUR('',#8155);
#8418 = CURVE_STYLE('',#8419,POSITIVE_LENGTH_MEASURE(0.1),#8155);
#8419 = DRAUGHTING_PRE_DEFINED_CURVE_FONT('continuous');
#8420 = STYLED_ITEM('color',(#8421),#1227);
#8421 = PRESENTATION_STYLE_ASSIGNMENT((#8422,#8427));
#8422 = SURFACE_STYLE_USAGE(.BOTH.,#8423);
#8423 = SURFACE_SIDE_STYLE('',(#8424));
#8424 = SURFACE_STYLE_FILL_AREA(#8425);
#8425 = FILL_AREA_STYLE('',(#8426));
#8426 = FILL_AREA_STYLE_COLOUR('',#8155);
#8427 = CURVE_STYLE('',#8428,POSITIVE_LENGTH_MEASURE(0.1),#8155);
#8428 = DRAUGHTING_PRE_DEFINED_CURVE_FONT('continuous');
#8429 = STYLED_ITEM('color',(#8430),#1258);
#8430 = PRESENTATION_STYLE_ASSIGNMENT((#8431,#8436));
#8431 = SURFACE_STYLE_USAGE(.BOTH.,#8432);
#8432 = SURFACE_SIDE_STYLE('',(#8433));
#8433 = SURFACE_STYLE_FILL_AREA(#8434);
#8434 = FILL_AREA_STYLE('',(#8435));
#8435 = FILL_AREA_STYLE_COLOUR('',#8155);
#8436 = CURVE_STYLE('',#8437,POSITIVE_LENGTH_MEASURE(0.1),#8155);
#8437 = DRAUGHTING_PRE_DEFINED_CURVE_FONT('continuous');
#8438 = STYLED_ITEM('color',(#8439),#1282);
#8439 = PRESENTATION_STYLE_ASSIGNMENT((#8440,#8445));
#8440 = SURFACE_STYLE_USAGE(.BOTH.,#8441);
#8441 = SURFACE_SIDE_STYLE('',(#8442));
#8442 = SURFACE_STYLE_FILL_AREA(#8443);
#8443 = FILL_AREA_STYLE('',(#8444));
#8444 = FILL_AREA_STYLE_COLOUR('',#8155);
#8445 = CURVE_STYLE('',#8446,POSITIVE_LENGTH_MEASURE(0.1),#8155);
#8446 = DRAUGHTING_PRE_DEFINED_CURVE_FONT('continuous');
#8447 = STYLED_ITEM('color',(#8448),#1306);
#8448 = PRESENTATION_STYLE_ASSIGNMENT((#8449,#8454));
#8449 = SURFACE_STYLE_USAGE(.BOTH.,#8450);
#8450 = SURFACE_SIDE_STYLE('',(#8451));
#8451 = SURFACE_STYLE_FILL_AREA(#8452);
#8452 = FILL_AREA_STYLE('',(#8453));
#8453 = FILL_AREA_STYLE_COLOUR('',#8155);
#8454 = CURVE_STYLE('',#8455,POSITIVE_LENGTH_MEASURE(0.1),#8155);
#8455 = DRAUGHTING_PRE_DEFINED_CURVE_FONT('continuous');
#8456 = STYLED_ITEM('color',(#8457),#1323);
#8457 = PRESENTATION_STYLE_ASSIGNMENT((#8458,#8463));
#8458 = SURFACE_STYLE_USAGE(.BOTH.,#8459);
#8459 = SURFACE_SIDE_STYLE('',(#8460));
#8460 = SURFACE_STYLE_FILL_AREA(#8461);
#8461 = FILL_AREA_STYLE('',(#8462));
#8462 = FILL_AREA_STYLE_COLOUR('',#8155);
#8463 = CURVE_STYLE('',#8464,POSITIVE_LENGTH_MEASURE(0.1),#8155);
#8464 = DRAUGHTING_PRE_DEFINED_CURVE_FONT('continuous');
#8465 = STYLED_ITEM('color',(#8466),#1354);
#8466 = PRESENTATION_STYLE_ASSIGNMENT((#8467,#8472));
#8467 = SURFACE_STYLE_USAGE(.BOTH.,#8468);
#8468 = SURFACE_SIDE_STYLE('',(#8469));
#8469 = SURFACE_STYLE_FILL_AREA(#8470);
#8470 = FILL_AREA_STYLE('',(#8471));
#8471 = FILL_AREA_STYLE_COLOUR('',#8155);
#8472 = CURVE_STYLE('',#8473,POSITIVE_LENGTH_MEASURE(0.1),#8155);
#8473 = DRAUGHTING_PRE_DEFINED_CURVE_FONT('continuous');
#8474 = STYLED_ITEM('color',(#8475),#1378);
#8475 = PRESENTATION_STYLE_ASSIGNMENT((#8476,#8481));
#8476 = SURFACE_STYLE_USAGE(.BOTH.,#8477);
#8477 = SURFACE_SIDE_STYLE('',(#8478));
#8478 = SURFACE_STYLE_FILL_AREA(#8479);
#8479 = FILL_AREA_STYLE('',(#8480));
#8480 = FILL_AREA_STYLE_COLOUR('',#8155);
#8481 = CURVE_STYLE('',#8482,POSITIVE_LENGTH_MEASURE(0.1),#8155);
#8482 = DRAUGHTING_PRE_DEFINED_CURVE_FONT('continuous');
#8483 = STYLED_ITEM('color',(#8484),#1402);
#8484 = PRESENTATION_STYLE_ASSIGNMENT((#8485,#8490));
#8485 = SURFACE_STYLE_USAGE(.BOTH.,#8486);
#8486 = SURFACE_SIDE_STYLE('',(#8487));
#8487 = SURFACE_STYLE_FILL_AREA(#8488);
#8488 = FILL_AREA_STYLE('',(#8489));
#8489 = FILL_AREA_STYLE_COLOUR('',#8155);
#8490 = CURVE_STYLE('',#8491,POSITIVE_LENGTH_MEASURE(0.1),#8155);
#8491 = DRAUGHTING_PRE_DEFINED_CURVE_FONT('continuous');
#8492 = STYLED_ITEM('color',(#8493),#1419);
#8493 = PRESENTATION_STYLE_ASSIGNMENT((#8494,#8499));
#8494 = SURFACE_STYLE_USAGE(.BOTH.,#8495);
#8495 = SURFACE_SIDE_STYLE('',(#8496));
#8496 = SURFACE_STYLE_FILL_AREA(#8497);
#8497 = FILL_AREA_STYLE('',(#8498));
#8498 = FILL_AREA_STYLE_COLOUR('',#8155);
#8499 = CURVE_STYLE('',#8500,POSITIVE_LENGTH_MEASURE(0.1),#8155);
#8500 = DRAUGHTING_PRE_DEFINED_CURVE_FONT('continuous');
#8501 = STYLED_ITEM('color',(#8502),#1450);
#8502 = PRESENTATION_STYLE_ASSIGNMENT((#8503,#8508));
#8503 = SURFACE_STYLE_USAGE(.BOTH.,#8504);
#8504 = SURFACE_SIDE_STYLE('',(#8505));
#8505 = SURFACE_STYLE_FILL_AREA(#8506);
#8506 = FILL_AREA_STYLE('',(#8507));
#8507 = FILL_AREA_STYLE_COLOUR('',#8155);
#8508 = CURVE_STYLE('',#8509,POSITIVE_LENGTH_MEASURE(0.1),#8155);
#8509 = DRAUGHTING_PRE_DEFINED_CURVE_FONT('continuous');
#8510 = STYLED_ITEM('color',(#8511),#1474);
#8511 = PRESENTATION_STYLE_ASSIGNMENT((#8512,#8517));
#8512 = SURFACE_STYLE_USAGE(.BOTH.,#8513);
#8513 = SURFACE_SIDE_STYLE('',(#8514));
#8514 = SURFACE_STYLE_FILL_AREA(#8515);
#8515 = FILL_AREA_STYLE('',(#8516));
#8516 = FILL_AREA_STYLE_COLOUR('',#8155);
#8517 = CURVE_STYLE('',#8518,POSITIVE_LENGTH_MEASURE(0.1),#8155);
#8518 = DRAUGHTING_PRE_DEFINED_CURVE_FONT('continuous');
#8519 = STYLED_ITEM('color',(#8520),#1498);
#8520 = PRESENTATION_STYLE_ASSIGNMENT((#8521,#8526));
#8521 = SURFACE_STYLE_USAGE(.BOTH.,#8522);
#8522 = SURFACE_SIDE_STYLE('',(#8523));
#8523 = SURFACE_STYLE_FILL_AREA(#8524);
#8524 = FILL_AREA_STYLE('',(#8525));
#8525 = FILL_AREA_STYLE_COLOUR('',#8155);
#8526 = CURVE_STYLE('',#8527,POSITIVE_LENGTH_MEASURE(0.1),#8155);
#8527 = DRAUGHTING_PRE_DEFINED_CURVE_FONT('continuous');
#8528 = STYLED_ITEM('color',(#8529),#1515);
#8529 = PRESENTATION_STYLE_ASSIGNMENT((#8530,#8535));
#8530 = SURFACE_STYLE_USAGE(.BOTH.,#8531);
#8531 = SURFACE_SIDE_STYLE('',(#8532));
#8532 = SURFACE_STYLE_FILL_AREA(#8533);
#8533 = FILL_AREA_STYLE('',(#8534));
#8534 = FILL_AREA_STYLE_COLOUR('',#8155);
#8535 = CURVE_STYLE('',#8536,POSITIVE_LENGTH_MEASURE(0.1),#8155);
#8536 = DRAUGHTING_PRE_DEFINED_CURVE_FONT('continuous');
#8537 = STYLED_ITEM('color',(#8538),#1546);
#8538 = PRESENTATION_STYLE_ASSIGNMENT((#8539,#8544));
#8539 = SURFACE_STYLE_USAGE(.BOTH.,#8540);
#8540 = SURFACE_SIDE_STYLE('',(#8541));
#8541 = SURFACE_STYLE_FILL_AREA(#8542);
#8542 = FILL_AREA_STYLE('',(#8543));
#8543 = FILL_AREA_STYLE_COLOUR('',#8155);
#8544 = CURVE_STYLE('',#8545,POSITIVE_LENGTH_MEASURE(0.1),#8155);
#8545 = DRAUGHTING_PRE_DEFINED_CURVE_FONT('continuous');
#8546 = STYLED_ITEM('color',(#8547),#1570);
#8547 = PRESENTATION_STYLE_ASSIGNMENT((#8548,#8553));
#8548 = SURFACE_STYLE_USAGE(.BOTH.,#8549);
#8549 = SURFACE_SIDE_STYLE('',(#8550));
#8550 = SURFACE_STYLE_FILL_AREA(#8551);
#8551 = FILL_AREA_STYLE('',(#8552));
#8552 = FILL_AREA_STYLE_COLOUR('',#8155);
#8553 = CURVE_STYLE('',#8554,POSITIVE_LENGTH_MEASURE(0.1),#8155);
#8554 = DRAUGHTING_PRE_DEFINED_CURVE_FONT('continuous');
#8555 = STYLED_ITEM('color',(#8556),#1594);
#8556 = PRESENTATION_STYLE_ASSIGNMENT((#8557,#8562));
#8557 = SURFACE_STYLE_USAGE(.BOTH.,#8558);
#8558 = SURFACE_SIDE_STYLE('',(#8559));
#8559 = SURFACE_STYLE_FILL_AREA(#8560);
#8560 = FILL_AREA_STYLE('',(#8561));
#8561 = FILL_AREA_STYLE_COLOUR('',#8155);
#8562 = CURVE_STYLE('',#8563,POSITIVE_LENGTH_MEASURE(0.1),#8155);
#8563 = DRAUGHTING_PRE_DEFINED_CURVE_FONT('continuous');
#8564 = STYLED_ITEM('color',(#8565),#1611);
#8565 = PRESENTATION_STYLE_ASSIGNMENT((#8566,#8571));
#8566 = SURFACE_STYLE_USAGE(.BOTH.,#8567);
#8567 = SURFACE_SIDE_STYLE('',(#8568));
#8568 = SURFACE_STYLE_FILL_AREA(#8569);
#8569 = FILL_AREA_STYLE('',(#8570));
#8570 = FILL_AREA_STYLE_COLOUR('',#8155);
#8571 = CURVE_STYLE('',#8572,POSITIVE_LENGTH_MEASURE(0.1),#8155);
#8572 = DRAUGHTING_PRE_DEFINED_CURVE_FONT('continuous');
#8573 = STYLED_ITEM('color',(#8574),#1642);
#8574 = PRESENTATION_STYLE_ASSIGNMENT((#8575,#8580));
#8575 = SURFACE_STYLE_USAGE(.BOTH.,#8576);
#8576 = SURFACE_SIDE_STYLE('',(#8577));
#8577 = SURFACE_STYLE_FILL_AREA(#8578);
#8578 = FILL_AREA_STYLE('',(#8579));
#8579 = FILL_AREA_STYLE_COLOUR('',#8155);
#8580 = CURVE_STYLE('',#8581,POSITIVE_LENGTH_MEASURE(0.1),#8155);
#8581 = DRAUGHTING_PRE_DEFINED_CURVE_FONT('continuous');
#8582 = STYLED_ITEM('color',(#8583),#1666);
#8583 = PRESENTATION_STYLE_ASSIGNMENT((#8584,#8589));
#8584 = SURFACE_STYLE_USAGE(.BOTH.,#8585);
#8585 = SURFACE_SIDE_STYLE('',(#8586));
#8586 = SURFACE_STYLE_FILL_AREA(#8587);
#8587 = FILL_AREA_STYLE('',(#8588));
#8588 = FILL_AREA_STYLE_COLOUR('',#8155);
#8589 = CURVE_STYLE('',#8590,POSITIVE_LENGTH_MEASURE(0.1),#8155);
#8590 = DRAUGHTING_PRE_DEFINED_CURVE_FONT('continuous');
#8591 = STYLED_ITEM('color',(#8592),#1690);
#8592 = PRESENTATION_STYLE_ASSIGNMENT((#8593,#8598));
#8593 = SURFACE_STYLE_USAGE(.BOTH.,#8594);
#8594 = SURFACE_SIDE_STYLE('',(#8595));
#8595 = SURFACE_STYLE_FILL_AREA(#8596);
#8596 = FILL_AREA_STYLE('',(#8597));
#8597 = FILL_AREA_STYLE_COLOUR('',#8155);
#8598 = CURVE_STYLE('',#8599,POSITIVE_LENGTH_MEASURE(0.1),#8155);
#8599 = DRAUGHTING_PRE_DEFINED_CURVE_FONT('continuous');
#8600 = STYLED_ITEM('color',(#8601),#1707);
#8601 = PRESENTATION_STYLE_ASSIGNMENT((#8602,#8607));
#8602 = SURFACE_STYLE_USAGE(.BOTH.,#8603);
#8603 = SURFACE_SIDE_STYLE('',(#8604));
#8604 = SURFACE_STYLE_FILL_AREA(#8605);
#8605 = FILL_AREA_STYLE('',(#8606));
#8606 = FILL_AREA_STYLE_COLOUR('',#8155);
#8607 = CURVE_STYLE('',#8608,POSITIVE_LENGTH_MEASURE(0.1),#8155);
#8608 = DRAUGHTING_PRE_DEFINED_CURVE_FONT('continuous');
#8609 = STYLED_ITEM('color',(#8610),#1738);
#8610 = PRESENTATION_STYLE_ASSIGNMENT((#8611,#8616));
#8611 = SURFACE_STYLE_USAGE(.BOTH.,#8612);
#8612 = SURFACE_SIDE_STYLE('',(#8613));
#8613 = SURFACE_STYLE_FILL_AREA(#8614);
#8614 = FILL_AREA_STYLE('',(#8615));
#8615 = FILL_AREA_STYLE_COLOUR('',#8155);
#8616 = CURVE_STYLE('',#8617,POSITIVE_LENGTH_MEASURE(0.1),#8155);
#8617 = DRAUGHTING_PRE_DEFINED_CURVE_FONT('continuous');
#8618 = STYLED_ITEM('color',(#8619),#1762);
#8619 = PRESENTATION_STYLE_ASSIGNMENT((#8620,#8625));
#8620 = SURFACE_STYLE_USAGE(.BOTH.,#8621);
#8621 = SURFACE_SIDE_STYLE('',(#8622));
#8622 = SURFACE_STYLE_FILL_AREA(#8623);
#8623 = FILL_AREA_STYLE('',(#8624));
#8624 = FILL_AREA_STYLE_COLOUR('',#8155);
#8625 = CURVE_STYLE('',#8626,POSITIVE_LENGTH_MEASURE(0.1),#8155);
#8626 = DRAUGHTING_PRE_DEFINED_CURVE_FONT('continuous');
#8627 = STYLED_ITEM('color',(#8628),#1786);
#8628 = PRESENTATION_STYLE_ASSIGNMENT((#8629,#8634));
#8629 = SURFACE_STYLE_USAGE(.BOTH.,#8630);
#8630 = SURFACE_SIDE_STYLE('',(#8631));
#8631 = SURFACE_STYLE_FILL_AREA(#8632);
#8632 = FILL_AREA_STYLE('',(#8633));
#8633 = FILL_AREA_STYLE_COLOUR('',#8155);
#8634 = CURVE_STYLE('',#8635,POSITIVE_LENGTH_MEASURE(0.1),#8155);
#8635 = DRAUGHTING_PRE_DEFINED_CURVE_FONT('continuous');
#8636 = STYLED_ITEM('color',(#8637),#1803);
#8637 = PRESENTATION_STYLE_ASSIGNMENT((#8638,#8643));
#8638 = SURFACE_STYLE_USAGE(.BOTH.,#8639);
#8639 = SURFACE_SIDE_STYLE('',(#8640));
#8640 = SURFACE_STYLE_FILL_AREA(#8641);
#8641 = FILL_AREA_STYLE('',(#8642));
#8642 = FILL_AREA_STYLE_COLOUR('',#8155);
#8643 = CURVE_STYLE('',#8644,POSITIVE_LENGTH_MEASURE(0.1),#8155);
#8644 = DRAUGHTING_PRE_DEFINED_CURVE_FONT('continuous');
#8645 = STYLED_ITEM('color',(#8646),#1834);
#8646 = PRESENTATION_STYLE_ASSIGNMENT((#8647,#8652));
#8647 = SURFACE_STYLE_USAGE(.BOTH.,#8648);
#8648 = SURFACE_SIDE_STYLE('',(#8649));
#8649 = SURFACE_STYLE_FILL_AREA(#8650);
#8650 = FILL_AREA_STYLE('',(#8651));
#8651 = FILL_AREA_STYLE_COLOUR('',#8155);
#8652 = CURVE_STYLE('',#8653,POSITIVE_LENGTH_MEASURE(0.1),#8155);
#8653 = DRAUGHTING_PRE_DEFINED_CURVE_FONT('continuous');
#8654 = STYLED_ITEM('color',(#8655),#1858);
#8655 = PRESENTATION_STYLE_ASSIGNMENT((#8656,#8661));
#8656 = SURFACE_STYLE_USAGE(.BOTH.,#8657);
#8657 = SURFACE_SIDE_STYLE('',(#8658));
#8658 = SURFACE_STYLE_FILL_AREA(#8659);
#8659 = FILL_AREA_STYLE('',(#8660));
#8660 = FILL_AREA_STYLE_COLOUR('',#8155);
#8661 = CURVE_STYLE('',#8662,POSITIVE_LENGTH_MEASURE(0.1),#8155);
#8662 = DRAUGHTING_PRE_DEFINED_CURVE_FONT('continuous');
#8663 = STYLED_ITEM('color',(#8664),#1882);
#8664 = PRESENTATION_STYLE_ASSIGNMENT((#8665,#8670));
#8665 = SURFACE_STYLE_USAGE(.BOTH.,#8666);
#8666 = SURFACE_SIDE_STYLE('',(#8667));
#8667 = SURFACE_STYLE_FILL_AREA(#8668);
#8668 = FILL_AREA_STYLE('',(#8669));
#8669 = FILL_AREA_STYLE_COLOUR('',#8155);
#8670 = CURVE_STYLE('',#8671,POSITIVE_LENGTH_MEASURE(0.1),#8155);
#8671 = DRAUGHTING_PRE_DEFINED_CURVE_FONT('continuous');
#8672 = STYLED_ITEM('color',(#8673),#1899);
#8673 = PRESENTATION_STYLE_ASSIGNMENT((#8674,#8679));
#8674 = SURFACE_STYLE_USAGE(.BOTH.,#8675);
#8675 = SURFACE_SIDE_STYLE('',(#8676));
#8676 = SURFACE_STYLE_FILL_AREA(#8677);
#8677 = FILL_AREA_STYLE('',(#8678));
#8678 = FILL_AREA_STYLE_COLOUR('',#8228);
#8679 = CURVE_STYLE('',#8680,POSITIVE_LENGTH_MEASURE(0.1),#8228);
#8680 = DRAUGHTING_PRE_DEFINED_CURVE_FONT('continuous');
#8681 = STYLED_ITEM('color',(#8682),#1916);
#8682 = PRESENTATION_STYLE_ASSIGNMENT((#8683,#8688));
#8683 = SURFACE_STYLE_USAGE(.BOTH.,#8684);
#8684 = SURFACE_SIDE_STYLE('',(#8685));
#8685 = SURFACE_STYLE_FILL_AREA(#8686);
#8686 = FILL_AREA_STYLE('',(#8687));
#8687 = FILL_AREA_STYLE_COLOUR('',#8228);
#8688 = CURVE_STYLE('',#8689,POSITIVE_LENGTH_MEASURE(0.1),#8228);
#8689 = DRAUGHTING_PRE_DEFINED_CURVE_FONT('continuous');
#8690 = STYLED_ITEM('color',(#8691),#1963);
#8691 = PRESENTATION_STYLE_ASSIGNMENT((#8692,#8697));
#8692 = SURFACE_STYLE_USAGE(.BOTH.,#8693);
#8693 = SURFACE_SIDE_STYLE('',(#8694));
#8694 = SURFACE_STYLE_FILL_AREA(#8695);
#8695 = FILL_AREA_STYLE('',(#8696));
#8696 = FILL_AREA_STYLE_COLOUR('',#8228);
#8697 = CURVE_STYLE('',#8698,POSITIVE_LENGTH_MEASURE(0.1),#8228);
#8698 = DRAUGHTING_PRE_DEFINED_CURVE_FONT('continuous');
#8699 = STYLED_ITEM('color',(#8700),#1980);
#8700 = PRESENTATION_STYLE_ASSIGNMENT((#8701,#8706));
#8701 = SURFACE_STYLE_USAGE(.BOTH.,#8702);
#8702 = SURFACE_SIDE_STYLE('',(#8703));
#8703 = SURFACE_STYLE_FILL_AREA(#8704);
#8704 = FILL_AREA_STYLE('',(#8705));
#8705 = FILL_AREA_STYLE_COLOUR('',#8228);
#8706 = CURVE_STYLE('',#8707,POSITIVE_LENGTH_MEASURE(0.1),#8228);
#8707 = DRAUGHTING_PRE_DEFINED_CURVE_FONT('continuous');
#8708 = STYLED_ITEM('color',(#8709),#2027);
#8709 = PRESENTATION_STYLE_ASSIGNMENT((#8710,#8715));
#8710 = SURFACE_STYLE_USAGE(.BOTH.,#8711);
#8711 = SURFACE_SIDE_STYLE('',(#8712));
#8712 = SURFACE_STYLE_FILL_AREA(#8713);
#8713 = FILL_AREA_STYLE('',(#8714));
#8714 = FILL_AREA_STYLE_COLOUR('',#8228);
#8715 = CURVE_STYLE('',#8716,POSITIVE_LENGTH_MEASURE(0.1),#8228);
#8716 = DRAUGHTING_PRE_DEFINED_CURVE_FONT('continuous');
#8717 = STYLED_ITEM('color',(#8718),#2044);
#8718 = PRESENTATION_STYLE_ASSIGNMENT((#8719,#8724));
#8719 = SURFACE_STYLE_USAGE(.BOTH.,#8720);
#8720 = SURFACE_SIDE_STYLE('',(#8721));
#8721 = SURFACE_STYLE_FILL_AREA(#8722);
#8722 = FILL_AREA_STYLE('',(#8723));
#8723 = FILL_AREA_STYLE_COLOUR('',#8228);
#8724 = CURVE_STYLE('',#8725,POSITIVE_LENGTH_MEASURE(0.1),#8228);
#8725 = DRAUGHTING_PRE_DEFINED_CURVE_FONT('continuous');
#8726 = STYLED_ITEM('color',(#8727),#2091);
#8727 = PRESENTATION_STYLE_ASSIGNMENT((#8728,#8733));
#8728 = SURFACE_STYLE_USAGE(.BOTH.,#8729);
#8729 = SURFACE_SIDE_STYLE('',(#8730));
#8730 = SURFACE_STYLE_FILL_AREA(#8731);
#8731 = FILL_AREA_STYLE('',(#8732));
#8732 = FILL_AREA_STYLE_COLOUR('',#8228);
#8733 = CURVE_STYLE('',#8734,POSITIVE_LENGTH_MEASURE(0.1),#8228);
#8734 = DRAUGHTING_PRE_DEFINED_CURVE_FONT('continuous');
#8735 = STYLED_ITEM('color',(#8736),#2108);
#8736 = PRESENTATION_STYLE_ASSIGNMENT((#8737,#8742));
#8737 = SURFACE_STYLE_USAGE(.BOTH.,#8738);
#8738 = SURFACE_SIDE_STYLE('',(#8739));
#8739 = SURFACE_STYLE_FILL_AREA(#8740);
#8740 = FILL_AREA_STYLE('',(#8741));
#8741 = FILL_AREA_STYLE_COLOUR('',#8228);
#8742 = CURVE_STYLE('',#8743,POSITIVE_LENGTH_MEASURE(0.1),#8228);
#8743 = DRAUGHTING_PRE_DEFINED_CURVE_FONT('continuous');
#8744 = STYLED_ITEM('color',(#8745),#2155);
#8745 = PRESENTATION_STYLE_ASSIGNMENT((#8746,#8751));
#8746 = SURFACE_STYLE_USAGE(.BOTH.,#8747);
#8747 = SURFACE_SIDE_STYLE('',(#8748));
#8748 = SURFACE_STYLE_FILL_AREA(#8749);
#8749 = FILL_AREA_STYLE('',(#8750));
#8750 = FILL_AREA_STYLE_COLOUR('',#8228);
#8751 = CURVE_STYLE('',#8752,POSITIVE_LENGTH_MEASURE(0.1),#8228);
#8752 = DRAUGHTING_PRE_DEFINED_CURVE_FONT('continuous');
#8753 = STYLED_ITEM('color',(#8754),#2172);
#8754 = PRESENTATION_STYLE_ASSIGNMENT((#8755,#8760));
#8755 = SURFACE_STYLE_USAGE(.BOTH.,#8756);
#8756 = SURFACE_SIDE_STYLE('',(#8757));
#8757 = SURFACE_STYLE_FILL_AREA(#8758);
#8758 = FILL_AREA_STYLE('',(#8759));
#8759 = FILL_AREA_STYLE_COLOUR('',#8228);
#8760 = CURVE_STYLE('',#8761,POSITIVE_LENGTH_MEASURE(0.1),#8228);
#8761 = DRAUGHTING_PRE_DEFINED_CURVE_FONT('continuous');
#8762 = STYLED_ITEM('color',(#8763),#2219);
#8763 = PRESENTATION_STYLE_ASSIGNMENT((#8764,#8769));
#8764 = SURFACE_STYLE_USAGE(.BOTH.,#8765);
#8765 = SURFACE_SIDE_STYLE('',(#8766));
#8766 = SURFACE_STYLE_FILL_AREA(#8767);
#8767 = FILL_AREA_STYLE('',(#8768));
#8768 = FILL_AREA_STYLE_COLOUR('',#8228);
#8769 = CURVE_STYLE('',#8770,POSITIVE_LENGTH_MEASURE(0.1),#8228);
#8770 = DRAUGHTING_PRE_DEFINED_CURVE_FONT('continuous');
#8771 = STYLED_ITEM('color',(#8772),#2236);
#8772 = PRESENTATION_STYLE_ASSIGNMENT((#8773,#8778));
#8773 = SURFACE_STYLE_USAGE(.BOTH.,#8774);
#8774 = SURFACE_SIDE_STYLE('',(#8775));
#8775 = SURFACE_STYLE_FILL_AREA(#8776);
#8776 = FILL_AREA_STYLE('',(#8777));
#8777 = FILL_AREA_STYLE_COLOUR('',#8228);
#8778 = CURVE_STYLE('',#8779,POSITIVE_LENGTH_MEASURE(0.1),#8228);
#8779 = DRAUGHTING_PRE_DEFINED_CURVE_FONT('continuous');
#8780 = STYLED_ITEM('color',(#8781),#2283);
#8781 = PRESENTATION_STYLE_ASSIGNMENT((#8782,#8787));
#8782 = SURFACE_STYLE_USAGE(.BOTH.,#8783);
#8783 = SURFACE_SIDE_STYLE('',(#8784));
#8784 = SURFACE_STYLE_FILL_AREA(#8785);
#8785 = FILL_AREA_STYLE('',(#8786));
#8786 = FILL_AREA_STYLE_COLOUR('',#8228);
#8787 = CURVE_STYLE('',#8788,POSITIVE_LENGTH_MEASURE(0.1),#8228);
#8788 = DRAUGHTING_PRE_DEFINED_CURVE_FONT('continuous');
#8789 = STYLED_ITEM('color',(#8790),#2300);
#8790 = PRESENTATION_STYLE_ASSIGNMENT((#8791,#8796));
#8791 = SURFACE_STYLE_USAGE(.BOTH.,#8792);
#8792 = SURFACE_SIDE_STYLE('',(#8793));
#8793 = SURFACE_STYLE_FILL_AREA(#8794);
#8794 = FILL_AREA_STYLE('',(#8795));
#8795 = FILL_AREA_STYLE_COLOUR('',#8228);
#8796 = CURVE_STYLE('',#8797,POSITIVE_LENGTH_MEASURE(0.1),#8228);
#8797 = DRAUGHTING_PRE_DEFINED_CURVE_FONT('continuous');
#8798 = STYLED_ITEM('color',(#8799),#2347);
#8799 = PRESENTATION_STYLE_ASSIGNMENT((#8800,#8805));
#8800 = SURFACE_STYLE_USAGE(.BOTH.,#8801);
#8801 = SURFACE_SIDE_STYLE('',(#8802));
#8802 = SURFACE_STYLE_FILL_AREA(#8803);
#8803 = FILL_AREA_STYLE('',(#8804));
#8804 = FILL_AREA_STYLE_COLOUR('',#8228);
#8805 = CURVE_STYLE('',#8806,POSITIVE_LENGTH_MEASURE(0.1),#8228);
#8806 = DRAUGHTING_PRE_DEFINED_CURVE_FONT('continuous');
#8807 = STYLED_ITEM('color',(#8808),#2364);
#8808 = PRESENTATION_STYLE_ASSIGNMENT((#8809,#8814));
#8809 = SURFACE_STYLE_USAGE(.BOTH.,#8810);
#8810 = SURFACE_SIDE_STYLE('',(#8811));
#8811 = SURFACE_STYLE_FILL_AREA(#8812);
#8812 = FILL_AREA_STYLE('',(#8813));
#8813 = FILL_AREA_STYLE_COLOUR('',#8228);
#8814 = CURVE_STYLE('',#8815,POSITIVE_LENGTH_MEASURE(0.1),#8228);
#8815 = DRAUGHTING_PRE_DEFINED_CURVE_FONT('continuous');
#8816 = STYLED_ITEM('color',(#8817),#2411);
#8817 = PRESENTATION_STYLE_ASSIGNMENT((#8818,#8823));
#8818 = SURFACE_STYLE_USAGE(.BOTH.,#8819);
#8819 = SURFACE_SIDE_STYLE('',(#8820));
#8820 = SURFACE_STYLE_FILL_AREA(#8821);
#8821 = FILL_AREA_STYLE('',(#8822));
#8822 = FILL_AREA_STYLE_COLOUR('',#8228);
#8823 = CURVE_STYLE('',#8824,POSITIVE_LENGTH_MEASURE(0.1),#8228);
#8824 = DRAUGHTING_PRE_DEFINED_CURVE_FONT('continuous');
#8825 = STYLED_ITEM('color',(#8826),#2428);
#8826 = PRESENTATION_STYLE_ASSIGNMENT((#8827,#8832));
#8827 = SURFACE_STYLE_USAGE(.BOTH.,#8828);
#8828 = SURFACE_SIDE_STYLE('',(#8829));
#8829 = SURFACE_STYLE_FILL_AREA(#8830);
#8830 = FILL_AREA_STYLE('',(#8831));
#8831 = FILL_AREA_STYLE_COLOUR('',#8228);
#8832 = CURVE_STYLE('',#8833,POSITIVE_LENGTH_MEASURE(0.1),#8228);
#8833 = DRAUGHTING_PRE_DEFINED_CURVE_FONT('continuous');
#8834 = STYLED_ITEM('color',(#8835),#2475);
#8835 = PRESENTATION_STYLE_ASSIGNMENT((#8836,#8841));
#8836 = SURFACE_STYLE_USAGE(.BOTH.,#8837);
#8837 = SURFACE_SIDE_STYLE('',(#8838));
#8838 = SURFACE_STYLE_FILL_AREA(#8839);
#8839 = FILL_AREA_STYLE('',(#8840));
#8840 = FILL_AREA_STYLE_COLOUR('',#8228);
#8841 = CURVE_STYLE('',#8842,POSITIVE_LENGTH_MEASURE(0.1),#8228);
#8842 = DRAUGHTING_PRE_DEFINED_CURVE_FONT('continuous');
#8843 = STYLED_ITEM('color',(#8844),#2492);
#8844 = PRESENTATION_STYLE_ASSIGNMENT((#8845,#8850));
#8845 = SURFACE_STYLE_USAGE(.BOTH.,#8846);
#8846 = SURFACE_SIDE_STYLE('',(#8847));
#8847 = SURFACE_STYLE_FILL_AREA(#8848);
#8848 = FILL_AREA_STYLE('',(#8849));
#8849 = FILL_AREA_STYLE_COLOUR('',#8228);
#8850 = CURVE_STYLE('',#8851,POSITIVE_LENGTH_MEASURE(0.1),#8228);
#8851 = DRAUGHTING_PRE_DEFINED_CURVE_FONT('continuous');
#8852 = STYLED_ITEM('color',(#8853),#2539);
#8853 = PRESENTATION_STYLE_ASSIGNMENT((#8854,#8859));
#8854 = SURFACE_STYLE_USAGE(.BOTH.,#8855);
#8855 = SURFACE_SIDE_STYLE('',(#8856));
#8856 = SURFACE_STYLE_FILL_AREA(#8857);
#8857 = FILL_AREA_STYLE('',(#8858));
#8858 = FILL_AREA_STYLE_COLOUR('',#8228);
#8859 = CURVE_STYLE('',#8860,POSITIVE_LENGTH_MEASURE(0.1),#8228);
#8860 = DRAUGHTING_PRE_DEFINED_CURVE_FONT('continuous');
#8861 = STYLED_ITEM('color',(#8862),#2556);
#8862 = PRESENTATION_STYLE_ASSIGNMENT((#8863,#8868));
#8863 = SURFACE_STYLE_USAGE(.BOTH.,#8864);
#8864 = SURFACE_SIDE_STYLE('',(#8865));
#8865 = SURFACE_STYLE_FILL_AREA(#8866);
#8866 = FILL_AREA_STYLE('',(#8867));
#8867 = FILL_AREA_STYLE_COLOUR('',#8228);
#8868 = CURVE_STYLE('',#8869,POSITIVE_LENGTH_MEASURE(0.1),#8228);
#8869 = DRAUGHTING_PRE_DEFINED_CURVE_FONT('continuous');
#8870 = STYLED_ITEM('color',(#8871),#2603);
#8871 = PRESENTATION_STYLE_ASSIGNMENT((#8872,#8877));
#8872 = SURFACE_STYLE_USAGE(.BOTH.,#8873);
#8873 = SURFACE_SIDE_STYLE('',(#8874));
#8874 = SURFACE_STYLE_FILL_AREA(#8875);
#8875 = FILL_AREA_STYLE('',(#8876));
#8876 = FILL_AREA_STYLE_COLOUR('',#8228);
#8877 = CURVE_STYLE('',#8878,POSITIVE_LENGTH_MEASURE(0.1),#8228);
#8878 = DRAUGHTING_PRE_DEFINED_CURVE_FONT('continuous');
#8879 = STYLED_ITEM('color',(#8880),#2620);
#8880 = PRESENTATION_STYLE_ASSIGNMENT((#8881,#8886));
#8881 = SURFACE_STYLE_USAGE(.BOTH.,#8882);
#8882 = SURFACE_SIDE_STYLE('',(#8883));
#8883 = SURFACE_STYLE_FILL_AREA(#8884);
#8884 = FILL_AREA_STYLE('',(#8885));
#8885 = FILL_AREA_STYLE_COLOUR('',#8228);
#8886 = CURVE_STYLE('',#8887,POSITIVE_LENGTH_MEASURE(0.1),#8228);
#8887 = DRAUGHTING_PRE_DEFINED_CURVE_FONT('continuous');
#8888 = STYLED_ITEM('color',(#8889),#2667);
#8889 = PRESENTATION_STYLE_ASSIGNMENT((#8890,#8895));
#8890 = SURFACE_STYLE_USAGE(.BOTH.,#8891);
#8891 = SURFACE_SIDE_STYLE('',(#8892));
#8892 = SURFACE_STYLE_FILL_AREA(#8893);
#8893 = FILL_AREA_STYLE('',(#8894));
#8894 = FILL_AREA_STYLE_COLOUR('',#8228);
#8895 = CURVE_STYLE('',#8896,POSITIVE_LENGTH_MEASURE(0.1),#8228);
#8896 = DRAUGHTING_PRE_DEFINED_CURVE_FONT('continuous');
#8897 = STYLED_ITEM('color',(#8898),#2684);
#8898 = PRESENTATION_STYLE_ASSIGNMENT((#8899,#8904));
#8899 = SURFACE_STYLE_USAGE(.BOTH.,#8900);
#8900 = SURFACE_SIDE_STYLE('',(#8901));
#8901 = SURFACE_STYLE_FILL_AREA(#8902);
#8902 = FILL_AREA_STYLE('',(#8903));
#8903 = FILL_AREA_STYLE_COLOUR('',#8228);
#8904 = CURVE_STYLE('',#8905,POSITIVE_LENGTH_MEASURE(0.1),#8228);
#8905 = DRAUGHTING_PRE_DEFINED_CURVE_FONT('continuous');
#8906 = STYLED_ITEM('color',(#8907),#2731);
#8907 = PRESENTATION_STYLE_ASSIGNMENT((#8908,#8913));
#8908 = SURFACE_STYLE_USAGE(.BOTH.,#8909);
#8909 = SURFACE_SIDE_STYLE('',(#8910));
#8910 = SURFACE_STYLE_FILL_AREA(#8911);
#8911 = FILL_AREA_STYLE('',(#8912));
#8912 = FILL_AREA_STYLE_COLOUR('',#8228);
#8913 = CURVE_STYLE('',#8914,POSITIVE_LENGTH_MEASURE(0.1),#8228);
#8914 = DRAUGHTING_PRE_DEFINED_CURVE_FONT('continuous');
#8915 = STYLED_ITEM('color',(#8916),#2748);
#8916 = PRESENTATION_STYLE_ASSIGNMENT((#8917,#8922));
#8917 = SURFACE_STYLE_USAGE(.BOTH.,#8918);
#8918 = SURFACE_SIDE_STYLE('',(#8919));
#8919 = SURFACE_STYLE_FILL_AREA(#8920);
#8920 = FILL_AREA_STYLE('',(#8921));
#8921 = FILL_AREA_STYLE_COLOUR('',#8228);
#8922 = CURVE_STYLE('',#8923,POSITIVE_LENGTH_MEASURE(0.1),#8228);
#8923 = DRAUGHTING_PRE_DEFINED_CURVE_FONT('continuous');
#8924 = STYLED_ITEM('color',(#8925),#2795);
#8925 = PRESENTATION_STYLE_ASSIGNMENT((#8926,#8931));
#8926 = SURFACE_STYLE_USAGE(.BOTH.,#8927);
#8927 = SURFACE_SIDE_STYLE('',(#8928));
#8928 = SURFACE_STYLE_FILL_AREA(#8929);
#8929 = FILL_AREA_STYLE('',(#8930));
#8930 = FILL_AREA_STYLE_COLOUR('',#8228);
#8931 = CURVE_STYLE('',#8932,POSITIVE_LENGTH_MEASURE(0.1),#8228);
#8932 = DRAUGHTING_PRE_DEFINED_CURVE_FONT('continuous');
#8933 = STYLED_ITEM('color',(#8934),#2812);
#8934 = PRESENTATION_STYLE_ASSIGNMENT((#8935,#8940));
#8935 = SURFACE_STYLE_USAGE(.BOTH.,#8936);
#8936 = SURFACE_SIDE_STYLE('',(#8937));
#8937 = SURFACE_STYLE_FILL_AREA(#8938);
#8938 = FILL_AREA_STYLE('',(#8939));
#8939 = FILL_AREA_STYLE_COLOUR('',#8228);
#8940 = CURVE_STYLE('',#8941,POSITIVE_LENGTH_MEASURE(0.1),#8228);
#8941 = DRAUGHTING_PRE_DEFINED_CURVE_FONT('continuous');
#8942 = STYLED_ITEM('color',(#8943),#2859);
#8943 = PRESENTATION_STYLE_ASSIGNMENT((#8944,#8949));
#8944 = SURFACE_STYLE_USAGE(.BOTH.,#8945);
#8945 = SURFACE_SIDE_STYLE('',(#8946));
#8946 = SURFACE_STYLE_FILL_AREA(#8947);
#8947 = FILL_AREA_STYLE('',(#8948));
#8948 = FILL_AREA_STYLE_COLOUR('',#8228);
#8949 = CURVE_STYLE('',#8950,POSITIVE_LENGTH_MEASURE(0.1),#8228);
#8950 = DRAUGHTING_PRE_DEFINED_CURVE_FONT('continuous');
#8951 = STYLED_ITEM('color',(#8952),#2876);
#8952 = PRESENTATION_STYLE_ASSIGNMENT((#8953,#8958));
#8953 = SURFACE_STYLE_USAGE(.BOTH.,#8954);
#8954 = SURFACE_SIDE_STYLE('',(#8955));
#8955 = SURFACE_STYLE_FILL_AREA(#8956);
#8956 = FILL_AREA_STYLE('',(#8957));
#8957 = FILL_AREA_STYLE_COLOUR('',#8228);
#8958 = CURVE_STYLE('',#8959,POSITIVE_LENGTH_MEASURE(0.1),#8228);
#8959 = DRAUGHTING_PRE_DEFINED_CURVE_FONT('continuous');
#8960 = STYLED_ITEM('color',(#8961),#2923);
#8961 = PRESENTATION_STYLE_ASSIGNMENT((#8962,#8967));
#8962 = SURFACE_STYLE_USAGE(.BOTH.,#8963);
#8963 = SURFACE_SIDE_STYLE('',(#8964));
#8964 = SURFACE_STYLE_FILL_AREA(#8965);
#8965 = FILL_AREA_STYLE('',(#8966));
#8966 = FILL_AREA_STYLE_COLOUR('',#8155);
#8967 = CURVE_STYLE('',#8968,POSITIVE_LENGTH_MEASURE(0.1),#8155);
#8968 = DRAUGHTING_PRE_DEFINED_CURVE_FONT('continuous');
#8969 = STYLED_ITEM('color',(#8970),#2954);
#8970 = PRESENTATION_STYLE_ASSIGNMENT((#8971,#8976));
#8971 = SURFACE_STYLE_USAGE(.BOTH.,#8972);
#8972 = SURFACE_SIDE_STYLE('',(#8973));
#8973 = SURFACE_STYLE_FILL_AREA(#8974);
#8974 = FILL_AREA_STYLE('',(#8975));
#8975 = FILL_AREA_STYLE_COLOUR('',#8155);
#8976 = CURVE_STYLE('',#8977,POSITIVE_LENGTH_MEASURE(0.1),#8155);
#8977 = DRAUGHTING_PRE_DEFINED_CURVE_FONT('continuous');
#8978 = OVER_RIDING_STYLED_ITEM('overriding color',(#8979),#2968,#8969);
#8979 = PRESENTATION_STYLE_ASSIGNMENT((#8980,#8985));
#8980 = SURFACE_STYLE_USAGE(.BOTH.,#8981);
#8981 = SURFACE_SIDE_STYLE('',(#8982));
#8982 = SURFACE_STYLE_FILL_AREA(#8983);
#8983 = FILL_AREA_STYLE('',(#8984));
#8984 = FILL_AREA_STYLE_COLOUR('',#8228);
#8985 = CURVE_STYLE('',#8986,POSITIVE_LENGTH_MEASURE(0.1),#8228);
#8986 = DRAUGHTING_PRE_DEFINED_CURVE_FONT('continuous');
#8987 = OVER_RIDING_STYLED_ITEM('overriding color',(#8988),#2984,#8969);
#8988 = PRESENTATION_STYLE_ASSIGNMENT((#8989,#8994));
#8989 = SURFACE_STYLE_USAGE(.BOTH.,#8990);
#8990 = SURFACE_SIDE_STYLE('',(#8991));
#8991 = SURFACE_STYLE_FILL_AREA(#8992);
#8992 = FILL_AREA_STYLE('',(#8993));
#8993 = FILL_AREA_STYLE_COLOUR('',#8228);
#8994 = CURVE_STYLE('',#8995,POSITIVE_LENGTH_MEASURE(0.1),#8228);
#8995 = DRAUGHTING_PRE_DEFINED_CURVE_FONT('continuous');
#8996 = STYLED_ITEM('color',(#8997),#3010);
#8997 = PRESENTATION_STYLE_ASSIGNMENT((#8998,#9003));
#8998 = SURFACE_STYLE_USAGE(.BOTH.,#8999);
#8999 = SURFACE_SIDE_STYLE('',(#9000));
#9000 = SURFACE_STYLE_FILL_AREA(#9001);
#9001 = FILL_AREA_STYLE('',(#9002));
#9002 = FILL_AREA_STYLE_COLOUR('',#8155);
#9003 = CURVE_STYLE('',#9004,POSITIVE_LENGTH_MEASURE(0.1),#8155);
#9004 = DRAUGHTING_PRE_DEFINED_CURVE_FONT('continuous');
#9005 = STYLED_ITEM('color',(#9006),#3034);
#9006 = PRESENTATION_STYLE_ASSIGNMENT((#9007,#9012));
#9007 = SURFACE_STYLE_USAGE(.BOTH.,#9008);
#9008 = SURFACE_SIDE_STYLE('',(#9009));
#9009 = SURFACE_STYLE_FILL_AREA(#9010);
#9010 = FILL_AREA_STYLE('',(#9011));
#9011 = FILL_AREA_STYLE_COLOUR('',#8155);
#9012 = CURVE_STYLE('',#9013,POSITIVE_LENGTH_MEASURE(0.1),#8155);
#9013 = DRAUGHTING_PRE_DEFINED_CURVE_FONT('continuous');
#9014 = OVER_RIDING_STYLED_ITEM('overriding color',(#9015),#3048,#9005);
#9015 = PRESENTATION_STYLE_ASSIGNMENT((#9016,#9021));
#9016 = SURFACE_STYLE_USAGE(.BOTH.,#9017);
#9017 = SURFACE_SIDE_STYLE('',(#9018));
#9018 = SURFACE_STYLE_FILL_AREA(#9019);
#9019 = FILL_AREA_STYLE('',(#9020));
#9020 = FILL_AREA_STYLE_COLOUR('',#8228);
#9021 = CURVE_STYLE('',#9022,POSITIVE_LENGTH_MEASURE(0.1),#8228);
#9022 = DRAUGHTING_PRE_DEFINED_CURVE_FONT('continuous');
#9023 = OVER_RIDING_STYLED_ITEM('overriding color',(#9024),#3064,#9005);
#9024 = PRESENTATION_STYLE_ASSIGNMENT((#9025,#9030));
#9025 = SURFACE_STYLE_USAGE(.BOTH.,#9026);
#9026 = SURFACE_SIDE_STYLE('',(#9027));
#9027 = SURFACE_STYLE_FILL_AREA(#9028);
#9028 = FILL_AREA_STYLE('',(#9029));
#9029 = FILL_AREA_STYLE_COLOUR('',#8228);
#9030 = CURVE_STYLE('',#9031,POSITIVE_LENGTH_MEASURE(0.1),#8228);
#9031 = DRAUGHTING_PRE_DEFINED_CURVE_FONT('continuous');
#9032 = STYLED_ITEM('color',(#9033),#3083);
#9033 = PRESENTATION_STYLE_ASSIGNMENT((#9034,#9039));
#9034 = SURFACE_STYLE_USAGE(.BOTH.,#9035);
#9035 = SURFACE_SIDE_STYLE('',(#9036));
#9036 = SURFACE_STYLE_FILL_AREA(#9037);
#9037 = FILL_AREA_STYLE('',(#9038));
#9038 = FILL_AREA_STYLE_COLOUR('',#8155);
#9039 = CURVE_STYLE('',#9040,POSITIVE_LENGTH_MEASURE(0.1),#8155);
#9040 = DRAUGHTING_PRE_DEFINED_CURVE_FONT('continuous');
#9041 = STYLED_ITEM('color',(#9042),#3114);
#9042 = PRESENTATION_STYLE_ASSIGNMENT((#9043,#9048));
#9043 = SURFACE_STYLE_USAGE(.BOTH.,#9044);
#9044 = SURFACE_SIDE_STYLE('',(#9045));
#9045 = SURFACE_STYLE_FILL_AREA(#9046);
#9046 = FILL_AREA_STYLE('',(#9047));
#9047 = FILL_AREA_STYLE_COLOUR('',#8155);
#9048 = CURVE_STYLE('',#9049,POSITIVE_LENGTH_MEASURE(0.1),#8155);
#9049 = DRAUGHTING_PRE_DEFINED_CURVE_FONT('continuous');
#9050 = OVER_RIDING_STYLED_ITEM('overriding color',(#9051),#3128,#9041);
#9051 = PRESENTATION_STYLE_ASSIGNMENT((#9052,#9057));
#9052 = SURFACE_STYLE_USAGE(.BOTH.,#9053);
#9053 = SURFACE_SIDE_STYLE('',(#9054));
#9054 = SURFACE_STYLE_FILL_AREA(#9055);
#9055 = FILL_AREA_STYLE('',(#9056));
#9056 = FILL_AREA_STYLE_COLOUR('',#8228);
#9057 = CURVE_STYLE('',#9058,POSITIVE_LENGTH_MEASURE(0.1),#8228);
#9058 = DRAUGHTING_PRE_DEFINED_CURVE_FONT('continuous');
#9059 = OVER_RIDING_STYLED_ITEM('overriding color',(#9060),#3144,#9041);
#9060 = PRESENTATION_STYLE_ASSIGNMENT((#9061,#9066));
#9061 = SURFACE_STYLE_USAGE(.BOTH.,#9062);
#9062 = SURFACE_SIDE_STYLE('',(#9063));
#9063 = SURFACE_STYLE_FILL_AREA(#9064);
#9064 = FILL_AREA_STYLE('',(#9065));
#9065 = FILL_AREA_STYLE_COLOUR('',#8228);
#9066 = CURVE_STYLE('',#9067,POSITIVE_LENGTH_MEASURE(0.1),#8228);
#9067 = DRAUGHTING_PRE_DEFINED_CURVE_FONT('continuous');
#9068 = STYLED_ITEM('color',(#9069),#3170);
#9069 = PRESENTATION_STYLE_ASSIGNMENT((#9070,#9075));
#9070 = SURFACE_STYLE_USAGE(.BOTH.,#9071);
#9071 = SURFACE_SIDE_STYLE('',(#9072));
#9072 = SURFACE_STYLE_FILL_AREA(#9073);
#9073 = FILL_AREA_STYLE('',(#9074));
#9074 = FILL_AREA_STYLE_COLOUR('',#8155);
#9075 = CURVE_STYLE('',#9076,POSITIVE_LENGTH_MEASURE(0.1),#8155);
#9076 = DRAUGHTING_PRE_DEFINED_CURVE_FONT('continuous');
#9077 = STYLED_ITEM('color',(#9078),#3194);
#9078 = PRESENTATION_STYLE_ASSIGNMENT((#9079,#9084));
#9079 = SURFACE_STYLE_USAGE(.BOTH.,#9080);
#9080 = SURFACE_SIDE_STYLE('',(#9081));
#9081 = SURFACE_STYLE_FILL_AREA(#9082);
#9082 = FILL_AREA_STYLE('',(#9083));
#9083 = FILL_AREA_STYLE_COLOUR('',#8155);
#9084 = CURVE_STYLE('',#9085,POSITIVE_LENGTH_MEASURE(0.1),#8155);
#9085 = DRAUGHTING_PRE_DEFINED_CURVE_FONT('continuous');
#9086 = OVER_RIDING_STYLED_ITEM('overriding color',(#9087),#3208,#9077);
#9087 = PRESENTATION_STYLE_ASSIGNMENT((#9088,#9093));
#9088 = SURFACE_STYLE_USAGE(.BOTH.,#9089);
#9089 = SURFACE_SIDE_STYLE('',(#9090));
#9090 = SURFACE_STYLE_FILL_AREA(#9091);
#9091 = FILL_AREA_STYLE('',(#9092));
#9092 = FILL_AREA_STYLE_COLOUR('',#8228);
#9093 = CURVE_STYLE('',#9094,POSITIVE_LENGTH_MEASURE(0.1),#8228);
#9094 = DRAUGHTING_PRE_DEFINED_CURVE_FONT('continuous');
#9095 = OVER_RIDING_STYLED_ITEM('overriding color',(#9096),#3224,#9077);
#9096 = PRESENTATION_STYLE_ASSIGNMENT((#9097,#9102));
#9097 = SURFACE_STYLE_USAGE(.BOTH.,#9098);
#9098 = SURFACE_SIDE_STYLE('',(#9099));
#9099 = SURFACE_STYLE_FILL_AREA(#9100);
#9100 = FILL_AREA_STYLE('',(#9101));
#9101 = FILL_AREA_STYLE_COLOUR('',#8228);
#9102 = CURVE_STYLE('',#9103,POSITIVE_LENGTH_MEASURE(0.1),#8228);
#9103 = DRAUGHTING_PRE_DEFINED_CURVE_FONT('continuous');
#9104 = STYLED_ITEM('color',(#9105),#3243);
#9105 = PRESENTATION_STYLE_ASSIGNMENT((#9106,#9111));
#9106 = SURFACE_STYLE_USAGE(.BOTH.,#9107);
#9107 = SURFACE_SIDE_STYLE('',(#9108));
#9108 = SURFACE_STYLE_FILL_AREA(#9109);
#9109 = FILL_AREA_STYLE('',(#9110));
#9110 = FILL_AREA_STYLE_COLOUR('',#8155);
#9111 = CURVE_STYLE('',#9112,POSITIVE_LENGTH_MEASURE(0.1),#8155);
#9112 = DRAUGHTING_PRE_DEFINED_CURVE_FONT('continuous');
#9113 = STYLED_ITEM('color',(#9114),#3274);
#9114 = PRESENTATION_STYLE_ASSIGNMENT((#9115,#9120));
#9115 = SURFACE_STYLE_USAGE(.BOTH.,#9116);
#9116 = SURFACE_SIDE_STYLE('',(#9117));
#9117 = SURFACE_STYLE_FILL_AREA(#9118);
#9118 = FILL_AREA_STYLE('',(#9119));
#9119 = FILL_AREA_STYLE_COLOUR('',#8155);
#9120 = CURVE_STYLE('',#9121,POSITIVE_LENGTH_MEASURE(0.1),#8155);
#9121 = DRAUGHTING_PRE_DEFINED_CURVE_FONT('continuous');
#9122 = OVER_RIDING_STYLED_ITEM('overriding color',(#9123),#3288,#9113);
#9123 = PRESENTATION_STYLE_ASSIGNMENT((#9124,#9129));
#9124 = SURFACE_STYLE_USAGE(.BOTH.,#9125);
#9125 = SURFACE_SIDE_STYLE('',(#9126));
#9126 = SURFACE_STYLE_FILL_AREA(#9127);
#9127 = FILL_AREA_STYLE('',(#9128));
#9128 = FILL_AREA_STYLE_COLOUR('',#8228);
#9129 = CURVE_STYLE('',#9130,POSITIVE_LENGTH_MEASURE(0.1),#8228);
#9130 = DRAUGHTING_PRE_DEFINED_CURVE_FONT('continuous');
#9131 = OVER_RIDING_STYLED_ITEM('overriding color',(#9132),#3304,#9113);
#9132 = PRESENTATION_STYLE_ASSIGNMENT((#9133,#9138));
#9133 = SURFACE_STYLE_USAGE(.BOTH.,#9134);
#9134 = SURFACE_SIDE_STYLE('',(#9135));
#9135 = SURFACE_STYLE_FILL_AREA(#9136);
#9136 = FILL_AREA_STYLE('',(#9137));
#9137 = FILL_AREA_STYLE_COLOUR('',#8228);
#9138 = CURVE_STYLE('',#9139,POSITIVE_LENGTH_MEASURE(0.1),#8228);
#9139 = DRAUGHTING_PRE_DEFINED_CURVE_FONT('continuous');
#9140 = STYLED_ITEM('color',(#9141),#3330);
#9141 = PRESENTATION_STYLE_ASSIGNMENT((#9142,#9147));
#9142 = SURFACE_STYLE_USAGE(.BOTH.,#9143);
#9143 = SURFACE_SIDE_STYLE('',(#9144));
#9144 = SURFACE_STYLE_FILL_AREA(#9145);
#9145 = FILL_AREA_STYLE('',(#9146));
#9146 = FILL_AREA_STYLE_COLOUR('',#8155);
#9147 = CURVE_STYLE('',#9148,POSITIVE_LENGTH_MEASURE(0.1),#8155);
#9148 = DRAUGHTING_PRE_DEFINED_CURVE_FONT('continuous');
#9149 = STYLED_ITEM('color',(#9150),#3354);
#9150 = PRESENTATION_STYLE_ASSIGNMENT((#9151,#9156));
#9151 = SURFACE_STYLE_USAGE(.BOTH.,#9152);
#9152 = SURFACE_SIDE_STYLE('',(#9153));
#9153 = SURFACE_STYLE_FILL_AREA(#9154);
#9154 = FILL_AREA_STYLE('',(#9155));
#9155 = FILL_AREA_STYLE_COLOUR('',#8155);
#9156 = CURVE_STYLE('',#9157,POSITIVE_LENGTH_MEASURE(0.1),#8155);
#9157 = DRAUGHTING_PRE_DEFINED_CURVE_FONT('continuous');
#9158 = OVER_RIDING_STYLED_ITEM('overriding color',(#9159),#3368,#9149);
#9159 = PRESENTATION_STYLE_ASSIGNMENT((#9160,#9165));
#9160 = SURFACE_STYLE_USAGE(.BOTH.,#9161);
#9161 = SURFACE_SIDE_STYLE('',(#9162));
#9162 = SURFACE_STYLE_FILL_AREA(#9163);
#9163 = FILL_AREA_STYLE('',(#9164));
#9164 = FILL_AREA_STYLE_COLOUR('',#8228);
#9165 = CURVE_STYLE('',#9166,POSITIVE_LENGTH_MEASURE(0.1),#8228);
#9166 = DRAUGHTING_PRE_DEFINED_CURVE_FONT('continuous');
#9167 = OVER_RIDING_STYLED_ITEM('overriding color',(#9168),#3384,#9149);
#9168 = PRESENTATION_STYLE_ASSIGNMENT((#9169,#9174));
#9169 = SURFACE_STYLE_USAGE(.BOTH.,#9170);
#9170 = SURFACE_SIDE_STYLE('',(#9171));
#9171 = SURFACE_STYLE_FILL_AREA(#9172);
#9172 = FILL_AREA_STYLE('',(#9173));
#9173 = FILL_AREA_STYLE_COLOUR('',#8228);
#9174 = CURVE_STYLE('',#9175,POSITIVE_LENGTH_MEASURE(0.1),#8228);
#9175 = DRAUGHTING_PRE_DEFINED_CURVE_FONT('continuous');
#9176 = STYLED_ITEM('color',(#9177),#3403);
#9177 = PRESENTATION_STYLE_ASSIGNMENT((#9178,#9183));
#9178 = SURFACE_STYLE_USAGE(.BOTH.,#9179);
#9179 = SURFACE_SIDE_STYLE('',(#9180));
#9180 = SURFACE_STYLE_FILL_AREA(#9181);
#9181 = FILL_AREA_STYLE('',(#9182));
#9182 = FILL_AREA_STYLE_COLOUR('',#8155);
#9183 = CURVE_STYLE('',#9184,POSITIVE_LENGTH_MEASURE(0.1),#8155);
#9184 = DRAUGHTING_PRE_DEFINED_CURVE_FONT('continuous');
#9185 = STYLED_ITEM('color',(#9186),#3434);
#9186 = PRESENTATION_STYLE_ASSIGNMENT((#9187,#9192));
#9187 = SURFACE_STYLE_USAGE(.BOTH.,#9188);
#9188 = SURFACE_SIDE_STYLE('',(#9189));
#9189 = SURFACE_STYLE_FILL_AREA(#9190);
#9190 = FILL_AREA_STYLE('',(#9191));
#9191 = FILL_AREA_STYLE_COLOUR('',#8155);
#9192 = CURVE_STYLE('',#9193,POSITIVE_LENGTH_MEASURE(0.1),#8155);
#9193 = DRAUGHTING_PRE_DEFINED_CURVE_FONT('continuous');
#9194 = OVER_RIDING_STYLED_ITEM('overriding color',(#9195),#3448,#9185);
#9195 = PRESENTATION_STYLE_ASSIGNMENT((#9196,#9201));
#9196 = SURFACE_STYLE_USAGE(.BOTH.,#9197);
#9197 = SURFACE_SIDE_STYLE('',(#9198));
#9198 = SURFACE_STYLE_FILL_AREA(#9199);
#9199 = FILL_AREA_STYLE('',(#9200));
#9200 = FILL_AREA_STYLE_COLOUR('',#8228);
#9201 = CURVE_STYLE('',#9202,POSITIVE_LENGTH_MEASURE(0.1),#8228);
#9202 = DRAUGHTING_PRE_DEFINED_CURVE_FONT('continuous');
#9203 = OVER_RIDING_STYLED_ITEM('overriding color',(#9204),#3464,#9185);
#9204 = PRESENTATION_STYLE_ASSIGNMENT((#9205,#9210));
#9205 = SURFACE_STYLE_USAGE(.BOTH.,#9206);
#9206 = SURFACE_SIDE_STYLE('',(#9207));
#9207 = SURFACE_STYLE_FILL_AREA(#9208);
#9208 = FILL_AREA_STYLE('',(#9209));
#9209 = FILL_AREA_STYLE_COLOUR('',#8228);
#9210 = CURVE_STYLE('',#9211,POSITIVE_LENGTH_MEASURE(0.1),#8228);
#9211 = DRAUGHTING_PRE_DEFINED_CURVE_FONT('continuous');
#9212 = STYLED_ITEM('color',(#9213),#3490);
#9213 = PRESENTATION_STYLE_ASSIGNMENT((#9214,#9219));
#9214 = SURFACE_STYLE_USAGE(.BOTH.,#9215);
#9215 = SURFACE_SIDE_STYLE('',(#9216));
#9216 = SURFACE_STYLE_FILL_AREA(#9217);
#9217 = FILL_AREA_STYLE('',(#9218));
#9218 = FILL_AREA_STYLE_COLOUR('',#8155);
#9219 = CURVE_STYLE('',#9220,POSITIVE_LENGTH_MEASURE(0.1),#8155);
#9220 = DRAUGHTING_PRE_DEFINED_CURVE_FONT('continuous');
#9221 = STYLED_ITEM('color',(#9222),#3514);
#9222 = PRESENTATION_STYLE_ASSIGNMENT((#9223,#9228));
#9223 = SURFACE_STYLE_USAGE(.BOTH.,#9224);
#9224 = SURFACE_SIDE_STYLE('',(#9225));
#9225 = SURFACE_STYLE_FILL_AREA(#9226);
#9226 = FILL_AREA_STYLE('',(#9227));
#9227 = FILL_AREA_STYLE_COLOUR('',#8155);
#9228 = CURVE_STYLE('',#9229,POSITIVE_LENGTH_MEASURE(0.1),#8155);
#9229 = DRAUGHTING_PRE_DEFINED_CURVE_FONT('continuous');
#9230 = OVER_RIDING_STYLED_ITEM('overriding color',(#9231),#3528,#9221);
#9231 = PRESENTATION_STYLE_ASSIGNMENT((#9232,#9237));
#9232 = SURFACE_STYLE_USAGE(.BOTH.,#9233);
#9233 = SURFACE_SIDE_STYLE('',(#9234));
#9234 = SURFACE_STYLE_FILL_AREA(#9235);
#9235 = FILL_AREA_STYLE('',(#9236));
#9236 = FILL_AREA_STYLE_COLOUR('',#8228);
#9237 = CURVE_STYLE('',#9238,POSITIVE_LENGTH_MEASURE(0.1),#8228);
#9238 = DRAUGHTING_PRE_DEFINED_CURVE_FONT('continuous');
#9239 = OVER_RIDING_STYLED_ITEM('overriding color',(#9240),#3544,#9221);
#9240 = PRESENTATION_STYLE_ASSIGNMENT((#9241,#9246));
#9241 = SURFACE_STYLE_USAGE(.BOTH.,#9242);
#9242 = SURFACE_SIDE_STYLE('',(#9243));
#9243 = SURFACE_STYLE_FILL_AREA(#9244);
#9244 = FILL_AREA_STYLE('',(#9245));
#9245 = FILL_AREA_STYLE_COLOUR('',#8228);
#9246 = CURVE_STYLE('',#9247,POSITIVE_LENGTH_MEASURE(0.1),#8228);
#9247 = DRAUGHTING_PRE_DEFINED_CURVE_FONT('continuous');
#9248 = STYLED_ITEM('color',(#9249),#3563);
#9249 = PRESENTATION_STYLE_ASSIGNMENT((#9250,#9255));
#9250 = SURFACE_STYLE_USAGE(.BOTH.,#9251);
#9251 = SURFACE_SIDE_STYLE('',(#9252));
#9252 = SURFACE_STYLE_FILL_AREA(#9253);
#9253 = FILL_AREA_STYLE('',(#9254));
#9254 = FILL_AREA_STYLE_COLOUR('',#8155);
#9255 = CURVE_STYLE('',#9256,POSITIVE_LENGTH_MEASURE(0.1),#8155);
#9256 = DRAUGHTING_PRE_DEFINED_CURVE_FONT('continuous');
#9257 = STYLED_ITEM('color',(#9258),#3594);
#9258 = PRESENTATION_STYLE_ASSIGNMENT((#9259,#9264));
#9259 = SURFACE_STYLE_USAGE(.BOTH.,#9260);
#9260 = SURFACE_SIDE_STYLE('',(#9261));
#9261 = SURFACE_STYLE_FILL_AREA(#9262);
#9262 = FILL_AREA_STYLE('',(#9263));
#9263 = FILL_AREA_STYLE_COLOUR('',#8155);
#9264 = CURVE_STYLE('',#9265,POSITIVE_LENGTH_MEASURE(0.1),#8155);
#9265 = DRAUGHTING_PRE_DEFINED_CURVE_FONT('continuous');
#9266 = OVER_RIDING_STYLED_ITEM('overriding color',(#9267),#3608,#9257);
#9267 = PRESENTATION_STYLE_ASSIGNMENT((#9268,#9273));
#9268 = SURFACE_STYLE_USAGE(.BOTH.,#9269);
#9269 = SURFACE_SIDE_STYLE('',(#9270));
#9270 = SURFACE_STYLE_FILL_AREA(#9271);
#9271 = FILL_AREA_STYLE('',(#9272));
#9272 = FILL_AREA_STYLE_COLOUR('',#8228);
#9273 = CURVE_STYLE('',#9274,POSITIVE_LENGTH_MEASURE(0.1),#8228);
#9274 = DRAUGHTING_PRE_DEFINED_CURVE_FONT('continuous');
#9275 = OVER_RIDING_STYLED_ITEM('overriding color',(#9276),#3624,#9257);
#9276 = PRESENTATION_STYLE_ASSIGNMENT((#9277,#9282));
#9277 = SURFACE_STYLE_USAGE(.BOTH.,#9278);
#9278 = SURFACE_SIDE_STYLE('',(#9279));
#9279 = SURFACE_STYLE_FILL_AREA(#9280);
#9280 = FILL_AREA_STYLE('',(#9281));
#9281 = FILL_AREA_STYLE_COLOUR('',#8228);
#9282 = CURVE_STYLE('',#9283,POSITIVE_LENGTH_MEASURE(0.1),#8228);
#9283 = DRAUGHTING_PRE_DEFINED_CURVE_FONT('continuous');
#9284 = STYLED_ITEM('color',(#9285),#3650);
#9285 = PRESENTATION_STYLE_ASSIGNMENT((#9286,#9291));
#9286 = SURFACE_STYLE_USAGE(.BOTH.,#9287);
#9287 = SURFACE_SIDE_STYLE('',(#9288));
#9288 = SURFACE_STYLE_FILL_AREA(#9289);
#9289 = FILL_AREA_STYLE('',(#9290));
#9290 = FILL_AREA_STYLE_COLOUR('',#8155);
#9291 = CURVE_STYLE('',#9292,POSITIVE_LENGTH_MEASURE(0.1),#8155);
#9292 = DRAUGHTING_PRE_DEFINED_CURVE_FONT('continuous');
#9293 = STYLED_ITEM('color',(#9294),#3674);
#9294 = PRESENTATION_STYLE_ASSIGNMENT((#9295,#9300));
#9295 = SURFACE_STYLE_USAGE(.BOTH.,#9296);
#9296 = SURFACE_SIDE_STYLE('',(#9297));
#9297 = SURFACE_STYLE_FILL_AREA(#9298);
#9298 = FILL_AREA_STYLE('',(#9299));
#9299 = FILL_AREA_STYLE_COLOUR('',#8155);
#9300 = CURVE_STYLE('',#9301,POSITIVE_LENGTH_MEASURE(0.1),#8155);
#9301 = DRAUGHTING_PRE_DEFINED_CURVE_FONT('continuous');
#9302 = OVER_RIDING_STYLED_ITEM('overriding color',(#9303),#3688,#9293);
#9303 = PRESENTATION_STYLE_ASSIGNMENT((#9304,#9309));
#9304 = SURFACE_STYLE_USAGE(.BOTH.,#9305);
#9305 = SURFACE_SIDE_STYLE('',(#9306));
#9306 = SURFACE_STYLE_FILL_AREA(#9307);
#9307 = FILL_AREA_STYLE('',(#9308));
#9308 = FILL_AREA_STYLE_COLOUR('',#8228);
#9309 = CURVE_STYLE('',#9310,POSITIVE_LENGTH_MEASURE(0.1),#8228);
#9310 = DRAUGHTING_PRE_DEFINED_CURVE_FONT('continuous');
#9311 = OVER_RIDING_STYLED_ITEM('overriding color',(#9312),#3704,#9293);
#9312 = PRESENTATION_STYLE_ASSIGNMENT((#9313,#9318));
#9313 = SURFACE_STYLE_USAGE(.BOTH.,#9314);
#9314 = SURFACE_SIDE_STYLE('',(#9315));
#9315 = SURFACE_STYLE_FILL_AREA(#9316);
#9316 = FILL_AREA_STYLE('',(#9317));
#9317 = FILL_AREA_STYLE_COLOUR('',#8228);
#9318 = CURVE_STYLE('',#9319,POSITIVE_LENGTH_MEASURE(0.1),#8228);
#9319 = DRAUGHTING_PRE_DEFINED_CURVE_FONT('continuous');
#9320 = STYLED_ITEM('color',(#9321),#3723);
#9321 = PRESENTATION_STYLE_ASSIGNMENT((#9322,#9327));
#9322 = SURFACE_STYLE_USAGE(.BOTH.,#9323);
#9323 = SURFACE_SIDE_STYLE('',(#9324));
#9324 = SURFACE_STYLE_FILL_AREA(#9325);
#9325 = FILL_AREA_STYLE('',(#9326));
#9326 = FILL_AREA_STYLE_COLOUR('',#8155);
#9327 = CURVE_STYLE('',#9328,POSITIVE_LENGTH_MEASURE(0.1),#8155);
#9328 = DRAUGHTING_PRE_DEFINED_CURVE_FONT('continuous');
#9329 = STYLED_ITEM('color',(#9330),#3754);
#9330 = PRESENTATION_STYLE_ASSIGNMENT((#9331,#9336));
#9331 = SURFACE_STYLE_USAGE(.BOTH.,#9332);
#9332 = SURFACE_SIDE_STYLE('',(#9333));
#9333 = SURFACE_STYLE_FILL_AREA(#9334);
#9334 = FILL_AREA_STYLE('',(#9335));
#9335 = FILL_AREA_STYLE_COLOUR('',#8155);
#9336 = CURVE_STYLE('',#9337,POSITIVE_LENGTH_MEASURE(0.1),#8155);
#9337 = DRAUGHTING_PRE_DEFINED_CURVE_FONT('continuous');
#9338 = OVER_RIDING_STYLED_ITEM('overriding color',(#9339),#3768,#9329);
#9339 = PRESENTATION_STYLE_ASSIGNMENT((#9340,#9345));
#9340 = SURFACE_STYLE_USAGE(.BOTH.,#9341);
#9341 = SURFACE_SIDE_STYLE('',(#9342));
#9342 = SURFACE_STYLE_FILL_AREA(#9343);
#9343 = FILL_AREA_STYLE('',(#9344));
#9344 = FILL_AREA_STYLE_COLOUR('',#8228);
#9345 = CURVE_STYLE('',#9346,POSITIVE_LENGTH_MEASURE(0.1),#8228);
#9346 = DRAUGHTING_PRE_DEFINED_CURVE_FONT('continuous');
#9347 = OVER_RIDING_STYLED_ITEM('overriding color',(#9348),#3784,#9329);
#9348 = PRESENTATION_STYLE_ASSIGNMENT((#9349,#9354));
#9349 = SURFACE_STYLE_USAGE(.BOTH.,#9350);
#9350 = SURFACE_SIDE_STYLE('',(#9351));
#9351 = SURFACE_STYLE_FILL_AREA(#9352);
#9352 = FILL_AREA_STYLE('',(#9353));
#9353 = FILL_AREA_STYLE_COLOUR('',#8228);
#9354 = CURVE_STYLE('',#9355,POSITIVE_LENGTH_MEASURE(0.1),#8228);
#9355 = DRAUGHTING_PRE_DEFINED_CURVE_FONT('continuous');
#9356 = STYLED_ITEM('color',(#9357),#3810);
#9357 = PRESENTATION_STYLE_ASSIGNMENT((#9358,#9363));
#9358 = SURFACE_STYLE_USAGE(.BOTH.,#9359);
#9359 = SURFACE_SIDE_STYLE('',(#9360));
#9360 = SURFACE_STYLE_FILL_AREA(#9361);
#9361 = FILL_AREA_STYLE('',(#9362));
#9362 = FILL_AREA_STYLE_COLOUR('',#8155);
#9363 = CURVE_STYLE('',#9364,POSITIVE_LENGTH_MEASURE(0.1),#8155);
#9364 = DRAUGHTING_PRE_DEFINED_CURVE_FONT('continuous');
#9365 = STYLED_ITEM('color',(#9366),#3834);
#9366 = PRESENTATION_STYLE_ASSIGNMENT((#9367,#9372));
#9367 = SURFACE_STYLE_USAGE(.BOTH.,#9368);
#9368 = SURFACE_SIDE_STYLE('',(#9369));
#9369 = SURFACE_STYLE_FILL_AREA(#9370);
#9370 = FILL_AREA_STYLE('',(#9371));
#9371 = FILL_AREA_STYLE_COLOUR('',#8155);
#9372 = CURVE_STYLE('',#9373,POSITIVE_LENGTH_MEASURE(0.1),#8155);
#9373 = DRAUGHTING_PRE_DEFINED_CURVE_FONT('continuous');
#9374 = OVER_RIDING_STYLED_ITEM('overriding color',(#9375),#3848,#9365);
#9375 = PRESENTATION_STYLE_ASSIGNMENT((#9376,#9381));
#9376 = SURFACE_STYLE_USAGE(.BOTH.,#9377);
#9377 = SURFACE_SIDE_STYLE('',(#9378));
#9378 = SURFACE_STYLE_FILL_AREA(#9379);
#9379 = FILL_AREA_STYLE('',(#9380));
#9380 = FILL_AREA_STYLE_COLOUR('',#8228);
#9381 = CURVE_STYLE('',#9382,POSITIVE_LENGTH_MEASURE(0.1),#8228);
#9382 = DRAUGHTING_PRE_DEFINED_CURVE_FONT('continuous');
#9383 = OVER_RIDING_STYLED_ITEM('overriding color',(#9384),#3864,#9365);
#9384 = PRESENTATION_STYLE_ASSIGNMENT((#9385,#9390));
#9385 = SURFACE_STYLE_USAGE(.BOTH.,#9386);
#9386 = SURFACE_SIDE_STYLE('',(#9387));
#9387 = SURFACE_STYLE_FILL_AREA(#9388);
#9388 = FILL_AREA_STYLE('',(#9389));
#9389 = FILL_AREA_STYLE_COLOUR('',#8228);
#9390 = CURVE_STYLE('',#9391,POSITIVE_LENGTH_MEASURE(0.1),#8228);
#9391 = DRAUGHTING_PRE_DEFINED_CURVE_FONT('continuous');
#9392 = STYLED_ITEM('color',(#9393),#3883);
#9393 = PRESENTATION_STYLE_ASSIGNMENT((#9394,#9399));
#9394 = SURFACE_STYLE_USAGE(.BOTH.,#9395);
#9395 = SURFACE_SIDE_STYLE('',(#9396));
#9396 = SURFACE_STYLE_FILL_AREA(#9397);
#9397 = FILL_AREA_STYLE('',(#9398));
#9398 = FILL_AREA_STYLE_COLOUR('',#8155);
#9399 = CURVE_STYLE('',#9400,POSITIVE_LENGTH_MEASURE(0.1),#8155);
#9400 = DRAUGHTING_PRE_DEFINED_CURVE_FONT('continuous');
#9401 = STYLED_ITEM('color',(#9402),#3914);
#9402 = PRESENTATION_STYLE_ASSIGNMENT((#9403,#9408));
#9403 = SURFACE_STYLE_USAGE(.BOTH.,#9404);
#9404 = SURFACE_SIDE_STYLE('',(#9405));
#9405 = SURFACE_STYLE_FILL_AREA(#9406);
#9406 = FILL_AREA_STYLE('',(#9407));
#9407 = FILL_AREA_STYLE_COLOUR('',#8155);
#9408 = CURVE_STYLE('',#9409,POSITIVE_LENGTH_MEASURE(0.1),#8155);
#9409 = DRAUGHTING_PRE_DEFINED_CURVE_FONT('continuous');
#9410 = OVER_RIDING_STYLED_ITEM('overriding color',(#9411),#3928,#9401);
#9411 = PRESENTATION_STYLE_ASSIGNMENT((#9412,#9417));
#9412 = SURFACE_STYLE_USAGE(.BOTH.,#9413);
#9413 = SURFACE_SIDE_STYLE('',(#9414));
#9414 = SURFACE_STYLE_FILL_AREA(#9415);
#9415 = FILL_AREA_STYLE('',(#9416));
#9416 = FILL_AREA_STYLE_COLOUR('',#8228);
#9417 = CURVE_STYLE('',#9418,POSITIVE_LENGTH_MEASURE(0.1),#8228);
#9418 = DRAUGHTING_PRE_DEFINED_CURVE_FONT('continuous');
#9419 = OVER_RIDING_STYLED_ITEM('overriding color',(#9420),#3944,#9401);
#9420 = PRESENTATION_STYLE_ASSIGNMENT((#9421,#9426));
#9421 = SURFACE_STYLE_USAGE(.BOTH.,#9422);
#9422 = SURFACE_SIDE_STYLE('',(#9423));
#9423 = SURFACE_STYLE_FILL_AREA(#9424);
#9424 = FILL_AREA_STYLE('',(#9425));
#9425 = FILL_AREA_STYLE_COLOUR('',#8228);
#9426 = CURVE_STYLE('',#9427,POSITIVE_LENGTH_MEASURE(0.1),#8228);
#9427 = DRAUGHTING_PRE_DEFINED_CURVE_FONT('continuous');
#9428 = STYLED_ITEM('color',(#9429),#3970);
#9429 = PRESENTATION_STYLE_ASSIGNMENT((#9430,#9435));
#9430 = SURFACE_STYLE_USAGE(.BOTH.,#9431);
#9431 = SURFACE_SIDE_STYLE('',(#9432));
#9432 = SURFACE_STYLE_FILL_AREA(#9433);
#9433 = FILL_AREA_STYLE('',(#9434));
#9434 = FILL_AREA_STYLE_COLOUR('',#8155);
#9435 = CURVE_STYLE('',#9436,POSITIVE_LENGTH_MEASURE(0.1),#8155);
#9436 = DRAUGHTING_PRE_DEFINED_CURVE_FONT('continuous');
#9437 = STYLED_ITEM('color',(#9438),#3994);
#9438 = PRESENTATION_STYLE_ASSIGNMENT((#9439,#9444));
#9439 = SURFACE_STYLE_USAGE(.BOTH.,#9440);
#9440 = SURFACE_SIDE_STYLE('',(#9441));
#9441 = SURFACE_STYLE_FILL_AREA(#9442);
#9442 = FILL_AREA_STYLE('',(#9443));
#9443 = FILL_AREA_STYLE_COLOUR('',#8155);
#9444 = CURVE_STYLE('',#9445,POSITIVE_LENGTH_MEASURE(0.1),#8155);
#9445 = DRAUGHTING_PRE_DEFINED_CURVE_FONT('continuous');
#9446 = OVER_RIDING_STYLED_ITEM('overriding color',(#9447),#4008,#9437);
#9447 = PRESENTATION_STYLE_ASSIGNMENT((#9448,#9453));
#9448 = SURFACE_STYLE_USAGE(.BOTH.,#9449);
#9449 = SURFACE_SIDE_STYLE('',(#9450));
#9450 = SURFACE_STYLE_FILL_AREA(#9451);
#9451 = FILL_AREA_STYLE('',(#9452));
#9452 = FILL_AREA_STYLE_COLOUR('',#8228);
#9453 = CURVE_STYLE('',#9454,POSITIVE_LENGTH_MEASURE(0.1),#8228);
#9454 = DRAUGHTING_PRE_DEFINED_CURVE_FONT('continuous');
#9455 = OVER_RIDING_STYLED_ITEM('overriding color',(#9456),#4024,#9437);
#9456 = PRESENTATION_STYLE_ASSIGNMENT((#9457,#9462));
#9457 = SURFACE_STYLE_USAGE(.BOTH.,#9458);
#9458 = SURFACE_SIDE_STYLE('',(#9459));
#9459 = SURFACE_STYLE_FILL_AREA(#9460);
#9460 = FILL_AREA_STYLE('',(#9461));
#9461 = FILL_AREA_STYLE_COLOUR('',#8228);
#9462 = CURVE_STYLE('',#9463,POSITIVE_LENGTH_MEASURE(0.1),#8228);
#9463 = DRAUGHTING_PRE_DEFINED_CURVE_FONT('continuous');
#9464 = STYLED_ITEM('color',(#9465),#4043);
#9465 = PRESENTATION_STYLE_ASSIGNMENT((#9466,#9471));
#9466 = SURFACE_STYLE_USAGE(.BOTH.,#9467);
#9467 = SURFACE_SIDE_STYLE('',(#9468));
#9468 = SURFACE_STYLE_FILL_AREA(#9469);
#9469 = FILL_AREA_STYLE('',(#9470));
#9470 = FILL_AREA_STYLE_COLOUR('',#8155);
#9471 = CURVE_STYLE('',#9472,POSITIVE_LENGTH_MEASURE(0.1),#8155);
#9472 = DRAUGHTING_PRE_DEFINED_CURVE_FONT('continuous');
#9473 = STYLED_ITEM('color',(#9474),#4074);
#9474 = PRESENTATION_STYLE_ASSIGNMENT((#9475,#9480));
#9475 = SURFACE_STYLE_USAGE(.BOTH.,#9476);
#9476 = SURFACE_SIDE_STYLE('',(#9477));
#9477 = SURFACE_STYLE_FILL_AREA(#9478);
#9478 = FILL_AREA_STYLE('',(#9479));
#9479 = FILL_AREA_STYLE_COLOUR('',#8155);
#9480 = CURVE_STYLE('',#9481,POSITIVE_LENGTH_MEASURE(0.1),#8155);
#9481 = DRAUGHTING_PRE_DEFINED_CURVE_FONT('continuous');
#9482 = OVER_RIDING_STYLED_ITEM('overriding color',(#9483),#4088,#9473);
#9483 = PRESENTATION_STYLE_ASSIGNMENT((#9484,#9489));
#9484 = SURFACE_STYLE_USAGE(.BOTH.,#9485);
#9485 = SURFACE_SIDE_STYLE('',(#9486));
#9486 = SURFACE_STYLE_FILL_AREA(#9487);
#9487 = FILL_AREA_STYLE('',(#9488));
#9488 = FILL_AREA_STYLE_COLOUR('',#8228);
#9489 = CURVE_STYLE('',#9490,POSITIVE_LENGTH_MEASURE(0.1),#8228);
#9490 = DRAUGHTING_PRE_DEFINED_CURVE_FONT('continuous');
#9491 = OVER_RIDING_STYLED_ITEM('overriding color',(#9492),#4104,#9473);
#9492 = PRESENTATION_STYLE_ASSIGNMENT((#9493,#9498));
#9493 = SURFACE_STYLE_USAGE(.BOTH.,#9494);
#9494 = SURFACE_SIDE_STYLE('',(#9495));
#9495 = SURFACE_STYLE_FILL_AREA(#9496);
#9496 = FILL_AREA_STYLE('',(#9497));
#9497 = FILL_AREA_STYLE_COLOUR('',#8228);
#9498 = CURVE_STYLE('',#9499,POSITIVE_LENGTH_MEASURE(0.1),#8228);
#9499 = DRAUGHTING_PRE_DEFINED_CURVE_FONT('continuous');
#9500 = STYLED_ITEM('color',(#9501),#4130);
#9501 = PRESENTATION_STYLE_ASSIGNMENT((#9502,#9507));
#9502 = SURFACE_STYLE_USAGE(.BOTH.,#9503);
#9503 = SURFACE_SIDE_STYLE('',(#9504));
#9504 = SURFACE_STYLE_FILL_AREA(#9505);
#9505 = FILL_AREA_STYLE('',(#9506));
#9506 = FILL_AREA_STYLE_COLOUR('',#8155);
#9507 = CURVE_STYLE('',#9508,POSITIVE_LENGTH_MEASURE(0.1),#8155);
#9508 = DRAUGHTING_PRE_DEFINED_CURVE_FONT('continuous');
#9509 = STYLED_ITEM('color',(#9510),#4154);
#9510 = PRESENTATION_STYLE_ASSIGNMENT((#9511,#9516));
#9511 = SURFACE_STYLE_USAGE(.BOTH.,#9512);
#9512 = SURFACE_SIDE_STYLE('',(#9513));
#9513 = SURFACE_STYLE_FILL_AREA(#9514);
#9514 = FILL_AREA_STYLE('',(#9515));
#9515 = FILL_AREA_STYLE_COLOUR('',#8155);
#9516 = CURVE_STYLE('',#9517,POSITIVE_LENGTH_MEASURE(0.1),#8155);
#9517 = DRAUGHTING_PRE_DEFINED_CURVE_FONT('continuous');
#9518 = OVER_RIDING_STYLED_ITEM('overriding color',(#9519),#4168,#9509);
#9519 = PRESENTATION_STYLE_ASSIGNMENT((#9520,#9525));
#9520 = SURFACE_STYLE_USAGE(.BOTH.,#9521);
#9521 = SURFACE_SIDE_STYLE('',(#9522));
#9522 = SURFACE_STYLE_FILL_AREA(#9523);
#9523 = FILL_AREA_STYLE('',(#9524));
#9524 = FILL_AREA_STYLE_COLOUR('',#8228);
#9525 = CURVE_STYLE('',#9526,POSITIVE_LENGTH_MEASURE(0.1),#8228);
#9526 = DRAUGHTING_PRE_DEFINED_CURVE_FONT('continuous');
#9527 = OVER_RIDING_STYLED_ITEM('overriding color',(#9528),#4184,#9509);
#9528 = PRESENTATION_STYLE_ASSIGNMENT((#9529,#9534));
#9529 = SURFACE_STYLE_USAGE(.BOTH.,#9530);
#9530 = SURFACE_SIDE_STYLE('',(#9531));
#9531 = SURFACE_STYLE_FILL_AREA(#9532);
#9532 = FILL_AREA_STYLE('',(#9533));
#9533 = FILL_AREA_STYLE_COLOUR('',#8228);
#9534 = CURVE_STYLE('',#9535,POSITIVE_LENGTH_MEASURE(0.1),#8228);
#9535 = DRAUGHTING_PRE_DEFINED_CURVE_FONT('continuous');
#9536 = STYLED_ITEM('color',(#9537),#4203);
#9537 = PRESENTATION_STYLE_ASSIGNMENT((#9538,#9543));
#9538 = SURFACE_STYLE_USAGE(.BOTH.,#9539);
#9539 = SURFACE_SIDE_STYLE('',(#9540));
#9540 = SURFACE_STYLE_FILL_AREA(#9541);
#9541 = FILL_AREA_STYLE('',(#9542));
#9542 = FILL_AREA_STYLE_COLOUR('',#8228);
#9543 = CURVE_STYLE('',#9544,POSITIVE_LENGTH_MEASURE(0.1),#8228);
#9544 = DRAUGHTING_PRE_DEFINED_CURVE_FONT('continuous');
#9545 = STYLED_ITEM('color',(#9546),#4220);
#9546 = PRESENTATION_STYLE_ASSIGNMENT((#9547,#9552));
#9547 = SURFACE_STYLE_USAGE(.BOTH.,#9548);
#9548 = SURFACE_SIDE_STYLE('',(#9549));
#9549 = SURFACE_STYLE_FILL_AREA(#9550);
#9550 = FILL_AREA_STYLE('',(#9551));
#9551 = FILL_AREA_STYLE_COLOUR('',#8228);
#9552 = CURVE_STYLE('',#9553,POSITIVE_LENGTH_MEASURE(0.1),#8228);
#9553 = DRAUGHTING_PRE_DEFINED_CURVE_FONT('continuous');
#9554 = STYLED_ITEM('color',(#9555),#4237);
#9555 = PRESENTATION_STYLE_ASSIGNMENT((#9556,#9561));
#9556 = SURFACE_STYLE_USAGE(.BOTH.,#9557);
#9557 = SURFACE_SIDE_STYLE('',(#9558));
#9558 = SURFACE_STYLE_FILL_AREA(#9559);
#9559 = FILL_AREA_STYLE('',(#9560));
#9560 = FILL_AREA_STYLE_COLOUR('',#8228);
#9561 = CURVE_STYLE('',#9562,POSITIVE_LENGTH_MEASURE(0.1),#8228);
#9562 = DRAUGHTING_PRE_DEFINED_CURVE_FONT('continuous');
#9563 = STYLED_ITEM('color',(#9564),#4254);
#9564 = PRESENTATION_STYLE_ASSIGNMENT((#9565,#9570));
#9565 = SURFACE_STYLE_USAGE(.BOTH.,#9566);
#9566 = SURFACE_SIDE_STYLE('',(#9567));
#9567 = SURFACE_STYLE_FILL_AREA(#9568);
#9568 = FILL_AREA_STYLE('',(#9569));
#9569 = FILL_AREA_STYLE_COLOUR('',#8228);
#9570 = CURVE_STYLE('',#9571,POSITIVE_LENGTH_MEASURE(0.1),#8228);
#9571 = DRAUGHTING_PRE_DEFINED_CURVE_FONT('continuous');
#9572 = STYLED_ITEM('color',(#9573),#4271);
#9573 = PRESENTATION_STYLE_ASSIGNMENT((#9574,#9579));
#9574 = SURFACE_STYLE_USAGE(.BOTH.,#9575);
#9575 = SURFACE_SIDE_STYLE('',(#9576));
#9576 = SURFACE_STYLE_FILL_AREA(#9577);
#9577 = FILL_AREA_STYLE('',(#9578));
#9578 = FILL_AREA_STYLE_COLOUR('',#8228);
#9579 = CURVE_STYLE('',#9580,POSITIVE_LENGTH_MEASURE(0.1),#8228);
#9580 = DRAUGHTING_PRE_DEFINED_CURVE_FONT('continuous');
#9581 = STYLED_ITEM('color',(#9582),#4283);
#9582 = PRESENTATION_STYLE_ASSIGNMENT((#9583,#9588));
#9583 = SURFACE_STYLE_USAGE(.BOTH.,#9584);
#9584 = SURFACE_SIDE_STYLE('',(#9585));
#9585 = SURFACE_STYLE_FILL_AREA(#9586);
#9586 = FILL_AREA_STYLE('',(#9587));
#9587 = FILL_AREA_STYLE_COLOUR('',#8228);
#9588 = CURVE_STYLE('',#9589,POSITIVE_LENGTH_MEASURE(0.1),#8228);
#9589 = DRAUGHTING_PRE_DEFINED_CURVE_FONT('continuous');
#9590 = STYLED_ITEM('color',(#9591),#4300);
#9591 = PRESENTATION_STYLE_ASSIGNMENT((#9592,#9597));
#9592 = SURFACE_STYLE_USAGE(.BOTH.,#9593);
#9593 = SURFACE_SIDE_STYLE('',(#9594));
#9594 = SURFACE_STYLE_FILL_AREA(#9595);
#9595 = FILL_AREA_STYLE('',(#9596));
#9596 = FILL_AREA_STYLE_COLOUR('',#8228);
#9597 = CURVE_STYLE('',#9598,POSITIVE_LENGTH_MEASURE(0.1),#8228);
#9598 = DRAUGHTING_PRE_DEFINED_CURVE_FONT('continuous');
#9599 = STYLED_ITEM('color',(#9600),#4317);
#9600 = PRESENTATION_STYLE_ASSIGNMENT((#9601,#9606));
#9601 = SURFACE_STYLE_USAGE(.BOTH.,#9602);
#9602 = SURFACE_SIDE_STYLE('',(#9603));
#9603 = SURFACE_STYLE_FILL_AREA(#9604);
#9604 = FILL_AREA_STYLE('',(#9605));
#9605 = FILL_AREA_STYLE_COLOUR('',#8228);
#9606 = CURVE_STYLE('',#9607,POSITIVE_LENGTH_MEASURE(0.1),#8228);
#9607 = DRAUGHTING_PRE_DEFINED_CURVE_FONT('continuous');
#9608 = STYLED_ITEM('color',(#9609),#4334);
#9609 = PRESENTATION_STYLE_ASSIGNMENT((#9610,#9615));
#9610 = SURFACE_STYLE_USAGE(.BOTH.,#9611);
#9611 = SURFACE_SIDE_STYLE('',(#9612));
#9612 = SURFACE_STYLE_FILL_AREA(#9613);
#9613 = FILL_AREA_STYLE('',(#9614));
#9614 = FILL_AREA_STYLE_COLOUR('',#8228);
#9615 = CURVE_STYLE('',#9616,POSITIVE_LENGTH_MEASURE(0.1),#8228);
#9616 = DRAUGHTING_PRE_DEFINED_CURVE_FONT('continuous');
#9617 = STYLED_ITEM('color',(#9618),#4351);
#9618 = PRESENTATION_STYLE_ASSIGNMENT((#9619,#9624));
#9619 = SURFACE_STYLE_USAGE(.BOTH.,#9620);
#9620 = SURFACE_SIDE_STYLE('',(#9621));
#9621 = SURFACE_STYLE_FILL_AREA(#9622);
#9622 = FILL_AREA_STYLE('',(#9623));
#9623 = FILL_AREA_STYLE_COLOUR('',#8228);
#9624 = CURVE_STYLE('',#9625,POSITIVE_LENGTH_MEASURE(0.1),#8228);
#9625 = DRAUGHTING_PRE_DEFINED_CURVE_FONT('continuous');
#9626 = STYLED_ITEM('color',(#9627),#4363);
#9627 = PRESENTATION_STYLE_ASSIGNMENT((#9628,#9633));
#9628 = SURFACE_STYLE_USAGE(.BOTH.,#9629);
#9629 = SURFACE_SIDE_STYLE('',(#9630));
#9630 = SURFACE_STYLE_FILL_AREA(#9631);
#9631 = FILL_AREA_STYLE('',(#9632));
#9632 = FILL_AREA_STYLE_COLOUR('',#8228);
#9633 = CURVE_STYLE('',#9634,POSITIVE_LENGTH_MEASURE(0.1),#8228);
#9634 = DRAUGHTING_PRE_DEFINED_CURVE_FONT('continuous');
#9635 = STYLED_ITEM('color',(#9636),#4380);
#9636 = PRESENTATION_STYLE_ASSIGNMENT((#9637,#9642));
#9637 = SURFACE_STYLE_USAGE(.BOTH.,#9638);
#9638 = SURFACE_SIDE_STYLE('',(#9639));
#9639 = SURFACE_STYLE_FILL_AREA(#9640);
#9640 = FILL_AREA_STYLE('',(#9641));
#9641 = FILL_AREA_STYLE_COLOUR('',#8228);
#9642 = CURVE_STYLE('',#9643,POSITIVE_LENGTH_MEASURE(0.1),#8228);
#9643 = DRAUGHTING_PRE_DEFINED_CURVE_FONT('continuous');
#9644 = STYLED_ITEM('color',(#9645),#4397);
#9645 = PRESENTATION_STYLE_ASSIGNMENT((#9646,#9651));
#9646 = SURFACE_STYLE_USAGE(.BOTH.,#9647);
#9647 = SURFACE_SIDE_STYLE('',(#9648));
#9648 = SURFACE_STYLE_FILL_AREA(#9649);
#9649 = FILL_AREA_STYLE('',(#9650));
#9650 = FILL_AREA_STYLE_COLOUR('',#8228);
#9651 = CURVE_STYLE('',#9652,POSITIVE_LENGTH_MEASURE(0.1),#8228);
#9652 = DRAUGHTING_PRE_DEFINED_CURVE_FONT('continuous');
#9653 = STYLED_ITEM('color',(#9654),#4414);
#9654 = PRESENTATION_STYLE_ASSIGNMENT((#9655,#9660));
#9655 = SURFACE_STYLE_USAGE(.BOTH.,#9656);
#9656 = SURFACE_SIDE_STYLE('',(#9657));
#9657 = SURFACE_STYLE_FILL_AREA(#9658);
#9658 = FILL_AREA_STYLE('',(#9659));
#9659 = FILL_AREA_STYLE_COLOUR('',#8228);
#9660 = CURVE_STYLE('',#9661,POSITIVE_LENGTH_MEASURE(0.1),#8228);
#9661 = DRAUGHTING_PRE_DEFINED_CURVE_FONT('continuous');
#9662 = STYLED_ITEM('color',(#9663),#4431);
#9663 = PRESENTATION_STYLE_ASSIGNMENT((#9664,#9669));
#9664 = SURFACE_STYLE_USAGE(.BOTH.,#9665);
#9665 = SURFACE_SIDE_STYLE('',(#9666));
#9666 = SURFACE_STYLE_FILL_AREA(#9667);
#9667 = FILL_AREA_STYLE('',(#9668));
#9668 = FILL_AREA_STYLE_COLOUR('',#8228);
#9669 = CURVE_STYLE('',#9670,POSITIVE_LENGTH_MEASURE(0.1),#8228);
#9670 = DRAUGHTING_PRE_DEFINED_CURVE_FONT('continuous');
#9671 = STYLED_ITEM('color',(#9672),#4443);
#9672 = PRESENTATION_STYLE_ASSIGNMENT((#9673,#9678));
#9673 = SURFACE_STYLE_USAGE(.BOTH.,#9674);
#9674 = SURFACE_SIDE_STYLE('',(#9675));
#9675 = SURFACE_STYLE_FILL_AREA(#9676);
#9676 = FILL_AREA_STYLE('',(#9677));
#9677 = FILL_AREA_STYLE_COLOUR('',#8228);
#9678 = CURVE_STYLE('',#9679,POSITIVE_LENGTH_MEASURE(0.1),#8228);
#9679 = DRAUGHTING_PRE_DEFINED_CURVE_FONT('continuous');
#9680 = STYLED_ITEM('color',(#9681),#4460);
#9681 = PRESENTATION_STYLE_ASSIGNMENT((#9682,#9687));
#9682 = SURFACE_STYLE_USAGE(.BOTH.,#9683);
#9683 = SURFACE_SIDE_STYLE('',(#9684));
#9684 = SURFACE_STYLE_FILL_AREA(#9685);
#9685 = FILL_AREA_STYLE('',(#9686));
#9686 = FILL_AREA_STYLE_COLOUR('',#8228);
#9687 = CURVE_STYLE('',#9688,POSITIVE_LENGTH_MEASURE(0.1),#8228);
#9688 = DRAUGHTING_PRE_DEFINED_CURVE_FONT('continuous');
#9689 = STYLED_ITEM('color',(#9690),#4477);
#9690 = PRESENTATION_STYLE_ASSIGNMENT((#9691,#9696));
#9691 = SURFACE_STYLE_USAGE(.BOTH.,#9692);
#9692 = SURFACE_SIDE_STYLE('',(#9693));
#9693 = SURFACE_STYLE_FILL_AREA(#9694);
#9694 = FILL_AREA_STYLE('',(#9695));
#9695 = FILL_AREA_STYLE_COLOUR('',#8228);
#9696 = CURVE_STYLE('',#9697,POSITIVE_LENGTH_MEASURE(0.1),#8228);
#9697 = DRAUGHTING_PRE_DEFINED_CURVE_FONT('continuous');
#9698 = STYLED_ITEM('color',(#9699),#4494);
#9699 = PRESENTATION_STYLE_ASSIGNMENT((#9700,#9705));
#9700 = SURFACE_STYLE_USAGE(.BOTH.,#9701);
#9701 = SURFACE_SIDE_STYLE('',(#9702));
#9702 = SURFACE_STYLE_FILL_AREA(#9703);
#9703 = FILL_AREA_STYLE('',(#9704));
#9704 = FILL_AREA_STYLE_COLOUR('',#8228);
#9705 = CURVE_STYLE('',#9706,POSITIVE_LENGTH_MEASURE(0.1),#8228);
#9706 = DRAUGHTING_PRE_DEFINED_CURVE_FONT('continuous');
#9707 = STYLED_ITEM('color',(#9708),#4511);
#9708 = PRESENTATION_STYLE_ASSIGNMENT((#9709,#9714));
#9709 = SURFACE_STYLE_USAGE(.BOTH.,#9710);
#9710 = SURFACE_SIDE_STYLE('',(#9711));
#9711 = SURFACE_STYLE_FILL_AREA(#9712);
#9712 = FILL_AREA_STYLE('',(#9713));
#9713 = FILL_AREA_STYLE_COLOUR('',#8228);
#9714 = CURVE_STYLE('',#9715,POSITIVE_LENGTH_MEASURE(0.1),#8228);
#9715 = DRAUGHTING_PRE_DEFINED_CURVE_FONT('continuous');
#9716 = STYLED_ITEM('color',(#9717),#4523);
#9717 = PRESENTATION_STYLE_ASSIGNMENT((#9718,#9723));
#9718 = SURFACE_STYLE_USAGE(.BOTH.,#9719);
#9719 = SURFACE_SIDE_STYLE('',(#9720));
#9720 = SURFACE_STYLE_FILL_AREA(#9721);
#9721 = FILL_AREA_STYLE('',(#9722));
#9722 = FILL_AREA_STYLE_COLOUR('',#8228);
#9723 = CURVE_STYLE('',#9724,POSITIVE_LENGTH_MEASURE(0.1),#8228);
#9724 = DRAUGHTING_PRE_DEFINED_CURVE_FONT('continuous');
#9725 = STYLED_ITEM('color',(#9726),#4540);
#9726 = PRESENTATION_STYLE_ASSIGNMENT((#9727,#9732));
#9727 = SURFACE_STYLE_USAGE(.BOTH.,#9728);
#9728 = SURFACE_SIDE_STYLE('',(#9729));
#9729 = SURFACE_STYLE_FILL_AREA(#9730);
#9730 = FILL_AREA_STYLE('',(#9731));
#9731 = FILL_AREA_STYLE_COLOUR('',#8228);
#9732 = CURVE_STYLE('',#9733,POSITIVE_LENGTH_MEASURE(0.1),#8228);
#9733 = DRAUGHTING_PRE_DEFINED_CURVE_FONT('continuous');
#9734 = STYLED_ITEM('color',(#9735),#4557);
#9735 = PRESENTATION_STYLE_ASSIGNMENT((#9736,#9741));
#9736 = SURFACE_STYLE_USAGE(.BOTH.,#9737);
#9737 = SURFACE_SIDE_STYLE('',(#9738));
#9738 = SURFACE_STYLE_FILL_AREA(#9739);
#9739 = FILL_AREA_STYLE('',(#9740));
#9740 = FILL_AREA_STYLE_COLOUR('',#8228);
#9741 = CURVE_STYLE('',#9742,POSITIVE_LENGTH_MEASURE(0.1),#8228);
#9742 = DRAUGHTING_PRE_DEFINED_CURVE_FONT('continuous');
#9743 = STYLED_ITEM('color',(#9744),#4574);
#9744 = PRESENTATION_STYLE_ASSIGNMENT((#9745,#9750));
#9745 = SURFACE_STYLE_USAGE(.BOTH.,#9746);
#9746 = SURFACE_SIDE_STYLE('',(#9747));
#9747 = SURFACE_STYLE_FILL_AREA(#9748);
#9748 = FILL_AREA_STYLE('',(#9749));
#9749 = FILL_AREA_STYLE_COLOUR('',#8228);
#9750 = CURVE_STYLE('',#9751,POSITIVE_LENGTH_MEASURE(0.1),#8228);
#9751 = DRAUGHTING_PRE_DEFINED_CURVE_FONT('continuous');
#9752 = STYLED_ITEM('color',(#9753),#4591);
#9753 = PRESENTATION_STYLE_ASSIGNMENT((#9754,#9759));
#9754 = SURFACE_STYLE_USAGE(.BOTH.,#9755);
#9755 = SURFACE_SIDE_STYLE('',(#9756));
#9756 = SURFACE_STYLE_FILL_AREA(#9757);
#9757 = FILL_AREA_STYLE('',(#9758));
#9758 = FILL_AREA_STYLE_COLOUR('',#8228);
#9759 = CURVE_STYLE('',#9760,POSITIVE_LENGTH_MEASURE(0.1),#8228);
#9760 = DRAUGHTING_PRE_DEFINED_CURVE_FONT('continuous');
#9761 = STYLED_ITEM('color',(#9762),#4603);
#9762 = PRESENTATION_STYLE_ASSIGNMENT((#9763,#9768));
#9763 = SURFACE_STYLE_USAGE(.BOTH.,#9764);
#9764 = SURFACE_SIDE_STYLE('',(#9765));
#9765 = SURFACE_STYLE_FILL_AREA(#9766);
#9766 = FILL_AREA_STYLE('',(#9767));
#9767 = FILL_AREA_STYLE_COLOUR('',#8228);
#9768 = CURVE_STYLE('',#9769,POSITIVE_LENGTH_MEASURE(0.1),#8228);
#9769 = DRAUGHTING_PRE_DEFINED_CURVE_FONT('continuous');
#9770 = STYLED_ITEM('color',(#9771),#4620);
#9771 = PRESENTATION_STYLE_ASSIGNMENT((#9772,#9777));
#9772 = SURFACE_STYLE_USAGE(.BOTH.,#9773);
#9773 = SURFACE_SIDE_STYLE('',(#9774));
#9774 = SURFACE_STYLE_FILL_AREA(#9775);
#9775 = FILL_AREA_STYLE('',(#9776));
#9776 = FILL_AREA_STYLE_COLOUR('',#8228);
#9777 = CURVE_STYLE('',#9778,POSITIVE_LENGTH_MEASURE(0.1),#8228);
#9778 = DRAUGHTING_PRE_DEFINED_CURVE_FONT('continuous');
#9779 = STYLED_ITEM('color',(#9780),#4637);
#9780 = PRESENTATION_STYLE_ASSIGNMENT((#9781,#9786));
#9781 = SURFACE_STYLE_USAGE(.BOTH.,#9782);
#9782 = SURFACE_SIDE_STYLE('',(#9783));
#9783 = SURFACE_STYLE_FILL_AREA(#9784);
#9784 = FILL_AREA_STYLE('',(#9785));
#9785 = FILL_AREA_STYLE_COLOUR('',#8228);
#9786 = CURVE_STYLE('',#9787,POSITIVE_LENGTH_MEASURE(0.1),#8228);
#9787 = DRAUGHTING_PRE_DEFINED_CURVE_FONT('continuous');
#9788 = STYLED_ITEM('color',(#9789),#4654);
#9789 = PRESENTATION_STYLE_ASSIGNMENT((#9790,#9795));
#9790 = SURFACE_STYLE_USAGE(.BOTH.,#9791);
#9791 = SURFACE_SIDE_STYLE('',(#9792));
#9792 = SURFACE_STYLE_FILL_AREA(#9793);
#9793 = FILL_AREA_STYLE('',(#9794));
#9794 = FILL_AREA_STYLE_COLOUR('',#8228);
#9795 = CURVE_STYLE('',#9796,POSITIVE_LENGTH_MEASURE(0.1),#8228);
#9796 = DRAUGHTING_PRE_DEFINED_CURVE_FONT('continuous');
#9797 = STYLED_ITEM('color',(#9798),#4671);
#9798 = PRESENTATION_STYLE_ASSIGNMENT((#9799,#9804));
#9799 = SURFACE_STYLE_USAGE(.BOTH.,#9800);
#9800 = SURFACE_SIDE_STYLE('',(#9801));
#9801 = SURFACE_STYLE_FILL_AREA(#9802);
#9802 = FILL_AREA_STYLE('',(#9803));
#9803 = FILL_AREA_STYLE_COLOUR('',#8228);
#9804 = CURVE_STYLE('',#9805,POSITIVE_LENGTH_MEASURE(0.1),#8228);
#9805 = DRAUGHTING_PRE_DEFINED_CURVE_FONT('continuous');
#9806 = STYLED_ITEM('color',(#9807),#4683);
#9807 = PRESENTATION_STYLE_ASSIGNMENT((#9808,#9813));
#9808 = SURFACE_STYLE_USAGE(.BOTH.,#9809);
#9809 = SURFACE_SIDE_STYLE('',(#9810));
#9810 = SURFACE_STYLE_FILL_AREA(#9811);
#9811 = FILL_AREA_STYLE('',(#9812));
#9812 = FILL_AREA_STYLE_COLOUR('',#8228);
#9813 = CURVE_STYLE('',#9814,POSITIVE_LENGTH_MEASURE(0.1),#8228);
#9814 = DRAUGHTING_PRE_DEFINED_CURVE_FONT('continuous');
#9815 = STYLED_ITEM('color',(#9816),#4700);
#9816 = PRESENTATION_STYLE_ASSIGNMENT((#9817,#9822));
#9817 = SURFACE_STYLE_USAGE(.BOTH.,#9818);
#9818 = SURFACE_SIDE_STYLE('',(#9819));
#9819 = SURFACE_STYLE_FILL_AREA(#9820);
#9820 = FILL_AREA_STYLE('',(#9821));
#9821 = FILL_AREA_STYLE_COLOUR('',#8228);
#9822 = CURVE_STYLE('',#9823,POSITIVE_LENGTH_MEASURE(0.1),#8228);
#9823 = DRAUGHTING_PRE_DEFINED_CURVE_FONT('continuous');
#9824 = STYLED_ITEM('color',(#9825),#4717);
#9825 = PRESENTATION_STYLE_ASSIGNMENT((#9826,#9831));
#9826 = SURFACE_STYLE_USAGE(.BOTH.,#9827);
#9827 = SURFACE_SIDE_STYLE('',(#9828));
#9828 = SURFACE_STYLE_FILL_AREA(#9829);
#9829 = FILL_AREA_STYLE('',(#9830));
#9830 = FILL_AREA_STYLE_COLOUR('',#8228);
#9831 = CURVE_STYLE('',#9832,POSITIVE_LENGTH_MEASURE(0.1),#8228);
#9832 = DRAUGHTING_PRE_DEFINED_CURVE_FONT('continuous');
#9833 = STYLED_ITEM('color',(#9834),#4734);
#9834 = PRESENTATION_STYLE_ASSIGNMENT((#9835,#9840));
#9835 = SURFACE_STYLE_USAGE(.BOTH.,#9836);
#9836 = SURFACE_SIDE_STYLE('',(#9837));
#9837 = SURFACE_STYLE_FILL_AREA(#9838);
#9838 = FILL_AREA_STYLE('',(#9839));
#9839 = FILL_AREA_STYLE_COLOUR('',#8228);
#9840 = CURVE_STYLE('',#9841,POSITIVE_LENGTH_MEASURE(0.1),#8228);
#9841 = DRAUGHTING_PRE_DEFINED_CURVE_FONT('continuous');
#9842 = STYLED_ITEM('color',(#9843),#4751);
#9843 = PRESENTATION_STYLE_ASSIGNMENT((#9844,#9849));
#9844 = SURFACE_STYLE_USAGE(.BOTH.,#9845);
#9845 = SURFACE_SIDE_STYLE('',(#9846));
#9846 = SURFACE_STYLE_FILL_AREA(#9847);
#9847 = FILL_AREA_STYLE('',(#9848));
#9848 = FILL_AREA_STYLE_COLOUR('',#8228);
#9849 = CURVE_STYLE('',#9850,POSITIVE_LENGTH_MEASURE(0.1),#8228);
#9850 = DRAUGHTING_PRE_DEFINED_CURVE_FONT('continuous');
#9851 = STYLED_ITEM('color',(#9852),#4763);
#9852 = PRESENTATION_STYLE_ASSIGNMENT((#9853,#9858));
#9853 = SURFACE_STYLE_USAGE(.BOTH.,#9854);
#9854 = SURFACE_SIDE_STYLE('',(#9855));
#9855 = SURFACE_STYLE_FILL_AREA(#9856);
#9856 = FILL_AREA_STYLE('',(#9857));
#9857 = FILL_AREA_STYLE_COLOUR('',#8228);
#9858 = CURVE_STYLE('',#9859,POSITIVE_LENGTH_MEASURE(0.1),#8228);
#9859 = DRAUGHTING_PRE_DEFINED_CURVE_FONT('continuous');
#9860 = STYLED_ITEM('color',(#9861),#4780);
#9861 = PRESENTATION_STYLE_ASSIGNMENT((#9862,#9867));
#9862 = SURFACE_STYLE_USAGE(.BOTH.,#9863);
#9863 = SURFACE_SIDE_STYLE('',(#9864));
#9864 = SURFACE_STYLE_FILL_AREA(#9865);
#9865 = FILL_AREA_STYLE('',(#9866));
#9866 = FILL_AREA_STYLE_COLOUR('',#8228);
#9867 = CURVE_STYLE('',#9868,POSITIVE_LENGTH_MEASURE(0.1),#8228);
#9868 = DRAUGHTING_PRE_DEFINED_CURVE_FONT('continuous');
#9869 = STYLED_ITEM('color',(#9870),#4797);
#9870 = PRESENTATION_STYLE_ASSIGNMENT((#9871,#9876));
#9871 = SURFACE_STYLE_USAGE(.BOTH.,#9872);
#9872 = SURFACE_SIDE_STYLE('',(#9873));
#9873 = SURFACE_STYLE_FILL_AREA(#9874);
#9874 = FILL_AREA_STYLE('',(#9875));
#9875 = FILL_AREA_STYLE_COLOUR('',#8228);
#9876 = CURVE_STYLE('',#9877,POSITIVE_LENGTH_MEASURE(0.1),#8228);
#9877 = DRAUGHTING_PRE_DEFINED_CURVE_FONT('continuous');
#9878 = STYLED_ITEM('color',(#9879),#4814);
#9879 = PRESENTATION_STYLE_ASSIGNMENT((#9880,#9885));
#9880 = SURFACE_STYLE_USAGE(.BOTH.,#9881);
#9881 = SURFACE_SIDE_STYLE('',(#9882));
#9882 = SURFACE_STYLE_FILL_AREA(#9883);
#9883 = FILL_AREA_STYLE('',(#9884));
#9884 = FILL_AREA_STYLE_COLOUR('',#8228);
#9885 = CURVE_STYLE('',#9886,POSITIVE_LENGTH_MEASURE(0.1),#8228);
#9886 = DRAUGHTING_PRE_DEFINED_CURVE_FONT('continuous');
#9887 = STYLED_ITEM('color',(#9888),#4831);
#9888 = PRESENTATION_STYLE_ASSIGNMENT((#9889,#9894));
#9889 = SURFACE_STYLE_USAGE(.BOTH.,#9890);
#9890 = SURFACE_SIDE_STYLE('',(#9891));
#9891 = SURFACE_STYLE_FILL_AREA(#9892);
#9892 = FILL_AREA_STYLE('',(#9893));
#9893 = FILL_AREA_STYLE_COLOUR('',#8228);
#9894 = CURVE_STYLE('',#9895,POSITIVE_LENGTH_MEASURE(0.1),#8228);
#9895 = DRAUGHTING_PRE_DEFINED_CURVE_FONT('continuous');
#9896 = STYLED_ITEM('color',(#9897),#4843);
#9897 = PRESENTATION_STYLE_ASSIGNMENT((#9898,#9903));
#9898 = SURFACE_STYLE_USAGE(.BOTH.,#9899);
#9899 = SURFACE_SIDE_STYLE('',(#9900));
#9900 = SURFACE_STYLE_FILL_AREA(#9901);
#9901 = FILL_AREA_STYLE('',(#9902));
#9902 = FILL_AREA_STYLE_COLOUR('',#8155);
#9903 = CURVE_STYLE('',#9904,POSITIVE_LENGTH_MEASURE(0.1),#8155);
#9904 = DRAUGHTING_PRE_DEFINED_CURVE_FONT('continuous');
#9905 = OVER_RIDING_STYLED_ITEM('overriding color',(#9906),#4850,#9896);
#9906 = PRESENTATION_STYLE_ASSIGNMENT((#9907,#9912));
#9907 = SURFACE_STYLE_USAGE(.BOTH.,#9908);
#9908 = SURFACE_SIDE_STYLE('',(#9909));
#9909 = SURFACE_STYLE_FILL_AREA(#9910);
#9910 = FILL_AREA_STYLE('',(#9911));
#9911 = FILL_AREA_STYLE_COLOUR('',#8228);
#9912 = CURVE_STYLE('',#9913,POSITIVE_LENGTH_MEASURE(0.1),#8228);
#9913 = DRAUGHTING_PRE_DEFINED_CURVE_FONT('continuous');
#9914 = STYLED_ITEM('color',(#9915),#4860);
#9915 = PRESENTATION_STYLE_ASSIGNMENT((#9916,#9921));
#9916 = SURFACE_STYLE_USAGE(.BOTH.,#9917);
#9917 = SURFACE_SIDE_STYLE('',(#9918));
#9918 = SURFACE_STYLE_FILL_AREA(#9919);
#9919 = FILL_AREA_STYLE('',(#9920));
#9920 = FILL_AREA_STYLE_COLOUR('',#8155);
#9921 = CURVE_STYLE('',#9922,POSITIVE_LENGTH_MEASURE(0.1),#8155);
#9922 = DRAUGHTING_PRE_DEFINED_CURVE_FONT('continuous');
#9923 = OVER_RIDING_STYLED_ITEM('overriding color',(#9924),#4865,#9914);
#9924 = PRESENTATION_STYLE_ASSIGNMENT((#9925,#9930));
#9925 = SURFACE_STYLE_USAGE(.BOTH.,#9926);
#9926 = SURFACE_SIDE_STYLE('',(#9927));
#9927 = SURFACE_STYLE_FILL_AREA(#9928);
#9928 = FILL_AREA_STYLE('',(#9929));
#9929 = FILL_AREA_STYLE_COLOUR('',#8228);
#9930 = CURVE_STYLE('',#9931,POSITIVE_LENGTH_MEASURE(0.1),#8228);
#9931 = DRAUGHTING_PRE_DEFINED_CURVE_FONT('continuous');
#9932 = STYLED_ITEM('color',(#9933),#4877);
#9933 = PRESENTATION_STYLE_ASSIGNMENT((#9934,#9939));
#9934 = SURFACE_STYLE_USAGE(.BOTH.,#9935);
#9935 = SURFACE_SIDE_STYLE('',(#9936));
#9936 = SURFACE_STYLE_FILL_AREA(#9937);
#9937 = FILL_AREA_STYLE('',(#9938));
#9938 = FILL_AREA_STYLE_COLOUR('',#8228);
#9939 = CURVE_STYLE('',#9940,POSITIVE_LENGTH_MEASURE(0.1),#8228);
#9940 = DRAUGHTING_PRE_DEFINED_CURVE_FONT('continuous');
#9941 = STYLED_ITEM('color',(#9942),#4926);
#9942 = PRESENTATION_STYLE_ASSIGNMENT((#9943,#9948));
#9943 = SURFACE_STYLE_USAGE(.BOTH.,#9944);
#9944 = SURFACE_SIDE_STYLE('',(#9945));
#9945 = SURFACE_STYLE_FILL_AREA(#9946);
#9946 = FILL_AREA_STYLE('',(#9947));
#9947 = FILL_AREA_STYLE_COLOUR('',#8228);
#9948 = CURVE_STYLE('',#9949,POSITIVE_LENGTH_MEASURE(0.1),#8228);
#9949 = DRAUGHTING_PRE_DEFINED_CURVE_FONT('continuous');
#9950 = STYLED_ITEM('color',(#9951),#4950);
#9951 = PRESENTATION_STYLE_ASSIGNMENT((#9952,#9957));
#9952 = SURFACE_STYLE_USAGE(.BOTH.,#9953);
#9953 = SURFACE_SIDE_STYLE('',(#9954));
#9954 = SURFACE_STYLE_FILL_AREA(#9955);
#9955 = FILL_AREA_STYLE('',(#9956));
#9956 = FILL_AREA_STYLE_COLOUR('',#8228);
#9957 = CURVE_STYLE('',#9958,POSITIVE_LENGTH_MEASURE(0.1),#8228);
#9958 = DRAUGHTING_PRE_DEFINED_CURVE_FONT('continuous');
#9959 = STYLED_ITEM('color',(#9960),#4992);
#9960 = PRESENTATION_STYLE_ASSIGNMENT((#9961,#9966));
#9961 = SURFACE_STYLE_USAGE(.BOTH.,#9962);
#9962 = SURFACE_SIDE_STYLE('',(#9963));
#9963 = SURFACE_STYLE_FILL_AREA(#9964);
#9964 = FILL_AREA_STYLE('',(#9965));
#9965 = FILL_AREA_STYLE_COLOUR('',#8228);
#9966 = CURVE_STYLE('',#9967,POSITIVE_LENGTH_MEASURE(0.1),#8228);
#9967 = DRAUGHTING_PRE_DEFINED_CURVE_FONT('continuous');
#9968 = STYLED_ITEM('color',(#9969),#5009);
#9969 = PRESENTATION_STYLE_ASSIGNMENT((#9970,#9975));
#9970 = SURFACE_STYLE_USAGE(.BOTH.,#9971);
#9971 = SURFACE_SIDE_STYLE('',(#9972));
#9972 = SURFACE_STYLE_FILL_AREA(#9973);
#9973 = FILL_AREA_STYLE('',(#9974));
#9974 = FILL_AREA_STYLE_COLOUR('',#8155);
#9975 = CURVE_STYLE('',#9976,POSITIVE_LENGTH_MEASURE(0.1),#8155);
#9976 = DRAUGHTING_PRE_DEFINED_CURVE_FONT('continuous');
#9977 = OVER_RIDING_STYLED_ITEM('overriding color',(#9978),#5016,#9968);
#9978 = PRESENTATION_STYLE_ASSIGNMENT((#9979,#9984));
#9979 = SURFACE_STYLE_USAGE(.BOTH.,#9980);
#9980 = SURFACE_SIDE_STYLE('',(#9981));
#9981 = SURFACE_STYLE_FILL_AREA(#9982);
#9982 = FILL_AREA_STYLE('',(#9983));
#9983 = FILL_AREA_STYLE_COLOUR('',#8228);
#9984 = CURVE_STYLE('',#9985,POSITIVE_LENGTH_MEASURE(0.1),#8228);
#9985 = DRAUGHTING_PRE_DEFINED_CURVE_FONT('continuous');
#9986 = STYLED_ITEM('color',(#9987),#5026);
#9987 = PRESENTATION_STYLE_ASSIGNMENT((#9988,#9993));
#9988 = SURFACE_STYLE_USAGE(.BOTH.,#9989);
#9989 = SURFACE_SIDE_STYLE('',(#9990));
#9990 = SURFACE_STYLE_FILL_AREA(#9991);
#9991 = FILL_AREA_STYLE('',(#9992));
#9992 = FILL_AREA_STYLE_COLOUR('',#8155);
#9993 = CURVE_STYLE('',#9994,POSITIVE_LENGTH_MEASURE(0.1),#8155);
#9994 = DRAUGHTING_PRE_DEFINED_CURVE_FONT('continuous');
#9995 = OVER_RIDING_STYLED_ITEM('overriding color',(#9996),#5031,#9986);
#9996 = PRESENTATION_STYLE_ASSIGNMENT((#9997,#10002));
#9997 = SURFACE_STYLE_USAGE(.BOTH.,#9998);
#9998 = SURFACE_SIDE_STYLE('',(#9999));
#9999 = SURFACE_STYLE_FILL_AREA(#10000);
#10000 = FILL_AREA_STYLE('',(#10001));
#10001 = FILL_AREA_STYLE_COLOUR('',#8228);
#10002 = CURVE_STYLE('',#10003,POSITIVE_LENGTH_MEASURE(0.1),#8228);
#10003 = DRAUGHTING_PRE_DEFINED_CURVE_FONT('continuous');
#10004 = STYLED_ITEM('color',(#10005),#5043);
#10005 = PRESENTATION_STYLE_ASSIGNMENT((#10006,#10011));
#10006 = SURFACE_STYLE_USAGE(.BOTH.,#10007);
#10007 = SURFACE_SIDE_STYLE('',(#10008));
#10008 = SURFACE_STYLE_FILL_AREA(#10009);
#10009 = FILL_AREA_STYLE('',(#10010));
#10010 = FILL_AREA_STYLE_COLOUR('',#8228);
#10011 = CURVE_STYLE('',#10012,POSITIVE_LENGTH_MEASURE(0.1),#8228);
#10012 = DRAUGHTING_PRE_DEFINED_CURVE_FONT('continuous');
#10013 = STYLED_ITEM('color',(#10014),#5092);
#10014 = PRESENTATION_STYLE_ASSIGNMENT((#10015,#10020));
#10015 = SURFACE_STYLE_USAGE(.BOTH.,#10016);
#10016 = SURFACE_SIDE_STYLE('',(#10017));
#10017 = SURFACE_STYLE_FILL_AREA(#10018);
#10018 = FILL_AREA_STYLE('',(#10019));
#10019 = FILL_AREA_STYLE_COLOUR('',#8228);
#10020 = CURVE_STYLE('',#10021,POSITIVE_LENGTH_MEASURE(0.1),#8228);
#10021 = DRAUGHTING_PRE_DEFINED_CURVE_FONT('continuous');
#10022 = STYLED_ITEM('color',(#10023),#5116);
#10023 = PRESENTATION_STYLE_ASSIGNMENT((#10024,#10029));
#10024 = SURFACE_STYLE_USAGE(.BOTH.,#10025);
#10025 = SURFACE_SIDE_STYLE('',(#10026));
#10026 = SURFACE_STYLE_FILL_AREA(#10027);
#10027 = FILL_AREA_STYLE('',(#10028));
#10028 = FILL_AREA_STYLE_COLOUR('',#8228);
#10029 = CURVE_STYLE('',#10030,POSITIVE_LENGTH_MEASURE(0.1),#8228);
#10030 = DRAUGHTING_PRE_DEFINED_CURVE_FONT('continuous');
#10031 = STYLED_ITEM('color',(#10032),#5158);
#10032 = PRESENTATION_STYLE_ASSIGNMENT((#10033,#10038));
#10033 = SURFACE_STYLE_USAGE(.BOTH.,#10034);
#10034 = SURFACE_SIDE_STYLE('',(#10035));
#10035 = SURFACE_STYLE_FILL_AREA(#10036);
#10036 = FILL_AREA_STYLE('',(#10037));
#10037 = FILL_AREA_STYLE_COLOUR('',#8228);
#10038 = CURVE_STYLE('',#10039,POSITIVE_LENGTH_MEASURE(0.1),#8228);
#10039 = DRAUGHTING_PRE_DEFINED_CURVE_FONT('continuous');
#10040 = STYLED_ITEM('color',(#10041),#5175);
#10041 = PRESENTATION_STYLE_ASSIGNMENT((#10042,#10047));
#10042 = SURFACE_STYLE_USAGE(.BOTH.,#10043);
#10043 = SURFACE_SIDE_STYLE('',(#10044));
#10044 = SURFACE_STYLE_FILL_AREA(#10045);
#10045 = FILL_AREA_STYLE('',(#10046));
#10046 = FILL_AREA_STYLE_COLOUR('',#8155);
#10047 = CURVE_STYLE('',#10048,POSITIVE_LENGTH_MEASURE(0.1),#8155);
#10048 = DRAUGHTING_PRE_DEFINED_CURVE_FONT('continuous');
#10049 = OVER_RIDING_STYLED_ITEM('overriding color',(#10050),#5182,
  #10040);
#10050 = PRESENTATION_STYLE_ASSIGNMENT((#10051,#10056));
#10051 = SURFACE_STYLE_USAGE(.BOTH.,#10052);
#10052 = SURFACE_SIDE_STYLE('',(#10053));
#10053 = SURFACE_STYLE_FILL_AREA(#10054);
#10054 = FILL_AREA_STYLE('',(#10055));
#10055 = FILL_AREA_STYLE_COLOUR('',#8228);
#10056 = CURVE_STYLE('',#10057,POSITIVE_LENGTH_MEASURE(0.1),#8228);
#10057 = DRAUGHTING_PRE_DEFINED_CURVE_FONT('continuous');
#10058 = STYLED_ITEM('color',(#10059),#5192);
#10059 = PRESENTATION_STYLE_ASSIGNMENT((#10060,#10065));
#10060 = SURFACE_STYLE_USAGE(.BOTH.,#10061);
#10061 = SURFACE_SIDE_STYLE('',(#10062));
#10062 = SURFACE_STYLE_FILL_AREA(#10063);
#10063 = FILL_AREA_STYLE('',(#10064));
#10064 = FILL_AREA_STYLE_COLOUR('',#8155);
#10065 = CURVE_STYLE('',#10066,POSITIVE_LENGTH_MEASURE(0.1),#8155);
#10066 = DRAUGHTING_PRE_DEFINED_CURVE_FONT('continuous');
#10067 = OVER_RIDING_STYLED_ITEM('overriding color',(#10068),#5197,
  #10058);
#10068 = PRESENTATION_STYLE_ASSIGNMENT((#10069,#10074));
#10069 = SURFACE_STYLE_USAGE(.BOTH.,#10070);
#10070 = SURFACE_SIDE_STYLE('',(#10071));
#10071 = SURFACE_STYLE_FILL_AREA(#10072);
#10072 = FILL_AREA_STYLE('',(#10073));
#10073 = FILL_AREA_STYLE_COLOUR('',#8228);
#10074 = CURVE_STYLE('',#10075,POSITIVE_LENGTH_MEASURE(0.1),#8228);
#10075 = DRAUGHTING_PRE_DEFINED_CURVE_FONT('continuous');
#10076 = STYLED_ITEM('color',(#10077),#5209);
#10077 = PRESENTATION_STYLE_ASSIGNMENT((#10078,#10083));
#10078 = SURFACE_STYLE_USAGE(.BOTH.,#10079);
#10079 = SURFACE_SIDE_STYLE('',(#10080));
#10080 = SURFACE_STYLE_FILL_AREA(#10081);
#10081 = FILL_AREA_STYLE('',(#10082));
#10082 = FILL_AREA_STYLE_COLOUR('',#8228);
#10083 = CURVE_STYLE('',#10084,POSITIVE_LENGTH_MEASURE(0.1),#8228);
#10084 = DRAUGHTING_PRE_DEFINED_CURVE_FONT('continuous');
#10085 = STYLED_ITEM('color',(#10086),#5258);
#10086 = PRESENTATION_STYLE_ASSIGNMENT((#10087,#10092));
#10087 = SURFACE_STYLE_USAGE(.BOTH.,#10088);
#10088 = SURFACE_SIDE_STYLE('',(#10089));
#10089 = SURFACE_STYLE_FILL_AREA(#10090);
#10090 = FILL_AREA_STYLE('',(#10091));
#10091 = FILL_AREA_STYLE_COLOUR('',#8228);
#10092 = CURVE_STYLE('',#10093,POSITIVE_LENGTH_MEASURE(0.1),#8228);
#10093 = DRAUGHTING_PRE_DEFINED_CURVE_FONT('continuous');
#10094 = STYLED_ITEM('color',(#10095),#5282);
#10095 = PRESENTATION_STYLE_ASSIGNMENT((#10096,#10101));
#10096 = SURFACE_STYLE_USAGE(.BOTH.,#10097);
#10097 = SURFACE_SIDE_STYLE('',(#10098));
#10098 = SURFACE_STYLE_FILL_AREA(#10099);
#10099 = FILL_AREA_STYLE('',(#10100));
#10100 = FILL_AREA_STYLE_COLOUR('',#8228);
#10101 = CURVE_STYLE('',#10102,POSITIVE_LENGTH_MEASURE(0.1),#8228);
#10102 = DRAUGHTING_PRE_DEFINED_CURVE_FONT('continuous');
#10103 = STYLED_ITEM('color',(#10104),#5324);
#10104 = PRESENTATION_STYLE_ASSIGNMENT((#10105,#10110));
#10105 = SURFACE_STYLE_USAGE(.BOTH.,#10106);
#10106 = SURFACE_SIDE_STYLE('',(#10107));
#10107 = SURFACE_STYLE_FILL_AREA(#10108);
#10108 = FILL_AREA_STYLE('',(#10109));
#10109 = FILL_AREA_STYLE_COLOUR('',#8228);
#10110 = CURVE_STYLE('',#10111,POSITIVE_LENGTH_MEASURE(0.1),#8228);
#10111 = DRAUGHTING_PRE_DEFINED_CURVE_FONT('continuous');
#10112 = STYLED_ITEM('color',(#10113),#5341);
#10113 = PRESENTATION_STYLE_ASSIGNMENT((#10114,#10119));
#10114 = SURFACE_STYLE_USAGE(.BOTH.,#10115);
#10115 = SURFACE_SIDE_STYLE('',(#10116));
#10116 = SURFACE_STYLE_FILL_AREA(#10117);
#10117 = FILL_AREA_STYLE('',(#10118));
#10118 = FILL_AREA_STYLE_COLOUR('',#8155);
#10119 = CURVE_STYLE('',#10120,POSITIVE_LENGTH_MEASURE(0.1),#8155);
#10120 = DRAUGHTING_PRE_DEFINED_CURVE_FONT('continuous');
#10121 = OVER_RIDING_STYLED_ITEM('overriding color',(#10122),#5348,
  #10112);
#10122 = PRESENTATION_STYLE_ASSIGNMENT((#10123,#10128));
#10123 = SURFACE_STYLE_USAGE(.BOTH.,#10124);
#10124 = SURFACE_SIDE_STYLE('',(#10125));
#10125 = SURFACE_STYLE_FILL_AREA(#10126);
#10126 = FILL_AREA_STYLE('',(#10127));
#10127 = FILL_AREA_STYLE_COLOUR('',#8228);
#10128 = CURVE_STYLE('',#10129,POSITIVE_LENGTH_MEASURE(0.1),#8228);
#10129 = DRAUGHTING_PRE_DEFINED_CURVE_FONT('continuous');
#10130 = STYLED_ITEM('color',(#10131),#5358);
#10131 = PRESENTATION_STYLE_ASSIGNMENT((#10132,#10137));
#10132 = SURFACE_STYLE_USAGE(.BOTH.,#10133);
#10133 = SURFACE_SIDE_STYLE('',(#10134));
#10134 = SURFACE_STYLE_FILL_AREA(#10135);
#10135 = FILL_AREA_STYLE('',(#10136));
#10136 = FILL_AREA_STYLE_COLOUR('',#8155);
#10137 = CURVE_STYLE('',#10138,POSITIVE_LENGTH_MEASURE(0.1),#8155);
#10138 = DRAUGHTING_PRE_DEFINED_CURVE_FONT('continuous');
#10139 = OVER_RIDING_STYLED_ITEM('overriding color',(#10140),#5363,
  #10130);
#10140 = PRESENTATION_STYLE_ASSIGNMENT((#10141,#10146));
#10141 = SURFACE_STYLE_USAGE(.BOTH.,#10142);
#10142 = SURFACE_SIDE_STYLE('',(#10143));
#10143 = SURFACE_STYLE_FILL_AREA(#10144);
#10144 = FILL_AREA_STYLE('',(#10145));
#10145 = FILL_AREA_STYLE_COLOUR('',#8228);
#10146 = CURVE_STYLE('',#10147,POSITIVE_LENGTH_MEASURE(0.1),#8228);
#10147 = DRAUGHTING_PRE_DEFINED_CURVE_FONT('continuous');
#10148 = STYLED_ITEM('color',(#10149),#5375);
#10149 = PRESENTATION_STYLE_ASSIGNMENT((#10150,#10155));
#10150 = SURFACE_STYLE_USAGE(.BOTH.,#10151);
#10151 = SURFACE_SIDE_STYLE('',(#10152));
#10152 = SURFACE_STYLE_FILL_AREA(#10153);
#10153 = FILL_AREA_STYLE('',(#10154));
#10154 = FILL_AREA_STYLE_COLOUR('',#8228);
#10155 = CURVE_STYLE('',#10156,POSITIVE_LENGTH_MEASURE(0.1),#8228);
#10156 = DRAUGHTING_PRE_DEFINED_CURVE_FONT('continuous');
#10157 = STYLED_ITEM('color',(#10158),#5424);
#10158 = PRESENTATION_STYLE_ASSIGNMENT((#10159,#10164));
#10159 = SURFACE_STYLE_USAGE(.BOTH.,#10160);
#10160 = SURFACE_SIDE_STYLE('',(#10161));
#10161 = SURFACE_STYLE_FILL_AREA(#10162);
#10162 = FILL_AREA_STYLE('',(#10163));
#10163 = FILL_AREA_STYLE_COLOUR('',#8228);
#10164 = CURVE_STYLE('',#10165,POSITIVE_LENGTH_MEASURE(0.1),#8228);
#10165 = DRAUGHTING_PRE_DEFINED_CURVE_FONT('continuous');
#10166 = STYLED_ITEM('color',(#10167),#5448);
#10167 = PRESENTATION_STYLE_ASSIGNMENT((#10168,#10173));
#10168 = SURFACE_STYLE_USAGE(.BOTH.,#10169);
#10169 = SURFACE_SIDE_STYLE('',(#10170));
#10170 = SURFACE_STYLE_FILL_AREA(#10171);
#10171 = FILL_AREA_STYLE('',(#10172));
#10172 = FILL_AREA_STYLE_COLOUR('',#8228);
#10173 = CURVE_STYLE('',#10174,POSITIVE_LENGTH_MEASURE(0.1),#8228);
#10174 = DRAUGHTING_PRE_DEFINED_CURVE_FONT('continuous');
#10175 = STYLED_ITEM('color',(#10176),#5490);
#10176 = PRESENTATION_STYLE_ASSIGNMENT((#10177,#10182));
#10177 = SURFACE_STYLE_USAGE(.BOTH.,#10178);
#10178 = SURFACE_SIDE_STYLE('',(#10179));
#10179 = SURFACE_STYLE_FILL_AREA(#10180);
#10180 = FILL_AREA_STYLE('',(#10181));
#10181 = FILL_AREA_STYLE_COLOUR('',#8228);
#10182 = CURVE_STYLE('',#10183,POSITIVE_LENGTH_MEASURE(0.1),#8228);
#10183 = DRAUGHTING_PRE_DEFINED_CURVE_FONT('continuous');
#10184 = STYLED_ITEM('color',(#10185),#5507);
#10185 = PRESENTATION_STYLE_ASSIGNMENT((#10186,#10191));
#10186 = SURFACE_STYLE_USAGE(.BOTH.,#10187);
#10187 = SURFACE_SIDE_STYLE('',(#10188));
#10188 = SURFACE_STYLE_FILL_AREA(#10189);
#10189 = FILL_AREA_STYLE('',(#10190));
#10190 = FILL_AREA_STYLE_COLOUR('',#8155);
#10191 = CURVE_STYLE('',#10192,POSITIVE_LENGTH_MEASURE(0.1),#8155);
#10192 = DRAUGHTING_PRE_DEFINED_CURVE_FONT('continuous');
#10193 = OVER_RIDING_STYLED_ITEM('overriding color',(#10194),#5514,
  #10184);
#10194 = PRESENTATION_STYLE_ASSIGNMENT((#10195,#10200));
#10195 = SURFACE_STYLE_USAGE(.BOTH.,#10196);
#10196 = SURFACE_SIDE_STYLE('',(#10197));
#10197 = SURFACE_STYLE_FILL_AREA(#10198);
#10198 = FILL_AREA_STYLE('',(#10199));
#10199 = FILL_AREA_STYLE_COLOUR('',#8228);
#10200 = CURVE_STYLE('',#10201,POSITIVE_LENGTH_MEASURE(0.1),#8228);
#10201 = DRAUGHTING_PRE_DEFINED_CURVE_FONT('continuous');
#10202 = STYLED_ITEM('color',(#10203),#5524);
#10203 = PRESENTATION_STYLE_ASSIGNMENT((#10204,#10209));
#10204 = SURFACE_STYLE_USAGE(.BOTH.,#10205);
#10205 = SURFACE_SIDE_STYLE('',(#10206));
#10206 = SURFACE_STYLE_FILL_AREA(#10207);
#10207 = FILL_AREA_STYLE('',(#10208));
#10208 = FILL_AREA_STYLE_COLOUR('',#8155);
#10209 = CURVE_STYLE('',#10210,POSITIVE_LENGTH_MEASURE(0.1),#8155);
#10210 = DRAUGHTING_PRE_DEFINED_CURVE_FONT('continuous');
#10211 = OVER_RIDING_STYLED_ITEM('overriding color',(#10212),#5529,
  #10202);
#10212 = PRESENTATION_STYLE_ASSIGNMENT((#10213,#10218));
#10213 = SURFACE_STYLE_USAGE(.BOTH.,#10214);
#10214 = SURFACE_SIDE_STYLE('',(#10215));
#10215 = SURFACE_STYLE_FILL_AREA(#10216);
#10216 = FILL_AREA_STYLE('',(#10217));
#10217 = FILL_AREA_STYLE_COLOUR('',#8228);
#10218 = CURVE_STYLE('',#10219,POSITIVE_LENGTH_MEASURE(0.1),#8228);
#10219 = DRAUGHTING_PRE_DEFINED_CURVE_FONT('continuous');
#10220 = STYLED_ITEM('color',(#10221),#5541);
#10221 = PRESENTATION_STYLE_ASSIGNMENT((#10222,#10227));
#10222 = SURFACE_STYLE_USAGE(.BOTH.,#10223);
#10223 = SURFACE_SIDE_STYLE('',(#10224));
#10224 = SURFACE_STYLE_FILL_AREA(#10225);
#10225 = FILL_AREA_STYLE('',(#10226));
#10226 = FILL_AREA_STYLE_COLOUR('',#8228);
#10227 = CURVE_STYLE('',#10228,POSITIVE_LENGTH_MEASURE(0.1),#8228);
#10228 = DRAUGHTING_PRE_DEFINED_CURVE_FONT('continuous');
#10229 = STYLED_ITEM('color',(#10230),#5590);
#10230 = PRESENTATION_STYLE_ASSIGNMENT((#10231,#10236));
#10231 = SURFACE_STYLE_USAGE(.BOTH.,#10232);
#10232 = SURFACE_SIDE_STYLE('',(#10233));
#10233 = SURFACE_STYLE_FILL_AREA(#10234);
#10234 = FILL_AREA_STYLE('',(#10235));
#10235 = FILL_AREA_STYLE_COLOUR('',#8228);
#10236 = CURVE_STYLE('',#10237,POSITIVE_LENGTH_MEASURE(0.1),#8228);
#10237 = DRAUGHTING_PRE_DEFINED_CURVE_FONT('continuous');
#10238 = STYLED_ITEM('color',(#10239),#5614);
#10239 = PRESENTATION_STYLE_ASSIGNMENT((#10240,#10245));
#10240 = SURFACE_STYLE_USAGE(.BOTH.,#10241);
#10241 = SURFACE_SIDE_STYLE('',(#10242));
#10242 = SURFACE_STYLE_FILL_AREA(#10243);
#10243 = FILL_AREA_STYLE('',(#10244));
#10244 = FILL_AREA_STYLE_COLOUR('',#8228);
#10245 = CURVE_STYLE('',#10246,POSITIVE_LENGTH_MEASURE(0.1),#8228);
#10246 = DRAUGHTING_PRE_DEFINED_CURVE_FONT('continuous');
#10247 = STYLED_ITEM('color',(#10248),#5656);
#10248 = PRESENTATION_STYLE_ASSIGNMENT((#10249,#10254));
#10249 = SURFACE_STYLE_USAGE(.BOTH.,#10250);
#10250 = SURFACE_SIDE_STYLE('',(#10251));
#10251 = SURFACE_STYLE_FILL_AREA(#10252);
#10252 = FILL_AREA_STYLE('',(#10253));
#10253 = FILL_AREA_STYLE_COLOUR('',#8228);
#10254 = CURVE_STYLE('',#10255,POSITIVE_LENGTH_MEASURE(0.1),#8228);
#10255 = DRAUGHTING_PRE_DEFINED_CURVE_FONT('continuous');
#10256 = STYLED_ITEM('color',(#10257),#5673);
#10257 = PRESENTATION_STYLE_ASSIGNMENT((#10258,#10263));
#10258 = SURFACE_STYLE_USAGE(.BOTH.,#10259);
#10259 = SURFACE_SIDE_STYLE('',(#10260));
#10260 = SURFACE_STYLE_FILL_AREA(#10261);
#10261 = FILL_AREA_STYLE('',(#10262));
#10262 = FILL_AREA_STYLE_COLOUR('',#8155);
#10263 = CURVE_STYLE('',#10264,POSITIVE_LENGTH_MEASURE(0.1),#8155);
#10264 = DRAUGHTING_PRE_DEFINED_CURVE_FONT('continuous');
#10265 = OVER_RIDING_STYLED_ITEM('overriding color',(#10266),#5680,
  #10256);
#10266 = PRESENTATION_STYLE_ASSIGNMENT((#10267,#10272));
#10267 = SURFACE_STYLE_USAGE(.BOTH.,#10268);
#10268 = SURFACE_SIDE_STYLE('',(#10269));
#10269 = SURFACE_STYLE_FILL_AREA(#10270);
#10270 = FILL_AREA_STYLE('',(#10271));
#10271 = FILL_AREA_STYLE_COLOUR('',#8228);
#10272 = CURVE_STYLE('',#10273,POSITIVE_LENGTH_MEASURE(0.1),#8228);
#10273 = DRAUGHTING_PRE_DEFINED_CURVE_FONT('continuous');
#10274 = STYLED_ITEM('color',(#10275),#5690);
#10275 = PRESENTATION_STYLE_ASSIGNMENT((#10276,#10281));
#10276 = SURFACE_STYLE_USAGE(.BOTH.,#10277);
#10277 = SURFACE_SIDE_STYLE('',(#10278));
#10278 = SURFACE_STYLE_FILL_AREA(#10279);
#10279 = FILL_AREA_STYLE('',(#10280));
#10280 = FILL_AREA_STYLE_COLOUR('',#8155);
#10281 = CURVE_STYLE('',#10282,POSITIVE_LENGTH_MEASURE(0.1),#8155);
#10282 = DRAUGHTING_PRE_DEFINED_CURVE_FONT('continuous');
#10283 = OVER_RIDING_STYLED_ITEM('overriding color',(#10284),#5695,
  #10274);
#10284 = PRESENTATION_STYLE_ASSIGNMENT((#10285,#10290));
#10285 = SURFACE_STYLE_USAGE(.BOTH.,#10286);
#10286 = SURFACE_SIDE_STYLE('',(#10287));
#10287 = SURFACE_STYLE_FILL_AREA(#10288);
#10288 = FILL_AREA_STYLE('',(#10289));
#10289 = FILL_AREA_STYLE_COLOUR('',#8228);
#10290 = CURVE_STYLE('',#10291,POSITIVE_LENGTH_MEASURE(0.1),#8228);
#10291 = DRAUGHTING_PRE_DEFINED_CURVE_FONT('continuous');
#10292 = STYLED_ITEM('color',(#10293),#5707);
#10293 = PRESENTATION_STYLE_ASSIGNMENT((#10294,#10299));
#10294 = SURFACE_STYLE_USAGE(.BOTH.,#10295);
#10295 = SURFACE_SIDE_STYLE('',(#10296));
#10296 = SURFACE_STYLE_FILL_AREA(#10297);
#10297 = FILL_AREA_STYLE('',(#10298));
#10298 = FILL_AREA_STYLE_COLOUR('',#8228);
#10299 = CURVE_STYLE('',#10300,POSITIVE_LENGTH_MEASURE(0.1),#8228);
#10300 = DRAUGHTING_PRE_DEFINED_CURVE_FONT('continuous');
#10301 = STYLED_ITEM('color',(#10302),#5756);
#10302 = PRESENTATION_STYLE_ASSIGNMENT((#10303,#10308));
#10303 = SURFACE_STYLE_USAGE(.BOTH.,#10304);
#10304 = SURFACE_SIDE_STYLE('',(#10305));
#10305 = SURFACE_STYLE_FILL_AREA(#10306);
#10306 = FILL_AREA_STYLE('',(#10307));
#10307 = FILL_AREA_STYLE_COLOUR('',#8228);
#10308 = CURVE_STYLE('',#10309,POSITIVE_LENGTH_MEASURE(0.1),#8228);
#10309 = DRAUGHTING_PRE_DEFINED_CURVE_FONT('continuous');
#10310 = STYLED_ITEM('color',(#10311),#5780);
#10311 = PRESENTATION_STYLE_ASSIGNMENT((#10312,#10317));
#10312 = SURFACE_STYLE_USAGE(.BOTH.,#10313);
#10313 = SURFACE_SIDE_STYLE('',(#10314));
#10314 = SURFACE_STYLE_FILL_AREA(#10315);
#10315 = FILL_AREA_STYLE('',(#10316));
#10316 = FILL_AREA_STYLE_COLOUR('',#8228);
#10317 = CURVE_STYLE('',#10318,POSITIVE_LENGTH_MEASURE(0.1),#8228);
#10318 = DRAUGHTING_PRE_DEFINED_CURVE_FONT('continuous');
#10319 = STYLED_ITEM('color',(#10320),#5822);
#10320 = PRESENTATION_STYLE_ASSIGNMENT((#10321,#10326));
#10321 = SURFACE_STYLE_USAGE(.BOTH.,#10322);
#10322 = SURFACE_SIDE_STYLE('',(#10323));
#10323 = SURFACE_STYLE_FILL_AREA(#10324);
#10324 = FILL_AREA_STYLE('',(#10325));
#10325 = FILL_AREA_STYLE_COLOUR('',#8228);
#10326 = CURVE_STYLE('',#10327,POSITIVE_LENGTH_MEASURE(0.1),#8228);
#10327 = DRAUGHTING_PRE_DEFINED_CURVE_FONT('continuous');
#10328 = STYLED_ITEM('color',(#10329),#5839);
#10329 = PRESENTATION_STYLE_ASSIGNMENT((#10330,#10335));
#10330 = SURFACE_STYLE_USAGE(.BOTH.,#10331);
#10331 = SURFACE_SIDE_STYLE('',(#10332));
#10332 = SURFACE_STYLE_FILL_AREA(#10333);
#10333 = FILL_AREA_STYLE('',(#10334));
#10334 = FILL_AREA_STYLE_COLOUR('',#8155);
#10335 = CURVE_STYLE('',#10336,POSITIVE_LENGTH_MEASURE(0.1),#8155);
#10336 = DRAUGHTING_PRE_DEFINED_CURVE_FONT('continuous');
#10337 = OVER_RIDING_STYLED_ITEM('overriding color',(#10338),#5846,
  #10328);
#10338 = PRESENTATION_STYLE_ASSIGNMENT((#10339,#10344));
#10339 = SURFACE_STYLE_USAGE(.BOTH.,#10340);
#10340 = SURFACE_SIDE_STYLE('',(#10341));
#10341 = SURFACE_STYLE_FILL_AREA(#10342);
#10342 = FILL_AREA_STYLE('',(#10343));
#10343 = FILL_AREA_STYLE_COLOUR('',#8228);
#10344 = CURVE_STYLE('',#10345,POSITIVE_LENGTH_MEASURE(0.1),#8228);
#10345 = DRAUGHTING_PRE_DEFINED_CURVE_FONT('continuous');
#10346 = STYLED_ITEM('color',(#10347),#5856);
#10347 = PRESENTATION_STYLE_ASSIGNMENT((#10348,#10353));
#10348 = SURFACE_STYLE_USAGE(.BOTH.,#10349);
#10349 = SURFACE_SIDE_STYLE('',(#10350));
#10350 = SURFACE_STYLE_FILL_AREA(#10351);
#10351 = FILL_AREA_STYLE('',(#10352));
#10352 = FILL_AREA_STYLE_COLOUR('',#8155);
#10353 = CURVE_STYLE('',#10354,POSITIVE_LENGTH_MEASURE(0.1),#8155);
#10354 = DRAUGHTING_PRE_DEFINED_CURVE_FONT('continuous');
#10355 = OVER_RIDING_STYLED_ITEM('overriding color',(#10356),#5861,
  #10346);
#10356 = PRESENTATION_STYLE_ASSIGNMENT((#10357,#10362));
#10357 = SURFACE_STYLE_USAGE(.BOTH.,#10358);
#10358 = SURFACE_SIDE_STYLE('',(#10359));
#10359 = SURFACE_STYLE_FILL_AREA(#10360);
#10360 = FILL_AREA_STYLE('',(#10361));
#10361 = FILL_AREA_STYLE_COLOUR('',#8228);
#10362 = CURVE_STYLE('',#10363,POSITIVE_LENGTH_MEASURE(0.1),#8228);
#10363 = DRAUGHTING_PRE_DEFINED_CURVE_FONT('continuous');
#10364 = STYLED_ITEM('color',(#10365),#5873);
#10365 = PRESENTATION_STYLE_ASSIGNMENT((#10366,#10371));
#10366 = SURFACE_STYLE_USAGE(.BOTH.,#10367);
#10367 = SURFACE_SIDE_STYLE('',(#10368));
#10368 = SURFACE_STYLE_FILL_AREA(#10369);
#10369 = FILL_AREA_STYLE('',(#10370));
#10370 = FILL_AREA_STYLE_COLOUR('',#8228);
#10371 = CURVE_STYLE('',#10372,POSITIVE_LENGTH_MEASURE(0.1),#8228);
#10372 = DRAUGHTING_PRE_DEFINED_CURVE_FONT('continuous');
#10373 = STYLED_ITEM('color',(#10374),#5922);
#10374 = PRESENTATION_STYLE_ASSIGNMENT((#10375,#10380));
#10375 = SURFACE_STYLE_USAGE(.BOTH.,#10376);
#10376 = SURFACE_SIDE_STYLE('',(#10377));
#10377 = SURFACE_STYLE_FILL_AREA(#10378);
#10378 = FILL_AREA_STYLE('',(#10379));
#10379 = FILL_AREA_STYLE_COLOUR('',#8228);
#10380 = CURVE_STYLE('',#10381,POSITIVE_LENGTH_MEASURE(0.1),#8228);
#10381 = DRAUGHTING_PRE_DEFINED_CURVE_FONT('continuous');
#10382 = STYLED_ITEM('color',(#10383),#5946);
#10383 = PRESENTATION_STYLE_ASSIGNMENT((#10384,#10389));
#10384 = SURFACE_STYLE_USAGE(.BOTH.,#10385);
#10385 = SURFACE_SIDE_STYLE('',(#10386));
#10386 = SURFACE_STYLE_FILL_AREA(#10387);
#10387 = FILL_AREA_STYLE('',(#10388));
#10388 = FILL_AREA_STYLE_COLOUR('',#8228);
#10389 = CURVE_STYLE('',#10390,POSITIVE_LENGTH_MEASURE(0.1),#8228);
#10390 = DRAUGHTING_PRE_DEFINED_CURVE_FONT('continuous');
#10391 = STYLED_ITEM('color',(#10392),#5988);
#10392 = PRESENTATION_STYLE_ASSIGNMENT((#10393,#10398));
#10393 = SURFACE_STYLE_USAGE(.BOTH.,#10394);
#10394 = SURFACE_SIDE_STYLE('',(#10395));
#10395 = SURFACE_STYLE_FILL_AREA(#10396);
#10396 = FILL_AREA_STYLE('',(#10397));
#10397 = FILL_AREA_STYLE_COLOUR('',#8228);
#10398 = CURVE_STYLE('',#10399,POSITIVE_LENGTH_MEASURE(0.1),#8228);
#10399 = DRAUGHTING_PRE_DEFINED_CURVE_FONT('continuous');
#10400 = STYLED_ITEM('color',(#10401),#6005);
#10401 = PRESENTATION_STYLE_ASSIGNMENT((#10402,#10407));
#10402 = SURFACE_STYLE_USAGE(.BOTH.,#10403);
#10403 = SURFACE_SIDE_STYLE('',(#10404));
#10404 = SURFACE_STYLE_FILL_AREA(#10405);
#10405 = FILL_AREA_STYLE('',(#10406));
#10406 = FILL_AREA_STYLE_COLOUR('',#8155);
#10407 = CURVE_STYLE('',#10408,POSITIVE_LENGTH_MEASURE(0.1),#8155);
#10408 = DRAUGHTING_PRE_DEFINED_CURVE_FONT('continuous');
#10409 = OVER_RIDING_STYLED_ITEM('overriding color',(#10410),#6012,
  #10400);
#10410 = PRESENTATION_STYLE_ASSIGNMENT((#10411,#10416));
#10411 = SURFACE_STYLE_USAGE(.BOTH.,#10412);
#10412 = SURFACE_SIDE_STYLE('',(#10413));
#10413 = SURFACE_STYLE_FILL_AREA(#10414);
#10414 = FILL_AREA_STYLE('',(#10415));
#10415 = FILL_AREA_STYLE_COLOUR('',#8228);
#10416 = CURVE_STYLE('',#10417,POSITIVE_LENGTH_MEASURE(0.1),#8228);
#10417 = DRAUGHTING_PRE_DEFINED_CURVE_FONT('continuous');
#10418 = STYLED_ITEM('color',(#10419),#6022);
#10419 = PRESENTATION_STYLE_ASSIGNMENT((#10420,#10425));
#10420 = SURFACE_STYLE_USAGE(.BOTH.,#10421);
#10421 = SURFACE_SIDE_STYLE('',(#10422));
#10422 = SURFACE_STYLE_FILL_AREA(#10423);
#10423 = FILL_AREA_STYLE('',(#10424));
#10424 = FILL_AREA_STYLE_COLOUR('',#8155);
#10425 = CURVE_STYLE('',#10426,POSITIVE_LENGTH_MEASURE(0.1),#8155);
#10426 = DRAUGHTING_PRE_DEFINED_CURVE_FONT('continuous');
#10427 = OVER_RIDING_STYLED_ITEM('overriding color',(#10428),#6027,
  #10418);
#10428 = PRESENTATION_STYLE_ASSIGNMENT((#10429,#10434));
#10429 = SURFACE_STYLE_USAGE(.BOTH.,#10430);
#10430 = SURFACE_SIDE_STYLE('',(#10431));
#10431 = SURFACE_STYLE_FILL_AREA(#10432);
#10432 = FILL_AREA_STYLE('',(#10433));
#10433 = FILL_AREA_STYLE_COLOUR('',#8228);
#10434 = CURVE_STYLE('',#10435,POSITIVE_LENGTH_MEASURE(0.1),#8228);
#10435 = DRAUGHTING_PRE_DEFINED_CURVE_FONT('continuous');
#10436 = STYLED_ITEM('color',(#10437),#6039);
#10437 = PRESENTATION_STYLE_ASSIGNMENT((#10438,#10443));
#10438 = SURFACE_STYLE_USAGE(.BOTH.,#10439);
#10439 = SURFACE_SIDE_STYLE('',(#10440));
#10440 = SURFACE_STYLE_FILL_AREA(#10441);
#10441 = FILL_AREA_STYLE('',(#10442));
#10442 = FILL_AREA_STYLE_COLOUR('',#8228);
#10443 = CURVE_STYLE('',#10444,POSITIVE_LENGTH_MEASURE(0.1),#8228);
#10444 = DRAUGHTING_PRE_DEFINED_CURVE_FONT('continuous');
#10445 = STYLED_ITEM('color',(#10446),#6088);
#10446 = PRESENTATION_STYLE_ASSIGNMENT((#10447,#10452));
#10447 = SURFACE_STYLE_USAGE(.BOTH.,#10448);
#10448 = SURFACE_SIDE_STYLE('',(#10449));
#10449 = SURFACE_STYLE_FILL_AREA(#10450);
#10450 = FILL_AREA_STYLE('',(#10451));
#10451 = FILL_AREA_STYLE_COLOUR('',#8228);
#10452 = CURVE_STYLE('',#10453,POSITIVE_LENGTH_MEASURE(0.1),#8228);
#10453 = DRAUGHTING_PRE_DEFINED_CURVE_FONT('continuous');
#10454 = STYLED_ITEM('color',(#10455),#6112);
#10455 = PRESENTATION_STYLE_ASSIGNMENT((#10456,#10461));
#10456 = SURFACE_STYLE_USAGE(.BOTH.,#10457);
#10457 = SURFACE_SIDE_STYLE('',(#10458));
#10458 = SURFACE_STYLE_FILL_AREA(#10459);
#10459 = FILL_AREA_STYLE('',(#10460));
#10460 = FILL_AREA_STYLE_COLOUR('',#8228);
#10461 = CURVE_STYLE('',#10462,POSITIVE_LENGTH_MEASURE(0.1),#8228);
#10462 = DRAUGHTING_PRE_DEFINED_CURVE_FONT('continuous');
#10463 = STYLED_ITEM('color',(#10464),#6154);
#10464 = PRESENTATION_STYLE_ASSIGNMENT((#10465,#10470));
#10465 = SURFACE_STYLE_USAGE(.BOTH.,#10466);
#10466 = SURFACE_SIDE_STYLE('',(#10467));
#10467 = SURFACE_STYLE_FILL_AREA(#10468);
#10468 = FILL_AREA_STYLE('',(#10469));
#10469 = FILL_AREA_STYLE_COLOUR('',#8228);
#10470 = CURVE_STYLE('',#10471,POSITIVE_LENGTH_MEASURE(0.1),#8228);
#10471 = DRAUGHTING_PRE_DEFINED_CURVE_FONT('continuous');
#10472 = STYLED_ITEM('color',(#10473),#6171);
#10473 = PRESENTATION_STYLE_ASSIGNMENT((#10474,#10479));
#10474 = SURFACE_STYLE_USAGE(.BOTH.,#10475);
#10475 = SURFACE_SIDE_STYLE('',(#10476));
#10476 = SURFACE_STYLE_FILL_AREA(#10477);
#10477 = FILL_AREA_STYLE('',(#10478));
#10478 = FILL_AREA_STYLE_COLOUR('',#8228);
#10479 = CURVE_STYLE('',#10480,POSITIVE_LENGTH_MEASURE(0.1),#8228);
#10480 = DRAUGHTING_PRE_DEFINED_CURVE_FONT('continuous');
#10481 = STYLED_ITEM('color',(#10482),#6188);
#10482 = PRESENTATION_STYLE_ASSIGNMENT((#10483,#10488));
#10483 = SURFACE_STYLE_USAGE(.BOTH.,#10484);
#10484 = SURFACE_SIDE_STYLE('',(#10485));
#10485 = SURFACE_STYLE_FILL_AREA(#10486);
#10486 = FILL_AREA_STYLE('',(#10487));
#10487 = FILL_AREA_STYLE_COLOUR('',#8228);
#10488 = CURVE_STYLE('',#10489,POSITIVE_LENGTH_MEASURE(0.1),#8228);
#10489 = DRAUGHTING_PRE_DEFINED_CURVE_FONT('continuous');
#10490 = STYLED_ITEM('color',(#10491),#6205);
#10491 = PRESENTATION_STYLE_ASSIGNMENT((#10492,#10497));
#10492 = SURFACE_STYLE_USAGE(.BOTH.,#10493);
#10493 = SURFACE_SIDE_STYLE('',(#10494));
#10494 = SURFACE_STYLE_FILL_AREA(#10495);
#10495 = FILL_AREA_STYLE('',(#10496));
#10496 = FILL_AREA_STYLE_COLOUR('',#8228);
#10497 = CURVE_STYLE('',#10498,POSITIVE_LENGTH_MEASURE(0.1),#8228);
#10498 = DRAUGHTING_PRE_DEFINED_CURVE_FONT('continuous');
#10499 = STYLED_ITEM('color',(#10500),#6217);
#10500 = PRESENTATION_STYLE_ASSIGNMENT((#10501,#10506));
#10501 = SURFACE_STYLE_USAGE(.BOTH.,#10502);
#10502 = SURFACE_SIDE_STYLE('',(#10503));
#10503 = SURFACE_STYLE_FILL_AREA(#10504);
#10504 = FILL_AREA_STYLE('',(#10505));
#10505 = FILL_AREA_STYLE_COLOUR('',#8228);
#10506 = CURVE_STYLE('',#10507,POSITIVE_LENGTH_MEASURE(0.1),#8228);
#10507 = DRAUGHTING_PRE_DEFINED_CURVE_FONT('continuous');
#10508 = STYLED_ITEM('color',(#10509),#6234);
#10509 = PRESENTATION_STYLE_ASSIGNMENT((#10510,#10515));
#10510 = SURFACE_STYLE_USAGE(.BOTH.,#10511);
#10511 = SURFACE_SIDE_STYLE('',(#10512));
#10512 = SURFACE_STYLE_FILL_AREA(#10513);
#10513 = FILL_AREA_STYLE('',(#10514));
#10514 = FILL_AREA_STYLE_COLOUR('',#8228);
#10515 = CURVE_STYLE('',#10516,POSITIVE_LENGTH_MEASURE(0.1),#8228);
#10516 = DRAUGHTING_PRE_DEFINED_CURVE_FONT('continuous');
#10517 = STYLED_ITEM('color',(#10518),#6251);
#10518 = PRESENTATION_STYLE_ASSIGNMENT((#10519,#10524));
#10519 = SURFACE_STYLE_USAGE(.BOTH.,#10520);
#10520 = SURFACE_SIDE_STYLE('',(#10521));
#10521 = SURFACE_STYLE_FILL_AREA(#10522);
#10522 = FILL_AREA_STYLE('',(#10523));
#10523 = FILL_AREA_STYLE_COLOUR('',#8228);
#10524 = CURVE_STYLE('',#10525,POSITIVE_LENGTH_MEASURE(0.1),#8228);
#10525 = DRAUGHTING_PRE_DEFINED_CURVE_FONT('continuous');
#10526 = STYLED_ITEM('color',(#10527),#6263);
#10527 = PRESENTATION_STYLE_ASSIGNMENT((#10528,#10533));
#10528 = SURFACE_STYLE_USAGE(.BOTH.,#10529);
#10529 = SURFACE_SIDE_STYLE('',(#10530));
#10530 = SURFACE_STYLE_FILL_AREA(#10531);
#10531 = FILL_AREA_STYLE('',(#10532));
#10532 = FILL_AREA_STYLE_COLOUR('',#8228);
#10533 = CURVE_STYLE('',#10534,POSITIVE_LENGTH_MEASURE(0.1),#8228);
#10534 = DRAUGHTING_PRE_DEFINED_CURVE_FONT('continuous');
#10535 = STYLED_ITEM('color',(#10536),#6280);
#10536 = PRESENTATION_STYLE_ASSIGNMENT((#10537,#10542));
#10537 = SURFACE_STYLE_USAGE(.BOTH.,#10538);
#10538 = SURFACE_SIDE_STYLE('',(#10539));
#10539 = SURFACE_STYLE_FILL_AREA(#10540);
#10540 = FILL_AREA_STYLE('',(#10541));
#10541 = FILL_AREA_STYLE_COLOUR('',#8228);
#10542 = CURVE_STYLE('',#10543,POSITIVE_LENGTH_MEASURE(0.1),#8228);
#10543 = DRAUGHTING_PRE_DEFINED_CURVE_FONT('continuous');
#10544 = STYLED_ITEM('color',(#10545),#6297);
#10545 = PRESENTATION_STYLE_ASSIGNMENT((#10546,#10551));
#10546 = SURFACE_STYLE_USAGE(.BOTH.,#10547);
#10547 = SURFACE_SIDE_STYLE('',(#10548));
#10548 = SURFACE_STYLE_FILL_AREA(#10549);
#10549 = FILL_AREA_STYLE('',(#10550));
#10550 = FILL_AREA_STYLE_COLOUR('',#8228);
#10551 = CURVE_STYLE('',#10552,POSITIVE_LENGTH_MEASURE(0.1),#8228);
#10552 = DRAUGHTING_PRE_DEFINED_CURVE_FONT('continuous');
#10553 = STYLED_ITEM('color',(#10554),#6309);
#10554 = PRESENTATION_STYLE_ASSIGNMENT((#10555,#10560));
#10555 = SURFACE_STYLE_USAGE(.BOTH.,#10556);
#10556 = SURFACE_SIDE_STYLE('',(#10557));
#10557 = SURFACE_STYLE_FILL_AREA(#10558);
#10558 = FILL_AREA_STYLE('',(#10559));
#10559 = FILL_AREA_STYLE_COLOUR('',#8228);
#10560 = CURVE_STYLE('',#10561,POSITIVE_LENGTH_MEASURE(0.1),#8228);
#10561 = DRAUGHTING_PRE_DEFINED_CURVE_FONT('continuous');
#10562 = STYLED_ITEM('color',(#10563),#6326);
#10563 = PRESENTATION_STYLE_ASSIGNMENT((#10564,#10569));
#10564 = SURFACE_STYLE_USAGE(.BOTH.,#10565);
#10565 = SURFACE_SIDE_STYLE('',(#10566));
#10566 = SURFACE_STYLE_FILL_AREA(#10567);
#10567 = FILL_AREA_STYLE('',(#10568));
#10568 = FILL_AREA_STYLE_COLOUR('',#8228);
#10569 = CURVE_STYLE('',#10570,POSITIVE_LENGTH_MEASURE(0.1),#8228);
#10570 = DRAUGHTING_PRE_DEFINED_CURVE_FONT('continuous');
#10571 = STYLED_ITEM('color',(#10572),#6343);
#10572 = PRESENTATION_STYLE_ASSIGNMENT((#10573,#10578));
#10573 = SURFACE_STYLE_USAGE(.BOTH.,#10574);
#10574 = SURFACE_SIDE_STYLE('',(#10575));
#10575 = SURFACE_STYLE_FILL_AREA(#10576);
#10576 = FILL_AREA_STYLE('',(#10577));
#10577 = FILL_AREA_STYLE_COLOUR('',#8228);
#10578 = CURVE_STYLE('',#10579,POSITIVE_LENGTH_MEASURE(0.1),#8228);
#10579 = DRAUGHTING_PRE_DEFINED_CURVE_FONT('continuous');
#10580 = STYLED_ITEM('color',(#10581),#6355);
#10581 = PRESENTATION_STYLE_ASSIGNMENT((#10582,#10587));
#10582 = SURFACE_STYLE_USAGE(.BOTH.,#10583);
#10583 = SURFACE_SIDE_STYLE('',(#10584));
#10584 = SURFACE_STYLE_FILL_AREA(#10585);
#10585 = FILL_AREA_STYLE('',(#10586));
#10586 = FILL_AREA_STYLE_COLOUR('',#8228);
#10587 = CURVE_STYLE('',#10588,POSITIVE_LENGTH_MEASURE(0.1),#8228);
#10588 = DRAUGHTING_PRE_DEFINED_CURVE_FONT('continuous');
#10589 = STYLED_ITEM('color',(#10590),#6372);
#10590 = PRESENTATION_STYLE_ASSIGNMENT((#10591,#10596));
#10591 = SURFACE_STYLE_USAGE(.BOTH.,#10592);
#10592 = SURFACE_SIDE_STYLE('',(#10593));
#10593 = SURFACE_STYLE_FILL_AREA(#10594);
#10594 = FILL_AREA_STYLE('',(#10595));
#10595 = FILL_AREA_STYLE_COLOUR('',#8228);
#10596 = CURVE_STYLE('',#10597,POSITIVE_LENGTH_MEASURE(0.1),#8228);
#10597 = DRAUGHTING_PRE_DEFINED_CURVE_FONT('continuous');
#10598 = STYLED_ITEM('color',(#10599),#6389);
#10599 = PRESENTATION_STYLE_ASSIGNMENT((#10600,#10605));
#10600 = SURFACE_STYLE_USAGE(.BOTH.,#10601);
#10601 = SURFACE_SIDE_STYLE('',(#10602));
#10602 = SURFACE_STYLE_FILL_AREA(#10603);
#10603 = FILL_AREA_STYLE('',(#10604));
#10604 = FILL_AREA_STYLE_COLOUR('',#8228);
#10605 = CURVE_STYLE('',#10606,POSITIVE_LENGTH_MEASURE(0.1),#8228);
#10606 = DRAUGHTING_PRE_DEFINED_CURVE_FONT('continuous');
#10607 = STYLED_ITEM('color',(#10608),#6401);
#10608 = PRESENTATION_STYLE_ASSIGNMENT((#10609,#10614));
#10609 = SURFACE_STYLE_USAGE(.BOTH.,#10610);
#10610 = SURFACE_SIDE_STYLE('',(#10611));
#10611 = SURFACE_STYLE_FILL_AREA(#10612);
#10612 = FILL_AREA_STYLE('',(#10613));
#10613 = FILL_AREA_STYLE_COLOUR('',#8228);
#10614 = CURVE_STYLE('',#10615,POSITIVE_LENGTH_MEASURE(0.1),#8228);
#10615 = DRAUGHTING_PRE_DEFINED_CURVE_FONT('continuous');
#10616 = STYLED_ITEM('color',(#10617),#6418);
#10617 = PRESENTATION_STYLE_ASSIGNMENT((#10618,#10623));
#10618 = SURFACE_STYLE_USAGE(.BOTH.,#10619);
#10619 = SURFACE_SIDE_STYLE('',(#10620));
#10620 = SURFACE_STYLE_FILL_AREA(#10621);
#10621 = FILL_AREA_STYLE('',(#10622));
#10622 = FILL_AREA_STYLE_COLOUR('',#8228);
#10623 = CURVE_STYLE('',#10624,POSITIVE_LENGTH_MEASURE(0.1),#8228);
#10624 = DRAUGHTING_PRE_DEFINED_CURVE_FONT('continuous');
#10625 = STYLED_ITEM('color',(#10626),#6435);
#10626 = PRESENTATION_STYLE_ASSIGNMENT((#10627,#10632));
#10627 = SURFACE_STYLE_USAGE(.BOTH.,#10628);
#10628 = SURFACE_SIDE_STYLE('',(#10629));
#10629 = SURFACE_STYLE_FILL_AREA(#10630);
#10630 = FILL_AREA_STYLE('',(#10631));
#10631 = FILL_AREA_STYLE_COLOUR('',#8228);
#10632 = CURVE_STYLE('',#10633,POSITIVE_LENGTH_MEASURE(0.1),#8228);
#10633 = DRAUGHTING_PRE_DEFINED_CURVE_FONT('continuous');
#10634 = STYLED_ITEM('color',(#10635),#6447);
#10635 = PRESENTATION_STYLE_ASSIGNMENT((#10636,#10641));
#10636 = SURFACE_STYLE_USAGE(.BOTH.,#10637);
#10637 = SURFACE_SIDE_STYLE('',(#10638));
#10638 = SURFACE_STYLE_FILL_AREA(#10639);
#10639 = FILL_AREA_STYLE('',(#10640));
#10640 = FILL_AREA_STYLE_COLOUR('',#8228);
#10641 = CURVE_STYLE('',#10642,POSITIVE_LENGTH_MEASURE(0.1),#8228);
#10642 = DRAUGHTING_PRE_DEFINED_CURVE_FONT('continuous');
#10643 = STYLED_ITEM('color',(#10644),#6464);
#10644 = PRESENTATION_STYLE_ASSIGNMENT((#10645,#10650));
#10645 = SURFACE_STYLE_USAGE(.BOTH.,#10646);
#10646 = SURFACE_SIDE_STYLE('',(#10647));
#10647 = SURFACE_STYLE_FILL_AREA(#10648);
#10648 = FILL_AREA_STYLE('',(#10649));
#10649 = FILL_AREA_STYLE_COLOUR('',#8228);
#10650 = CURVE_STYLE('',#10651,POSITIVE_LENGTH_MEASURE(0.1),#8228);
#10651 = DRAUGHTING_PRE_DEFINED_CURVE_FONT('continuous');
#10652 = STYLED_ITEM('color',(#10653),#6481);
#10653 = PRESENTATION_STYLE_ASSIGNMENT((#10654,#10659));
#10654 = SURFACE_STYLE_USAGE(.BOTH.,#10655);
#10655 = SURFACE_SIDE_STYLE('',(#10656));
#10656 = SURFACE_STYLE_FILL_AREA(#10657);
#10657 = FILL_AREA_STYLE('',(#10658));
#10658 = FILL_AREA_STYLE_COLOUR('',#8228);
#10659 = CURVE_STYLE('',#10660,POSITIVE_LENGTH_MEASURE(0.1),#8228);
#10660 = DRAUGHTING_PRE_DEFINED_CURVE_FONT('continuous');
#10661 = STYLED_ITEM('color',(#10662),#6493);
#10662 = PRESENTATION_STYLE_ASSIGNMENT((#10663,#10668));
#10663 = SURFACE_STYLE_USAGE(.BOTH.,#10664);
#10664 = SURFACE_SIDE_STYLE('',(#10665));
#10665 = SURFACE_STYLE_FILL_AREA(#10666);
#10666 = FILL_AREA_STYLE('',(#10667));
#10667 = FILL_AREA_STYLE_COLOUR('',#8228);
#10668 = CURVE_STYLE('',#10669,POSITIVE_LENGTH_MEASURE(0.1),#8228);
#10669 = DRAUGHTING_PRE_DEFINED_CURVE_FONT('continuous');
#10670 = STYLED_ITEM('color',(#10671),#6510);
#10671 = PRESENTATION_STYLE_ASSIGNMENT((#10672,#10677));
#10672 = SURFACE_STYLE_USAGE(.BOTH.,#10673);
#10673 = SURFACE_SIDE_STYLE('',(#10674));
#10674 = SURFACE_STYLE_FILL_AREA(#10675);
#10675 = FILL_AREA_STYLE('',(#10676));
#10676 = FILL_AREA_STYLE_COLOUR('',#8228);
#10677 = CURVE_STYLE('',#10678,POSITIVE_LENGTH_MEASURE(0.1),#8228);
#10678 = DRAUGHTING_PRE_DEFINED_CURVE_FONT('continuous');
#10679 = STYLED_ITEM('color',(#10680),#6527);
#10680 = PRESENTATION_STYLE_ASSIGNMENT((#10681,#10686));
#10681 = SURFACE_STYLE_USAGE(.BOTH.,#10682);
#10682 = SURFACE_SIDE_STYLE('',(#10683));
#10683 = SURFACE_STYLE_FILL_AREA(#10684);
#10684 = FILL_AREA_STYLE('',(#10685));
#10685 = FILL_AREA_STYLE_COLOUR('',#8228);
#10686 = CURVE_STYLE('',#10687,POSITIVE_LENGTH_MEASURE(0.1),#8228);
#10687 = DRAUGHTING_PRE_DEFINED_CURVE_FONT('continuous');
ENDSEC;
END-ISO-10303-21;
