ISO-10303-21;
HEADER;
FILE_DESCRIPTION(('KiCad electronic assembly'),'2;1');
FILE_NAME('power_rail.step','2025-11-30T23:15:37',('Pcbnew'),('Kicad'),
  'Open CASCADE STEP processor 7.9','KiCad to STEP converter','Unknown'
  );
FILE_SCHEMA(('AUTOMOTIVE_DESIGN { 1 0 10303 214 1 1 1 1 }'));
ENDSEC;
DATA;
#1 = APPLICATION_PROTOCOL_DEFINITION('international standard',
  'automotive_design',2000,#2);
#2 = APPLICATION_CONTEXT(
  'core data for automotive mechanical design processes');
#3 = SHAPE_DEFINITION_REPRESENTATION(#4,#10);
#4 = PRODUCT_DEFINITION_SHAPE('','',#5);
#5 = PRODUCT_DEFINITION('design','',#6,#9);
#6 = PRODUCT_DEFINITION_FORMATION('','',#7);
#7 = PRODUCT('power_rail 1','power_rail 1','',(#8));
#8 = PRODUCT_CONTEXT('',#2,'mechanical');
#9 = PRODUCT_DEFINITION_CONTEXT('part definition',#2,'design');
#10 = SHAPE_REPRESENTATION('',(#11,#15,#19,#23,#27,#31,#35,#39,#43,#47,
    #51,#55,#59,#63),#67);
#11 = AXIS2_PLACEMENT_3D('',#12,#13,#14);
#12 = CARTESIAN_POINT('',(0.,0.,0.));
#13 = DIRECTION('',(0.,0.,1.));
#14 = DIRECTION('',(1.,0.,-0.));
#15 = AXIS2_PLACEMENT_3D('',#16,#17,#18);
#16 = CARTESIAN_POINT('',(180.46,-91.52,1.595));
#17 = DIRECTION('',(0.,-0.,1.));
#18 = DIRECTION('',(1.110223024625E-16,1.,0.));
#19 = AXIS2_PLACEMENT_3D('',#20,#21,#22);
#20 = CARTESIAN_POINT('',(154.752,-91.52,1.595));
#21 = DIRECTION('',(0.,-0.,1.));
#22 = DIRECTION('',(1.110223024625E-16,1.,0.));
#23 = AXIS2_PLACEMENT_3D('',#24,#25,#26);
#24 = CARTESIAN_POINT('',(120.975,-119.28,1.595));
#25 = DIRECTION('',(0.,0.,1.));
#26 = DIRECTION('',(-1.,1.224646799147E-16,0.));
#27 = AXIS2_PLACEMENT_3D('',#28,#29,#30);
#28 = CARTESIAN_POINT('',(167.38,-91.17,1.595));
#29 = DIRECTION('',(0.,0.,1.));
#30 = DIRECTION('',(1.,0.,0.));
#31 = AXIS2_PLACEMENT_3D('',#32,#33,#34);
#32 = CARTESIAN_POINT('',(148.785,-119.28,1.595));
#33 = DIRECTION('',(0.,0.,1.));
#34 = DIRECTION('',(-1.,1.224646799147E-16,0.));
#35 = AXIS2_PLACEMENT_3D('',#36,#37,#38);
#36 = CARTESIAN_POINT('',(134.88,-119.28,1.595));
#37 = DIRECTION('',(0.,0.,1.));
#38 = DIRECTION('',(-1.,1.224646799147E-16,0.));
#39 = AXIS2_PLACEMENT_3D('',#40,#41,#42);
#40 = CARTESIAN_POINT('',(176.595,-119.28,1.595));
#41 = DIRECTION('',(0.,0.,1.));
#42 = DIRECTION('',(-1.,1.224646799147E-16,0.));
#43 = AXIS2_PLACEMENT_3D('',#44,#45,#46);
#44 = CARTESIAN_POINT('',(131.25,-91.795,1.595));
#45 = DIRECTION('',(0.,-0.,1.));
#46 = DIRECTION('',(1.110223024625E-16,1.,0.));
#47 = AXIS2_PLACEMENT_3D('',#48,#49,#50);
#48 = CARTESIAN_POINT('',(190.5,-119.28,1.595));
#49 = DIRECTION('',(0.,0.,1.));
#50 = DIRECTION('',(-1.,1.224646799147E-16,0.));
#51 = AXIS2_PLACEMENT_3D('',#52,#53,#54);
#52 = CARTESIAN_POINT('',(162.69,-119.28,1.595));
#53 = DIRECTION('',(0.,0.,1.));
#54 = DIRECTION('',(-1.,1.224646799147E-16,0.));
#55 = AXIS2_PLACEMENT_3D('',#56,#57,#58);
#56 = CARTESIAN_POINT('',(141.63,-91.17,1.595));
#57 = DIRECTION('',(0.,0.,1.));
#58 = DIRECTION('',(1.,0.,0.));
#59 = AXIS2_PLACEMENT_3D('',#60,#61,#62);
#60 = CARTESIAN_POINT('',(118.336,-91.17,1.595));
#61 = DIRECTION('',(0.,0.,1.));
#62 = DIRECTION('',(1.,0.,0.));
#63 = AXIS2_PLACEMENT_3D('',#64,#65,#66);
#64 = CARTESIAN_POINT('',(0.,0.,0.));
#65 = DIRECTION('',(0.,0.,1.));
#66 = DIRECTION('',(1.,0.,-0.));
#67 = ( GEOMETRIC_REPRESENTATION_CONTEXT(3) 
GLOBAL_UNCERTAINTY_ASSIGNED_CONTEXT((#71)) GLOBAL_UNIT_ASSIGNED_CONTEXT(
(#68,#69,#70)) REPRESENTATION_CONTEXT('Context #1',
  '3D Context with UNIT and UNCERTAINTY') );
#68 = ( LENGTH_UNIT() NAMED_UNIT(*) SI_UNIT(.MILLI.,.METRE.) );
#69 = ( NAMED_UNIT(*) PLANE_ANGLE_UNIT() SI_UNIT($,.RADIAN.) );
#70 = ( NAMED_UNIT(*) SI_UNIT($,.STERADIAN.) SOLID_ANGLE_UNIT() );
#71 = UNCERTAINTY_MEASURE_WITH_UNIT(LENGTH_MEASURE(1.E-07),#68,
  'distance_accuracy_value','confusion accuracy');
#72 = PRODUCT_RELATED_PRODUCT_CATEGORY('part',$,(#7));
#73 = SHAPE_DEFINITION_REPRESENTATION(#74,#80);
#74 = PRODUCT_DEFINITION_SHAPE('','',#75);
#75 = PRODUCT_DEFINITION('design','',#76,#79);
#76 = PRODUCT_DEFINITION_FORMATION('','',#77);
#77 = PRODUCT('LED_D3.0mm','LED_D3.0mm','',(#78));
#78 = PRODUCT_CONTEXT('',#2,'mechanical');
#79 = PRODUCT_DEFINITION_CONTEXT('part definition',#2,'design');
#80 = ADVANCED_BREP_SHAPE_REPRESENTATION('',(#11,#81),#544);
#81 = MANIFOLD_SOLID_BREP('',#82);
#82 = CLOSED_SHELL('',(#83,#110,#155,#199,#231,#250,#328,#359,#383,#407,
    #424,#455,#479,#503,#520,#532));
#83 = ADVANCED_FACE('',(#84),#105,.T.);
#84 = FACE_BOUND('',#85,.T.);
#85 = EDGE_LOOP('',(#86,#97,#98));
#86 = ORIENTED_EDGE('',*,*,#87,.T.);
#87 = EDGE_CURVE('',#88,#90,#92,.T.);
#88 = VERTEX_POINT('',#89);
#89 = CARTESIAN_POINT('',(2.77,-1.50990331349E-15,6.8));
#90 = VERTEX_POINT('',#91);
#91 = CARTESIAN_POINT('',(1.27,-1.842970220878E-15,8.3));
#92 = CIRCLE('',#93,1.5);
#93 = AXIS2_PLACEMENT_3D('',#94,#95,#96);
#94 = CARTESIAN_POINT('',(1.27,-1.50990331349E-15,6.8));
#95 = DIRECTION('',(0.,-1.,-2.22044604925E-16));
#96 = DIRECTION('',(1.,0.,0.));
#97 = ORIENTED_EDGE('',*,*,#87,.F.);
#98 = ORIENTED_EDGE('',*,*,#99,.F.);
#99 = EDGE_CURVE('',#88,#88,#100,.T.);
#100 = CIRCLE('',#101,1.5);
#101 = AXIS2_PLACEMENT_3D('',#102,#103,#104);
#102 = CARTESIAN_POINT('',(1.27,-1.50990331349E-15,6.8));
#103 = DIRECTION('',(0.,2.22044604925E-16,-1.));
#104 = DIRECTION('',(1.,0.,0.));
#105 = SPHERICAL_SURFACE('',#106,1.5);
#106 = AXIS2_PLACEMENT_3D('',#107,#108,#109);
#107 = CARTESIAN_POINT('',(1.27,-1.50990331349E-15,6.8));
#108 = DIRECTION('',(0.,-2.22044604925E-16,1.));
#109 = DIRECTION('',(1.,0.,0.));
#110 = ADVANCED_FACE('',(#111),#150,.T.);
#111 = FACE_BOUND('',#112,.T.);
#112 = EDGE_LOOP('',(#113,#121,#122,#123,#132,#141));
#113 = ORIENTED_EDGE('',*,*,#114,.F.);
#114 = EDGE_CURVE('',#88,#115,#117,.T.);
#115 = VERTEX_POINT('',#116);
#116 = CARTESIAN_POINT('',(2.77,-8.881784197001E-16,4.));
#117 = LINE('',#118,#119);
#118 = CARTESIAN_POINT('',(2.77,-1.50990331349E-15,6.8));
#119 = VECTOR('',#120,1.);
#120 = DIRECTION('',(0.,2.22044604925E-16,-1.));
#121 = ORIENTED_EDGE('',*,*,#99,.T.);
#122 = ORIENTED_EDGE('',*,*,#114,.T.);
#123 = ORIENTED_EDGE('',*,*,#124,.F.);
#124 = EDGE_CURVE('',#125,#115,#127,.T.);
#125 = VERTEX_POINT('',#126);
#126 = CARTESIAN_POINT('',(-0.23,-1.091049232099E-15,4.));
#127 = CIRCLE('',#128,1.5);
#128 = AXIS2_PLACEMENT_3D('',#129,#130,#131);
#129 = CARTESIAN_POINT('',(1.27,-8.881784197001E-16,4.));
#130 = DIRECTION('',(0.,2.22044604925E-16,-1.));
#131 = DIRECTION('',(1.,0.,0.));
#132 = ORIENTED_EDGE('',*,*,#133,.F.);
#133 = EDGE_CURVE('',#134,#125,#136,.T.);
#134 = VERTEX_POINT('',#135);
#135 = CARTESIAN_POINT('',(-0.23,-7.823615514024E-09,4.));
#136 = CIRCLE('',#137,1.5);
#137 = AXIS2_PLACEMENT_3D('',#138,#139,#140);
#138 = CARTESIAN_POINT('',(1.27,-8.881784197001E-16,4.));
#139 = DIRECTION('',(0.,2.22044604925E-16,-1.));
#140 = DIRECTION('',(1.,0.,0.));
#141 = ORIENTED_EDGE('',*,*,#142,.F.);
#142 = EDGE_CURVE('',#115,#143,#145,.T.);
#143 = VERTEX_POINT('',#144);
#144 = CARTESIAN_POINT('',(-0.23,-7.823615514024E-09,4.));
#145 = CIRCLE('',#146,1.5);
#146 = AXIS2_PLACEMENT_3D('',#147,#148,#149);
#147 = CARTESIAN_POINT('',(1.27,-8.881784197001E-16,4.));
#148 = DIRECTION('',(0.,2.22044604925E-16,-1.));
#149 = DIRECTION('',(1.,0.,0.));
#150 = CYLINDRICAL_SURFACE('',#151,1.5);
#151 = AXIS2_PLACEMENT_3D('',#152,#153,#154);
#152 = CARTESIAN_POINT('',(1.27,-1.50990331349E-15,6.8));
#153 = DIRECTION('',(0.,2.22044604925E-16,-1.));
#154 = DIRECTION('',(1.,0.,0.));
#155 = ADVANCED_FACE('',(#156,#189),#194,.F.);
#156 = FACE_BOUND('',#157,.F.);
#157 = EDGE_LOOP('',(#158,#169,#175,#183));
#158 = ORIENTED_EDGE('',*,*,#159,.F.);
#159 = EDGE_CURVE('',#160,#162,#164,.T.);
#160 = VERTEX_POINT('',#161);
#161 = CARTESIAN_POINT('',(-0.23,-1.16619037897,4.));
#162 = VERTEX_POINT('',#163);
#163 = CARTESIAN_POINT('',(-0.23,1.16619037897,4.));
#164 = CIRCLE('',#165,1.9);
#165 = AXIS2_PLACEMENT_3D('',#166,#167,#168);
#166 = CARTESIAN_POINT('',(1.27,0.,4.));
#167 = DIRECTION('',(0.,0.,1.));
#168 = DIRECTION('',(1.,0.,-0.));
#169 = ORIENTED_EDGE('',*,*,#170,.T.);
#170 = EDGE_CURVE('',#160,#134,#171,.T.);
#171 = LINE('',#172,#173);
#172 = CARTESIAN_POINT('',(-0.23,-1.16619037897,4.));
#173 = VECTOR('',#174,1.);
#174 = DIRECTION('',(0.,1.,0.));
#175 = ORIENTED_EDGE('',*,*,#176,.T.);
#176 = EDGE_CURVE('',#134,#177,#179,.T.);
#177 = VERTEX_POINT('',#178);
#178 = CARTESIAN_POINT('',(-0.23,-1.091049232099E-15,4.));
#179 = LINE('',#180,#181);
#180 = CARTESIAN_POINT('',(-0.23,-1.16619037897,4.));
#181 = VECTOR('',#182,1.);
#182 = DIRECTION('',(0.,1.,0.));
#183 = ORIENTED_EDGE('',*,*,#184,.T.);
#184 = EDGE_CURVE('',#177,#162,#185,.T.);
#185 = LINE('',#186,#187);
#186 = CARTESIAN_POINT('',(-0.23,-1.16619037897,4.));
#187 = VECTOR('',#188,1.);
#188 = DIRECTION('',(0.,1.,0.));
#189 = FACE_BOUND('',#190,.F.);
#190 = EDGE_LOOP('',(#191,#192,#193));
#191 = ORIENTED_EDGE('',*,*,#124,.F.);
#192 = ORIENTED_EDGE('',*,*,#133,.F.);
#193 = ORIENTED_EDGE('',*,*,#142,.F.);
#194 = PLANE('',#195);
#195 = AXIS2_PLACEMENT_3D('',#196,#197,#198);
#196 = CARTESIAN_POINT('',(-0.23,-1.166190378969,4.));
#197 = DIRECTION('',(0.,0.,-1.));
#198 = DIRECTION('',(-1.,0.,0.));
#199 = ADVANCED_FACE('',(#200),#226,.T.);
#200 = FACE_BOUND('',#201,.T.);
#201 = EDGE_LOOP('',(#202,#213,#219,#220));
#202 = ORIENTED_EDGE('',*,*,#203,.T.);
#203 = EDGE_CURVE('',#204,#206,#208,.T.);
#204 = VERTEX_POINT('',#205);
#205 = CARTESIAN_POINT('',(-0.23,-1.16619037897,3.));
#206 = VERTEX_POINT('',#207);
#207 = CARTESIAN_POINT('',(-0.23,1.16619037897,3.));
#208 = CIRCLE('',#209,1.9);
#209 = AXIS2_PLACEMENT_3D('',#210,#211,#212);
#210 = CARTESIAN_POINT('',(1.27,0.,3.));
#211 = DIRECTION('',(0.,0.,1.));
#212 = DIRECTION('',(1.,0.,-0.));
#213 = ORIENTED_EDGE('',*,*,#214,.T.);
#214 = EDGE_CURVE('',#206,#162,#215,.T.);
#215 = LINE('',#216,#217);
#216 = CARTESIAN_POINT('',(-0.23,1.16619037897,3.));
#217 = VECTOR('',#218,1.);
#218 = DIRECTION('',(0.,0.,1.));
#219 = ORIENTED_EDGE('',*,*,#159,.F.);
#220 = ORIENTED_EDGE('',*,*,#221,.F.);
#221 = EDGE_CURVE('',#204,#160,#222,.T.);
#222 = LINE('',#223,#224);
#223 = CARTESIAN_POINT('',(-0.23,-1.16619037897,3.));
#224 = VECTOR('',#225,1.);
#225 = DIRECTION('',(0.,0.,1.));
#226 = CYLINDRICAL_SURFACE('',#227,1.9);
#227 = AXIS2_PLACEMENT_3D('',#228,#229,#230);
#228 = CARTESIAN_POINT('',(1.27,0.,3.));
#229 = DIRECTION('',(-0.,-0.,-1.));
#230 = DIRECTION('',(1.,0.,0.));
#231 = ADVANCED_FACE('',(#232),#245,.T.);
#232 = FACE_BOUND('',#233,.T.);
#233 = EDGE_LOOP('',(#234,#235,#236,#237,#238,#239));
#234 = ORIENTED_EDGE('',*,*,#221,.T.);
#235 = ORIENTED_EDGE('',*,*,#170,.T.);
#236 = ORIENTED_EDGE('',*,*,#176,.T.);
#237 = ORIENTED_EDGE('',*,*,#184,.T.);
#238 = ORIENTED_EDGE('',*,*,#214,.F.);
#239 = ORIENTED_EDGE('',*,*,#240,.F.);
#240 = EDGE_CURVE('',#204,#206,#241,.T.);
#241 = LINE('',#242,#243);
#242 = CARTESIAN_POINT('',(-0.23,-1.16619037897,3.));
#243 = VECTOR('',#244,1.);
#244 = DIRECTION('',(0.,1.,0.));
#245 = PLANE('',#246);
#246 = AXIS2_PLACEMENT_3D('',#247,#248,#249);
#247 = CARTESIAN_POINT('',(-0.23,-1.16619037897,3.));
#248 = DIRECTION('',(-1.,0.,0.));
#249 = DIRECTION('',(0.,1.,0.));
#250 = ADVANCED_FACE('',(#251,#255,#289),#323,.T.);
#251 = FACE_BOUND('',#252,.T.);
#252 = EDGE_LOOP('',(#253,#254));
#253 = ORIENTED_EDGE('',*,*,#203,.F.);
#254 = ORIENTED_EDGE('',*,*,#240,.T.);
#255 = FACE_BOUND('',#256,.T.);
#256 = EDGE_LOOP('',(#257,#267,#275,#283));
#257 = ORIENTED_EDGE('',*,*,#258,.T.);
#258 = EDGE_CURVE('',#259,#261,#263,.T.);
#259 = VERTEX_POINT('',#260);
#260 = CARTESIAN_POINT('',(0.2,-0.2,3.));
#261 = VERTEX_POINT('',#262);
#262 = CARTESIAN_POINT('',(0.2,0.2,3.));
#263 = LINE('',#264,#265);
#264 = CARTESIAN_POINT('',(0.2,-0.483095189485,3.));
#265 = VECTOR('',#266,1.);
#266 = DIRECTION('',(0.,1.,0.));
#267 = ORIENTED_EDGE('',*,*,#268,.T.);
#268 = EDGE_CURVE('',#261,#269,#271,.T.);
#269 = VERTEX_POINT('',#270);
#270 = CARTESIAN_POINT('',(-0.2,0.2,3.));
#271 = LINE('',#272,#273);
#272 = CARTESIAN_POINT('',(-0.215,0.2,3.));
#273 = VECTOR('',#274,1.);
#274 = DIRECTION('',(-1.,-0.,-0.));
#275 = ORIENTED_EDGE('',*,*,#276,.T.);
#276 = EDGE_CURVE('',#269,#277,#279,.T.);
#277 = VERTEX_POINT('',#278);
#278 = CARTESIAN_POINT('',(-0.2,-0.2,3.));
#279 = LINE('',#280,#281);
#280 = CARTESIAN_POINT('',(-0.2,-0.683095189485,3.));
#281 = VECTOR('',#282,1.);
#282 = DIRECTION('',(0.,-1.,0.));
#283 = ORIENTED_EDGE('',*,*,#284,.T.);
#284 = EDGE_CURVE('',#277,#259,#285,.T.);
#285 = LINE('',#286,#287);
#286 = CARTESIAN_POINT('',(-1.499999999986E-02,-0.2,3.));
#287 = VECTOR('',#288,1.);
#288 = DIRECTION('',(1.,0.,0.));
#289 = FACE_BOUND('',#290,.T.);
#290 = EDGE_LOOP('',(#291,#301,#309,#317));
#291 = ORIENTED_EDGE('',*,*,#292,.T.);
#292 = EDGE_CURVE('',#293,#295,#297,.T.);
#293 = VERTEX_POINT('',#294);
#294 = CARTESIAN_POINT('',(2.74,0.2,3.));
#295 = VERTEX_POINT('',#296);
#296 = CARTESIAN_POINT('',(2.34,0.2,3.));
#297 = LINE('',#298,#299);
#298 = CARTESIAN_POINT('',(1.055,0.2,3.));
#299 = VECTOR('',#300,1.);
#300 = DIRECTION('',(-1.,-0.,-0.));
#301 = ORIENTED_EDGE('',*,*,#302,.T.);
#302 = EDGE_CURVE('',#295,#303,#305,.T.);
#303 = VERTEX_POINT('',#304);
#304 = CARTESIAN_POINT('',(2.34,-0.2,3.));
#305 = LINE('',#306,#307);
#306 = CARTESIAN_POINT('',(2.34,-0.683095189485,3.));
#307 = VECTOR('',#308,1.);
#308 = DIRECTION('',(0.,-1.,0.));
#309 = ORIENTED_EDGE('',*,*,#310,.T.);
#310 = EDGE_CURVE('',#303,#311,#313,.T.);
#311 = VERTEX_POINT('',#312);
#312 = CARTESIAN_POINT('',(2.74,-0.2,3.));
#313 = LINE('',#314,#315);
#314 = CARTESIAN_POINT('',(1.255,-0.2,3.));
#315 = VECTOR('',#316,1.);
#316 = DIRECTION('',(1.,0.,0.));
#317 = ORIENTED_EDGE('',*,*,#318,.T.);
#318 = EDGE_CURVE('',#311,#293,#319,.T.);
#319 = LINE('',#320,#321);
#320 = CARTESIAN_POINT('',(2.74,-0.483095189485,3.));
#321 = VECTOR('',#322,1.);
#322 = DIRECTION('',(0.,1.,0.));
#323 = PLANE('',#324);
#324 = AXIS2_PLACEMENT_3D('',#325,#326,#327);
#325 = CARTESIAN_POINT('',(-0.23,-1.166190378969,3.));
#326 = DIRECTION('',(0.,0.,-1.));
#327 = DIRECTION('',(-1.,0.,0.));
#328 = ADVANCED_FACE('',(#329),#354,.F.);
#329 = FACE_BOUND('',#330,.F.);
#330 = EDGE_LOOP('',(#331,#332,#340,#348));
#331 = ORIENTED_EDGE('',*,*,#258,.T.);
#332 = ORIENTED_EDGE('',*,*,#333,.T.);
#333 = EDGE_CURVE('',#261,#334,#336,.T.);
#334 = VERTEX_POINT('',#335);
#335 = CARTESIAN_POINT('',(0.2,0.2,-2.5));
#336 = LINE('',#337,#338);
#337 = CARTESIAN_POINT('',(0.2,0.2,3.5));
#338 = VECTOR('',#339,1.);
#339 = DIRECTION('',(-0.,-0.,-1.));
#340 = ORIENTED_EDGE('',*,*,#341,.T.);
#341 = EDGE_CURVE('',#334,#342,#344,.T.);
#342 = VERTEX_POINT('',#343);
#343 = CARTESIAN_POINT('',(0.2,-0.2,-2.5));
#344 = LINE('',#345,#346);
#345 = CARTESIAN_POINT('',(0.2,0.2,-2.5));
#346 = VECTOR('',#347,1.);
#347 = DIRECTION('',(0.,-1.,0.));
#348 = ORIENTED_EDGE('',*,*,#349,.F.);
#349 = EDGE_CURVE('',#259,#342,#350,.T.);
#350 = LINE('',#351,#352);
#351 = CARTESIAN_POINT('',(0.2,-0.2,3.5));
#352 = VECTOR('',#353,1.);
#353 = DIRECTION('',(-0.,-0.,-1.));
#354 = PLANE('',#355);
#355 = AXIS2_PLACEMENT_3D('',#356,#357,#358);
#356 = CARTESIAN_POINT('',(0.2,0.2,3.5));
#357 = DIRECTION('',(-1.,0.,0.));
#358 = DIRECTION('',(0.,-1.,0.));
#359 = ADVANCED_FACE('',(#360),#378,.F.);
#360 = FACE_BOUND('',#361,.F.);
#361 = EDGE_LOOP('',(#362,#363,#364,#372));
#362 = ORIENTED_EDGE('',*,*,#284,.T.);
#363 = ORIENTED_EDGE('',*,*,#349,.T.);
#364 = ORIENTED_EDGE('',*,*,#365,.T.);
#365 = EDGE_CURVE('',#342,#366,#368,.T.);
#366 = VERTEX_POINT('',#367);
#367 = CARTESIAN_POINT('',(-0.2,-0.2,-2.5));
#368 = LINE('',#369,#370);
#369 = CARTESIAN_POINT('',(0.2,-0.2,-2.5));
#370 = VECTOR('',#371,1.);
#371 = DIRECTION('',(-1.,0.,0.));
#372 = ORIENTED_EDGE('',*,*,#373,.F.);
#373 = EDGE_CURVE('',#277,#366,#374,.T.);
#374 = LINE('',#375,#376);
#375 = CARTESIAN_POINT('',(-0.2,-0.2,3.5));
#376 = VECTOR('',#377,1.);
#377 = DIRECTION('',(-0.,-0.,-1.));
#378 = PLANE('',#379);
#379 = AXIS2_PLACEMENT_3D('',#380,#381,#382);
#380 = CARTESIAN_POINT('',(0.2,-0.2,3.5));
#381 = DIRECTION('',(0.,1.,0.));
#382 = DIRECTION('',(-1.,0.,0.));
#383 = ADVANCED_FACE('',(#384),#402,.F.);
#384 = FACE_BOUND('',#385,.F.);
#385 = EDGE_LOOP('',(#386,#387,#388,#396));
#386 = ORIENTED_EDGE('',*,*,#276,.T.);
#387 = ORIENTED_EDGE('',*,*,#373,.T.);
#388 = ORIENTED_EDGE('',*,*,#389,.T.);
#389 = EDGE_CURVE('',#366,#390,#392,.T.);
#390 = VERTEX_POINT('',#391);
#391 = CARTESIAN_POINT('',(-0.2,0.2,-2.5));
#392 = LINE('',#393,#394);
#393 = CARTESIAN_POINT('',(-0.2,-0.2,-2.5));
#394 = VECTOR('',#395,1.);
#395 = DIRECTION('',(0.,1.,0.));
#396 = ORIENTED_EDGE('',*,*,#397,.F.);
#397 = EDGE_CURVE('',#269,#390,#398,.T.);
#398 = LINE('',#399,#400);
#399 = CARTESIAN_POINT('',(-0.2,0.2,3.5));
#400 = VECTOR('',#401,1.);
#401 = DIRECTION('',(-0.,-0.,-1.));
#402 = PLANE('',#403);
#403 = AXIS2_PLACEMENT_3D('',#404,#405,#406);
#404 = CARTESIAN_POINT('',(-0.2,-0.2,3.5));
#405 = DIRECTION('',(1.,0.,0.));
#406 = DIRECTION('',(-0.,1.,0.));
#407 = ADVANCED_FACE('',(#408),#419,.F.);
#408 = FACE_BOUND('',#409,.F.);
#409 = EDGE_LOOP('',(#410,#411,#412,#418));
#410 = ORIENTED_EDGE('',*,*,#268,.T.);
#411 = ORIENTED_EDGE('',*,*,#397,.T.);
#412 = ORIENTED_EDGE('',*,*,#413,.T.);
#413 = EDGE_CURVE('',#390,#334,#414,.T.);
#414 = LINE('',#415,#416);
#415 = CARTESIAN_POINT('',(-0.2,0.2,-2.5));
#416 = VECTOR('',#417,1.);
#417 = DIRECTION('',(1.,0.,0.));
#418 = ORIENTED_EDGE('',*,*,#333,.F.);
#419 = PLANE('',#420);
#420 = AXIS2_PLACEMENT_3D('',#421,#422,#423);
#421 = CARTESIAN_POINT('',(-0.2,0.2,3.5));
#422 = DIRECTION('',(0.,-1.,0.));
#423 = DIRECTION('',(1.,0.,0.));
#424 = ADVANCED_FACE('',(#425),#450,.F.);
#425 = FACE_BOUND('',#426,.F.);
#426 = EDGE_LOOP('',(#427,#428,#436,#444));
#427 = ORIENTED_EDGE('',*,*,#292,.T.);
#428 = ORIENTED_EDGE('',*,*,#429,.T.);
#429 = EDGE_CURVE('',#295,#430,#432,.T.);
#430 = VERTEX_POINT('',#431);
#431 = CARTESIAN_POINT('',(2.34,0.2,-2.5));
#432 = LINE('',#433,#434);
#433 = CARTESIAN_POINT('',(2.34,0.2,3.5));
#434 = VECTOR('',#435,1.);
#435 = DIRECTION('',(-0.,-0.,-1.));
#436 = ORIENTED_EDGE('',*,*,#437,.T.);
#437 = EDGE_CURVE('',#430,#438,#440,.T.);
#438 = VERTEX_POINT('',#439);
#439 = CARTESIAN_POINT('',(2.74,0.2,-2.5));
#440 = LINE('',#441,#442);
#441 = CARTESIAN_POINT('',(2.34,0.2,-2.5));
#442 = VECTOR('',#443,1.);
#443 = DIRECTION('',(1.,0.,0.));
#444 = ORIENTED_EDGE('',*,*,#445,.F.);
#445 = EDGE_CURVE('',#293,#438,#446,.T.);
#446 = LINE('',#447,#448);
#447 = CARTESIAN_POINT('',(2.74,0.2,3.5));
#448 = VECTOR('',#449,1.);
#449 = DIRECTION('',(-0.,-0.,-1.));
#450 = PLANE('',#451);
#451 = AXIS2_PLACEMENT_3D('',#452,#453,#454);
#452 = CARTESIAN_POINT('',(2.34,0.2,3.5));
#453 = DIRECTION('',(0.,-1.,0.));
#454 = DIRECTION('',(1.,0.,0.));
#455 = ADVANCED_FACE('',(#456),#474,.F.);
#456 = FACE_BOUND('',#457,.F.);
#457 = EDGE_LOOP('',(#458,#459,#460,#468));
#458 = ORIENTED_EDGE('',*,*,#318,.T.);
#459 = ORIENTED_EDGE('',*,*,#445,.T.);
#460 = ORIENTED_EDGE('',*,*,#461,.T.);
#461 = EDGE_CURVE('',#438,#462,#464,.T.);
#462 = VERTEX_POINT('',#463);
#463 = CARTESIAN_POINT('',(2.74,-0.2,-2.5));
#464 = LINE('',#465,#466);
#465 = CARTESIAN_POINT('',(2.74,0.2,-2.5));
#466 = VECTOR('',#467,1.);
#467 = DIRECTION('',(0.,-1.,0.));
#468 = ORIENTED_EDGE('',*,*,#469,.F.);
#469 = EDGE_CURVE('',#311,#462,#470,.T.);
#470 = LINE('',#471,#472);
#471 = CARTESIAN_POINT('',(2.74,-0.2,3.5));
#472 = VECTOR('',#473,1.);
#473 = DIRECTION('',(-0.,-0.,-1.));
#474 = PLANE('',#475);
#475 = AXIS2_PLACEMENT_3D('',#476,#477,#478);
#476 = CARTESIAN_POINT('',(2.74,0.2,3.5));
#477 = DIRECTION('',(-1.,0.,0.));
#478 = DIRECTION('',(0.,-1.,0.));
#479 = ADVANCED_FACE('',(#480),#498,.F.);
#480 = FACE_BOUND('',#481,.F.);
#481 = EDGE_LOOP('',(#482,#483,#484,#492));
#482 = ORIENTED_EDGE('',*,*,#310,.T.);
#483 = ORIENTED_EDGE('',*,*,#469,.T.);
#484 = ORIENTED_EDGE('',*,*,#485,.T.);
#485 = EDGE_CURVE('',#462,#486,#488,.T.);
#486 = VERTEX_POINT('',#487);
#487 = CARTESIAN_POINT('',(2.34,-0.2,-2.5));
#488 = LINE('',#489,#490);
#489 = CARTESIAN_POINT('',(2.74,-0.2,-2.5));
#490 = VECTOR('',#491,1.);
#491 = DIRECTION('',(-1.,0.,0.));
#492 = ORIENTED_EDGE('',*,*,#493,.F.);
#493 = EDGE_CURVE('',#303,#486,#494,.T.);
#494 = LINE('',#495,#496);
#495 = CARTESIAN_POINT('',(2.34,-0.2,3.5));
#496 = VECTOR('',#497,1.);
#497 = DIRECTION('',(-0.,-0.,-1.));
#498 = PLANE('',#499);
#499 = AXIS2_PLACEMENT_3D('',#500,#501,#502);
#500 = CARTESIAN_POINT('',(2.74,-0.2,3.5));
#501 = DIRECTION('',(0.,1.,0.));
#502 = DIRECTION('',(-1.,0.,0.));
#503 = ADVANCED_FACE('',(#504),#515,.F.);
#504 = FACE_BOUND('',#505,.F.);
#505 = EDGE_LOOP('',(#506,#507,#508,#514));
#506 = ORIENTED_EDGE('',*,*,#302,.T.);
#507 = ORIENTED_EDGE('',*,*,#493,.T.);
#508 = ORIENTED_EDGE('',*,*,#509,.T.);
#509 = EDGE_CURVE('',#486,#430,#510,.T.);
#510 = LINE('',#511,#512);
#511 = CARTESIAN_POINT('',(2.34,-0.2,-2.5));
#512 = VECTOR('',#513,1.);
#513 = DIRECTION('',(0.,1.,0.));
#514 = ORIENTED_EDGE('',*,*,#429,.F.);
#515 = PLANE('',#516);
#516 = AXIS2_PLACEMENT_3D('',#517,#518,#519);
#517 = CARTESIAN_POINT('',(2.34,-0.2,3.5));
#518 = DIRECTION('',(1.,0.,0.));
#519 = DIRECTION('',(-0.,1.,0.));
#520 = ADVANCED_FACE('',(#521),#527,.F.);
#521 = FACE_BOUND('',#522,.T.);
#522 = EDGE_LOOP('',(#523,#524,#525,#526));
#523 = ORIENTED_EDGE('',*,*,#413,.T.);
#524 = ORIENTED_EDGE('',*,*,#341,.T.);
#525 = ORIENTED_EDGE('',*,*,#365,.T.);
#526 = ORIENTED_EDGE('',*,*,#389,.T.);
#527 = PLANE('',#528);
#528 = AXIS2_PLACEMENT_3D('',#529,#530,#531);
#529 = CARTESIAN_POINT('',(-0.2,0.2,-2.5));
#530 = DIRECTION('',(0.,0.,1.));
#531 = DIRECTION('',(1.,0.,-0.));
#532 = ADVANCED_FACE('',(#533),#539,.F.);
#533 = FACE_BOUND('',#534,.T.);
#534 = EDGE_LOOP('',(#535,#536,#537,#538));
#535 = ORIENTED_EDGE('',*,*,#437,.T.);
#536 = ORIENTED_EDGE('',*,*,#461,.T.);
#537 = ORIENTED_EDGE('',*,*,#485,.T.);
#538 = ORIENTED_EDGE('',*,*,#509,.T.);
#539 = PLANE('',#540);
#540 = AXIS2_PLACEMENT_3D('',#541,#542,#543);
#541 = CARTESIAN_POINT('',(2.34,0.2,-2.5));
#542 = DIRECTION('',(0.,0.,1.));
#543 = DIRECTION('',(1.,0.,-0.));
#544 = ( GEOMETRIC_REPRESENTATION_CONTEXT(3) 
GLOBAL_UNCERTAINTY_ASSIGNED_CONTEXT((#548)) GLOBAL_UNIT_ASSIGNED_CONTEXT
((#545,#546,#547)) REPRESENTATION_CONTEXT('Context #1',
  '3D Context with UNIT and UNCERTAINTY') );
#545 = ( LENGTH_UNIT() NAMED_UNIT(*) SI_UNIT(.MILLI.,.METRE.) );
#546 = ( NAMED_UNIT(*) PLANE_ANGLE_UNIT() SI_UNIT($,.RADIAN.) );
#547 = ( NAMED_UNIT(*) SI_UNIT($,.STERADIAN.) SOLID_ANGLE_UNIT() );
#548 = UNCERTAINTY_MEASURE_WITH_UNIT(LENGTH_MEASURE(1.E-07),#545,
  'distance_accuracy_value','confusion accuracy');
#549 = CONTEXT_DEPENDENT_SHAPE_REPRESENTATION(#550,#552);
#550 = ( REPRESENTATION_RELATIONSHIP('','',#80,#10) 
REPRESENTATION_RELATIONSHIP_WITH_TRANSFORMATION(#551) 
SHAPE_REPRESENTATION_RELATIONSHIP() );
#551 = ITEM_DEFINED_TRANSFORMATION('','',#11,#15);
#552 = PRODUCT_DEFINITION_SHAPE('Placement','Placement of an item',#553
  );
#553 = NEXT_ASSEMBLY_USAGE_OCCURRENCE('1','D2','',#5,#75,$);
#554 = PRODUCT_RELATED_PRODUCT_CATEGORY('part',$,(#77));
#555 = CONTEXT_DEPENDENT_SHAPE_REPRESENTATION(#556,#558);
#556 = ( REPRESENTATION_RELATIONSHIP('','',#80,#10) 
REPRESENTATION_RELATIONSHIP_WITH_TRANSFORMATION(#557) 
SHAPE_REPRESENTATION_RELATIONSHIP() );
#557 = ITEM_DEFINED_TRANSFORMATION('','',#11,#19);
#558 = PRODUCT_DEFINITION_SHAPE('Placement','Placement of an item',#559
  );
#559 = NEXT_ASSEMBLY_USAGE_OCCURRENCE('2','D3','',#5,#75,$);
#560 = SHAPE_DEFINITION_REPRESENTATION(#561,#567);
#561 = PRODUCT_DEFINITION_SHAPE('','',#562);
#562 = PRODUCT_DEFINITION('design','',#563,#566);
#563 = PRODUCT_DEFINITION_FORMATION('','',#564);
#564 = PRODUCT('IDC-Header_2x08_P2.54mm_Vertical',
  'IDC-Header_2x08_P2.54mm_Vertical','',(#565));
#565 = PRODUCT_CONTEXT('',#2,'mechanical');
#566 = PRODUCT_DEFINITION_CONTEXT('part definition',#2,'design');
#567 = ADVANCED_BREP_SHAPE_REPRESENTATION('',(#11,#568),#9562);
#568 = MANIFOLD_SOLID_BREP('',#569);
#569 = CLOSED_SHELL('',(#570,#642,#705,#784,#824,#848,#881,#937,#1688,
    #1769,#1809,#1833,#1866,#1890,#1946,#1970,#2003,#2020,#2617,#2629,
    #2653,#2670,#2689,#2701,#2713,#2741,#2769,#2797,#2828,#2852,#2876,
    #2893,#2924,#2948,#2972,#2989,#3020,#3044,#3068,#3085,#3110,#3141,
    #3165,#3189,#3206,#3237,#3261,#3285,#3302,#3333,#3357,#3381,#3398,
    #3429,#3453,#3477,#3494,#3525,#3549,#3573,#3590,#3615,#3640,#3665,
    #3696,#3720,#3744,#3761,#3792,#3816,#3840,#3857,#3888,#3912,#3936,
    #3953,#3984,#4008,#4032,#4049,#4080,#4104,#4128,#4145,#4176,#4200,
    #4224,#4241,#4272,#4296,#4320,#4337,#4368,#4392,#4416,#4433,#4458,
    #4483,#4494,#4505,#4516,#4547,#4571,#4595,#4612,#4643,#4667,#4691,
    #4708,#4739,#4763,#4787,#4804,#4835,#4859,#4883,#4900,#4931,#4955,
    #4979,#4996,#5027,#5051,#5075,#5092,#5123,#5147,#5171,#5188,#5219,
    #5243,#5267,#5284,#5315,#5339,#5363,#5380,#5411,#5435,#5459,#5476,
    #5507,#5531,#5555,#5572,#5603,#5627,#5651,#5668,#5699,#5723,#5747,
    #5764,#5795,#5819,#5843,#5860,#5891,#5915,#5939,#5956,#5987,#6011,
    #6035,#6052,#6083,#6107,#6131,#6148,#6179,#6203,#6227,#6244,#6275,
    #6299,#6323,#6340,#6349,#6380,#6404,#6428,#6445,#6476,#6500,#6524,
    #6541,#6572,#6596,#6620,#6637,#6668,#6692,#6716,#6733,#6764,#6788,
    #6812,#6829,#6838,#6847,#6856,#6887,#6911,#6935,#6952,#6983,#7007,
    #7031,#7048,#7079,#7103,#7127,#7144,#7175,#7199,#7223,#7240,#7271,
    #7295,#7319,#7336,#7367,#7391,#7415,#7432,#7463,#7487,#7511,#7528,
    #7559,#7583,#7607,#7624,#7633,#7642,#7673,#7697,#7721,#7738,#7769,
    #7793,#7817,#7834,#7865,#7889,#7913,#7930,#7961,#7985,#8009,#8026,
    #8057,#8081,#8105,#8122,#8153,#8177,#8201,#8218,#8249,#8273,#8297,
    #8314,#8345,#8369,#8393,#8410,#8441,#8465,#8489,#8506,#8537,#8561,
    #8585,#8602,#8633,#8657,#8681,#8698,#8729,#8753,#8777,#8794,#8825,
    #8849,#8873,#8890,#8921,#8945,#8969,#8986,#9017,#9041,#9065,#9082,
    #9113,#9137,#9161,#9178,#9190,#9202,#9214,#9226,#9238,#9250,#9262,
    #9274,#9286,#9298,#9310,#9322,#9334,#9346,#9358,#9370,#9382,#9394,
    #9406,#9418,#9430,#9442,#9454,#9466,#9478,#9490,#9502,#9514,#9526,
    #9538,#9550));
#570 = ADVANCED_FACE('',(#571),#637,.T.);
#571 = FACE_BOUND('',#572,.T.);
#572 = EDGE_LOOP('',(#573,#583,#591,#599,#607,#615,#623,#631));
#573 = ORIENTED_EDGE('',*,*,#574,.F.);
#574 = EDGE_CURVE('',#575,#577,#579,.T.);
#575 = VERTEX_POINT('',#576);
#576 = CARTESIAN_POINT('',(-3.155,5.1,0.25));
#577 = VERTEX_POINT('',#578);
#578 = CARTESIAN_POINT('',(-3.155,5.1,9.1));
#579 = LINE('',#580,#581);
#580 = CARTESIAN_POINT('',(-3.155,5.1,0.25));
#581 = VECTOR('',#582,1.);
#582 = DIRECTION('',(0.,0.,1.));
#583 = ORIENTED_EDGE('',*,*,#584,.T.);
#584 = EDGE_CURVE('',#575,#585,#587,.T.);
#585 = VERTEX_POINT('',#586);
#586 = CARTESIAN_POINT('',(-3.155,-22.88,0.25));
#587 = LINE('',#588,#589);
#588 = CARTESIAN_POINT('',(-3.155,5.1,0.25));
#589 = VECTOR('',#590,1.);
#590 = DIRECTION('',(0.,-1.,0.));
#591 = ORIENTED_EDGE('',*,*,#592,.T.);
#592 = EDGE_CURVE('',#585,#593,#595,.T.);
#593 = VERTEX_POINT('',#594);
#594 = CARTESIAN_POINT('',(-3.155,-22.88,9.1));
#595 = LINE('',#596,#597);
#596 = CARTESIAN_POINT('',(-3.155,-22.88,2.6));
#597 = VECTOR('',#598,1.);
#598 = DIRECTION('',(0.,0.,1.));
#599 = ORIENTED_EDGE('',*,*,#600,.F.);
#600 = EDGE_CURVE('',#601,#593,#603,.T.);
#601 = VERTEX_POINT('',#602);
#602 = CARTESIAN_POINT('',(-3.155,-11.14,9.1));
#603 = LINE('',#604,#605);
#604 = CARTESIAN_POINT('',(-3.155,5.1,9.1));
#605 = VECTOR('',#606,1.);
#606 = DIRECTION('',(0.,-1.,0.));
#607 = ORIENTED_EDGE('',*,*,#608,.T.);
#608 = EDGE_CURVE('',#601,#609,#611,.T.);
#609 = VERTEX_POINT('',#610);
#610 = CARTESIAN_POINT('',(-3.155,-11.14,2.1));
#611 = LINE('',#612,#613);
#612 = CARTESIAN_POINT('',(-3.155,-11.14,3.3875));
#613 = VECTOR('',#614,1.);
#614 = DIRECTION('',(-5.276926138124E-32,0.,-1.));
#615 = ORIENTED_EDGE('',*,*,#616,.T.);
#616 = EDGE_CURVE('',#609,#617,#619,.T.);
#617 = VERTEX_POINT('',#618);
#618 = CARTESIAN_POINT('',(-3.155,-6.64,2.1));
#619 = LINE('',#620,#621);
#620 = CARTESIAN_POINT('',(-3.155,-8.89,2.1));
#621 = VECTOR('',#622,1.);
#622 = DIRECTION('',(3.638495064244E-49,1.,0.));
#623 = ORIENTED_EDGE('',*,*,#624,.T.);
#624 = EDGE_CURVE('',#617,#625,#627,.T.);
#625 = VERTEX_POINT('',#626);
#626 = CARTESIAN_POINT('',(-3.155,-6.64,9.1));
#627 = LINE('',#628,#629);
#628 = CARTESIAN_POINT('',(-3.155,-6.64,3.3875));
#629 = VECTOR('',#630,1.);
#630 = DIRECTION('',(5.276926138124E-32,0.,1.));
#631 = ORIENTED_EDGE('',*,*,#632,.F.);
#632 = EDGE_CURVE('',#577,#625,#633,.T.);
#633 = LINE('',#634,#635);
#634 = CARTESIAN_POINT('',(-3.155,5.1,9.1));
#635 = VECTOR('',#636,1.);
#636 = DIRECTION('',(0.,-1.,0.));
#637 = PLANE('',#638);
#638 = AXIS2_PLACEMENT_3D('',#639,#640,#641);
#639 = CARTESIAN_POINT('',(-3.155,-8.89,4.675));
#640 = DIRECTION('',(-1.,3.638495064244E-49,5.276926138124E-32));
#641 = DIRECTION('',(-5.276926138124E-32,0.,-1.));
#642 = ADVANCED_FACE('',(#643),#700,.T.);
#643 = FACE_BOUND('',#644,.T.);
#644 = EDGE_LOOP('',(#645,#655,#663,#671,#679,#687,#693,#694));
#645 = ORIENTED_EDGE('',*,*,#646,.F.);
#646 = EDGE_CURVE('',#647,#649,#651,.T.);
#647 = VERTEX_POINT('',#648);
#648 = CARTESIAN_POINT('',(5.695,5.1,0.25));
#649 = VERTEX_POINT('',#650);
#650 = CARTESIAN_POINT('',(5.695,5.1,9.1));
#651 = LINE('',#652,#653);
#652 = CARTESIAN_POINT('',(5.695,5.1,0.25));
#653 = VECTOR('',#654,1.);
#654 = DIRECTION('',(0.,0.,1.));
#655 = ORIENTED_EDGE('',*,*,#656,.T.);
#656 = EDGE_CURVE('',#647,#657,#659,.T.);
#657 = VERTEX_POINT('',#658);
#658 = CARTESIAN_POINT('',(3.02,5.1,0.25));
#659 = LINE('',#660,#661);
#660 = CARTESIAN_POINT('',(5.695,5.1,0.25));
#661 = VECTOR('',#662,1.);
#662 = DIRECTION('',(-1.,0.,0.));
#663 = ORIENTED_EDGE('',*,*,#664,.T.);
#664 = EDGE_CURVE('',#657,#665,#667,.T.);
#665 = VERTEX_POINT('',#666);
#666 = CARTESIAN_POINT('',(3.02,5.1,6.75));
#667 = LINE('',#668,#669);
#668 = CARTESIAN_POINT('',(3.02,5.1,2.4625));
#669 = VECTOR('',#670,1.);
#670 = DIRECTION('',(0.,2.127068541775E-31,1.));
#671 = ORIENTED_EDGE('',*,*,#672,.F.);
#672 = EDGE_CURVE('',#673,#665,#675,.T.);
#673 = VERTEX_POINT('',#674);
#674 = CARTESIAN_POINT('',(-0.48,5.1,6.75));
#675 = LINE('',#676,#677);
#676 = CARTESIAN_POINT('',(1.27,5.1,6.75));
#677 = VECTOR('',#678,1.);
#678 = DIRECTION('',(1.,0.,0.));
#679 = ORIENTED_EDGE('',*,*,#680,.T.);
#680 = EDGE_CURVE('',#673,#681,#683,.T.);
#681 = VERTEX_POINT('',#682);
#682 = CARTESIAN_POINT('',(-0.48,5.1,0.25));
#683 = LINE('',#684,#685);
#684 = CARTESIAN_POINT('',(-0.48,5.1,2.4625));
#685 = VECTOR('',#686,1.);
#686 = DIRECTION('',(0.,-2.127068541775E-31,-1.));
#687 = ORIENTED_EDGE('',*,*,#688,.T.);
#688 = EDGE_CURVE('',#681,#575,#689,.T.);
#689 = LINE('',#690,#691);
#690 = CARTESIAN_POINT('',(5.695,5.1,0.25));
#691 = VECTOR('',#692,1.);
#692 = DIRECTION('',(-1.,0.,0.));
#693 = ORIENTED_EDGE('',*,*,#574,.T.);
#694 = ORIENTED_EDGE('',*,*,#695,.F.);
#695 = EDGE_CURVE('',#649,#577,#696,.T.);
#696 = LINE('',#697,#698);
#697 = CARTESIAN_POINT('',(5.695,5.1,9.1));
#698 = VECTOR('',#699,1.);
#699 = DIRECTION('',(-1.,0.,0.));
#700 = PLANE('',#701);
#701 = AXIS2_PLACEMENT_3D('',#702,#703,#704);
#702 = CARTESIAN_POINT('',(1.27,5.1,4.675));
#703 = DIRECTION('',(0.,1.,-2.127068541775E-31));
#704 = DIRECTION('',(0.,2.127068541775E-31,1.));
#705 = ADVANCED_FACE('',(#706),#779,.T.);
#706 = FACE_BOUND('',#707,.T.);
#707 = EDGE_LOOP('',(#708,#709,#717,#723,#724,#725,#733,#741,#749,#757,
    #765,#773));
#708 = ORIENTED_EDGE('',*,*,#600,.T.);
#709 = ORIENTED_EDGE('',*,*,#710,.T.);
#710 = EDGE_CURVE('',#593,#711,#713,.T.);
#711 = VERTEX_POINT('',#712);
#712 = CARTESIAN_POINT('',(5.695,-22.88,9.1));
#713 = LINE('',#714,#715);
#714 = CARTESIAN_POINT('',(-3.155,-22.88,9.1));
#715 = VECTOR('',#716,1.);
#716 = DIRECTION('',(1.,0.,0.));
#717 = ORIENTED_EDGE('',*,*,#718,.T.);
#718 = EDGE_CURVE('',#711,#649,#719,.T.);
#719 = LINE('',#720,#721);
#720 = CARTESIAN_POINT('',(5.695,-22.88,9.1));
#721 = VECTOR('',#722,1.);
#722 = DIRECTION('',(0.,1.,0.));
#723 = ORIENTED_EDGE('',*,*,#695,.T.);
#724 = ORIENTED_EDGE('',*,*,#632,.T.);
#725 = ORIENTED_EDGE('',*,*,#726,.F.);
#726 = EDGE_CURVE('',#727,#625,#729,.T.);
#727 = VERTEX_POINT('',#728);
#728 = CARTESIAN_POINT('',(-1.905,-6.64,9.1));
#729 = LINE('',#730,#731);
#730 = CARTESIAN_POINT('',(-1.155,-6.64,9.1));
#731 = VECTOR('',#732,1.);
#732 = DIRECTION('',(-1.,0.,0.));
#733 = ORIENTED_EDGE('',*,*,#734,.F.);
#734 = EDGE_CURVE('',#735,#727,#737,.T.);
#735 = VERTEX_POINT('',#736);
#736 = CARTESIAN_POINT('',(-1.905,3.94,9.1));
#737 = LINE('',#738,#739);
#738 = CARTESIAN_POINT('',(-1.905,3.94,9.1));
#739 = VECTOR('',#740,1.);
#740 = DIRECTION('',(0.,-1.,0.));
#741 = ORIENTED_EDGE('',*,*,#742,.F.);
#742 = EDGE_CURVE('',#743,#735,#745,.T.);
#743 = VERTEX_POINT('',#744);
#744 = CARTESIAN_POINT('',(4.445,3.94,9.1));
#745 = LINE('',#746,#747);
#746 = CARTESIAN_POINT('',(4.445,3.94,9.1));
#747 = VECTOR('',#748,1.);
#748 = DIRECTION('',(-1.,0.,0.));
#749 = ORIENTED_EDGE('',*,*,#750,.F.);
#750 = EDGE_CURVE('',#751,#743,#753,.T.);
#751 = VERTEX_POINT('',#752);
#752 = CARTESIAN_POINT('',(4.445,-21.72,9.1));
#753 = LINE('',#754,#755);
#754 = CARTESIAN_POINT('',(4.445,-21.72,9.1));
#755 = VECTOR('',#756,1.);
#756 = DIRECTION('',(0.,1.,0.));
#757 = ORIENTED_EDGE('',*,*,#758,.F.);
#758 = EDGE_CURVE('',#759,#751,#761,.T.);
#759 = VERTEX_POINT('',#760);
#760 = CARTESIAN_POINT('',(-1.905,-21.72,9.1));
#761 = LINE('',#762,#763);
#762 = CARTESIAN_POINT('',(-1.905,-21.72,9.1));
#763 = VECTOR('',#764,1.);
#764 = DIRECTION('',(1.,0.,0.));
#765 = ORIENTED_EDGE('',*,*,#766,.F.);
#766 = EDGE_CURVE('',#767,#759,#769,.T.);
#767 = VERTEX_POINT('',#768);
#768 = CARTESIAN_POINT('',(-1.905,-11.14,9.1));
#769 = LINE('',#770,#771);
#770 = CARTESIAN_POINT('',(-1.905,3.94,9.1));
#771 = VECTOR('',#772,1.);
#772 = DIRECTION('',(0.,-1.,0.));
#773 = ORIENTED_EDGE('',*,*,#774,.F.);
#774 = EDGE_CURVE('',#601,#767,#775,.T.);
#775 = LINE('',#776,#777);
#776 = CARTESIAN_POINT('',(-5.155,-11.14,9.1));
#777 = VECTOR('',#778,1.);
#778 = DIRECTION('',(1.,0.,0.));
#779 = PLANE('',#780);
#780 = AXIS2_PLACEMENT_3D('',#781,#782,#783);
#781 = CARTESIAN_POINT('',(1.27,-8.89,9.1));
#782 = DIRECTION('',(0.,0.,1.));
#783 = DIRECTION('',(1.,0.,-0.));
#784 = ADVANCED_FACE('',(#785),#819,.T.);
#785 = FACE_BOUND('',#786,.T.);
#786 = EDGE_LOOP('',(#787,#795,#803,#811,#817,#818));
#787 = ORIENTED_EDGE('',*,*,#788,.F.);
#788 = EDGE_CURVE('',#789,#617,#791,.T.);
#789 = VERTEX_POINT('',#790);
#790 = CARTESIAN_POINT('',(-1.155,-6.64,2.1));
#791 = LINE('',#792,#793);
#792 = CARTESIAN_POINT('',(-1.155,-6.64,2.1));
#793 = VECTOR('',#794,1.);
#794 = DIRECTION('',(-1.,0.,0.));
#795 = ORIENTED_EDGE('',*,*,#796,.T.);
#796 = EDGE_CURVE('',#789,#797,#799,.T.);
#797 = VERTEX_POINT('',#798);
#798 = CARTESIAN_POINT('',(-1.155,-6.64,2.6));
#799 = LINE('',#800,#801);
#800 = CARTESIAN_POINT('',(-1.155,-6.64,2.1));
#801 = VECTOR('',#802,1.);
#802 = DIRECTION('',(0.,0.,1.));
#803 = ORIENTED_EDGE('',*,*,#804,.F.);
#804 = EDGE_CURVE('',#805,#797,#807,.T.);
#805 = VERTEX_POINT('',#806);
#806 = CARTESIAN_POINT('',(-1.905,-6.64,2.6));
#807 = LINE('',#808,#809);
#808 = CARTESIAN_POINT('',(5.75E-02,-6.64,2.6));
#809 = VECTOR('',#810,1.);
#810 = DIRECTION('',(1.,0.,0.));
#811 = ORIENTED_EDGE('',*,*,#812,.F.);
#812 = EDGE_CURVE('',#727,#805,#813,.T.);
#813 = LINE('',#814,#815);
#814 = CARTESIAN_POINT('',(-1.905,-6.64,1.175));
#815 = VECTOR('',#816,1.);
#816 = DIRECTION('',(0.,0.,-1.));
#817 = ORIENTED_EDGE('',*,*,#726,.T.);
#818 = ORIENTED_EDGE('',*,*,#624,.F.);
#819 = PLANE('',#820);
#820 = AXIS2_PLACEMENT_3D('',#821,#822,#823);
#821 = CARTESIAN_POINT('',(-1.155,-6.64,2.1));
#822 = DIRECTION('',(0.,-1.,0.));
#823 = DIRECTION('',(-1.,0.,0.));
#824 = ADVANCED_FACE('',(#825),#843,.T.);
#825 = FACE_BOUND('',#826,.T.);
#826 = EDGE_LOOP('',(#827,#828,#836,#842));
#827 = ORIENTED_EDGE('',*,*,#616,.F.);
#828 = ORIENTED_EDGE('',*,*,#829,.T.);
#829 = EDGE_CURVE('',#609,#830,#832,.T.);
#830 = VERTEX_POINT('',#831);
#831 = CARTESIAN_POINT('',(-1.155,-11.14,2.1));
#832 = LINE('',#833,#834);
#833 = CARTESIAN_POINT('',(-5.155,-11.14,2.1));
#834 = VECTOR('',#835,1.);
#835 = DIRECTION('',(1.,0.,0.));
#836 = ORIENTED_EDGE('',*,*,#837,.T.);
#837 = EDGE_CURVE('',#830,#789,#838,.T.);
#838 = LINE('',#839,#840);
#839 = CARTESIAN_POINT('',(-1.155,-11.14,2.1));
#840 = VECTOR('',#841,1.);
#841 = DIRECTION('',(0.,1.,0.));
#842 = ORIENTED_EDGE('',*,*,#788,.T.);
#843 = PLANE('',#844);
#844 = AXIS2_PLACEMENT_3D('',#845,#846,#847);
#845 = CARTESIAN_POINT('',(-3.155,-8.89,2.1));
#846 = DIRECTION('',(0.,0.,1.));
#847 = DIRECTION('',(1.,0.,-0.));
#848 = ADVANCED_FACE('',(#849),#876,.T.);
#849 = FACE_BOUND('',#850,.T.);
#850 = EDGE_LOOP('',(#851,#852,#853,#854,#862,#870));
#851 = ORIENTED_EDGE('',*,*,#829,.F.);
#852 = ORIENTED_EDGE('',*,*,#608,.F.);
#853 = ORIENTED_EDGE('',*,*,#774,.T.);
#854 = ORIENTED_EDGE('',*,*,#855,.F.);
#855 = EDGE_CURVE('',#856,#767,#858,.T.);
#856 = VERTEX_POINT('',#857);
#857 = CARTESIAN_POINT('',(-1.905,-11.14,2.6));
#858 = LINE('',#859,#860);
#859 = CARTESIAN_POINT('',(-1.905,-11.14,1.175));
#860 = VECTOR('',#861,1.);
#861 = DIRECTION('',(0.,0.,1.));
#862 = ORIENTED_EDGE('',*,*,#863,.F.);
#863 = EDGE_CURVE('',#864,#856,#866,.T.);
#864 = VERTEX_POINT('',#865);
#865 = CARTESIAN_POINT('',(-1.155,-11.14,2.6));
#866 = LINE('',#867,#868);
#867 = CARTESIAN_POINT('',(-1.9425,-11.14,2.6));
#868 = VECTOR('',#869,1.);
#869 = DIRECTION('',(-1.,0.,0.));
#870 = ORIENTED_EDGE('',*,*,#871,.F.);
#871 = EDGE_CURVE('',#830,#864,#872,.T.);
#872 = LINE('',#873,#874);
#873 = CARTESIAN_POINT('',(-1.155,-11.14,2.1));
#874 = VECTOR('',#875,1.);
#875 = DIRECTION('',(0.,0.,1.));
#876 = PLANE('',#877);
#877 = AXIS2_PLACEMENT_3D('',#878,#879,#880);
#878 = CARTESIAN_POINT('',(-5.155,-11.14,2.1));
#879 = DIRECTION('',(0.,1.,0.));
#880 = DIRECTION('',(1.,0.,0.));
#881 = ADVANCED_FACE('',(#882),#932,.T.);
#882 = FACE_BOUND('',#883,.T.);
#883 = EDGE_LOOP('',(#884,#885,#893,#901,#909,#917,#925,#931));
#884 = ORIENTED_EDGE('',*,*,#592,.F.);
#885 = ORIENTED_EDGE('',*,*,#886,.T.);
#886 = EDGE_CURVE('',#585,#887,#889,.T.);
#887 = VERTEX_POINT('',#888);
#888 = CARTESIAN_POINT('',(-0.48,-22.88,0.25));
#889 = LINE('',#890,#891);
#890 = CARTESIAN_POINT('',(-3.155,-22.88,0.25));
#891 = VECTOR('',#892,1.);
#892 = DIRECTION('',(1.,0.,0.));
#893 = ORIENTED_EDGE('',*,*,#894,.T.);
#894 = EDGE_CURVE('',#887,#895,#897,.T.);
#895 = VERTEX_POINT('',#896);
#896 = CARTESIAN_POINT('',(-0.48,-22.88,6.75));
#897 = LINE('',#898,#899);
#898 = CARTESIAN_POINT('',(-0.48,-22.88,2.4625));
#899 = VECTOR('',#900,1.);
#900 = DIRECTION('',(0.,-2.127068541775E-31,1.));
#901 = ORIENTED_EDGE('',*,*,#902,.F.);
#902 = EDGE_CURVE('',#903,#895,#905,.T.);
#903 = VERTEX_POINT('',#904);
#904 = CARTESIAN_POINT('',(3.02,-22.88,6.75));
#905 = LINE('',#906,#907);
#906 = CARTESIAN_POINT('',(1.27,-22.88,6.75));
#907 = VECTOR('',#908,1.);
#908 = DIRECTION('',(-1.,0.,0.));
#909 = ORIENTED_EDGE('',*,*,#910,.T.);
#910 = EDGE_CURVE('',#903,#911,#913,.T.);
#911 = VERTEX_POINT('',#912);
#912 = CARTESIAN_POINT('',(3.02,-22.88,0.25));
#913 = LINE('',#914,#915);
#914 = CARTESIAN_POINT('',(3.02,-22.88,2.4625));
#915 = VECTOR('',#916,1.);
#916 = DIRECTION('',(0.,2.127068541775E-31,-1.));
#917 = ORIENTED_EDGE('',*,*,#918,.T.);
#918 = EDGE_CURVE('',#911,#919,#921,.T.);
#919 = VERTEX_POINT('',#920);
#920 = CARTESIAN_POINT('',(5.695,-22.88,0.25));
#921 = LINE('',#922,#923);
#922 = CARTESIAN_POINT('',(-3.155,-22.88,0.25));
#923 = VECTOR('',#924,1.);
#924 = DIRECTION('',(1.,0.,0.));
#925 = ORIENTED_EDGE('',*,*,#926,.T.);
#926 = EDGE_CURVE('',#919,#711,#927,.T.);
#927 = LINE('',#928,#929);
#928 = CARTESIAN_POINT('',(5.695,-22.88,0.25));
#929 = VECTOR('',#930,1.);
#930 = DIRECTION('',(0.,0.,1.));
#931 = ORIENTED_EDGE('',*,*,#710,.F.);
#932 = PLANE('',#933);
#933 = AXIS2_PLACEMENT_3D('',#934,#935,#936);
#934 = CARTESIAN_POINT('',(1.27,-22.88,4.675));
#935 = DIRECTION('',(-0.,-1.,-2.127068541775E-31));
#936 = DIRECTION('',(0.,2.127068541775E-31,-1.));
#937 = ADVANCED_FACE('',(#938,#1073,#1107,#1141,#1175,#1186,#1220,#1254,
    #1288,#1322,#1356,#1367,#1378,#1389,#1423,#1457,#1491,#1525,#1559,
    #1593,#1627,#1661,#1672),#1683,.T.);
#938 = FACE_BOUND('',#939,.T.);
#939 = EDGE_LOOP('',(#940,#941,#942,#950,#958,#964,#965,#973,#982,#991,
    #999,#1008,#1017,#1025,#1034,#1043,#1049,#1050,#1058,#1066,#1072));
#940 = ORIENTED_EDGE('',*,*,#584,.F.);
#941 = ORIENTED_EDGE('',*,*,#688,.F.);
#942 = ORIENTED_EDGE('',*,*,#943,.T.);
#943 = EDGE_CURVE('',#681,#944,#946,.T.);
#944 = VERTEX_POINT('',#945);
#945 = CARTESIAN_POINT('',(-0.48,3.85,0.25));
#946 = LINE('',#947,#948);
#947 = CARTESIAN_POINT('',(-0.48,6.35,0.25));
#948 = VECTOR('',#949,1.);
#949 = DIRECTION('',(0.,-1.,0.));
#950 = ORIENTED_EDGE('',*,*,#951,.T.);
#951 = EDGE_CURVE('',#944,#952,#954,.T.);
#952 = VERTEX_POINT('',#953);
#953 = CARTESIAN_POINT('',(3.02,3.85,0.25));
#954 = LINE('',#955,#956);
#955 = CARTESIAN_POINT('',(-0.48,3.85,0.25));
#956 = VECTOR('',#957,1.);
#957 = DIRECTION('',(1.,0.,0.));
#958 = ORIENTED_EDGE('',*,*,#959,.T.);
#959 = EDGE_CURVE('',#952,#657,#960,.T.);
#960 = LINE('',#961,#962);
#961 = CARTESIAN_POINT('',(3.02,3.85,0.25));
#962 = VECTOR('',#963,1.);
#963 = DIRECTION('',(0.,1.,0.));
#964 = ORIENTED_EDGE('',*,*,#656,.F.);
#965 = ORIENTED_EDGE('',*,*,#966,.F.);
#966 = EDGE_CURVE('',#967,#647,#969,.T.);
#967 = VERTEX_POINT('',#968);
#968 = CARTESIAN_POINT('',(5.695,3.033012701892,0.25));
#969 = LINE('',#970,#971);
#970 = CARTESIAN_POINT('',(5.695,-22.88,0.25));
#971 = VECTOR('',#972,1.);
#972 = DIRECTION('',(0.,1.,0.));
#973 = ORIENTED_EDGE('',*,*,#974,.F.);
#974 = EDGE_CURVE('',#975,#967,#977,.T.);
#975 = VERTEX_POINT('',#976);
#976 = CARTESIAN_POINT('',(5.945,2.6,0.25));
#977 = CIRCLE('',#978,0.5);
#978 = AXIS2_PLACEMENT_3D('',#979,#980,#981);
#979 = CARTESIAN_POINT('',(5.445,2.6,0.25));
#980 = DIRECTION('',(0.,0.,1.));
#981 = DIRECTION('',(1.,0.,-0.));
#982 = ORIENTED_EDGE('',*,*,#983,.F.);
#983 = EDGE_CURVE('',#984,#975,#986,.T.);
#984 = VERTEX_POINT('',#985);
#985 = CARTESIAN_POINT('',(5.695,2.166987298108,0.25));
#986 = CIRCLE('',#987,0.5);
#987 = AXIS2_PLACEMENT_3D('',#988,#989,#990);
#988 = CARTESIAN_POINT('',(5.445,2.6,0.25));
#989 = DIRECTION('',(0.,0.,1.));
#990 = DIRECTION('',(1.,0.,-0.));
#991 = ORIENTED_EDGE('',*,*,#992,.F.);
#992 = EDGE_CURVE('',#993,#984,#995,.T.);
#993 = VERTEX_POINT('',#994);
#994 = CARTESIAN_POINT('',(5.695,-8.456987298108,0.25));
#995 = LINE('',#996,#997);
#996 = CARTESIAN_POINT('',(5.695,-22.88,0.25));
#997 = VECTOR('',#998,1.);
#998 = DIRECTION('',(0.,1.,0.));
#999 = ORIENTED_EDGE('',*,*,#1000,.F.);
#1000 = EDGE_CURVE('',#1001,#993,#1003,.T.);
#1001 = VERTEX_POINT('',#1002);
#1002 = CARTESIAN_POINT('',(5.945,-8.89,0.25));
#1003 = CIRCLE('',#1004,0.5);
#1004 = AXIS2_PLACEMENT_3D('',#1005,#1006,#1007);
#1005 = CARTESIAN_POINT('',(5.445,-8.89,0.25));
#1006 = DIRECTION('',(0.,0.,1.));
#1007 = DIRECTION('',(1.,0.,-0.));
#1008 = ORIENTED_EDGE('',*,*,#1009,.F.);
#1009 = EDGE_CURVE('',#1010,#1001,#1012,.T.);
#1010 = VERTEX_POINT('',#1011);
#1011 = CARTESIAN_POINT('',(5.695,-9.323012701892,0.25));
#1012 = CIRCLE('',#1013,0.5);
#1013 = AXIS2_PLACEMENT_3D('',#1014,#1015,#1016);
#1014 = CARTESIAN_POINT('',(5.445,-8.89,0.25));
#1015 = DIRECTION('',(0.,0.,1.));
#1016 = DIRECTION('',(1.,0.,-0.));
#1017 = ORIENTED_EDGE('',*,*,#1018,.F.);
#1018 = EDGE_CURVE('',#1019,#1010,#1021,.T.);
#1019 = VERTEX_POINT('',#1020);
#1020 = CARTESIAN_POINT('',(5.695,-19.9469872981,0.25));
#1021 = LINE('',#1022,#1023);
#1022 = CARTESIAN_POINT('',(5.695,-22.88,0.25));
#1023 = VECTOR('',#1024,1.);
#1024 = DIRECTION('',(0.,1.,0.));
#1025 = ORIENTED_EDGE('',*,*,#1026,.F.);
#1026 = EDGE_CURVE('',#1027,#1019,#1029,.T.);
#1027 = VERTEX_POINT('',#1028);
#1028 = CARTESIAN_POINT('',(5.945,-20.38,0.25));
#1029 = CIRCLE('',#1030,0.5);
#1030 = AXIS2_PLACEMENT_3D('',#1031,#1032,#1033);
#1031 = CARTESIAN_POINT('',(5.445,-20.38,0.25));
#1032 = DIRECTION('',(0.,0.,1.));
#1033 = DIRECTION('',(1.,0.,-0.));
#1034 = ORIENTED_EDGE('',*,*,#1035,.F.);
#1035 = EDGE_CURVE('',#1036,#1027,#1038,.T.);
#1036 = VERTEX_POINT('',#1037);
#1037 = CARTESIAN_POINT('',(5.695,-20.81301270189,0.25));
#1038 = CIRCLE('',#1039,0.5);
#1039 = AXIS2_PLACEMENT_3D('',#1040,#1041,#1042);
#1040 = CARTESIAN_POINT('',(5.445,-20.38,0.25));
#1041 = DIRECTION('',(0.,0.,1.));
#1042 = DIRECTION('',(1.,0.,-0.));
#1043 = ORIENTED_EDGE('',*,*,#1044,.F.);
#1044 = EDGE_CURVE('',#919,#1036,#1045,.T.);
#1045 = LINE('',#1046,#1047);
#1046 = CARTESIAN_POINT('',(5.695,-22.88,0.25));
#1047 = VECTOR('',#1048,1.);
#1048 = DIRECTION('',(0.,1.,0.));
#1049 = ORIENTED_EDGE('',*,*,#918,.F.);
#1050 = ORIENTED_EDGE('',*,*,#1051,.T.);
#1051 = EDGE_CURVE('',#911,#1052,#1054,.T.);
#1052 = VERTEX_POINT('',#1053);
#1053 = CARTESIAN_POINT('',(3.02,-21.63,0.25));
#1054 = LINE('',#1055,#1056);
#1055 = CARTESIAN_POINT('',(3.02,-24.13,0.25));
#1056 = VECTOR('',#1057,1.);
#1057 = DIRECTION('',(0.,1.,0.));
#1058 = ORIENTED_EDGE('',*,*,#1059,.T.);
#1059 = EDGE_CURVE('',#1052,#1060,#1062,.T.);
#1060 = VERTEX_POINT('',#1061);
#1061 = CARTESIAN_POINT('',(-0.48,-21.63,0.25));
#1062 = LINE('',#1063,#1064);
#1063 = CARTESIAN_POINT('',(3.02,-21.63,0.25));
#1064 = VECTOR('',#1065,1.);
#1065 = DIRECTION('',(-1.,0.,0.));
#1066 = ORIENTED_EDGE('',*,*,#1067,.T.);
#1067 = EDGE_CURVE('',#1060,#887,#1068,.T.);
#1068 = LINE('',#1069,#1070);
#1069 = CARTESIAN_POINT('',(-0.48,-21.63,0.25));
#1070 = VECTOR('',#1071,1.);
#1071 = DIRECTION('',(0.,-1.,0.));
#1072 = ORIENTED_EDGE('',*,*,#886,.F.);
#1073 = FACE_BOUND('',#1074,.T.);
#1074 = EDGE_LOOP('',(#1075,#1085,#1093,#1101));
#1075 = ORIENTED_EDGE('',*,*,#1076,.T.);
#1076 = EDGE_CURVE('',#1077,#1079,#1081,.T.);
#1077 = VERTEX_POINT('',#1078);
#1078 = CARTESIAN_POINT('',(-0.32,-7.3,0.25));
#1079 = VERTEX_POINT('',#1080);
#1080 = CARTESIAN_POINT('',(-0.32,-7.94,0.25));
#1081 = LINE('',#1082,#1083);
#1082 = CARTESIAN_POINT('',(-0.32,-8.095,0.25));
#1083 = VECTOR('',#1084,1.);
#1084 = DIRECTION('',(0.,-1.,0.));
#1085 = ORIENTED_EDGE('',*,*,#1086,.T.);
#1086 = EDGE_CURVE('',#1079,#1087,#1089,.T.);
#1087 = VERTEX_POINT('',#1088);
#1088 = CARTESIAN_POINT('',(0.32,-7.94,0.25));
#1089 = LINE('',#1090,#1091);
#1090 = CARTESIAN_POINT('',(0.494089958824,-7.94,0.25));
#1091 = VECTOR('',#1092,1.);
#1092 = DIRECTION('',(1.,0.,0.));
#1093 = ORIENTED_EDGE('',*,*,#1094,.T.);
#1094 = EDGE_CURVE('',#1087,#1095,#1097,.T.);
#1095 = VERTEX_POINT('',#1096);
#1096 = CARTESIAN_POINT('',(0.32,-7.3,0.25));
#1097 = LINE('',#1098,#1099);
#1098 = CARTESIAN_POINT('',(0.32,-8.415,0.25));
#1099 = VECTOR('',#1100,1.);
#1100 = DIRECTION('',(0.,1.,0.));
#1101 = ORIENTED_EDGE('',*,*,#1102,.T.);
#1102 = EDGE_CURVE('',#1095,#1077,#1103,.T.);
#1103 = LINE('',#1104,#1105);
#1104 = CARTESIAN_POINT('',(0.814089958824,-7.3,0.25));
#1105 = VECTOR('',#1106,1.);
#1106 = DIRECTION('',(-1.,0.,0.));
#1107 = FACE_BOUND('',#1108,.T.);
#1108 = EDGE_LOOP('',(#1109,#1119,#1127,#1135));
#1109 = ORIENTED_EDGE('',*,*,#1110,.T.);
#1110 = EDGE_CURVE('',#1111,#1113,#1115,.T.);
#1111 = VERTEX_POINT('',#1112);
#1112 = CARTESIAN_POINT('',(0.32,-5.4,0.25));
#1113 = VERTEX_POINT('',#1114);
#1114 = CARTESIAN_POINT('',(0.32,-4.76,0.25));
#1115 = LINE('',#1116,#1117);
#1116 = CARTESIAN_POINT('',(0.32,-7.145,0.25));
#1117 = VECTOR('',#1118,1.);
#1118 = DIRECTION('',(0.,1.,0.));
#1119 = ORIENTED_EDGE('',*,*,#1120,.T.);
#1120 = EDGE_CURVE('',#1113,#1121,#1123,.T.);
#1121 = VERTEX_POINT('',#1122);
#1122 = CARTESIAN_POINT('',(-0.32,-4.76,0.25));
#1123 = LINE('',#1124,#1125);
#1124 = CARTESIAN_POINT('',(0.814089958824,-4.76,0.25));
#1125 = VECTOR('',#1126,1.);
#1126 = DIRECTION('',(-1.,0.,0.));
#1127 = ORIENTED_EDGE('',*,*,#1128,.T.);
#1128 = EDGE_CURVE('',#1121,#1129,#1131,.T.);
#1129 = VERTEX_POINT('',#1130);
#1130 = CARTESIAN_POINT('',(-0.32,-5.4,0.25));
#1131 = LINE('',#1132,#1133);
#1132 = CARTESIAN_POINT('',(-0.32,-6.825,0.25));
#1133 = VECTOR('',#1134,1.);
#1134 = DIRECTION('',(0.,-1.,0.));
#1135 = ORIENTED_EDGE('',*,*,#1136,.T.);
#1136 = EDGE_CURVE('',#1129,#1111,#1137,.T.);
#1137 = LINE('',#1138,#1139);
#1138 = CARTESIAN_POINT('',(0.494089958824,-5.4,0.25));
#1139 = VECTOR('',#1140,1.);
#1140 = DIRECTION('',(1.,0.,0.));
#1141 = FACE_BOUND('',#1142,.T.);
#1142 = EDGE_LOOP('',(#1143,#1153,#1161,#1169));
#1143 = ORIENTED_EDGE('',*,*,#1144,.T.);
#1144 = EDGE_CURVE('',#1145,#1147,#1149,.T.);
#1145 = VERTEX_POINT('',#1146);
#1146 = CARTESIAN_POINT('',(-0.32,-2.86,0.25));
#1147 = VERTEX_POINT('',#1148);
#1148 = CARTESIAN_POINT('',(0.32,-2.86,0.25));
#1149 = LINE('',#1150,#1151);
#1150 = CARTESIAN_POINT('',(0.494089958824,-2.86,0.25));
#1151 = VECTOR('',#1152,1.);
#1152 = DIRECTION('',(1.,0.,0.));
#1153 = ORIENTED_EDGE('',*,*,#1154,.T.);
#1154 = EDGE_CURVE('',#1147,#1155,#1157,.T.);
#1155 = VERTEX_POINT('',#1156);
#1156 = CARTESIAN_POINT('',(0.32,-2.22,0.25));
#1157 = LINE('',#1158,#1159);
#1158 = CARTESIAN_POINT('',(0.32,-5.875,0.25));
#1159 = VECTOR('',#1160,1.);
#1160 = DIRECTION('',(0.,1.,0.));
#1161 = ORIENTED_EDGE('',*,*,#1162,.T.);
#1162 = EDGE_CURVE('',#1155,#1163,#1165,.T.);
#1163 = VERTEX_POINT('',#1164);
#1164 = CARTESIAN_POINT('',(-0.32,-2.22,0.25));
#1165 = LINE('',#1166,#1167);
#1166 = CARTESIAN_POINT('',(0.814089958824,-2.22,0.25));
#1167 = VECTOR('',#1168,1.);
#1168 = DIRECTION('',(-1.,0.,0.));
#1169 = ORIENTED_EDGE('',*,*,#1170,.T.);
#1170 = EDGE_CURVE('',#1163,#1145,#1171,.T.);
#1171 = LINE('',#1172,#1173);
#1172 = CARTESIAN_POINT('',(-0.32,-5.555,0.25));
#1173 = VECTOR('',#1174,1.);
#1174 = DIRECTION('',(0.,-1.,0.));
#1175 = FACE_BOUND('',#1176,.T.);
#1176 = EDGE_LOOP('',(#1177));
#1177 = ORIENTED_EDGE('',*,*,#1178,.T.);
#1178 = EDGE_CURVE('',#1179,#1179,#1181,.T.);
#1179 = VERTEX_POINT('',#1180);
#1180 = CARTESIAN_POINT('',(-1.08,2.6,0.25));
#1181 = CIRCLE('',#1182,0.5);
#1182 = AXIS2_PLACEMENT_3D('',#1183,#1184,#1185);
#1183 = CARTESIAN_POINT('',(-1.58,2.6,0.25));
#1184 = DIRECTION('',(0.,0.,1.));
#1185 = DIRECTION('',(1.,0.,-0.));
#1186 = FACE_BOUND('',#1187,.T.);
#1187 = EDGE_LOOP('',(#1188,#1198,#1206,#1214));
#1188 = ORIENTED_EDGE('',*,*,#1189,.T.);
#1189 = EDGE_CURVE('',#1190,#1192,#1194,.T.);
#1190 = VERTEX_POINT('',#1191);
#1191 = CARTESIAN_POINT('',(0.32,-0.32,0.25));
#1192 = VERTEX_POINT('',#1193);
#1193 = CARTESIAN_POINT('',(0.32,0.32,0.25));
#1194 = LINE('',#1195,#1196);
#1195 = CARTESIAN_POINT('',(0.32,-4.605,0.25));
#1196 = VECTOR('',#1197,1.);
#1197 = DIRECTION('',(0.,1.,0.));
#1198 = ORIENTED_EDGE('',*,*,#1199,.T.);
#1199 = EDGE_CURVE('',#1192,#1200,#1202,.T.);
#1200 = VERTEX_POINT('',#1201);
#1201 = CARTESIAN_POINT('',(-0.32,0.32,0.25));
#1202 = LINE('',#1203,#1204);
#1203 = CARTESIAN_POINT('',(0.814089958824,0.32,0.25));
#1204 = VECTOR('',#1205,1.);
#1205 = DIRECTION('',(-1.,0.,0.));
#1206 = ORIENTED_EDGE('',*,*,#1207,.T.);
#1207 = EDGE_CURVE('',#1200,#1208,#1210,.T.);
#1208 = VERTEX_POINT('',#1209);
#1209 = CARTESIAN_POINT('',(-0.32,-0.32,0.25));
#1210 = LINE('',#1211,#1212);
#1211 = CARTESIAN_POINT('',(-0.32,-4.285,0.25));
#1212 = VECTOR('',#1213,1.);
#1213 = DIRECTION('',(0.,-1.,0.));
#1214 = ORIENTED_EDGE('',*,*,#1215,.T.);
#1215 = EDGE_CURVE('',#1208,#1190,#1216,.T.);
#1216 = LINE('',#1217,#1218);
#1217 = CARTESIAN_POINT('',(0.494089958824,-0.32,0.25));
#1218 = VECTOR('',#1219,1.);
#1219 = DIRECTION('',(1.,0.,0.));
#1220 = FACE_BOUND('',#1221,.T.);
#1221 = EDGE_LOOP('',(#1222,#1232,#1240,#1248));
#1222 = ORIENTED_EDGE('',*,*,#1223,.T.);
#1223 = EDGE_CURVE('',#1224,#1226,#1228,.T.);
#1224 = VERTEX_POINT('',#1225);
#1225 = CARTESIAN_POINT('',(2.22,-4.76,0.25));
#1226 = VERTEX_POINT('',#1227);
#1227 = CARTESIAN_POINT('',(2.22,-5.4,0.25));
#1228 = LINE('',#1229,#1230);
#1229 = CARTESIAN_POINT('',(2.22,-6.825,0.25));
#1230 = VECTOR('',#1231,1.);
#1231 = DIRECTION('',(0.,-1.,0.));
#1232 = ORIENTED_EDGE('',*,*,#1233,.T.);
#1233 = EDGE_CURVE('',#1226,#1234,#1236,.T.);
#1234 = VERTEX_POINT('',#1235);
#1235 = CARTESIAN_POINT('',(2.86,-5.4,0.25));
#1236 = LINE('',#1237,#1238);
#1237 = CARTESIAN_POINT('',(1.764089958824,-5.4,0.25));
#1238 = VECTOR('',#1239,1.);
#1239 = DIRECTION('',(1.,0.,0.));
#1240 = ORIENTED_EDGE('',*,*,#1241,.T.);
#1241 = EDGE_CURVE('',#1234,#1242,#1244,.T.);
#1242 = VERTEX_POINT('',#1243);
#1243 = CARTESIAN_POINT('',(2.86,-4.76,0.25));
#1244 = LINE('',#1245,#1246);
#1245 = CARTESIAN_POINT('',(2.86,-7.145,0.25));
#1246 = VECTOR('',#1247,1.);
#1247 = DIRECTION('',(0.,1.,0.));
#1248 = ORIENTED_EDGE('',*,*,#1249,.T.);
#1249 = EDGE_CURVE('',#1242,#1224,#1250,.T.);
#1250 = LINE('',#1251,#1252);
#1251 = CARTESIAN_POINT('',(2.084089958824,-4.76,0.25));
#1252 = VECTOR('',#1253,1.);
#1253 = DIRECTION('',(-1.,0.,0.));
#1254 = FACE_BOUND('',#1255,.T.);
#1255 = EDGE_LOOP('',(#1256,#1266,#1274,#1282));
#1256 = ORIENTED_EDGE('',*,*,#1257,.T.);
#1257 = EDGE_CURVE('',#1258,#1260,#1262,.T.);
#1258 = VERTEX_POINT('',#1259);
#1259 = CARTESIAN_POINT('',(2.22,-2.86,0.25));
#1260 = VERTEX_POINT('',#1261);
#1261 = CARTESIAN_POINT('',(2.86,-2.86,0.25));
#1262 = LINE('',#1263,#1264);
#1263 = CARTESIAN_POINT('',(1.764089958824,-2.86,0.25));
#1264 = VECTOR('',#1265,1.);
#1265 = DIRECTION('',(1.,0.,0.));
#1266 = ORIENTED_EDGE('',*,*,#1267,.T.);
#1267 = EDGE_CURVE('',#1260,#1268,#1270,.T.);
#1268 = VERTEX_POINT('',#1269);
#1269 = CARTESIAN_POINT('',(2.86,-2.22,0.25));
#1270 = LINE('',#1271,#1272);
#1271 = CARTESIAN_POINT('',(2.86,-5.875,0.25));
#1272 = VECTOR('',#1273,1.);
#1273 = DIRECTION('',(0.,1.,0.));
#1274 = ORIENTED_EDGE('',*,*,#1275,.T.);
#1275 = EDGE_CURVE('',#1268,#1276,#1278,.T.);
#1276 = VERTEX_POINT('',#1277);
#1277 = CARTESIAN_POINT('',(2.22,-2.22,0.25));
#1278 = LINE('',#1279,#1280);
#1279 = CARTESIAN_POINT('',(2.084089958824,-2.22,0.25));
#1280 = VECTOR('',#1281,1.);
#1281 = DIRECTION('',(-1.,0.,0.));
#1282 = ORIENTED_EDGE('',*,*,#1283,.T.);
#1283 = EDGE_CURVE('',#1276,#1258,#1284,.T.);
#1284 = LINE('',#1285,#1286);
#1285 = CARTESIAN_POINT('',(2.22,-5.555,0.25));
#1286 = VECTOR('',#1287,1.);
#1287 = DIRECTION('',(0.,-1.,0.));
#1288 = FACE_BOUND('',#1289,.T.);
#1289 = EDGE_LOOP('',(#1290,#1300,#1308,#1316));
#1290 = ORIENTED_EDGE('',*,*,#1291,.T.);
#1291 = EDGE_CURVE('',#1292,#1294,#1296,.T.);
#1292 = VERTEX_POINT('',#1293);
#1293 = CARTESIAN_POINT('',(2.86,-0.32,0.25));
#1294 = VERTEX_POINT('',#1295);
#1295 = CARTESIAN_POINT('',(2.86,0.32,0.25));
#1296 = LINE('',#1297,#1298);
#1297 = CARTESIAN_POINT('',(2.86,-4.605,0.25));
#1298 = VECTOR('',#1299,1.);
#1299 = DIRECTION('',(0.,1.,0.));
#1300 = ORIENTED_EDGE('',*,*,#1301,.T.);
#1301 = EDGE_CURVE('',#1294,#1302,#1304,.T.);
#1302 = VERTEX_POINT('',#1303);
#1303 = CARTESIAN_POINT('',(2.22,0.32,0.25));
#1304 = LINE('',#1305,#1306);
#1305 = CARTESIAN_POINT('',(2.084089958824,0.32,0.25));
#1306 = VECTOR('',#1307,1.);
#1307 = DIRECTION('',(-1.,0.,0.));
#1308 = ORIENTED_EDGE('',*,*,#1309,.T.);
#1309 = EDGE_CURVE('',#1302,#1310,#1312,.T.);
#1310 = VERTEX_POINT('',#1311);
#1311 = CARTESIAN_POINT('',(2.22,-0.32,0.25));
#1312 = LINE('',#1313,#1314);
#1313 = CARTESIAN_POINT('',(2.22,-4.285,0.25));
#1314 = VECTOR('',#1315,1.);
#1315 = DIRECTION('',(0.,-1.,0.));
#1316 = ORIENTED_EDGE('',*,*,#1317,.T.);
#1317 = EDGE_CURVE('',#1310,#1292,#1318,.T.);
#1318 = LINE('',#1319,#1320);
#1319 = CARTESIAN_POINT('',(1.764089958824,-0.32,0.25));
#1320 = VECTOR('',#1321,1.);
#1321 = DIRECTION('',(1.,0.,0.));
#1322 = FACE_BOUND('',#1323,.T.);
#1323 = EDGE_LOOP('',(#1324,#1334,#1342,#1350));
#1324 = ORIENTED_EDGE('',*,*,#1325,.T.);
#1325 = EDGE_CURVE('',#1326,#1328,#1330,.T.);
#1326 = VERTEX_POINT('',#1327);
#1327 = CARTESIAN_POINT('',(2.86,-7.94,0.25));
#1328 = VERTEX_POINT('',#1329);
#1329 = CARTESIAN_POINT('',(2.86,-7.3,0.25));
#1330 = LINE('',#1331,#1332);
#1331 = CARTESIAN_POINT('',(2.86,-8.415,0.25));
#1332 = VECTOR('',#1333,1.);
#1333 = DIRECTION('',(0.,1.,0.));
#1334 = ORIENTED_EDGE('',*,*,#1335,.T.);
#1335 = EDGE_CURVE('',#1328,#1336,#1338,.T.);
#1336 = VERTEX_POINT('',#1337);
#1337 = CARTESIAN_POINT('',(2.22,-7.3,0.25));
#1338 = LINE('',#1339,#1340);
#1339 = CARTESIAN_POINT('',(2.084089958824,-7.3,0.25));
#1340 = VECTOR('',#1341,1.);
#1341 = DIRECTION('',(-1.,0.,0.));
#1342 = ORIENTED_EDGE('',*,*,#1343,.T.);
#1343 = EDGE_CURVE('',#1336,#1344,#1346,.T.);
#1344 = VERTEX_POINT('',#1345);
#1345 = CARTESIAN_POINT('',(2.22,-7.94,0.25));
#1346 = LINE('',#1347,#1348);
#1347 = CARTESIAN_POINT('',(2.22,-8.095,0.25));
#1348 = VECTOR('',#1349,1.);
#1349 = DIRECTION('',(0.,-1.,0.));
#1350 = ORIENTED_EDGE('',*,*,#1351,.T.);
#1351 = EDGE_CURVE('',#1344,#1326,#1352,.T.);
#1352 = LINE('',#1353,#1354);
#1353 = CARTESIAN_POINT('',(1.764089958824,-7.94,0.25));
#1354 = VECTOR('',#1355,1.);
#1355 = DIRECTION('',(1.,0.,0.));
#1356 = FACE_BOUND('',#1357,.T.);
#1357 = EDGE_LOOP('',(#1358));
#1358 = ORIENTED_EDGE('',*,*,#1359,.T.);
#1359 = EDGE_CURVE('',#1360,#1360,#1362,.T.);
#1360 = VERTEX_POINT('',#1361);
#1361 = CARTESIAN_POINT('',(-1.08,-8.89,0.25));
#1362 = CIRCLE('',#1363,0.5);
#1363 = AXIS2_PLACEMENT_3D('',#1364,#1365,#1366);
#1364 = CARTESIAN_POINT('',(-1.58,-8.89,0.25));
#1365 = DIRECTION('',(0.,0.,1.));
#1366 = DIRECTION('',(1.,0.,-0.));
#1367 = FACE_BOUND('',#1368,.T.);
#1368 = EDGE_LOOP('',(#1369));
#1369 = ORIENTED_EDGE('',*,*,#1370,.T.);
#1370 = EDGE_CURVE('',#1371,#1371,#1373,.T.);
#1371 = VERTEX_POINT('',#1372);
#1372 = CARTESIAN_POINT('',(4.62,-8.89,0.25));
#1373 = CIRCLE('',#1374,0.5);
#1374 = AXIS2_PLACEMENT_3D('',#1375,#1376,#1377);
#1375 = CARTESIAN_POINT('',(4.12,-8.89,0.25));
#1376 = DIRECTION('',(0.,0.,1.));
#1377 = DIRECTION('',(1.,0.,-0.));
#1378 = FACE_BOUND('',#1379,.T.);
#1379 = EDGE_LOOP('',(#1380));
#1380 = ORIENTED_EDGE('',*,*,#1381,.T.);
#1381 = EDGE_CURVE('',#1382,#1382,#1384,.T.);
#1382 = VERTEX_POINT('',#1383);
#1383 = CARTESIAN_POINT('',(4.62,2.6,0.25));
#1384 = CIRCLE('',#1385,0.5);
#1385 = AXIS2_PLACEMENT_3D('',#1386,#1387,#1388);
#1386 = CARTESIAN_POINT('',(4.12,2.6,0.25));
#1387 = DIRECTION('',(0.,0.,1.));
#1388 = DIRECTION('',(1.,0.,-0.));
#1389 = FACE_BOUND('',#1390,.T.);
#1390 = EDGE_LOOP('',(#1391,#1401,#1409,#1417));
#1391 = ORIENTED_EDGE('',*,*,#1392,.T.);
#1392 = EDGE_CURVE('',#1393,#1395,#1397,.T.);
#1393 = VERTEX_POINT('',#1394);
#1394 = CARTESIAN_POINT('',(-0.32,-10.48,0.25));
#1395 = VERTEX_POINT('',#1396);
#1396 = CARTESIAN_POINT('',(0.32,-10.48,0.25));
#1397 = LINE('',#1398,#1399);
#1398 = CARTESIAN_POINT('',(0.494089958824,-10.48,0.25));
#1399 = VECTOR('',#1400,1.);
#1400 = DIRECTION('',(1.,0.,0.));
#1401 = ORIENTED_EDGE('',*,*,#1402,.T.);
#1402 = EDGE_CURVE('',#1395,#1403,#1405,.T.);
#1403 = VERTEX_POINT('',#1404);
#1404 = CARTESIAN_POINT('',(0.32,-9.84,0.25));
#1405 = LINE('',#1406,#1407);
#1406 = CARTESIAN_POINT('',(0.32,-9.685,0.25));
#1407 = VECTOR('',#1408,1.);
#1408 = DIRECTION('',(0.,1.,0.));
#1409 = ORIENTED_EDGE('',*,*,#1410,.T.);
#1410 = EDGE_CURVE('',#1403,#1411,#1413,.T.);
#1411 = VERTEX_POINT('',#1412);
#1412 = CARTESIAN_POINT('',(-0.32,-9.84,0.25));
#1413 = LINE('',#1414,#1415);
#1414 = CARTESIAN_POINT('',(0.814089958824,-9.84,0.25));
#1415 = VECTOR('',#1416,1.);
#1416 = DIRECTION('',(-1.,0.,0.));
#1417 = ORIENTED_EDGE('',*,*,#1418,.T.);
#1418 = EDGE_CURVE('',#1411,#1393,#1419,.T.);
#1419 = LINE('',#1420,#1421);
#1420 = CARTESIAN_POINT('',(-0.32,-9.365,0.25));
#1421 = VECTOR('',#1422,1.);
#1422 = DIRECTION('',(0.,-1.,0.));
#1423 = FACE_BOUND('',#1424,.T.);
#1424 = EDGE_LOOP('',(#1425,#1435,#1443,#1451));
#1425 = ORIENTED_EDGE('',*,*,#1426,.T.);
#1426 = EDGE_CURVE('',#1427,#1429,#1431,.T.);
#1427 = VERTEX_POINT('',#1428);
#1428 = CARTESIAN_POINT('',(2.86,-10.48,0.25));
#1429 = VERTEX_POINT('',#1430);
#1430 = CARTESIAN_POINT('',(2.86,-9.84,0.25));
#1431 = LINE('',#1432,#1433);
#1432 = CARTESIAN_POINT('',(2.86,-9.685,0.25));
#1433 = VECTOR('',#1434,1.);
#1434 = DIRECTION('',(0.,1.,0.));
#1435 = ORIENTED_EDGE('',*,*,#1436,.T.);
#1436 = EDGE_CURVE('',#1429,#1437,#1439,.T.);
#1437 = VERTEX_POINT('',#1438);
#1438 = CARTESIAN_POINT('',(2.22,-9.84,0.25));
#1439 = LINE('',#1440,#1441);
#1440 = CARTESIAN_POINT('',(2.084089958824,-9.84,0.25));
#1441 = VECTOR('',#1442,1.);
#1442 = DIRECTION('',(-1.,0.,0.));
#1443 = ORIENTED_EDGE('',*,*,#1444,.T.);
#1444 = EDGE_CURVE('',#1437,#1445,#1447,.T.);
#1445 = VERTEX_POINT('',#1446);
#1446 = CARTESIAN_POINT('',(2.22,-10.48,0.25));
#1447 = LINE('',#1448,#1449);
#1448 = CARTESIAN_POINT('',(2.22,-9.365,0.25));
#1449 = VECTOR('',#1450,1.);
#1450 = DIRECTION('',(0.,-1.,0.));
#1451 = ORIENTED_EDGE('',*,*,#1452,.T.);
#1452 = EDGE_CURVE('',#1445,#1427,#1453,.T.);
#1453 = LINE('',#1454,#1455);
#1454 = CARTESIAN_POINT('',(1.764089958824,-10.48,0.25));
#1455 = VECTOR('',#1456,1.);
#1456 = DIRECTION('',(1.,0.,0.));
#1457 = FACE_BOUND('',#1458,.T.);
#1458 = EDGE_LOOP('',(#1459,#1469,#1477,#1485));
#1459 = ORIENTED_EDGE('',*,*,#1460,.T.);
#1460 = EDGE_CURVE('',#1461,#1463,#1465,.T.);
#1461 = VERTEX_POINT('',#1462);
#1462 = CARTESIAN_POINT('',(2.86,-18.1,0.25));
#1463 = VERTEX_POINT('',#1464);
#1464 = CARTESIAN_POINT('',(2.86,-17.46,0.25));
#1465 = LINE('',#1466,#1467);
#1466 = CARTESIAN_POINT('',(2.86,-13.495,0.25));
#1467 = VECTOR('',#1468,1.);
#1468 = DIRECTION('',(0.,1.,0.));
#1469 = ORIENTED_EDGE('',*,*,#1470,.T.);
#1470 = EDGE_CURVE('',#1463,#1471,#1473,.T.);
#1471 = VERTEX_POINT('',#1472);
#1472 = CARTESIAN_POINT('',(2.22,-17.46,0.25));
#1473 = LINE('',#1474,#1475);
#1474 = CARTESIAN_POINT('',(2.084089958824,-17.46,0.25));
#1475 = VECTOR('',#1476,1.);
#1476 = DIRECTION('',(-1.,0.,0.));
#1477 = ORIENTED_EDGE('',*,*,#1478,.T.);
#1478 = EDGE_CURVE('',#1471,#1479,#1481,.T.);
#1479 = VERTEX_POINT('',#1480);
#1480 = CARTESIAN_POINT('',(2.22,-18.1,0.25));
#1481 = LINE('',#1482,#1483);
#1482 = CARTESIAN_POINT('',(2.22,-13.175,0.25));
#1483 = VECTOR('',#1484,1.);
#1484 = DIRECTION('',(0.,-1.,0.));
#1485 = ORIENTED_EDGE('',*,*,#1486,.T.);
#1486 = EDGE_CURVE('',#1479,#1461,#1487,.T.);
#1487 = LINE('',#1488,#1489);
#1488 = CARTESIAN_POINT('',(1.764089958824,-18.1,0.25));
#1489 = VECTOR('',#1490,1.);
#1490 = DIRECTION('',(1.,0.,0.));
#1491 = FACE_BOUND('',#1492,.T.);
#1492 = EDGE_LOOP('',(#1493,#1503,#1511,#1519));
#1493 = ORIENTED_EDGE('',*,*,#1494,.T.);
#1494 = EDGE_CURVE('',#1495,#1497,#1499,.T.);
#1495 = VERTEX_POINT('',#1496);
#1496 = CARTESIAN_POINT('',(-0.32,-17.46,0.25));
#1497 = VERTEX_POINT('',#1498);
#1498 = CARTESIAN_POINT('',(-0.32,-18.1,0.25));
#1499 = LINE('',#1500,#1501);
#1500 = CARTESIAN_POINT('',(-0.32,-13.175,0.25));
#1501 = VECTOR('',#1502,1.);
#1502 = DIRECTION('',(0.,-1.,0.));
#1503 = ORIENTED_EDGE('',*,*,#1504,.T.);
#1504 = EDGE_CURVE('',#1497,#1505,#1507,.T.);
#1505 = VERTEX_POINT('',#1506);
#1506 = CARTESIAN_POINT('',(0.32,-18.1,0.25));
#1507 = LINE('',#1508,#1509);
#1508 = CARTESIAN_POINT('',(0.494089958824,-18.1,0.25));
#1509 = VECTOR('',#1510,1.);
#1510 = DIRECTION('',(1.,0.,0.));
#1511 = ORIENTED_EDGE('',*,*,#1512,.T.);
#1512 = EDGE_CURVE('',#1505,#1513,#1515,.T.);
#1513 = VERTEX_POINT('',#1514);
#1514 = CARTESIAN_POINT('',(0.32,-17.46,0.25));
#1515 = LINE('',#1516,#1517);
#1516 = CARTESIAN_POINT('',(0.32,-13.495,0.25));
#1517 = VECTOR('',#1518,1.);
#1518 = DIRECTION('',(0.,1.,0.));
#1519 = ORIENTED_EDGE('',*,*,#1520,.T.);
#1520 = EDGE_CURVE('',#1513,#1495,#1521,.T.);
#1521 = LINE('',#1522,#1523);
#1522 = CARTESIAN_POINT('',(0.814089958824,-17.46,0.25));
#1523 = VECTOR('',#1524,1.);
#1524 = DIRECTION('',(-1.,0.,0.));
#1525 = FACE_BOUND('',#1526,.T.);
#1526 = EDGE_LOOP('',(#1527,#1537,#1545,#1553));
#1527 = ORIENTED_EDGE('',*,*,#1528,.T.);
#1528 = EDGE_CURVE('',#1529,#1531,#1533,.T.);
#1529 = VERTEX_POINT('',#1530);
#1530 = CARTESIAN_POINT('',(-0.32,-14.92,0.25));
#1531 = VERTEX_POINT('',#1532);
#1532 = CARTESIAN_POINT('',(-0.32,-15.56,0.25));
#1533 = LINE('',#1534,#1535);
#1534 = CARTESIAN_POINT('',(-0.32,-11.905,0.25));
#1535 = VECTOR('',#1536,1.);
#1536 = DIRECTION('',(0.,-1.,0.));
#1537 = ORIENTED_EDGE('',*,*,#1538,.T.);
#1538 = EDGE_CURVE('',#1531,#1539,#1541,.T.);
#1539 = VERTEX_POINT('',#1540);
#1540 = CARTESIAN_POINT('',(0.32,-15.56,0.25));
#1541 = LINE('',#1542,#1543);
#1542 = CARTESIAN_POINT('',(0.494089958824,-15.56,0.25));
#1543 = VECTOR('',#1544,1.);
#1544 = DIRECTION('',(1.,0.,0.));
#1545 = ORIENTED_EDGE('',*,*,#1546,.T.);
#1546 = EDGE_CURVE('',#1539,#1547,#1549,.T.);
#1547 = VERTEX_POINT('',#1548);
#1548 = CARTESIAN_POINT('',(0.32,-14.92,0.25));
#1549 = LINE('',#1550,#1551);
#1550 = CARTESIAN_POINT('',(0.32,-12.225,0.25));
#1551 = VECTOR('',#1552,1.);
#1552 = DIRECTION('',(0.,1.,0.));
#1553 = ORIENTED_EDGE('',*,*,#1554,.T.);
#1554 = EDGE_CURVE('',#1547,#1529,#1555,.T.);
#1555 = LINE('',#1556,#1557);
#1556 = CARTESIAN_POINT('',(0.814089958824,-14.92,0.25));
#1557 = VECTOR('',#1558,1.);
#1558 = DIRECTION('',(-1.,0.,0.));
#1559 = FACE_BOUND('',#1560,.T.);
#1560 = EDGE_LOOP('',(#1561,#1571,#1579,#1587));
#1561 = ORIENTED_EDGE('',*,*,#1562,.T.);
#1562 = EDGE_CURVE('',#1563,#1565,#1567,.T.);
#1563 = VERTEX_POINT('',#1564);
#1564 = CARTESIAN_POINT('',(2.22,-15.56,0.25));
#1565 = VERTEX_POINT('',#1566);
#1566 = CARTESIAN_POINT('',(2.86,-15.56,0.25));
#1567 = LINE('',#1568,#1569);
#1568 = CARTESIAN_POINT('',(1.764089958824,-15.56,0.25));
#1569 = VECTOR('',#1570,1.);
#1570 = DIRECTION('',(1.,0.,0.));
#1571 = ORIENTED_EDGE('',*,*,#1572,.T.);
#1572 = EDGE_CURVE('',#1565,#1573,#1575,.T.);
#1573 = VERTEX_POINT('',#1574);
#1574 = CARTESIAN_POINT('',(2.86,-14.92,0.25));
#1575 = LINE('',#1576,#1577);
#1576 = CARTESIAN_POINT('',(2.86,-12.225,0.25));
#1577 = VECTOR('',#1578,1.);
#1578 = DIRECTION('',(0.,1.,0.));
#1579 = ORIENTED_EDGE('',*,*,#1580,.T.);
#1580 = EDGE_CURVE('',#1573,#1581,#1583,.T.);
#1581 = VERTEX_POINT('',#1582);
#1582 = CARTESIAN_POINT('',(2.22,-14.92,0.25));
#1583 = LINE('',#1584,#1585);
#1584 = CARTESIAN_POINT('',(2.084089958824,-14.92,0.25));
#1585 = VECTOR('',#1586,1.);
#1586 = DIRECTION('',(-1.,0.,0.));
#1587 = ORIENTED_EDGE('',*,*,#1588,.T.);
#1588 = EDGE_CURVE('',#1581,#1563,#1589,.T.);
#1589 = LINE('',#1590,#1591);
#1590 = CARTESIAN_POINT('',(2.22,-11.905,0.25));
#1591 = VECTOR('',#1592,1.);
#1592 = DIRECTION('',(0.,-1.,0.));
#1593 = FACE_BOUND('',#1594,.T.);
#1594 = EDGE_LOOP('',(#1595,#1605,#1613,#1621));
#1595 = ORIENTED_EDGE('',*,*,#1596,.T.);
#1596 = EDGE_CURVE('',#1597,#1599,#1601,.T.);
#1597 = VERTEX_POINT('',#1598);
#1598 = CARTESIAN_POINT('',(2.86,-12.38,0.25));
#1599 = VERTEX_POINT('',#1600);
#1600 = CARTESIAN_POINT('',(2.22,-12.38,0.25));
#1601 = LINE('',#1602,#1603);
#1602 = CARTESIAN_POINT('',(2.084089958824,-12.38,0.25));
#1603 = VECTOR('',#1604,1.);
#1604 = DIRECTION('',(-1.,0.,0.));
#1605 = ORIENTED_EDGE('',*,*,#1606,.T.);
#1606 = EDGE_CURVE('',#1599,#1607,#1609,.T.);
#1607 = VERTEX_POINT('',#1608);
#1608 = CARTESIAN_POINT('',(2.22,-13.02,0.25));
#1609 = LINE('',#1610,#1611);
#1610 = CARTESIAN_POINT('',(2.22,-10.635,0.25));
#1611 = VECTOR('',#1612,1.);
#1612 = DIRECTION('',(0.,-1.,0.));
#1613 = ORIENTED_EDGE('',*,*,#1614,.T.);
#1614 = EDGE_CURVE('',#1607,#1615,#1617,.T.);
#1615 = VERTEX_POINT('',#1616);
#1616 = CARTESIAN_POINT('',(2.86,-13.02,0.25));
#1617 = LINE('',#1618,#1619);
#1618 = CARTESIAN_POINT('',(1.764089958824,-13.02,0.25));
#1619 = VECTOR('',#1620,1.);
#1620 = DIRECTION('',(1.,0.,0.));
#1621 = ORIENTED_EDGE('',*,*,#1622,.T.);
#1622 = EDGE_CURVE('',#1615,#1597,#1623,.T.);
#1623 = LINE('',#1624,#1625);
#1624 = CARTESIAN_POINT('',(2.86,-10.955,0.25));
#1625 = VECTOR('',#1626,1.);
#1626 = DIRECTION('',(0.,1.,0.));
#1627 = FACE_BOUND('',#1628,.T.);
#1628 = EDGE_LOOP('',(#1629,#1639,#1647,#1655));
#1629 = ORIENTED_EDGE('',*,*,#1630,.T.);
#1630 = EDGE_CURVE('',#1631,#1633,#1635,.T.);
#1631 = VERTEX_POINT('',#1632);
#1632 = CARTESIAN_POINT('',(-0.32,-13.02,0.25));
#1633 = VERTEX_POINT('',#1634);
#1634 = CARTESIAN_POINT('',(0.32,-13.02,0.25));
#1635 = LINE('',#1636,#1637);
#1636 = CARTESIAN_POINT('',(0.494089958824,-13.02,0.25));
#1637 = VECTOR('',#1638,1.);
#1638 = DIRECTION('',(1.,0.,0.));
#1639 = ORIENTED_EDGE('',*,*,#1640,.T.);
#1640 = EDGE_CURVE('',#1633,#1641,#1643,.T.);
#1641 = VERTEX_POINT('',#1642);
#1642 = CARTESIAN_POINT('',(0.32,-12.38,0.25));
#1643 = LINE('',#1644,#1645);
#1644 = CARTESIAN_POINT('',(0.32,-10.955,0.25));
#1645 = VECTOR('',#1646,1.);
#1646 = DIRECTION('',(0.,1.,0.));
#1647 = ORIENTED_EDGE('',*,*,#1648,.T.);
#1648 = EDGE_CURVE('',#1641,#1649,#1651,.T.);
#1649 = VERTEX_POINT('',#1650);
#1650 = CARTESIAN_POINT('',(-0.32,-12.38,0.25));
#1651 = LINE('',#1652,#1653);
#1652 = CARTESIAN_POINT('',(0.814089958824,-12.38,0.25));
#1653 = VECTOR('',#1654,1.);
#1654 = DIRECTION('',(-1.,0.,0.));
#1655 = ORIENTED_EDGE('',*,*,#1656,.T.);
#1656 = EDGE_CURVE('',#1649,#1631,#1657,.T.);
#1657 = LINE('',#1658,#1659);
#1658 = CARTESIAN_POINT('',(-0.32,-10.635,0.25));
#1659 = VECTOR('',#1660,1.);
#1660 = DIRECTION('',(0.,-1.,0.));
#1661 = FACE_BOUND('',#1662,.T.);
#1662 = EDGE_LOOP('',(#1663));
#1663 = ORIENTED_EDGE('',*,*,#1664,.T.);
#1664 = EDGE_CURVE('',#1665,#1665,#1667,.T.);
#1665 = VERTEX_POINT('',#1666);
#1666 = CARTESIAN_POINT('',(-1.08,-20.38,0.25));
#1667 = CIRCLE('',#1668,0.5);
#1668 = AXIS2_PLACEMENT_3D('',#1669,#1670,#1671);
#1669 = CARTESIAN_POINT('',(-1.58,-20.38,0.25));
#1670 = DIRECTION('',(0.,0.,1.));
#1671 = DIRECTION('',(1.,0.,-0.));
#1672 = FACE_BOUND('',#1673,.T.);
#1673 = EDGE_LOOP('',(#1674));
#1674 = ORIENTED_EDGE('',*,*,#1675,.T.);
#1675 = EDGE_CURVE('',#1676,#1676,#1678,.T.);
#1676 = VERTEX_POINT('',#1677);
#1677 = CARTESIAN_POINT('',(4.62,-20.38,0.25));
#1678 = CIRCLE('',#1679,0.5);
#1679 = AXIS2_PLACEMENT_3D('',#1680,#1681,#1682);
#1680 = CARTESIAN_POINT('',(4.12,-20.38,0.25));
#1681 = DIRECTION('',(0.,0.,1.));
#1682 = DIRECTION('',(1.,0.,-0.));
#1683 = PLANE('',#1684);
#1684 = AXIS2_PLACEMENT_3D('',#1685,#1686,#1687);
#1685 = CARTESIAN_POINT('',(1.308179917648,-8.89,0.25));
#1686 = DIRECTION('',(-0.,-0.,-1.));
#1687 = DIRECTION('',(-1.,0.,0.));
#1688 = ADVANCED_FACE('',(#1689),#1764,.T.);
#1689 = FACE_BOUND('',#1690,.T.);
#1690 = EDGE_LOOP('',(#1691,#1692,#1693,#1701,#1709,#1715,#1716,#1724,
    #1732,#1738,#1739,#1747,#1755,#1761,#1762,#1763));
#1691 = ORIENTED_EDGE('',*,*,#926,.F.);
#1692 = ORIENTED_EDGE('',*,*,#1044,.T.);
#1693 = ORIENTED_EDGE('',*,*,#1694,.F.);
#1694 = EDGE_CURVE('',#1695,#1036,#1697,.T.);
#1695 = VERTEX_POINT('',#1696);
#1696 = CARTESIAN_POINT('',(5.695,-20.81301270189,8.75));
#1697 = LINE('',#1698,#1699);
#1698 = CARTESIAN_POINT('',(5.695,-20.81301270189,0.25));
#1699 = VECTOR('',#1700,1.);
#1700 = DIRECTION('',(-0.,-0.,-1.));
#1701 = ORIENTED_EDGE('',*,*,#1702,.F.);
#1702 = EDGE_CURVE('',#1703,#1695,#1705,.T.);
#1703 = VERTEX_POINT('',#1704);
#1704 = CARTESIAN_POINT('',(5.695,-19.9469872981,8.75));
#1705 = LINE('',#1706,#1707);
#1706 = CARTESIAN_POINT('',(5.695,-14.635,8.75));
#1707 = VECTOR('',#1708,1.);
#1708 = DIRECTION('',(-3.638495064244E-49,-1.,0.));
#1709 = ORIENTED_EDGE('',*,*,#1710,.T.);
#1710 = EDGE_CURVE('',#1703,#1019,#1711,.T.);
#1711 = LINE('',#1712,#1713);
#1712 = CARTESIAN_POINT('',(5.695,-19.9469872981,0.25));
#1713 = VECTOR('',#1714,1.);
#1714 = DIRECTION('',(-0.,-0.,-1.));
#1715 = ORIENTED_EDGE('',*,*,#1018,.T.);
#1716 = ORIENTED_EDGE('',*,*,#1717,.F.);
#1717 = EDGE_CURVE('',#1718,#1010,#1720,.T.);
#1718 = VERTEX_POINT('',#1719);
#1719 = CARTESIAN_POINT('',(5.695,-9.323012701892,8.75));
#1720 = LINE('',#1721,#1722);
#1721 = CARTESIAN_POINT('',(5.695,-9.323012701892,0.25));
#1722 = VECTOR('',#1723,1.);
#1723 = DIRECTION('',(-0.,-0.,-1.));
#1724 = ORIENTED_EDGE('',*,*,#1725,.F.);
#1725 = EDGE_CURVE('',#1726,#1718,#1728,.T.);
#1726 = VERTEX_POINT('',#1727);
#1727 = CARTESIAN_POINT('',(5.695,-8.456987298108,8.75));
#1728 = LINE('',#1729,#1730);
#1729 = CARTESIAN_POINT('',(5.695,-8.89,8.75));
#1730 = VECTOR('',#1731,1.);
#1731 = DIRECTION('',(-3.638495064244E-49,-1.,0.));
#1732 = ORIENTED_EDGE('',*,*,#1733,.T.);
#1733 = EDGE_CURVE('',#1726,#993,#1734,.T.);
#1734 = LINE('',#1735,#1736);
#1735 = CARTESIAN_POINT('',(5.695,-8.456987298108,0.25));
#1736 = VECTOR('',#1737,1.);
#1737 = DIRECTION('',(-0.,-0.,-1.));
#1738 = ORIENTED_EDGE('',*,*,#992,.T.);
#1739 = ORIENTED_EDGE('',*,*,#1740,.F.);
#1740 = EDGE_CURVE('',#1741,#984,#1743,.T.);
#1741 = VERTEX_POINT('',#1742);
#1742 = CARTESIAN_POINT('',(5.695,2.166987298108,8.75));
#1743 = LINE('',#1744,#1745);
#1744 = CARTESIAN_POINT('',(5.695,2.166987298108,0.25));
#1745 = VECTOR('',#1746,1.);
#1746 = DIRECTION('',(-0.,-0.,-1.));
#1747 = ORIENTED_EDGE('',*,*,#1748,.F.);
#1748 = EDGE_CURVE('',#1749,#1741,#1751,.T.);
#1749 = VERTEX_POINT('',#1750);
#1750 = CARTESIAN_POINT('',(5.695,3.033012701892,8.75));
#1751 = LINE('',#1752,#1753);
#1752 = CARTESIAN_POINT('',(5.695,-3.145,8.75));
#1753 = VECTOR('',#1754,1.);
#1754 = DIRECTION('',(-3.638495064244E-49,-1.,0.));
#1755 = ORIENTED_EDGE('',*,*,#1756,.T.);
#1756 = EDGE_CURVE('',#1749,#967,#1757,.T.);
#1757 = LINE('',#1758,#1759);
#1758 = CARTESIAN_POINT('',(5.695,3.033012701892,0.25));
#1759 = VECTOR('',#1760,1.);
#1760 = DIRECTION('',(-0.,-0.,-1.));
#1761 = ORIENTED_EDGE('',*,*,#966,.T.);
#1762 = ORIENTED_EDGE('',*,*,#646,.T.);
#1763 = ORIENTED_EDGE('',*,*,#718,.F.);
#1764 = PLANE('',#1765);
#1765 = AXIS2_PLACEMENT_3D('',#1766,#1767,#1768);
#1766 = CARTESIAN_POINT('',(5.695,-8.89,4.675));
#1767 = DIRECTION('',(1.,-3.638495064244E-49,5.276926138124E-32));
#1768 = DIRECTION('',(-5.276926138124E-32,0.,1.));
#1769 = ADVANCED_FACE('',(#1770),#1804,.T.);
#1770 = FACE_BOUND('',#1771,.T.);
#1771 = EDGE_LOOP('',(#1772,#1773,#1774,#1782,#1790,#1798));
#1772 = ORIENTED_EDGE('',*,*,#943,.F.);
#1773 = ORIENTED_EDGE('',*,*,#680,.F.);
#1774 = ORIENTED_EDGE('',*,*,#1775,.T.);
#1775 = EDGE_CURVE('',#673,#1776,#1778,.T.);
#1776 = VERTEX_POINT('',#1777);
#1777 = CARTESIAN_POINT('',(-0.48,3.94,6.75));
#1778 = LINE('',#1779,#1780);
#1779 = CARTESIAN_POINT('',(-0.48,6.35,6.75));
#1780 = VECTOR('',#1781,1.);
#1781 = DIRECTION('',(0.,-1.,0.));
#1782 = ORIENTED_EDGE('',*,*,#1783,.F.);
#1783 = EDGE_CURVE('',#1784,#1776,#1786,.T.);
#1784 = VERTEX_POINT('',#1785);
#1785 = CARTESIAN_POINT('',(-0.48,3.94,2.6));
#1786 = LINE('',#1787,#1788);
#1787 = CARTESIAN_POINT('',(-0.48,3.94,0.25));
#1788 = VECTOR('',#1789,1.);
#1789 = DIRECTION('',(0.,0.,1.));
#1790 = ORIENTED_EDGE('',*,*,#1791,.F.);
#1791 = EDGE_CURVE('',#1792,#1784,#1794,.T.);
#1792 = VERTEX_POINT('',#1793);
#1793 = CARTESIAN_POINT('',(-0.48,3.85,2.6));
#1794 = LINE('',#1795,#1796);
#1795 = CARTESIAN_POINT('',(-0.48,-1.27,2.6));
#1796 = VECTOR('',#1797,1.);
#1797 = DIRECTION('',(0.,1.,0.));
#1798 = ORIENTED_EDGE('',*,*,#1799,.F.);
#1799 = EDGE_CURVE('',#944,#1792,#1800,.T.);
#1800 = LINE('',#1801,#1802);
#1801 = CARTESIAN_POINT('',(-0.48,3.85,0.25));
#1802 = VECTOR('',#1803,1.);
#1803 = DIRECTION('',(0.,0.,1.));
#1804 = PLANE('',#1805);
#1805 = AXIS2_PLACEMENT_3D('',#1806,#1807,#1808);
#1806 = CARTESIAN_POINT('',(-0.48,6.35,0.25));
#1807 = DIRECTION('',(1.,0.,0.));
#1808 = DIRECTION('',(0.,-1.,0.));
#1809 = ADVANCED_FACE('',(#1810),#1828,.F.);
#1810 = FACE_BOUND('',#1811,.F.);
#1811 = EDGE_LOOP('',(#1812,#1813,#1821,#1827));
#1812 = ORIENTED_EDGE('',*,*,#1775,.T.);
#1813 = ORIENTED_EDGE('',*,*,#1814,.F.);
#1814 = EDGE_CURVE('',#1815,#1776,#1817,.T.);
#1815 = VERTEX_POINT('',#1816);
#1816 = CARTESIAN_POINT('',(3.02,3.94,6.75));
#1817 = LINE('',#1818,#1819);
#1818 = CARTESIAN_POINT('',(2.8575,3.94,6.75));
#1819 = VECTOR('',#1820,1.);
#1820 = DIRECTION('',(-1.,0.,0.));
#1821 = ORIENTED_EDGE('',*,*,#1822,.T.);
#1822 = EDGE_CURVE('',#1815,#665,#1823,.T.);
#1823 = LINE('',#1824,#1825);
#1824 = CARTESIAN_POINT('',(3.02,3.85,6.75));
#1825 = VECTOR('',#1826,1.);
#1826 = DIRECTION('',(0.,1.,0.));
#1827 = ORIENTED_EDGE('',*,*,#672,.F.);
#1828 = PLANE('',#1829);
#1829 = AXIS2_PLACEMENT_3D('',#1830,#1831,#1832);
#1830 = CARTESIAN_POINT('',(1.27,5.1,6.75));
#1831 = DIRECTION('',(0.,0.,1.));
#1832 = DIRECTION('',(1.,0.,-0.));
#1833 = ADVANCED_FACE('',(#1834),#1861,.T.);
#1834 = FACE_BOUND('',#1835,.T.);
#1835 = EDGE_LOOP('',(#1836,#1837,#1845,#1853,#1859,#1860));
#1836 = ORIENTED_EDGE('',*,*,#959,.F.);
#1837 = ORIENTED_EDGE('',*,*,#1838,.T.);
#1838 = EDGE_CURVE('',#952,#1839,#1841,.T.);
#1839 = VERTEX_POINT('',#1840);
#1840 = CARTESIAN_POINT('',(3.02,3.85,2.6));
#1841 = LINE('',#1842,#1843);
#1842 = CARTESIAN_POINT('',(3.02,3.85,0.25));
#1843 = VECTOR('',#1844,1.);
#1844 = DIRECTION('',(0.,0.,1.));
#1845 = ORIENTED_EDGE('',*,*,#1846,.F.);
#1846 = EDGE_CURVE('',#1847,#1839,#1849,.T.);
#1847 = VERTEX_POINT('',#1848);
#1848 = CARTESIAN_POINT('',(3.02,3.94,2.6));
#1849 = LINE('',#1850,#1851);
#1850 = CARTESIAN_POINT('',(3.02,-2.52,2.6));
#1851 = VECTOR('',#1852,1.);
#1852 = DIRECTION('',(0.,-1.,0.));
#1853 = ORIENTED_EDGE('',*,*,#1854,.F.);
#1854 = EDGE_CURVE('',#1815,#1847,#1855,.T.);
#1855 = LINE('',#1856,#1857);
#1856 = CARTESIAN_POINT('',(3.02,3.94,0.25));
#1857 = VECTOR('',#1858,1.);
#1858 = DIRECTION('',(-0.,-0.,-1.));
#1859 = ORIENTED_EDGE('',*,*,#1822,.T.);
#1860 = ORIENTED_EDGE('',*,*,#664,.F.);
#1861 = PLANE('',#1862);
#1862 = AXIS2_PLACEMENT_3D('',#1863,#1864,#1865);
#1863 = CARTESIAN_POINT('',(3.02,3.85,0.25));
#1864 = DIRECTION('',(-1.,0.,0.));
#1865 = DIRECTION('',(0.,1.,0.));
#1866 = ADVANCED_FACE('',(#1867),#1885,.T.);
#1867 = FACE_BOUND('',#1868,.T.);
#1868 = EDGE_LOOP('',(#1869,#1877,#1883,#1884));
#1869 = ORIENTED_EDGE('',*,*,#1870,.F.);
#1870 = EDGE_CURVE('',#1871,#759,#1873,.T.);
#1871 = VERTEX_POINT('',#1872);
#1872 = CARTESIAN_POINT('',(-1.905,-21.72,2.6));
#1873 = LINE('',#1874,#1875);
#1874 = CARTESIAN_POINT('',(-1.905,-21.72,0.25));
#1875 = VECTOR('',#1876,1.);
#1876 = DIRECTION('',(0.,0.,1.));
#1877 = ORIENTED_EDGE('',*,*,#1878,.T.);
#1878 = EDGE_CURVE('',#1871,#856,#1879,.T.);
#1879 = LINE('',#1880,#1881);
#1880 = CARTESIAN_POINT('',(-1.905,-2.475,2.6));
#1881 = VECTOR('',#1882,1.);
#1882 = DIRECTION('',(0.,1.,0.));
#1883 = ORIENTED_EDGE('',*,*,#855,.T.);
#1884 = ORIENTED_EDGE('',*,*,#766,.T.);
#1885 = PLANE('',#1886);
#1886 = AXIS2_PLACEMENT_3D('',#1887,#1888,#1889);
#1887 = CARTESIAN_POINT('',(-1.905,3.94,0.25));
#1888 = DIRECTION('',(1.,0.,0.));
#1889 = DIRECTION('',(0.,-1.,0.));
#1890 = ADVANCED_FACE('',(#1891),#1941,.T.);
#1891 = FACE_BOUND('',#1892,.T.);
#1892 = EDGE_LOOP('',(#1893,#1901,#1909,#1917,#1925,#1933,#1939,#1940));
#1893 = ORIENTED_EDGE('',*,*,#1894,.F.);
#1894 = EDGE_CURVE('',#1895,#751,#1897,.T.);
#1895 = VERTEX_POINT('',#1896);
#1896 = CARTESIAN_POINT('',(4.445,-21.72,2.6));
#1897 = LINE('',#1898,#1899);
#1898 = CARTESIAN_POINT('',(4.445,-21.72,0.25));
#1899 = VECTOR('',#1900,1.);
#1900 = DIRECTION('',(0.,0.,1.));
#1901 = ORIENTED_EDGE('',*,*,#1902,.T.);
#1902 = EDGE_CURVE('',#1895,#1903,#1905,.T.);
#1903 = VERTEX_POINT('',#1904);
#1904 = CARTESIAN_POINT('',(3.02,-21.72,2.6));
#1905 = LINE('',#1906,#1907);
#1906 = CARTESIAN_POINT('',(-0.3175,-21.72,2.6));
#1907 = VECTOR('',#1908,1.);
#1908 = DIRECTION('',(-1.,0.,0.));
#1909 = ORIENTED_EDGE('',*,*,#1910,.T.);
#1910 = EDGE_CURVE('',#1903,#1911,#1913,.T.);
#1911 = VERTEX_POINT('',#1912);
#1912 = CARTESIAN_POINT('',(3.02,-21.72,6.75));
#1913 = LINE('',#1914,#1915);
#1914 = CARTESIAN_POINT('',(3.02,-21.72,0.25));
#1915 = VECTOR('',#1916,1.);
#1916 = DIRECTION('',(0.,0.,1.));
#1917 = ORIENTED_EDGE('',*,*,#1918,.F.);
#1918 = EDGE_CURVE('',#1919,#1911,#1921,.T.);
#1919 = VERTEX_POINT('',#1920);
#1920 = CARTESIAN_POINT('',(-0.48,-21.72,6.75));
#1921 = LINE('',#1922,#1923);
#1922 = CARTESIAN_POINT('',(-0.3175,-21.72,6.75));
#1923 = VECTOR('',#1924,1.);
#1924 = DIRECTION('',(1.,0.,0.));
#1925 = ORIENTED_EDGE('',*,*,#1926,.T.);
#1926 = EDGE_CURVE('',#1919,#1927,#1929,.T.);
#1927 = VERTEX_POINT('',#1928);
#1928 = CARTESIAN_POINT('',(-0.48,-21.72,2.6));
#1929 = LINE('',#1930,#1931);
#1930 = CARTESIAN_POINT('',(-0.48,-21.72,0.25));
#1931 = VECTOR('',#1932,1.);
#1932 = DIRECTION('',(0.,0.,-1.));
#1933 = ORIENTED_EDGE('',*,*,#1934,.T.);
#1934 = EDGE_CURVE('',#1927,#1871,#1935,.T.);
#1935 = LINE('',#1936,#1937);
#1936 = CARTESIAN_POINT('',(-0.3175,-21.72,2.6));
#1937 = VECTOR('',#1938,1.);
#1938 = DIRECTION('',(-1.,0.,0.));
#1939 = ORIENTED_EDGE('',*,*,#1870,.T.);
#1940 = ORIENTED_EDGE('',*,*,#758,.T.);
#1941 = PLANE('',#1942);
#1942 = AXIS2_PLACEMENT_3D('',#1943,#1944,#1945);
#1943 = CARTESIAN_POINT('',(-1.905,-21.72,0.25));
#1944 = DIRECTION('',(0.,1.,0.));
#1945 = DIRECTION('',(1.,0.,0.));
#1946 = ADVANCED_FACE('',(#1947),#1965,.T.);
#1947 = FACE_BOUND('',#1948,.T.);
#1948 = EDGE_LOOP('',(#1949,#1957,#1958,#1959));
#1949 = ORIENTED_EDGE('',*,*,#1950,.T.);
#1950 = EDGE_CURVE('',#1951,#1895,#1953,.T.);
#1951 = VERTEX_POINT('',#1952);
#1952 = CARTESIAN_POINT('',(4.445,3.94,2.6));
#1953 = LINE('',#1954,#1955);
#1954 = CARTESIAN_POINT('',(4.445,-15.305,2.6));
#1955 = VECTOR('',#1956,1.);
#1956 = DIRECTION('',(0.,-1.,0.));
#1957 = ORIENTED_EDGE('',*,*,#1894,.T.);
#1958 = ORIENTED_EDGE('',*,*,#750,.T.);
#1959 = ORIENTED_EDGE('',*,*,#1960,.F.);
#1960 = EDGE_CURVE('',#1951,#743,#1961,.T.);
#1961 = LINE('',#1962,#1963);
#1962 = CARTESIAN_POINT('',(4.445,3.94,0.25));
#1963 = VECTOR('',#1964,1.);
#1964 = DIRECTION('',(0.,0.,1.));
#1965 = PLANE('',#1966);
#1966 = AXIS2_PLACEMENT_3D('',#1967,#1968,#1969);
#1967 = CARTESIAN_POINT('',(4.445,-21.72,0.25));
#1968 = DIRECTION('',(-1.,0.,0.));
#1969 = DIRECTION('',(0.,1.,0.));
#1970 = ADVANCED_FACE('',(#1971),#1998,.T.);
#1971 = FACE_BOUND('',#1972,.T.);
#1972 = EDGE_LOOP('',(#1973,#1981,#1987,#1988,#1989,#1990,#1996,#1997));
#1973 = ORIENTED_EDGE('',*,*,#1974,.F.);
#1974 = EDGE_CURVE('',#1975,#735,#1977,.T.);
#1975 = VERTEX_POINT('',#1976);
#1976 = CARTESIAN_POINT('',(-1.905,3.94,2.6));
#1977 = LINE('',#1978,#1979);
#1978 = CARTESIAN_POINT('',(-1.905,3.94,0.25));
#1979 = VECTOR('',#1980,1.);
#1980 = DIRECTION('',(0.,0.,1.));
#1981 = ORIENTED_EDGE('',*,*,#1982,.T.);
#1982 = EDGE_CURVE('',#1975,#1784,#1983,.T.);
#1983 = LINE('',#1984,#1985);
#1984 = CARTESIAN_POINT('',(2.8575,3.94,2.6));
#1985 = VECTOR('',#1986,1.);
#1986 = DIRECTION('',(1.,0.,0.));
#1987 = ORIENTED_EDGE('',*,*,#1783,.T.);
#1988 = ORIENTED_EDGE('',*,*,#1814,.F.);
#1989 = ORIENTED_EDGE('',*,*,#1854,.T.);
#1990 = ORIENTED_EDGE('',*,*,#1991,.T.);
#1991 = EDGE_CURVE('',#1847,#1951,#1992,.T.);
#1992 = LINE('',#1993,#1994);
#1993 = CARTESIAN_POINT('',(2.8575,3.94,2.6));
#1994 = VECTOR('',#1995,1.);
#1995 = DIRECTION('',(1.,0.,0.));
#1996 = ORIENTED_EDGE('',*,*,#1960,.T.);
#1997 = ORIENTED_EDGE('',*,*,#742,.T.);
#1998 = PLANE('',#1999);
#1999 = AXIS2_PLACEMENT_3D('',#2000,#2001,#2002);
#2000 = CARTESIAN_POINT('',(4.445,3.94,0.25));
#2001 = DIRECTION('',(0.,-1.,0.));
#2002 = DIRECTION('',(-1.,0.,0.));
#2003 = ADVANCED_FACE('',(#2004),#2015,.T.);
#2004 = FACE_BOUND('',#2005,.T.);
#2005 = EDGE_LOOP('',(#2006,#2007,#2013,#2014));
#2006 = ORIENTED_EDGE('',*,*,#812,.T.);
#2007 = ORIENTED_EDGE('',*,*,#2008,.T.);
#2008 = EDGE_CURVE('',#805,#1975,#2009,.T.);
#2009 = LINE('',#2010,#2011);
#2010 = CARTESIAN_POINT('',(-1.905,-2.475,2.6));
#2011 = VECTOR('',#2012,1.);
#2012 = DIRECTION('',(0.,1.,0.));
#2013 = ORIENTED_EDGE('',*,*,#1974,.T.);
#2014 = ORIENTED_EDGE('',*,*,#734,.T.);
#2015 = PLANE('',#2016);
#2016 = AXIS2_PLACEMENT_3D('',#2017,#2018,#2019);
#2017 = CARTESIAN_POINT('',(-1.905,3.94,0.25));
#2018 = DIRECTION('',(1.,0.,0.));
#2019 = DIRECTION('',(0.,-1.,0.));
#2020 = ADVANCED_FACE('',(#2021,#2068,#2102,#2136,#2170,#2204,#2238,
    #2272,#2306,#2340,#2374,#2408,#2442,#2476,#2510,#2544,#2578),#2612,
  .T.);
#2021 = FACE_BOUND('',#2022,.T.);
#2022 = EDGE_LOOP('',(#2023,#2024,#2025,#2033,#2041,#2047,#2048,#2049,
    #2050,#2051,#2057,#2058,#2059,#2060,#2061,#2067));
#2023 = ORIENTED_EDGE('',*,*,#1878,.F.);
#2024 = ORIENTED_EDGE('',*,*,#1934,.F.);
#2025 = ORIENTED_EDGE('',*,*,#2026,.T.);
#2026 = EDGE_CURVE('',#1927,#2027,#2029,.T.);
#2027 = VERTEX_POINT('',#2028);
#2028 = CARTESIAN_POINT('',(-0.48,-21.63,2.6));
#2029 = LINE('',#2030,#2031);
#2030 = CARTESIAN_POINT('',(-0.48,-15.26,2.6));
#2031 = VECTOR('',#2032,1.);
#2032 = DIRECTION('',(0.,1.,0.));
#2033 = ORIENTED_EDGE('',*,*,#2034,.T.);
#2034 = EDGE_CURVE('',#2027,#2035,#2037,.T.);
#2035 = VERTEX_POINT('',#2036);
#2036 = CARTESIAN_POINT('',(3.02,-21.63,2.6));
#2037 = LINE('',#2038,#2039);
#2038 = CARTESIAN_POINT('',(2.145,-21.63,2.6));
#2039 = VECTOR('',#2040,1.);
#2040 = DIRECTION('',(1.,0.,0.));
#2041 = ORIENTED_EDGE('',*,*,#2042,.T.);
#2042 = EDGE_CURVE('',#2035,#1903,#2043,.T.);
#2043 = LINE('',#2044,#2045);
#2044 = CARTESIAN_POINT('',(3.02,-16.51,2.6));
#2045 = VECTOR('',#2046,1.);
#2046 = DIRECTION('',(0.,-1.,0.));
#2047 = ORIENTED_EDGE('',*,*,#1902,.F.);
#2048 = ORIENTED_EDGE('',*,*,#1950,.F.);
#2049 = ORIENTED_EDGE('',*,*,#1991,.F.);
#2050 = ORIENTED_EDGE('',*,*,#1846,.T.);
#2051 = ORIENTED_EDGE('',*,*,#2052,.T.);
#2052 = EDGE_CURVE('',#1839,#1792,#2053,.T.);
#2053 = LINE('',#2054,#2055);
#2054 = CARTESIAN_POINT('',(0.395,3.85,2.6));
#2055 = VECTOR('',#2056,1.);
#2056 = DIRECTION('',(-1.,0.,0.));
#2057 = ORIENTED_EDGE('',*,*,#1791,.T.);
#2058 = ORIENTED_EDGE('',*,*,#1982,.F.);
#2059 = ORIENTED_EDGE('',*,*,#2008,.F.);
#2060 = ORIENTED_EDGE('',*,*,#804,.T.);
#2061 = ORIENTED_EDGE('',*,*,#2062,.T.);
#2062 = EDGE_CURVE('',#797,#864,#2063,.T.);
#2063 = LINE('',#2064,#2065);
#2064 = CARTESIAN_POINT('',(-1.155,-10.015,2.6));
#2065 = VECTOR('',#2066,1.);
#2066 = DIRECTION('',(0.,-1.,0.));
#2067 = ORIENTED_EDGE('',*,*,#863,.T.);
#2068 = FACE_BOUND('',#2069,.T.);
#2069 = EDGE_LOOP('',(#2070,#2080,#2088,#2096));
#2070 = ORIENTED_EDGE('',*,*,#2071,.T.);
#2071 = EDGE_CURVE('',#2072,#2074,#2076,.T.);
#2072 = VERTEX_POINT('',#2073);
#2073 = CARTESIAN_POINT('',(-0.32,-2.22,2.6));
#2074 = VERTEX_POINT('',#2075);
#2075 = CARTESIAN_POINT('',(0.32,-2.22,2.6));
#2076 = LINE('',#2077,#2078);
#2077 = CARTESIAN_POINT('',(0.795,-2.22,2.6));
#2078 = VECTOR('',#2079,1.);
#2079 = DIRECTION('',(1.,0.,0.));
#2080 = ORIENTED_EDGE('',*,*,#2081,.T.);
#2081 = EDGE_CURVE('',#2074,#2082,#2084,.T.);
#2082 = VERTEX_POINT('',#2083);
#2083 = CARTESIAN_POINT('',(0.32,-2.86,2.6));
#2084 = LINE('',#2085,#2086);
#2085 = CARTESIAN_POINT('',(0.32,-5.875,2.6));
#2086 = VECTOR('',#2087,1.);
#2087 = DIRECTION('',(0.,-1.,0.));
#2088 = ORIENTED_EDGE('',*,*,#2089,.T.);
#2089 = EDGE_CURVE('',#2082,#2090,#2092,.T.);
#2090 = VERTEX_POINT('',#2091);
#2091 = CARTESIAN_POINT('',(-0.32,-2.86,2.6));
#2092 = LINE('',#2093,#2094);
#2093 = CARTESIAN_POINT('',(0.475,-2.86,2.6));
#2094 = VECTOR('',#2095,1.);
#2095 = DIRECTION('',(-1.,0.,0.));
#2096 = ORIENTED_EDGE('',*,*,#2097,.T.);
#2097 = EDGE_CURVE('',#2090,#2072,#2098,.T.);
#2098 = LINE('',#2099,#2100);
#2099 = CARTESIAN_POINT('',(-0.32,-5.555,2.6));
#2100 = VECTOR('',#2101,1.);
#2101 = DIRECTION('',(0.,1.,0.));
#2102 = FACE_BOUND('',#2103,.T.);
#2103 = EDGE_LOOP('',(#2104,#2114,#2122,#2130));
#2104 = ORIENTED_EDGE('',*,*,#2105,.T.);
#2105 = EDGE_CURVE('',#2106,#2108,#2110,.T.);
#2106 = VERTEX_POINT('',#2107);
#2107 = CARTESIAN_POINT('',(-0.32,-5.4,2.6));
#2108 = VERTEX_POINT('',#2109);
#2109 = CARTESIAN_POINT('',(-0.32,-4.76,2.6));
#2110 = LINE('',#2111,#2112);
#2111 = CARTESIAN_POINT('',(-0.32,-6.825,2.6));
#2112 = VECTOR('',#2113,1.);
#2113 = DIRECTION('',(0.,1.,0.));
#2114 = ORIENTED_EDGE('',*,*,#2115,.T.);
#2115 = EDGE_CURVE('',#2108,#2116,#2118,.T.);
#2116 = VERTEX_POINT('',#2117);
#2117 = CARTESIAN_POINT('',(0.32,-4.76,2.6));
#2118 = LINE('',#2119,#2120);
#2119 = CARTESIAN_POINT('',(0.795,-4.76,2.6));
#2120 = VECTOR('',#2121,1.);
#2121 = DIRECTION('',(1.,0.,0.));
#2122 = ORIENTED_EDGE('',*,*,#2123,.T.);
#2123 = EDGE_CURVE('',#2116,#2124,#2126,.T.);
#2124 = VERTEX_POINT('',#2125);
#2125 = CARTESIAN_POINT('',(0.32,-5.4,2.6));
#2126 = LINE('',#2127,#2128);
#2127 = CARTESIAN_POINT('',(0.32,-7.145,2.6));
#2128 = VECTOR('',#2129,1.);
#2129 = DIRECTION('',(0.,-1.,0.));
#2130 = ORIENTED_EDGE('',*,*,#2131,.T.);
#2131 = EDGE_CURVE('',#2124,#2106,#2132,.T.);
#2132 = LINE('',#2133,#2134);
#2133 = CARTESIAN_POINT('',(0.475,-5.4,2.6));
#2134 = VECTOR('',#2135,1.);
#2135 = DIRECTION('',(-1.,0.,0.));
#2136 = FACE_BOUND('',#2137,.T.);
#2137 = EDGE_LOOP('',(#2138,#2148,#2156,#2164));
#2138 = ORIENTED_EDGE('',*,*,#2139,.T.);
#2139 = EDGE_CURVE('',#2140,#2142,#2144,.T.);
#2140 = VERTEX_POINT('',#2141);
#2141 = CARTESIAN_POINT('',(-0.32,-9.84,2.6));
#2142 = VERTEX_POINT('',#2143);
#2143 = CARTESIAN_POINT('',(0.32,-9.84,2.6));
#2144 = LINE('',#2145,#2146);
#2145 = CARTESIAN_POINT('',(0.795,-9.84,2.6));
#2146 = VECTOR('',#2147,1.);
#2147 = DIRECTION('',(1.,0.,0.));
#2148 = ORIENTED_EDGE('',*,*,#2149,.T.);
#2149 = EDGE_CURVE('',#2142,#2150,#2152,.T.);
#2150 = VERTEX_POINT('',#2151);
#2151 = CARTESIAN_POINT('',(0.32,-10.48,2.6));
#2152 = LINE('',#2153,#2154);
#2153 = CARTESIAN_POINT('',(0.32,-9.685,2.6));
#2154 = VECTOR('',#2155,1.);
#2155 = DIRECTION('',(0.,-1.,0.));
#2156 = ORIENTED_EDGE('',*,*,#2157,.T.);
#2157 = EDGE_CURVE('',#2150,#2158,#2160,.T.);
#2158 = VERTEX_POINT('',#2159);
#2159 = CARTESIAN_POINT('',(-0.32,-10.48,2.6));
#2160 = LINE('',#2161,#2162);
#2161 = CARTESIAN_POINT('',(0.475,-10.48,2.6));
#2162 = VECTOR('',#2163,1.);
#2163 = DIRECTION('',(-1.,0.,0.));
#2164 = ORIENTED_EDGE('',*,*,#2165,.T.);
#2165 = EDGE_CURVE('',#2158,#2140,#2166,.T.);
#2166 = LINE('',#2167,#2168);
#2167 = CARTESIAN_POINT('',(-0.32,-9.365,2.6));
#2168 = VECTOR('',#2169,1.);
#2169 = DIRECTION('',(0.,1.,0.));
#2170 = FACE_BOUND('',#2171,.T.);
#2171 = EDGE_LOOP('',(#2172,#2182,#2190,#2198));
#2172 = ORIENTED_EDGE('',*,*,#2173,.T.);
#2173 = EDGE_CURVE('',#2174,#2176,#2178,.T.);
#2174 = VERTEX_POINT('',#2175);
#2175 = CARTESIAN_POINT('',(0.32,-7.3,2.6));
#2176 = VERTEX_POINT('',#2177);
#2177 = CARTESIAN_POINT('',(0.32,-7.94,2.6));
#2178 = LINE('',#2179,#2180);
#2179 = CARTESIAN_POINT('',(0.32,-8.415,2.6));
#2180 = VECTOR('',#2181,1.);
#2181 = DIRECTION('',(0.,-1.,0.));
#2182 = ORIENTED_EDGE('',*,*,#2183,.T.);
#2183 = EDGE_CURVE('',#2176,#2184,#2186,.T.);
#2184 = VERTEX_POINT('',#2185);
#2185 = CARTESIAN_POINT('',(-0.32,-7.94,2.6));
#2186 = LINE('',#2187,#2188);
#2187 = CARTESIAN_POINT('',(0.475,-7.94,2.6));
#2188 = VECTOR('',#2189,1.);
#2189 = DIRECTION('',(-1.,0.,0.));
#2190 = ORIENTED_EDGE('',*,*,#2191,.T.);
#2191 = EDGE_CURVE('',#2184,#2192,#2194,.T.);
#2192 = VERTEX_POINT('',#2193);
#2193 = CARTESIAN_POINT('',(-0.32,-7.3,2.6));
#2194 = LINE('',#2195,#2196);
#2195 = CARTESIAN_POINT('',(-0.32,-8.095,2.6));
#2196 = VECTOR('',#2197,1.);
#2197 = DIRECTION('',(0.,1.,0.));
#2198 = ORIENTED_EDGE('',*,*,#2199,.T.);
#2199 = EDGE_CURVE('',#2192,#2174,#2200,.T.);
#2200 = LINE('',#2201,#2202);
#2201 = CARTESIAN_POINT('',(0.795,-7.3,2.6));
#2202 = VECTOR('',#2203,1.);
#2203 = DIRECTION('',(1.,0.,0.));
#2204 = FACE_BOUND('',#2205,.T.);
#2205 = EDGE_LOOP('',(#2206,#2216,#2224,#2232));
#2206 = ORIENTED_EDGE('',*,*,#2207,.T.);
#2207 = EDGE_CURVE('',#2208,#2210,#2212,.T.);
#2208 = VERTEX_POINT('',#2209);
#2209 = CARTESIAN_POINT('',(0.32,-17.46,2.6));
#2210 = VERTEX_POINT('',#2211);
#2211 = CARTESIAN_POINT('',(0.32,-18.1,2.6));
#2212 = LINE('',#2213,#2214);
#2213 = CARTESIAN_POINT('',(0.32,-13.495,2.6));
#2214 = VECTOR('',#2215,1.);
#2215 = DIRECTION('',(0.,-1.,0.));
#2216 = ORIENTED_EDGE('',*,*,#2217,.T.);
#2217 = EDGE_CURVE('',#2210,#2218,#2220,.T.);
#2218 = VERTEX_POINT('',#2219);
#2219 = CARTESIAN_POINT('',(-0.32,-18.1,2.6));
#2220 = LINE('',#2221,#2222);
#2221 = CARTESIAN_POINT('',(0.475,-18.1,2.6));
#2222 = VECTOR('',#2223,1.);
#2223 = DIRECTION('',(-1.,0.,0.));
#2224 = ORIENTED_EDGE('',*,*,#2225,.T.);
#2225 = EDGE_CURVE('',#2218,#2226,#2228,.T.);
#2226 = VERTEX_POINT('',#2227);
#2227 = CARTESIAN_POINT('',(-0.32,-17.46,2.6));
#2228 = LINE('',#2229,#2230);
#2229 = CARTESIAN_POINT('',(-0.32,-13.175,2.6));
#2230 = VECTOR('',#2231,1.);
#2231 = DIRECTION('',(0.,1.,0.));
#2232 = ORIENTED_EDGE('',*,*,#2233,.T.);
#2233 = EDGE_CURVE('',#2226,#2208,#2234,.T.);
#2234 = LINE('',#2235,#2236);
#2235 = CARTESIAN_POINT('',(0.795,-17.46,2.6));
#2236 = VECTOR('',#2237,1.);
#2237 = DIRECTION('',(1.,0.,0.));
#2238 = FACE_BOUND('',#2239,.T.);
#2239 = EDGE_LOOP('',(#2240,#2250,#2258,#2266));
#2240 = ORIENTED_EDGE('',*,*,#2241,.T.);
#2241 = EDGE_CURVE('',#2242,#2244,#2246,.T.);
#2242 = VERTEX_POINT('',#2243);
#2243 = CARTESIAN_POINT('',(0.32,-14.92,2.6));
#2244 = VERTEX_POINT('',#2245);
#2245 = CARTESIAN_POINT('',(0.32,-15.56,2.6));
#2246 = LINE('',#2247,#2248);
#2247 = CARTESIAN_POINT('',(0.32,-12.225,2.6));
#2248 = VECTOR('',#2249,1.);
#2249 = DIRECTION('',(0.,-1.,0.));
#2250 = ORIENTED_EDGE('',*,*,#2251,.T.);
#2251 = EDGE_CURVE('',#2244,#2252,#2254,.T.);
#2252 = VERTEX_POINT('',#2253);
#2253 = CARTESIAN_POINT('',(-0.32,-15.56,2.6));
#2254 = LINE('',#2255,#2256);
#2255 = CARTESIAN_POINT('',(0.475,-15.56,2.6));
#2256 = VECTOR('',#2257,1.);
#2257 = DIRECTION('',(-1.,0.,0.));
#2258 = ORIENTED_EDGE('',*,*,#2259,.T.);
#2259 = EDGE_CURVE('',#2252,#2260,#2262,.T.);
#2260 = VERTEX_POINT('',#2261);
#2261 = CARTESIAN_POINT('',(-0.32,-14.92,2.6));
#2262 = LINE('',#2263,#2264);
#2263 = CARTESIAN_POINT('',(-0.32,-11.905,2.6));
#2264 = VECTOR('',#2265,1.);
#2265 = DIRECTION('',(0.,1.,0.));
#2266 = ORIENTED_EDGE('',*,*,#2267,.T.);
#2267 = EDGE_CURVE('',#2260,#2242,#2268,.T.);
#2268 = LINE('',#2269,#2270);
#2269 = CARTESIAN_POINT('',(0.795,-14.92,2.6));
#2270 = VECTOR('',#2271,1.);
#2271 = DIRECTION('',(1.,0.,0.));
#2272 = FACE_BOUND('',#2273,.T.);
#2273 = EDGE_LOOP('',(#2274,#2284,#2292,#2300));
#2274 = ORIENTED_EDGE('',*,*,#2275,.T.);
#2275 = EDGE_CURVE('',#2276,#2278,#2280,.T.);
#2276 = VERTEX_POINT('',#2277);
#2277 = CARTESIAN_POINT('',(-0.32,-12.38,2.6));
#2278 = VERTEX_POINT('',#2279);
#2279 = CARTESIAN_POINT('',(0.32,-12.38,2.6));
#2280 = LINE('',#2281,#2282);
#2281 = CARTESIAN_POINT('',(0.795,-12.38,2.6));
#2282 = VECTOR('',#2283,1.);
#2283 = DIRECTION('',(1.,0.,0.));
#2284 = ORIENTED_EDGE('',*,*,#2285,.T.);
#2285 = EDGE_CURVE('',#2278,#2286,#2288,.T.);
#2286 = VERTEX_POINT('',#2287);
#2287 = CARTESIAN_POINT('',(0.32,-13.02,2.6));
#2288 = LINE('',#2289,#2290);
#2289 = CARTESIAN_POINT('',(0.32,-10.955,2.6));
#2290 = VECTOR('',#2291,1.);
#2291 = DIRECTION('',(0.,-1.,0.));
#2292 = ORIENTED_EDGE('',*,*,#2293,.T.);
#2293 = EDGE_CURVE('',#2286,#2294,#2296,.T.);
#2294 = VERTEX_POINT('',#2295);
#2295 = CARTESIAN_POINT('',(-0.32,-13.02,2.6));
#2296 = LINE('',#2297,#2298);
#2297 = CARTESIAN_POINT('',(0.475,-13.02,2.6));
#2298 = VECTOR('',#2299,1.);
#2299 = DIRECTION('',(-1.,0.,0.));
#2300 = ORIENTED_EDGE('',*,*,#2301,.T.);
#2301 = EDGE_CURVE('',#2294,#2276,#2302,.T.);
#2302 = LINE('',#2303,#2304);
#2303 = CARTESIAN_POINT('',(-0.32,-10.635,2.6));
#2304 = VECTOR('',#2305,1.);
#2305 = DIRECTION('',(0.,1.,0.));
#2306 = FACE_BOUND('',#2307,.T.);
#2307 = EDGE_LOOP('',(#2308,#2318,#2326,#2334));
#2308 = ORIENTED_EDGE('',*,*,#2309,.T.);
#2309 = EDGE_CURVE('',#2310,#2312,#2314,.T.);
#2310 = VERTEX_POINT('',#2311);
#2311 = CARTESIAN_POINT('',(2.22,-18.1,2.6));
#2312 = VERTEX_POINT('',#2313);
#2313 = CARTESIAN_POINT('',(2.22,-17.46,2.6));
#2314 = LINE('',#2315,#2316);
#2315 = CARTESIAN_POINT('',(2.22,-13.175,2.6));
#2316 = VECTOR('',#2317,1.);
#2317 = DIRECTION('',(0.,1.,0.));
#2318 = ORIENTED_EDGE('',*,*,#2319,.T.);
#2319 = EDGE_CURVE('',#2312,#2320,#2322,.T.);
#2320 = VERTEX_POINT('',#2321);
#2321 = CARTESIAN_POINT('',(2.86,-17.46,2.6));
#2322 = LINE('',#2323,#2324);
#2323 = CARTESIAN_POINT('',(2.065,-17.46,2.6));
#2324 = VECTOR('',#2325,1.);
#2325 = DIRECTION('',(1.,0.,0.));
#2326 = ORIENTED_EDGE('',*,*,#2327,.T.);
#2327 = EDGE_CURVE('',#2320,#2328,#2330,.T.);
#2328 = VERTEX_POINT('',#2329);
#2329 = CARTESIAN_POINT('',(2.86,-18.1,2.6));
#2330 = LINE('',#2331,#2332);
#2331 = CARTESIAN_POINT('',(2.86,-13.495,2.6));
#2332 = VECTOR('',#2333,1.);
#2333 = DIRECTION('',(0.,-1.,0.));
#2334 = ORIENTED_EDGE('',*,*,#2335,.T.);
#2335 = EDGE_CURVE('',#2328,#2310,#2336,.T.);
#2336 = LINE('',#2337,#2338);
#2337 = CARTESIAN_POINT('',(1.745,-18.1,2.6));
#2338 = VECTOR('',#2339,1.);
#2339 = DIRECTION('',(-1.,0.,0.));
#2340 = FACE_BOUND('',#2341,.T.);
#2341 = EDGE_LOOP('',(#2342,#2352,#2360,#2368));
#2342 = ORIENTED_EDGE('',*,*,#2343,.T.);
#2343 = EDGE_CURVE('',#2344,#2346,#2348,.T.);
#2344 = VERTEX_POINT('',#2345);
#2345 = CARTESIAN_POINT('',(2.22,-14.92,2.6));
#2346 = VERTEX_POINT('',#2347);
#2347 = CARTESIAN_POINT('',(2.86,-14.92,2.6));
#2348 = LINE('',#2349,#2350);
#2349 = CARTESIAN_POINT('',(2.065,-14.92,2.6));
#2350 = VECTOR('',#2351,1.);
#2351 = DIRECTION('',(1.,0.,0.));
#2352 = ORIENTED_EDGE('',*,*,#2353,.T.);
#2353 = EDGE_CURVE('',#2346,#2354,#2356,.T.);
#2354 = VERTEX_POINT('',#2355);
#2355 = CARTESIAN_POINT('',(2.86,-15.56,2.6));
#2356 = LINE('',#2357,#2358);
#2357 = CARTESIAN_POINT('',(2.86,-12.225,2.6));
#2358 = VECTOR('',#2359,1.);
#2359 = DIRECTION('',(0.,-1.,0.));
#2360 = ORIENTED_EDGE('',*,*,#2361,.T.);
#2361 = EDGE_CURVE('',#2354,#2362,#2364,.T.);
#2362 = VERTEX_POINT('',#2363);
#2363 = CARTESIAN_POINT('',(2.22,-15.56,2.6));
#2364 = LINE('',#2365,#2366);
#2365 = CARTESIAN_POINT('',(1.745,-15.56,2.6));
#2366 = VECTOR('',#2367,1.);
#2367 = DIRECTION('',(-1.,0.,0.));
#2368 = ORIENTED_EDGE('',*,*,#2369,.T.);
#2369 = EDGE_CURVE('',#2362,#2344,#2370,.T.);
#2370 = LINE('',#2371,#2372);
#2371 = CARTESIAN_POINT('',(2.22,-11.905,2.6));
#2372 = VECTOR('',#2373,1.);
#2373 = DIRECTION('',(0.,1.,0.));
#2374 = FACE_BOUND('',#2375,.T.);
#2375 = EDGE_LOOP('',(#2376,#2386,#2394,#2402));
#2376 = ORIENTED_EDGE('',*,*,#2377,.T.);
#2377 = EDGE_CURVE('',#2378,#2380,#2382,.T.);
#2378 = VERTEX_POINT('',#2379);
#2379 = CARTESIAN_POINT('',(2.22,-10.48,2.6));
#2380 = VERTEX_POINT('',#2381);
#2381 = CARTESIAN_POINT('',(2.22,-9.84,2.6));
#2382 = LINE('',#2383,#2384);
#2383 = CARTESIAN_POINT('',(2.22,-9.365,2.6));
#2384 = VECTOR('',#2385,1.);
#2385 = DIRECTION('',(0.,1.,0.));
#2386 = ORIENTED_EDGE('',*,*,#2387,.T.);
#2387 = EDGE_CURVE('',#2380,#2388,#2390,.T.);
#2388 = VERTEX_POINT('',#2389);
#2389 = CARTESIAN_POINT('',(2.86,-9.84,2.6));
#2390 = LINE('',#2391,#2392);
#2391 = CARTESIAN_POINT('',(2.065,-9.84,2.6));
#2392 = VECTOR('',#2393,1.);
#2393 = DIRECTION('',(1.,0.,0.));
#2394 = ORIENTED_EDGE('',*,*,#2395,.T.);
#2395 = EDGE_CURVE('',#2388,#2396,#2398,.T.);
#2396 = VERTEX_POINT('',#2397);
#2397 = CARTESIAN_POINT('',(2.86,-10.48,2.6));
#2398 = LINE('',#2399,#2400);
#2399 = CARTESIAN_POINT('',(2.86,-9.685,2.6));
#2400 = VECTOR('',#2401,1.);
#2401 = DIRECTION('',(0.,-1.,0.));
#2402 = ORIENTED_EDGE('',*,*,#2403,.T.);
#2403 = EDGE_CURVE('',#2396,#2378,#2404,.T.);
#2404 = LINE('',#2405,#2406);
#2405 = CARTESIAN_POINT('',(1.745,-10.48,2.6));
#2406 = VECTOR('',#2407,1.);
#2407 = DIRECTION('',(-1.,0.,0.));
#2408 = FACE_BOUND('',#2409,.T.);
#2409 = EDGE_LOOP('',(#2410,#2420,#2428,#2436));
#2410 = ORIENTED_EDGE('',*,*,#2411,.T.);
#2411 = EDGE_CURVE('',#2412,#2414,#2416,.T.);
#2412 = VERTEX_POINT('',#2413);
#2413 = CARTESIAN_POINT('',(2.86,-13.02,2.6));
#2414 = VERTEX_POINT('',#2415);
#2415 = CARTESIAN_POINT('',(2.22,-13.02,2.6));
#2416 = LINE('',#2417,#2418);
#2417 = CARTESIAN_POINT('',(1.745,-13.02,2.6));
#2418 = VECTOR('',#2419,1.);
#2419 = DIRECTION('',(-1.,0.,0.));
#2420 = ORIENTED_EDGE('',*,*,#2421,.T.);
#2421 = EDGE_CURVE('',#2414,#2422,#2424,.T.);
#2422 = VERTEX_POINT('',#2423);
#2423 = CARTESIAN_POINT('',(2.22,-12.38,2.6));
#2424 = LINE('',#2425,#2426);
#2425 = CARTESIAN_POINT('',(2.22,-10.635,2.6));
#2426 = VECTOR('',#2427,1.);
#2427 = DIRECTION('',(0.,1.,0.));
#2428 = ORIENTED_EDGE('',*,*,#2429,.T.);
#2429 = EDGE_CURVE('',#2422,#2430,#2432,.T.);
#2430 = VERTEX_POINT('',#2431);
#2431 = CARTESIAN_POINT('',(2.86,-12.38,2.6));
#2432 = LINE('',#2433,#2434);
#2433 = CARTESIAN_POINT('',(2.065,-12.38,2.6));
#2434 = VECTOR('',#2435,1.);
#2435 = DIRECTION('',(1.,0.,0.));
#2436 = ORIENTED_EDGE('',*,*,#2437,.T.);
#2437 = EDGE_CURVE('',#2430,#2412,#2438,.T.);
#2438 = LINE('',#2439,#2440);
#2439 = CARTESIAN_POINT('',(2.86,-10.955,2.6));
#2440 = VECTOR('',#2441,1.);
#2441 = DIRECTION('',(0.,-1.,0.));
#2442 = FACE_BOUND('',#2443,.T.);
#2443 = EDGE_LOOP('',(#2444,#2454,#2462,#2470));
#2444 = ORIENTED_EDGE('',*,*,#2445,.T.);
#2445 = EDGE_CURVE('',#2446,#2448,#2450,.T.);
#2446 = VERTEX_POINT('',#2447);
#2447 = CARTESIAN_POINT('',(2.22,-2.22,2.6));
#2448 = VERTEX_POINT('',#2449);
#2449 = CARTESIAN_POINT('',(2.86,-2.22,2.6));
#2450 = LINE('',#2451,#2452);
#2451 = CARTESIAN_POINT('',(2.065,-2.22,2.6));
#2452 = VECTOR('',#2453,1.);
#2453 = DIRECTION('',(1.,0.,0.));
#2454 = ORIENTED_EDGE('',*,*,#2455,.T.);
#2455 = EDGE_CURVE('',#2448,#2456,#2458,.T.);
#2456 = VERTEX_POINT('',#2457);
#2457 = CARTESIAN_POINT('',(2.86,-2.86,2.6));
#2458 = LINE('',#2459,#2460);
#2459 = CARTESIAN_POINT('',(2.86,-5.875,2.6));
#2460 = VECTOR('',#2461,1.);
#2461 = DIRECTION('',(0.,-1.,0.));
#2462 = ORIENTED_EDGE('',*,*,#2463,.T.);
#2463 = EDGE_CURVE('',#2456,#2464,#2466,.T.);
#2464 = VERTEX_POINT('',#2465);
#2465 = CARTESIAN_POINT('',(2.22,-2.86,2.6));
#2466 = LINE('',#2467,#2468);
#2467 = CARTESIAN_POINT('',(1.745,-2.86,2.6));
#2468 = VECTOR('',#2469,1.);
#2469 = DIRECTION('',(-1.,0.,0.));
#2470 = ORIENTED_EDGE('',*,*,#2471,.T.);
#2471 = EDGE_CURVE('',#2464,#2446,#2472,.T.);
#2472 = LINE('',#2473,#2474);
#2473 = CARTESIAN_POINT('',(2.22,-5.555,2.6));
#2474 = VECTOR('',#2475,1.);
#2475 = DIRECTION('',(0.,1.,0.));
#2476 = FACE_BOUND('',#2477,.T.);
#2477 = EDGE_LOOP('',(#2478,#2488,#2496,#2504));
#2478 = ORIENTED_EDGE('',*,*,#2479,.T.);
#2479 = EDGE_CURVE('',#2480,#2482,#2484,.T.);
#2480 = VERTEX_POINT('',#2481);
#2481 = CARTESIAN_POINT('',(2.86,-4.76,2.6));
#2482 = VERTEX_POINT('',#2483);
#2483 = CARTESIAN_POINT('',(2.86,-5.4,2.6));
#2484 = LINE('',#2485,#2486);
#2485 = CARTESIAN_POINT('',(2.86,-7.145,2.6));
#2486 = VECTOR('',#2487,1.);
#2487 = DIRECTION('',(0.,-1.,0.));
#2488 = ORIENTED_EDGE('',*,*,#2489,.T.);
#2489 = EDGE_CURVE('',#2482,#2490,#2492,.T.);
#2490 = VERTEX_POINT('',#2491);
#2491 = CARTESIAN_POINT('',(2.22,-5.4,2.6));
#2492 = LINE('',#2493,#2494);
#2493 = CARTESIAN_POINT('',(1.745,-5.4,2.6));
#2494 = VECTOR('',#2495,1.);
#2495 = DIRECTION('',(-1.,0.,0.));
#2496 = ORIENTED_EDGE('',*,*,#2497,.T.);
#2497 = EDGE_CURVE('',#2490,#2498,#2500,.T.);
#2498 = VERTEX_POINT('',#2499);
#2499 = CARTESIAN_POINT('',(2.22,-4.76,2.6));
#2500 = LINE('',#2501,#2502);
#2501 = CARTESIAN_POINT('',(2.22,-6.825,2.6));
#2502 = VECTOR('',#2503,1.);
#2503 = DIRECTION('',(0.,1.,0.));
#2504 = ORIENTED_EDGE('',*,*,#2505,.T.);
#2505 = EDGE_CURVE('',#2498,#2480,#2506,.T.);
#2506 = LINE('',#2507,#2508);
#2507 = CARTESIAN_POINT('',(2.065,-4.76,2.6));
#2508 = VECTOR('',#2509,1.);
#2509 = DIRECTION('',(1.,0.,0.));
#2510 = FACE_BOUND('',#2511,.T.);
#2511 = EDGE_LOOP('',(#2512,#2522,#2530,#2538));
#2512 = ORIENTED_EDGE('',*,*,#2513,.T.);
#2513 = EDGE_CURVE('',#2514,#2516,#2518,.T.);
#2514 = VERTEX_POINT('',#2515);
#2515 = CARTESIAN_POINT('',(2.22,-7.94,2.6));
#2516 = VERTEX_POINT('',#2517);
#2517 = CARTESIAN_POINT('',(2.22,-7.3,2.6));
#2518 = LINE('',#2519,#2520);
#2519 = CARTESIAN_POINT('',(2.22,-8.095,2.6));
#2520 = VECTOR('',#2521,1.);
#2521 = DIRECTION('',(0.,1.,0.));
#2522 = ORIENTED_EDGE('',*,*,#2523,.T.);
#2523 = EDGE_CURVE('',#2516,#2524,#2526,.T.);
#2524 = VERTEX_POINT('',#2525);
#2525 = CARTESIAN_POINT('',(2.86,-7.3,2.6));
#2526 = LINE('',#2527,#2528);
#2527 = CARTESIAN_POINT('',(2.065,-7.3,2.6));
#2528 = VECTOR('',#2529,1.);
#2529 = DIRECTION('',(1.,0.,0.));
#2530 = ORIENTED_EDGE('',*,*,#2531,.T.);
#2531 = EDGE_CURVE('',#2524,#2532,#2534,.T.);
#2532 = VERTEX_POINT('',#2533);
#2533 = CARTESIAN_POINT('',(2.86,-7.94,2.6));
#2534 = LINE('',#2535,#2536);
#2535 = CARTESIAN_POINT('',(2.86,-8.415,2.6));
#2536 = VECTOR('',#2537,1.);
#2537 = DIRECTION('',(0.,-1.,0.));
#2538 = ORIENTED_EDGE('',*,*,#2539,.T.);
#2539 = EDGE_CURVE('',#2532,#2514,#2540,.T.);
#2540 = LINE('',#2541,#2542);
#2541 = CARTESIAN_POINT('',(1.745,-7.94,2.6));
#2542 = VECTOR('',#2543,1.);
#2543 = DIRECTION('',(-1.,0.,0.));
#2544 = FACE_BOUND('',#2545,.T.);
#2545 = EDGE_LOOP('',(#2546,#2556,#2564,#2572));
#2546 = ORIENTED_EDGE('',*,*,#2547,.T.);
#2547 = EDGE_CURVE('',#2548,#2550,#2552,.T.);
#2548 = VERTEX_POINT('',#2549);
#2549 = CARTESIAN_POINT('',(2.22,-0.32,2.6));
#2550 = VERTEX_POINT('',#2551);
#2551 = CARTESIAN_POINT('',(2.22,0.32,2.6));
#2552 = LINE('',#2553,#2554);
#2553 = CARTESIAN_POINT('',(2.22,-4.285,2.6));
#2554 = VECTOR('',#2555,1.);
#2555 = DIRECTION('',(0.,1.,0.));
#2556 = ORIENTED_EDGE('',*,*,#2557,.T.);
#2557 = EDGE_CURVE('',#2550,#2558,#2560,.T.);
#2558 = VERTEX_POINT('',#2559);
#2559 = CARTESIAN_POINT('',(2.86,0.32,2.6));
#2560 = LINE('',#2561,#2562);
#2561 = CARTESIAN_POINT('',(2.065,0.32,2.6));
#2562 = VECTOR('',#2563,1.);
#2563 = DIRECTION('',(1.,0.,0.));
#2564 = ORIENTED_EDGE('',*,*,#2565,.T.);
#2565 = EDGE_CURVE('',#2558,#2566,#2568,.T.);
#2566 = VERTEX_POINT('',#2567);
#2567 = CARTESIAN_POINT('',(2.86,-0.32,2.6));
#2568 = LINE('',#2569,#2570);
#2569 = CARTESIAN_POINT('',(2.86,-4.605,2.6));
#2570 = VECTOR('',#2571,1.);
#2571 = DIRECTION('',(0.,-1.,0.));
#2572 = ORIENTED_EDGE('',*,*,#2573,.T.);
#2573 = EDGE_CURVE('',#2566,#2548,#2574,.T.);
#2574 = LINE('',#2575,#2576);
#2575 = CARTESIAN_POINT('',(1.745,-0.32,2.6));
#2576 = VECTOR('',#2577,1.);
#2577 = DIRECTION('',(-1.,0.,0.));
#2578 = FACE_BOUND('',#2579,.T.);
#2579 = EDGE_LOOP('',(#2580,#2590,#2598,#2606));
#2580 = ORIENTED_EDGE('',*,*,#2581,.T.);
#2581 = EDGE_CURVE('',#2582,#2584,#2586,.T.);
#2582 = VERTEX_POINT('',#2583);
#2583 = CARTESIAN_POINT('',(-0.32,-0.32,2.6));
#2584 = VERTEX_POINT('',#2585);
#2585 = CARTESIAN_POINT('',(-0.32,0.32,2.6));
#2586 = LINE('',#2587,#2588);
#2587 = CARTESIAN_POINT('',(-0.32,-4.285,2.6));
#2588 = VECTOR('',#2589,1.);
#2589 = DIRECTION('',(0.,1.,0.));
#2590 = ORIENTED_EDGE('',*,*,#2591,.T.);
#2591 = EDGE_CURVE('',#2584,#2592,#2594,.T.);
#2592 = VERTEX_POINT('',#2593);
#2593 = CARTESIAN_POINT('',(0.32,0.32,2.6));
#2594 = LINE('',#2595,#2596);
#2595 = CARTESIAN_POINT('',(0.795,0.32,2.6));
#2596 = VECTOR('',#2597,1.);
#2597 = DIRECTION('',(1.,0.,0.));
#2598 = ORIENTED_EDGE('',*,*,#2599,.T.);
#2599 = EDGE_CURVE('',#2592,#2600,#2602,.T.);
#2600 = VERTEX_POINT('',#2601);
#2601 = CARTESIAN_POINT('',(0.32,-0.32,2.6));
#2602 = LINE('',#2603,#2604);
#2603 = CARTESIAN_POINT('',(0.32,-4.605,2.6));
#2604 = VECTOR('',#2605,1.);
#2605 = DIRECTION('',(0.,-1.,0.));
#2606 = ORIENTED_EDGE('',*,*,#2607,.T.);
#2607 = EDGE_CURVE('',#2600,#2582,#2608,.T.);
#2608 = LINE('',#2609,#2610);
#2609 = CARTESIAN_POINT('',(0.475,-0.32,2.6));
#2610 = VECTOR('',#2611,1.);
#2611 = DIRECTION('',(-1.,0.,0.));
#2612 = PLANE('',#2613);
#2613 = AXIS2_PLACEMENT_3D('',#2614,#2615,#2616);
#2614 = CARTESIAN_POINT('',(1.27,-8.89,2.6));
#2615 = DIRECTION('',(0.,0.,1.));
#2616 = DIRECTION('',(1.,0.,-0.));
#2617 = ADVANCED_FACE('',(#2618),#2624,.T.);
#2618 = FACE_BOUND('',#2619,.T.);
#2619 = EDGE_LOOP('',(#2620,#2621,#2622,#2623));
#2620 = ORIENTED_EDGE('',*,*,#837,.F.);
#2621 = ORIENTED_EDGE('',*,*,#871,.T.);
#2622 = ORIENTED_EDGE('',*,*,#2062,.F.);
#2623 = ORIENTED_EDGE('',*,*,#796,.F.);
#2624 = PLANE('',#2625);
#2625 = AXIS2_PLACEMENT_3D('',#2626,#2627,#2628);
#2626 = CARTESIAN_POINT('',(-1.155,-11.14,2.1));
#2627 = DIRECTION('',(-1.,0.,0.));
#2628 = DIRECTION('',(0.,1.,0.));
#2629 = ADVANCED_FACE('',(#2630),#2648,.T.);
#2630 = FACE_BOUND('',#2631,.T.);
#2631 = EDGE_LOOP('',(#2632,#2633,#2634,#2640,#2641,#2642));
#2632 = ORIENTED_EDGE('',*,*,#1051,.F.);
#2633 = ORIENTED_EDGE('',*,*,#910,.F.);
#2634 = ORIENTED_EDGE('',*,*,#2635,.T.);
#2635 = EDGE_CURVE('',#903,#1911,#2636,.T.);
#2636 = LINE('',#2637,#2638);
#2637 = CARTESIAN_POINT('',(3.02,-24.13,6.75));
#2638 = VECTOR('',#2639,1.);
#2639 = DIRECTION('',(0.,1.,0.));
#2640 = ORIENTED_EDGE('',*,*,#1910,.F.);
#2641 = ORIENTED_EDGE('',*,*,#2042,.F.);
#2642 = ORIENTED_EDGE('',*,*,#2643,.F.);
#2643 = EDGE_CURVE('',#1052,#2035,#2644,.T.);
#2644 = LINE('',#2645,#2646);
#2645 = CARTESIAN_POINT('',(3.02,-21.63,0.25));
#2646 = VECTOR('',#2647,1.);
#2647 = DIRECTION('',(0.,0.,1.));
#2648 = PLANE('',#2649);
#2649 = AXIS2_PLACEMENT_3D('',#2650,#2651,#2652);
#2650 = CARTESIAN_POINT('',(3.02,-24.13,0.25));
#2651 = DIRECTION('',(-1.,0.,0.));
#2652 = DIRECTION('',(0.,1.,0.));
#2653 = ADVANCED_FACE('',(#2654),#2665,.F.);
#2654 = FACE_BOUND('',#2655,.F.);
#2655 = EDGE_LOOP('',(#2656,#2662,#2663,#2664));
#2656 = ORIENTED_EDGE('',*,*,#2657,.T.);
#2657 = EDGE_CURVE('',#1919,#895,#2658,.T.);
#2658 = LINE('',#2659,#2660);
#2659 = CARTESIAN_POINT('',(-0.48,-21.63,6.75));
#2660 = VECTOR('',#2661,1.);
#2661 = DIRECTION('',(0.,-1.,0.));
#2662 = ORIENTED_EDGE('',*,*,#902,.F.);
#2663 = ORIENTED_EDGE('',*,*,#2635,.T.);
#2664 = ORIENTED_EDGE('',*,*,#1918,.F.);
#2665 = PLANE('',#2666);
#2666 = AXIS2_PLACEMENT_3D('',#2667,#2668,#2669);
#2667 = CARTESIAN_POINT('',(1.27,-22.88,6.75));
#2668 = DIRECTION('',(0.,0.,1.));
#2669 = DIRECTION('',(1.,0.,-0.));
#2670 = ADVANCED_FACE('',(#2671),#2684,.T.);
#2671 = FACE_BOUND('',#2672,.T.);
#2672 = EDGE_LOOP('',(#2673,#2674,#2680,#2681,#2682,#2683));
#2673 = ORIENTED_EDGE('',*,*,#1067,.F.);
#2674 = ORIENTED_EDGE('',*,*,#2675,.T.);
#2675 = EDGE_CURVE('',#1060,#2027,#2676,.T.);
#2676 = LINE('',#2677,#2678);
#2677 = CARTESIAN_POINT('',(-0.48,-21.63,0.25));
#2678 = VECTOR('',#2679,1.);
#2679 = DIRECTION('',(0.,0.,1.));
#2680 = ORIENTED_EDGE('',*,*,#2026,.F.);
#2681 = ORIENTED_EDGE('',*,*,#1926,.F.);
#2682 = ORIENTED_EDGE('',*,*,#2657,.T.);
#2683 = ORIENTED_EDGE('',*,*,#894,.F.);
#2684 = PLANE('',#2685);
#2685 = AXIS2_PLACEMENT_3D('',#2686,#2687,#2688);
#2686 = CARTESIAN_POINT('',(-0.48,-21.63,0.25));
#2687 = DIRECTION('',(1.,0.,0.));
#2688 = DIRECTION('',(0.,-1.,0.));
#2689 = ADVANCED_FACE('',(#2690),#2696,.T.);
#2690 = FACE_BOUND('',#2691,.T.);
#2691 = EDGE_LOOP('',(#2692,#2693,#2694,#2695));
#2692 = ORIENTED_EDGE('',*,*,#951,.F.);
#2693 = ORIENTED_EDGE('',*,*,#1799,.T.);
#2694 = ORIENTED_EDGE('',*,*,#2052,.F.);
#2695 = ORIENTED_EDGE('',*,*,#1838,.F.);
#2696 = PLANE('',#2697);
#2697 = AXIS2_PLACEMENT_3D('',#2698,#2699,#2700);
#2698 = CARTESIAN_POINT('',(-0.48,3.85,0.25));
#2699 = DIRECTION('',(0.,1.,0.));
#2700 = DIRECTION('',(1.,0.,0.));
#2701 = ADVANCED_FACE('',(#2702),#2708,.T.);
#2702 = FACE_BOUND('',#2703,.T.);
#2703 = EDGE_LOOP('',(#2704,#2705,#2706,#2707));
#2704 = ORIENTED_EDGE('',*,*,#1059,.F.);
#2705 = ORIENTED_EDGE('',*,*,#2643,.T.);
#2706 = ORIENTED_EDGE('',*,*,#2034,.F.);
#2707 = ORIENTED_EDGE('',*,*,#2675,.F.);
#2708 = PLANE('',#2709);
#2709 = AXIS2_PLACEMENT_3D('',#2710,#2711,#2712);
#2710 = CARTESIAN_POINT('',(3.02,-21.63,0.25));
#2711 = DIRECTION('',(0.,-1.,0.));
#2712 = DIRECTION('',(-1.,0.,0.));
#2713 = ADVANCED_FACE('',(#2714),#2736,.T.);
#2714 = FACE_BOUND('',#2715,.T.);
#2715 = EDGE_LOOP('',(#2716,#2717,#2718,#2719,#2728,#2735));
#2716 = ORIENTED_EDGE('',*,*,#983,.T.);
#2717 = ORIENTED_EDGE('',*,*,#974,.T.);
#2718 = ORIENTED_EDGE('',*,*,#1756,.F.);
#2719 = ORIENTED_EDGE('',*,*,#2720,.F.);
#2720 = EDGE_CURVE('',#2721,#1749,#2723,.T.);
#2721 = VERTEX_POINT('',#2722);
#2722 = CARTESIAN_POINT('',(5.945,2.6,8.75));
#2723 = CIRCLE('',#2724,0.5);
#2724 = AXIS2_PLACEMENT_3D('',#2725,#2726,#2727);
#2725 = CARTESIAN_POINT('',(5.445,2.6,8.75));
#2726 = DIRECTION('',(0.,0.,1.));
#2727 = DIRECTION('',(1.,0.,-0.));
#2728 = ORIENTED_EDGE('',*,*,#2729,.F.);
#2729 = EDGE_CURVE('',#1741,#2721,#2730,.T.);
#2730 = CIRCLE('',#2731,0.5);
#2731 = AXIS2_PLACEMENT_3D('',#2732,#2733,#2734);
#2732 = CARTESIAN_POINT('',(5.445,2.6,8.75));
#2733 = DIRECTION('',(0.,0.,1.));
#2734 = DIRECTION('',(1.,0.,-0.));
#2735 = ORIENTED_EDGE('',*,*,#1740,.T.);
#2736 = CYLINDRICAL_SURFACE('',#2737,0.5);
#2737 = AXIS2_PLACEMENT_3D('',#2738,#2739,#2740);
#2738 = CARTESIAN_POINT('',(5.445,2.6,0.25));
#2739 = DIRECTION('',(-0.,-0.,-1.));
#2740 = DIRECTION('',(1.,0.,0.));
#2741 = ADVANCED_FACE('',(#2742),#2764,.T.);
#2742 = FACE_BOUND('',#2743,.T.);
#2743 = EDGE_LOOP('',(#2744,#2745,#2746,#2747,#2756,#2763));
#2744 = ORIENTED_EDGE('',*,*,#1035,.T.);
#2745 = ORIENTED_EDGE('',*,*,#1026,.T.);
#2746 = ORIENTED_EDGE('',*,*,#1710,.F.);
#2747 = ORIENTED_EDGE('',*,*,#2748,.F.);
#2748 = EDGE_CURVE('',#2749,#1703,#2751,.T.);
#2749 = VERTEX_POINT('',#2750);
#2750 = CARTESIAN_POINT('',(5.945,-20.38,8.75));
#2751 = CIRCLE('',#2752,0.5);
#2752 = AXIS2_PLACEMENT_3D('',#2753,#2754,#2755);
#2753 = CARTESIAN_POINT('',(5.445,-20.38,8.75));
#2754 = DIRECTION('',(0.,0.,1.));
#2755 = DIRECTION('',(1.,0.,-0.));
#2756 = ORIENTED_EDGE('',*,*,#2757,.F.);
#2757 = EDGE_CURVE('',#1695,#2749,#2758,.T.);
#2758 = CIRCLE('',#2759,0.5);
#2759 = AXIS2_PLACEMENT_3D('',#2760,#2761,#2762);
#2760 = CARTESIAN_POINT('',(5.445,-20.38,8.75));
#2761 = DIRECTION('',(0.,0.,1.));
#2762 = DIRECTION('',(1.,0.,-0.));
#2763 = ORIENTED_EDGE('',*,*,#1694,.T.);
#2764 = CYLINDRICAL_SURFACE('',#2765,0.5);
#2765 = AXIS2_PLACEMENT_3D('',#2766,#2767,#2768);
#2766 = CARTESIAN_POINT('',(5.445,-20.38,0.25));
#2767 = DIRECTION('',(-0.,-0.,-1.));
#2768 = DIRECTION('',(1.,0.,0.));
#2769 = ADVANCED_FACE('',(#2770),#2792,.T.);
#2770 = FACE_BOUND('',#2771,.T.);
#2771 = EDGE_LOOP('',(#2772,#2773,#2774,#2775,#2784,#2791));
#2772 = ORIENTED_EDGE('',*,*,#1009,.T.);
#2773 = ORIENTED_EDGE('',*,*,#1000,.T.);
#2774 = ORIENTED_EDGE('',*,*,#1733,.F.);
#2775 = ORIENTED_EDGE('',*,*,#2776,.F.);
#2776 = EDGE_CURVE('',#2777,#1726,#2779,.T.);
#2777 = VERTEX_POINT('',#2778);
#2778 = CARTESIAN_POINT('',(5.945,-8.89,8.75));
#2779 = CIRCLE('',#2780,0.5);
#2780 = AXIS2_PLACEMENT_3D('',#2781,#2782,#2783);
#2781 = CARTESIAN_POINT('',(5.445,-8.89,8.75));
#2782 = DIRECTION('',(0.,0.,1.));
#2783 = DIRECTION('',(1.,0.,-0.));
#2784 = ORIENTED_EDGE('',*,*,#2785,.F.);
#2785 = EDGE_CURVE('',#1718,#2777,#2786,.T.);
#2786 = CIRCLE('',#2787,0.5);
#2787 = AXIS2_PLACEMENT_3D('',#2788,#2789,#2790);
#2788 = CARTESIAN_POINT('',(5.445,-8.89,8.75));
#2789 = DIRECTION('',(0.,0.,1.));
#2790 = DIRECTION('',(1.,0.,-0.));
#2791 = ORIENTED_EDGE('',*,*,#1717,.T.);
#2792 = CYLINDRICAL_SURFACE('',#2793,0.5);
#2793 = AXIS2_PLACEMENT_3D('',#2794,#2795,#2796);
#2794 = CARTESIAN_POINT('',(5.445,-8.89,0.25));
#2795 = DIRECTION('',(-0.,-0.,-1.));
#2796 = DIRECTION('',(1.,0.,0.));
#2797 = ADVANCED_FACE('',(#2798),#2823,.F.);
#2798 = FACE_BOUND('',#2799,.F.);
#2799 = EDGE_LOOP('',(#2800,#2810,#2816,#2817));
#2800 = ORIENTED_EDGE('',*,*,#2801,.F.);
#2801 = EDGE_CURVE('',#2802,#2804,#2806,.T.);
#2802 = VERTEX_POINT('',#2803);
#2803 = CARTESIAN_POINT('',(-0.32,-7.3,-2.8));
#2804 = VERTEX_POINT('',#2805);
#2805 = CARTESIAN_POINT('',(-0.32,-7.94,-2.8));
#2806 = LINE('',#2807,#2808);
#2807 = CARTESIAN_POINT('',(-0.32,-7.3,-2.8));
#2808 = VECTOR('',#2809,1.);
#2809 = DIRECTION('',(0.,-1.,0.));
#2810 = ORIENTED_EDGE('',*,*,#2811,.T.);
#2811 = EDGE_CURVE('',#2802,#1077,#2812,.T.);
#2812 = LINE('',#2813,#2814);
#2813 = CARTESIAN_POINT('',(-0.32,-7.3,-3.));
#2814 = VECTOR('',#2815,1.);
#2815 = DIRECTION('',(0.,0.,1.));
#2816 = ORIENTED_EDGE('',*,*,#1076,.T.);
#2817 = ORIENTED_EDGE('',*,*,#2818,.F.);
#2818 = EDGE_CURVE('',#2804,#1079,#2819,.T.);
#2819 = LINE('',#2820,#2821);
#2820 = CARTESIAN_POINT('',(-0.32,-7.94,-3.));
#2821 = VECTOR('',#2822,1.);
#2822 = DIRECTION('',(0.,0.,1.));
#2823 = PLANE('',#2824);
#2824 = AXIS2_PLACEMENT_3D('',#2825,#2826,#2827);
#2825 = CARTESIAN_POINT('',(-0.32,-7.3,-3.));
#2826 = DIRECTION('',(1.,0.,0.));
#2827 = DIRECTION('',(0.,-1.,0.));
#2828 = ADVANCED_FACE('',(#2829),#2847,.F.);
#2829 = FACE_BOUND('',#2830,.F.);
#2830 = EDGE_LOOP('',(#2831,#2839,#2845,#2846));
#2831 = ORIENTED_EDGE('',*,*,#2832,.F.);
#2832 = EDGE_CURVE('',#2833,#2802,#2835,.T.);
#2833 = VERTEX_POINT('',#2834);
#2834 = CARTESIAN_POINT('',(0.32,-7.3,-2.8));
#2835 = LINE('',#2836,#2837);
#2836 = CARTESIAN_POINT('',(0.32,-7.3,-2.8));
#2837 = VECTOR('',#2838,1.);
#2838 = DIRECTION('',(-1.,0.,0.));
#2839 = ORIENTED_EDGE('',*,*,#2840,.T.);
#2840 = EDGE_CURVE('',#2833,#1095,#2841,.T.);
#2841 = LINE('',#2842,#2843);
#2842 = CARTESIAN_POINT('',(0.32,-7.3,-3.));
#2843 = VECTOR('',#2844,1.);
#2844 = DIRECTION('',(0.,0.,1.));
#2845 = ORIENTED_EDGE('',*,*,#1102,.T.);
#2846 = ORIENTED_EDGE('',*,*,#2811,.F.);
#2847 = PLANE('',#2848);
#2848 = AXIS2_PLACEMENT_3D('',#2849,#2850,#2851);
#2849 = CARTESIAN_POINT('',(0.32,-7.3,-3.));
#2850 = DIRECTION('',(0.,-1.,0.));
#2851 = DIRECTION('',(-1.,0.,0.));
#2852 = ADVANCED_FACE('',(#2853),#2871,.F.);
#2853 = FACE_BOUND('',#2854,.F.);
#2854 = EDGE_LOOP('',(#2855,#2863,#2869,#2870));
#2855 = ORIENTED_EDGE('',*,*,#2856,.F.);
#2856 = EDGE_CURVE('',#2857,#2833,#2859,.T.);
#2857 = VERTEX_POINT('',#2858);
#2858 = CARTESIAN_POINT('',(0.32,-7.94,-2.8));
#2859 = LINE('',#2860,#2861);
#2860 = CARTESIAN_POINT('',(0.32,-7.94,-2.8));
#2861 = VECTOR('',#2862,1.);
#2862 = DIRECTION('',(0.,1.,0.));
#2863 = ORIENTED_EDGE('',*,*,#2864,.T.);
#2864 = EDGE_CURVE('',#2857,#1087,#2865,.T.);
#2865 = LINE('',#2866,#2867);
#2866 = CARTESIAN_POINT('',(0.32,-7.94,-3.));
#2867 = VECTOR('',#2868,1.);
#2868 = DIRECTION('',(0.,0.,1.));
#2869 = ORIENTED_EDGE('',*,*,#1094,.T.);
#2870 = ORIENTED_EDGE('',*,*,#2840,.F.);
#2871 = PLANE('',#2872);
#2872 = AXIS2_PLACEMENT_3D('',#2873,#2874,#2875);
#2873 = CARTESIAN_POINT('',(0.32,-7.94,-3.));
#2874 = DIRECTION('',(-1.,0.,0.));
#2875 = DIRECTION('',(0.,1.,0.));
#2876 = ADVANCED_FACE('',(#2877),#2888,.F.);
#2877 = FACE_BOUND('',#2878,.F.);
#2878 = EDGE_LOOP('',(#2879,#2885,#2886,#2887));
#2879 = ORIENTED_EDGE('',*,*,#2880,.F.);
#2880 = EDGE_CURVE('',#2804,#2857,#2881,.T.);
#2881 = LINE('',#2882,#2883);
#2882 = CARTESIAN_POINT('',(-0.32,-7.94,-2.8));
#2883 = VECTOR('',#2884,1.);
#2884 = DIRECTION('',(1.,0.,0.));
#2885 = ORIENTED_EDGE('',*,*,#2818,.T.);
#2886 = ORIENTED_EDGE('',*,*,#1086,.T.);
#2887 = ORIENTED_EDGE('',*,*,#2864,.F.);
#2888 = PLANE('',#2889);
#2889 = AXIS2_PLACEMENT_3D('',#2890,#2891,#2892);
#2890 = CARTESIAN_POINT('',(-0.32,-7.94,-3.));
#2891 = DIRECTION('',(0.,1.,0.));
#2892 = DIRECTION('',(1.,0.,0.));
#2893 = ADVANCED_FACE('',(#2894),#2919,.F.);
#2894 = FACE_BOUND('',#2895,.F.);
#2895 = EDGE_LOOP('',(#2896,#2906,#2912,#2913));
#2896 = ORIENTED_EDGE('',*,*,#2897,.F.);
#2897 = EDGE_CURVE('',#2898,#2900,#2902,.T.);
#2898 = VERTEX_POINT('',#2899);
#2899 = CARTESIAN_POINT('',(0.32,-5.4,-2.8));
#2900 = VERTEX_POINT('',#2901);
#2901 = CARTESIAN_POINT('',(0.32,-4.76,-2.8));
#2902 = LINE('',#2903,#2904);
#2903 = CARTESIAN_POINT('',(0.32,-5.4,-2.8));
#2904 = VECTOR('',#2905,1.);
#2905 = DIRECTION('',(0.,1.,0.));
#2906 = ORIENTED_EDGE('',*,*,#2907,.T.);
#2907 = EDGE_CURVE('',#2898,#1111,#2908,.T.);
#2908 = LINE('',#2909,#2910);
#2909 = CARTESIAN_POINT('',(0.32,-5.4,-3.));
#2910 = VECTOR('',#2911,1.);
#2911 = DIRECTION('',(0.,0.,1.));
#2912 = ORIENTED_EDGE('',*,*,#1110,.T.);
#2913 = ORIENTED_EDGE('',*,*,#2914,.F.);
#2914 = EDGE_CURVE('',#2900,#1113,#2915,.T.);
#2915 = LINE('',#2916,#2917);
#2916 = CARTESIAN_POINT('',(0.32,-4.76,-3.));
#2917 = VECTOR('',#2918,1.);
#2918 = DIRECTION('',(0.,0.,1.));
#2919 = PLANE('',#2920);
#2920 = AXIS2_PLACEMENT_3D('',#2921,#2922,#2923);
#2921 = CARTESIAN_POINT('',(0.32,-5.4,-3.));
#2922 = DIRECTION('',(-1.,0.,0.));
#2923 = DIRECTION('',(0.,1.,0.));
#2924 = ADVANCED_FACE('',(#2925),#2943,.F.);
#2925 = FACE_BOUND('',#2926,.F.);
#2926 = EDGE_LOOP('',(#2927,#2935,#2941,#2942));
#2927 = ORIENTED_EDGE('',*,*,#2928,.F.);
#2928 = EDGE_CURVE('',#2929,#2898,#2931,.T.);
#2929 = VERTEX_POINT('',#2930);
#2930 = CARTESIAN_POINT('',(-0.32,-5.4,-2.8));
#2931 = LINE('',#2932,#2933);
#2932 = CARTESIAN_POINT('',(-0.32,-5.4,-2.8));
#2933 = VECTOR('',#2934,1.);
#2934 = DIRECTION('',(1.,0.,0.));
#2935 = ORIENTED_EDGE('',*,*,#2936,.T.);
#2936 = EDGE_CURVE('',#2929,#1129,#2937,.T.);
#2937 = LINE('',#2938,#2939);
#2938 = CARTESIAN_POINT('',(-0.32,-5.4,-3.));
#2939 = VECTOR('',#2940,1.);
#2940 = DIRECTION('',(0.,0.,1.));
#2941 = ORIENTED_EDGE('',*,*,#1136,.T.);
#2942 = ORIENTED_EDGE('',*,*,#2907,.F.);
#2943 = PLANE('',#2944);
#2944 = AXIS2_PLACEMENT_3D('',#2945,#2946,#2947);
#2945 = CARTESIAN_POINT('',(-0.32,-5.4,-3.));
#2946 = DIRECTION('',(0.,1.,0.));
#2947 = DIRECTION('',(1.,0.,0.));
#2948 = ADVANCED_FACE('',(#2949),#2967,.F.);
#2949 = FACE_BOUND('',#2950,.F.);
#2950 = EDGE_LOOP('',(#2951,#2959,#2965,#2966));
#2951 = ORIENTED_EDGE('',*,*,#2952,.F.);
#2952 = EDGE_CURVE('',#2953,#2929,#2955,.T.);
#2953 = VERTEX_POINT('',#2954);
#2954 = CARTESIAN_POINT('',(-0.32,-4.76,-2.8));
#2955 = LINE('',#2956,#2957);
#2956 = CARTESIAN_POINT('',(-0.32,-4.76,-2.8));
#2957 = VECTOR('',#2958,1.);
#2958 = DIRECTION('',(0.,-1.,0.));
#2959 = ORIENTED_EDGE('',*,*,#2960,.T.);
#2960 = EDGE_CURVE('',#2953,#1121,#2961,.T.);
#2961 = LINE('',#2962,#2963);
#2962 = CARTESIAN_POINT('',(-0.32,-4.76,-3.));
#2963 = VECTOR('',#2964,1.);
#2964 = DIRECTION('',(0.,0.,1.));
#2965 = ORIENTED_EDGE('',*,*,#1128,.T.);
#2966 = ORIENTED_EDGE('',*,*,#2936,.F.);
#2967 = PLANE('',#2968);
#2968 = AXIS2_PLACEMENT_3D('',#2969,#2970,#2971);
#2969 = CARTESIAN_POINT('',(-0.32,-4.76,-3.));
#2970 = DIRECTION('',(1.,0.,0.));
#2971 = DIRECTION('',(0.,-1.,0.));
#2972 = ADVANCED_FACE('',(#2973),#2984,.F.);
#2973 = FACE_BOUND('',#2974,.F.);
#2974 = EDGE_LOOP('',(#2975,#2981,#2982,#2983));
#2975 = ORIENTED_EDGE('',*,*,#2976,.F.);
#2976 = EDGE_CURVE('',#2900,#2953,#2977,.T.);
#2977 = LINE('',#2978,#2979);
#2978 = CARTESIAN_POINT('',(0.32,-4.76,-2.8));
#2979 = VECTOR('',#2980,1.);
#2980 = DIRECTION('',(-1.,0.,0.));
#2981 = ORIENTED_EDGE('',*,*,#2914,.T.);
#2982 = ORIENTED_EDGE('',*,*,#1120,.T.);
#2983 = ORIENTED_EDGE('',*,*,#2960,.F.);
#2984 = PLANE('',#2985);
#2985 = AXIS2_PLACEMENT_3D('',#2986,#2987,#2988);
#2986 = CARTESIAN_POINT('',(0.32,-4.76,-3.));
#2987 = DIRECTION('',(0.,-1.,0.));
#2988 = DIRECTION('',(-1.,0.,0.));
#2989 = ADVANCED_FACE('',(#2990),#3015,.F.);
#2990 = FACE_BOUND('',#2991,.F.);
#2991 = EDGE_LOOP('',(#2992,#3002,#3008,#3009));
#2992 = ORIENTED_EDGE('',*,*,#2993,.F.);
#2993 = EDGE_CURVE('',#2994,#2996,#2998,.T.);
#2994 = VERTEX_POINT('',#2995);
#2995 = CARTESIAN_POINT('',(-0.32,-2.86,-2.8));
#2996 = VERTEX_POINT('',#2997);
#2997 = CARTESIAN_POINT('',(0.32,-2.86,-2.8));
#2998 = LINE('',#2999,#3000);
#2999 = CARTESIAN_POINT('',(-0.32,-2.86,-2.8));
#3000 = VECTOR('',#3001,1.);
#3001 = DIRECTION('',(1.,0.,0.));
#3002 = ORIENTED_EDGE('',*,*,#3003,.T.);
#3003 = EDGE_CURVE('',#2994,#1145,#3004,.T.);
#3004 = LINE('',#3005,#3006);
#3005 = CARTESIAN_POINT('',(-0.32,-2.86,-3.));
#3006 = VECTOR('',#3007,1.);
#3007 = DIRECTION('',(0.,0.,1.));
#3008 = ORIENTED_EDGE('',*,*,#1144,.T.);
#3009 = ORIENTED_EDGE('',*,*,#3010,.F.);
#3010 = EDGE_CURVE('',#2996,#1147,#3011,.T.);
#3011 = LINE('',#3012,#3013);
#3012 = CARTESIAN_POINT('',(0.32,-2.86,-3.));
#3013 = VECTOR('',#3014,1.);
#3014 = DIRECTION('',(0.,0.,1.));
#3015 = PLANE('',#3016);
#3016 = AXIS2_PLACEMENT_3D('',#3017,#3018,#3019);
#3017 = CARTESIAN_POINT('',(-0.32,-2.86,-3.));
#3018 = DIRECTION('',(0.,1.,0.));
#3019 = DIRECTION('',(1.,0.,0.));
#3020 = ADVANCED_FACE('',(#3021),#3039,.F.);
#3021 = FACE_BOUND('',#3022,.F.);
#3022 = EDGE_LOOP('',(#3023,#3031,#3037,#3038));
#3023 = ORIENTED_EDGE('',*,*,#3024,.F.);
#3024 = EDGE_CURVE('',#3025,#2994,#3027,.T.);
#3025 = VERTEX_POINT('',#3026);
#3026 = CARTESIAN_POINT('',(-0.32,-2.22,-2.8));
#3027 = LINE('',#3028,#3029);
#3028 = CARTESIAN_POINT('',(-0.32,-2.22,-2.8));
#3029 = VECTOR('',#3030,1.);
#3030 = DIRECTION('',(0.,-1.,0.));
#3031 = ORIENTED_EDGE('',*,*,#3032,.T.);
#3032 = EDGE_CURVE('',#3025,#1163,#3033,.T.);
#3033 = LINE('',#3034,#3035);
#3034 = CARTESIAN_POINT('',(-0.32,-2.22,-3.));
#3035 = VECTOR('',#3036,1.);
#3036 = DIRECTION('',(0.,0.,1.));
#3037 = ORIENTED_EDGE('',*,*,#1170,.T.);
#3038 = ORIENTED_EDGE('',*,*,#3003,.F.);
#3039 = PLANE('',#3040);
#3040 = AXIS2_PLACEMENT_3D('',#3041,#3042,#3043);
#3041 = CARTESIAN_POINT('',(-0.32,-2.22,-3.));
#3042 = DIRECTION('',(1.,0.,0.));
#3043 = DIRECTION('',(0.,-1.,0.));
#3044 = ADVANCED_FACE('',(#3045),#3063,.F.);
#3045 = FACE_BOUND('',#3046,.F.);
#3046 = EDGE_LOOP('',(#3047,#3055,#3061,#3062));
#3047 = ORIENTED_EDGE('',*,*,#3048,.F.);
#3048 = EDGE_CURVE('',#3049,#3025,#3051,.T.);
#3049 = VERTEX_POINT('',#3050);
#3050 = CARTESIAN_POINT('',(0.32,-2.22,-2.8));
#3051 = LINE('',#3052,#3053);
#3052 = CARTESIAN_POINT('',(0.32,-2.22,-2.8));
#3053 = VECTOR('',#3054,1.);
#3054 = DIRECTION('',(-1.,0.,0.));
#3055 = ORIENTED_EDGE('',*,*,#3056,.T.);
#3056 = EDGE_CURVE('',#3049,#1155,#3057,.T.);
#3057 = LINE('',#3058,#3059);
#3058 = CARTESIAN_POINT('',(0.32,-2.22,-3.));
#3059 = VECTOR('',#3060,1.);
#3060 = DIRECTION('',(0.,0.,1.));
#3061 = ORIENTED_EDGE('',*,*,#1162,.T.);
#3062 = ORIENTED_EDGE('',*,*,#3032,.F.);
#3063 = PLANE('',#3064);
#3064 = AXIS2_PLACEMENT_3D('',#3065,#3066,#3067);
#3065 = CARTESIAN_POINT('',(0.32,-2.22,-3.));
#3066 = DIRECTION('',(0.,-1.,0.));
#3067 = DIRECTION('',(-1.,0.,0.));
#3068 = ADVANCED_FACE('',(#3069),#3080,.F.);
#3069 = FACE_BOUND('',#3070,.F.);
#3070 = EDGE_LOOP('',(#3071,#3077,#3078,#3079));
#3071 = ORIENTED_EDGE('',*,*,#3072,.F.);
#3072 = EDGE_CURVE('',#2996,#3049,#3073,.T.);
#3073 = LINE('',#3074,#3075);
#3074 = CARTESIAN_POINT('',(0.32,-2.86,-2.8));
#3075 = VECTOR('',#3076,1.);
#3076 = DIRECTION('',(0.,1.,0.));
#3077 = ORIENTED_EDGE('',*,*,#3010,.T.);
#3078 = ORIENTED_EDGE('',*,*,#1154,.T.);
#3079 = ORIENTED_EDGE('',*,*,#3056,.F.);
#3080 = PLANE('',#3081);
#3081 = AXIS2_PLACEMENT_3D('',#3082,#3083,#3084);
#3082 = CARTESIAN_POINT('',(0.32,-2.86,-3.));
#3083 = DIRECTION('',(-1.,0.,0.));
#3084 = DIRECTION('',(0.,1.,0.));
#3085 = ADVANCED_FACE('',(#3086),#3105,.T.);
#3086 = FACE_BOUND('',#3087,.T.);
#3087 = EDGE_LOOP('',(#3088,#3089,#3097,#3104));
#3088 = ORIENTED_EDGE('',*,*,#1178,.F.);
#3089 = ORIENTED_EDGE('',*,*,#3090,.T.);
#3090 = EDGE_CURVE('',#1179,#3091,#3093,.T.);
#3091 = VERTEX_POINT('',#3092);
#3092 = CARTESIAN_POINT('',(-1.08,2.6,0.));
#3093 = LINE('',#3094,#3095);
#3094 = CARTESIAN_POINT('',(-1.08,2.6,0.25));
#3095 = VECTOR('',#3096,1.);
#3096 = DIRECTION('',(-0.,-0.,-1.));
#3097 = ORIENTED_EDGE('',*,*,#3098,.T.);
#3098 = EDGE_CURVE('',#3091,#3091,#3099,.T.);
#3099 = CIRCLE('',#3100,0.5);
#3100 = AXIS2_PLACEMENT_3D('',#3101,#3102,#3103);
#3101 = CARTESIAN_POINT('',(-1.58,2.6,0.));
#3102 = DIRECTION('',(0.,0.,1.));
#3103 = DIRECTION('',(1.,0.,-0.));
#3104 = ORIENTED_EDGE('',*,*,#3090,.F.);
#3105 = CYLINDRICAL_SURFACE('',#3106,0.5);
#3106 = AXIS2_PLACEMENT_3D('',#3107,#3108,#3109);
#3107 = CARTESIAN_POINT('',(-1.58,2.6,0.25));
#3108 = DIRECTION('',(0.,0.,1.));
#3109 = DIRECTION('',(1.,0.,-0.));
#3110 = ADVANCED_FACE('',(#3111),#3136,.F.);
#3111 = FACE_BOUND('',#3112,.F.);
#3112 = EDGE_LOOP('',(#3113,#3123,#3129,#3130));
#3113 = ORIENTED_EDGE('',*,*,#3114,.F.);
#3114 = EDGE_CURVE('',#3115,#3117,#3119,.T.);
#3115 = VERTEX_POINT('',#3116);
#3116 = CARTESIAN_POINT('',(0.32,-0.32,-2.8));
#3117 = VERTEX_POINT('',#3118);
#3118 = CARTESIAN_POINT('',(0.32,0.32,-2.8));
#3119 = LINE('',#3120,#3121);
#3120 = CARTESIAN_POINT('',(0.32,-0.32,-2.8));
#3121 = VECTOR('',#3122,1.);
#3122 = DIRECTION('',(0.,1.,0.));
#3123 = ORIENTED_EDGE('',*,*,#3124,.T.);
#3124 = EDGE_CURVE('',#3115,#1190,#3125,.T.);
#3125 = LINE('',#3126,#3127);
#3126 = CARTESIAN_POINT('',(0.32,-0.32,-3.));
#3127 = VECTOR('',#3128,1.);
#3128 = DIRECTION('',(0.,0.,1.));
#3129 = ORIENTED_EDGE('',*,*,#1189,.T.);
#3130 = ORIENTED_EDGE('',*,*,#3131,.F.);
#3131 = EDGE_CURVE('',#3117,#1192,#3132,.T.);
#3132 = LINE('',#3133,#3134);
#3133 = CARTESIAN_POINT('',(0.32,0.32,-3.));
#3134 = VECTOR('',#3135,1.);
#3135 = DIRECTION('',(0.,0.,1.));
#3136 = PLANE('',#3137);
#3137 = AXIS2_PLACEMENT_3D('',#3138,#3139,#3140);
#3138 = CARTESIAN_POINT('',(0.32,-0.32,-3.));
#3139 = DIRECTION('',(-1.,0.,0.));
#3140 = DIRECTION('',(0.,1.,0.));
#3141 = ADVANCED_FACE('',(#3142),#3160,.F.);
#3142 = FACE_BOUND('',#3143,.F.);
#3143 = EDGE_LOOP('',(#3144,#3152,#3158,#3159));
#3144 = ORIENTED_EDGE('',*,*,#3145,.F.);
#3145 = EDGE_CURVE('',#3146,#3115,#3148,.T.);
#3146 = VERTEX_POINT('',#3147);
#3147 = CARTESIAN_POINT('',(-0.32,-0.32,-2.8));
#3148 = LINE('',#3149,#3150);
#3149 = CARTESIAN_POINT('',(-0.32,-0.32,-2.8));
#3150 = VECTOR('',#3151,1.);
#3151 = DIRECTION('',(1.,0.,0.));
#3152 = ORIENTED_EDGE('',*,*,#3153,.T.);
#3153 = EDGE_CURVE('',#3146,#1208,#3154,.T.);
#3154 = LINE('',#3155,#3156);
#3155 = CARTESIAN_POINT('',(-0.32,-0.32,-3.));
#3156 = VECTOR('',#3157,1.);
#3157 = DIRECTION('',(0.,0.,1.));
#3158 = ORIENTED_EDGE('',*,*,#1215,.T.);
#3159 = ORIENTED_EDGE('',*,*,#3124,.F.);
#3160 = PLANE('',#3161);
#3161 = AXIS2_PLACEMENT_3D('',#3162,#3163,#3164);
#3162 = CARTESIAN_POINT('',(-0.32,-0.32,-3.));
#3163 = DIRECTION('',(0.,1.,0.));
#3164 = DIRECTION('',(1.,0.,0.));
#3165 = ADVANCED_FACE('',(#3166),#3184,.F.);
#3166 = FACE_BOUND('',#3167,.F.);
#3167 = EDGE_LOOP('',(#3168,#3176,#3182,#3183));
#3168 = ORIENTED_EDGE('',*,*,#3169,.F.);
#3169 = EDGE_CURVE('',#3170,#3146,#3172,.T.);
#3170 = VERTEX_POINT('',#3171);
#3171 = CARTESIAN_POINT('',(-0.32,0.32,-2.8));
#3172 = LINE('',#3173,#3174);
#3173 = CARTESIAN_POINT('',(-0.32,0.32,-2.8));
#3174 = VECTOR('',#3175,1.);
#3175 = DIRECTION('',(0.,-1.,0.));
#3176 = ORIENTED_EDGE('',*,*,#3177,.T.);
#3177 = EDGE_CURVE('',#3170,#1200,#3178,.T.);
#3178 = LINE('',#3179,#3180);
#3179 = CARTESIAN_POINT('',(-0.32,0.32,-3.));
#3180 = VECTOR('',#3181,1.);
#3181 = DIRECTION('',(0.,0.,1.));
#3182 = ORIENTED_EDGE('',*,*,#1207,.T.);
#3183 = ORIENTED_EDGE('',*,*,#3153,.F.);
#3184 = PLANE('',#3185);
#3185 = AXIS2_PLACEMENT_3D('',#3186,#3187,#3188);
#3186 = CARTESIAN_POINT('',(-0.32,0.32,-3.));
#3187 = DIRECTION('',(1.,0.,0.));
#3188 = DIRECTION('',(0.,-1.,0.));
#3189 = ADVANCED_FACE('',(#3190),#3201,.F.);
#3190 = FACE_BOUND('',#3191,.F.);
#3191 = EDGE_LOOP('',(#3192,#3198,#3199,#3200));
#3192 = ORIENTED_EDGE('',*,*,#3193,.F.);
#3193 = EDGE_CURVE('',#3117,#3170,#3194,.T.);
#3194 = LINE('',#3195,#3196);
#3195 = CARTESIAN_POINT('',(0.32,0.32,-2.8));
#3196 = VECTOR('',#3197,1.);
#3197 = DIRECTION('',(-1.,0.,0.));
#3198 = ORIENTED_EDGE('',*,*,#3131,.T.);
#3199 = ORIENTED_EDGE('',*,*,#1199,.T.);
#3200 = ORIENTED_EDGE('',*,*,#3177,.F.);
#3201 = PLANE('',#3202);
#3202 = AXIS2_PLACEMENT_3D('',#3203,#3204,#3205);
#3203 = CARTESIAN_POINT('',(0.32,0.32,-3.));
#3204 = DIRECTION('',(0.,-1.,0.));
#3205 = DIRECTION('',(-1.,0.,0.));
#3206 = ADVANCED_FACE('',(#3207),#3232,.F.);
#3207 = FACE_BOUND('',#3208,.F.);
#3208 = EDGE_LOOP('',(#3209,#3219,#3225,#3226));
#3209 = ORIENTED_EDGE('',*,*,#3210,.F.);
#3210 = EDGE_CURVE('',#3211,#3213,#3215,.T.);
#3211 = VERTEX_POINT('',#3212);
#3212 = CARTESIAN_POINT('',(2.22,-4.76,-2.8));
#3213 = VERTEX_POINT('',#3214);
#3214 = CARTESIAN_POINT('',(2.22,-5.4,-2.8));
#3215 = LINE('',#3216,#3217);
#3216 = CARTESIAN_POINT('',(2.22,-4.76,-2.8));
#3217 = VECTOR('',#3218,1.);
#3218 = DIRECTION('',(0.,-1.,0.));
#3219 = ORIENTED_EDGE('',*,*,#3220,.T.);
#3220 = EDGE_CURVE('',#3211,#1224,#3221,.T.);
#3221 = LINE('',#3222,#3223);
#3222 = CARTESIAN_POINT('',(2.22,-4.76,-3.));
#3223 = VECTOR('',#3224,1.);
#3224 = DIRECTION('',(0.,0.,1.));
#3225 = ORIENTED_EDGE('',*,*,#1223,.T.);
#3226 = ORIENTED_EDGE('',*,*,#3227,.F.);
#3227 = EDGE_CURVE('',#3213,#1226,#3228,.T.);
#3228 = LINE('',#3229,#3230);
#3229 = CARTESIAN_POINT('',(2.22,-5.4,-3.));
#3230 = VECTOR('',#3231,1.);
#3231 = DIRECTION('',(0.,0.,1.));
#3232 = PLANE('',#3233);
#3233 = AXIS2_PLACEMENT_3D('',#3234,#3235,#3236);
#3234 = CARTESIAN_POINT('',(2.22,-4.76,-3.));
#3235 = DIRECTION('',(1.,0.,0.));
#3236 = DIRECTION('',(0.,-1.,0.));
#3237 = ADVANCED_FACE('',(#3238),#3256,.F.);
#3238 = FACE_BOUND('',#3239,.F.);
#3239 = EDGE_LOOP('',(#3240,#3248,#3254,#3255));
#3240 = ORIENTED_EDGE('',*,*,#3241,.F.);
#3241 = EDGE_CURVE('',#3242,#3211,#3244,.T.);
#3242 = VERTEX_POINT('',#3243);
#3243 = CARTESIAN_POINT('',(2.86,-4.76,-2.8));
#3244 = LINE('',#3245,#3246);
#3245 = CARTESIAN_POINT('',(2.86,-4.76,-2.8));
#3246 = VECTOR('',#3247,1.);
#3247 = DIRECTION('',(-1.,0.,0.));
#3248 = ORIENTED_EDGE('',*,*,#3249,.T.);
#3249 = EDGE_CURVE('',#3242,#1242,#3250,.T.);
#3250 = LINE('',#3251,#3252);
#3251 = CARTESIAN_POINT('',(2.86,-4.76,-3.));
#3252 = VECTOR('',#3253,1.);
#3253 = DIRECTION('',(0.,0.,1.));
#3254 = ORIENTED_EDGE('',*,*,#1249,.T.);
#3255 = ORIENTED_EDGE('',*,*,#3220,.F.);
#3256 = PLANE('',#3257);
#3257 = AXIS2_PLACEMENT_3D('',#3258,#3259,#3260);
#3258 = CARTESIAN_POINT('',(2.86,-4.76,-3.));
#3259 = DIRECTION('',(0.,-1.,0.));
#3260 = DIRECTION('',(-1.,0.,0.));
#3261 = ADVANCED_FACE('',(#3262),#3280,.F.);
#3262 = FACE_BOUND('',#3263,.F.);
#3263 = EDGE_LOOP('',(#3264,#3272,#3278,#3279));
#3264 = ORIENTED_EDGE('',*,*,#3265,.F.);
#3265 = EDGE_CURVE('',#3266,#3242,#3268,.T.);
#3266 = VERTEX_POINT('',#3267);
#3267 = CARTESIAN_POINT('',(2.86,-5.4,-2.8));
#3268 = LINE('',#3269,#3270);
#3269 = CARTESIAN_POINT('',(2.86,-5.4,-2.8));
#3270 = VECTOR('',#3271,1.);
#3271 = DIRECTION('',(0.,1.,0.));
#3272 = ORIENTED_EDGE('',*,*,#3273,.T.);
#3273 = EDGE_CURVE('',#3266,#1234,#3274,.T.);
#3274 = LINE('',#3275,#3276);
#3275 = CARTESIAN_POINT('',(2.86,-5.4,-3.));
#3276 = VECTOR('',#3277,1.);
#3277 = DIRECTION('',(0.,0.,1.));
#3278 = ORIENTED_EDGE('',*,*,#1241,.T.);
#3279 = ORIENTED_EDGE('',*,*,#3249,.F.);
#3280 = PLANE('',#3281);
#3281 = AXIS2_PLACEMENT_3D('',#3282,#3283,#3284);
#3282 = CARTESIAN_POINT('',(2.86,-5.4,-3.));
#3283 = DIRECTION('',(-1.,0.,0.));
#3284 = DIRECTION('',(0.,1.,0.));
#3285 = ADVANCED_FACE('',(#3286),#3297,.F.);
#3286 = FACE_BOUND('',#3287,.F.);
#3287 = EDGE_LOOP('',(#3288,#3294,#3295,#3296));
#3288 = ORIENTED_EDGE('',*,*,#3289,.F.);
#3289 = EDGE_CURVE('',#3213,#3266,#3290,.T.);
#3290 = LINE('',#3291,#3292);
#3291 = CARTESIAN_POINT('',(2.22,-5.4,-2.8));
#3292 = VECTOR('',#3293,1.);
#3293 = DIRECTION('',(1.,0.,0.));
#3294 = ORIENTED_EDGE('',*,*,#3227,.T.);
#3295 = ORIENTED_EDGE('',*,*,#1233,.T.);
#3296 = ORIENTED_EDGE('',*,*,#3273,.F.);
#3297 = PLANE('',#3298);
#3298 = AXIS2_PLACEMENT_3D('',#3299,#3300,#3301);
#3299 = CARTESIAN_POINT('',(2.22,-5.4,-3.));
#3300 = DIRECTION('',(0.,1.,0.));
#3301 = DIRECTION('',(1.,0.,0.));
#3302 = ADVANCED_FACE('',(#3303),#3328,.F.);
#3303 = FACE_BOUND('',#3304,.F.);
#3304 = EDGE_LOOP('',(#3305,#3315,#3321,#3322));
#3305 = ORIENTED_EDGE('',*,*,#3306,.F.);
#3306 = EDGE_CURVE('',#3307,#3309,#3311,.T.);
#3307 = VERTEX_POINT('',#3308);
#3308 = CARTESIAN_POINT('',(2.22,-2.86,-2.8));
#3309 = VERTEX_POINT('',#3310);
#3310 = CARTESIAN_POINT('',(2.86,-2.86,-2.8));
#3311 = LINE('',#3312,#3313);
#3312 = CARTESIAN_POINT('',(2.22,-2.86,-2.8));
#3313 = VECTOR('',#3314,1.);
#3314 = DIRECTION('',(1.,0.,0.));
#3315 = ORIENTED_EDGE('',*,*,#3316,.T.);
#3316 = EDGE_CURVE('',#3307,#1258,#3317,.T.);
#3317 = LINE('',#3318,#3319);
#3318 = CARTESIAN_POINT('',(2.22,-2.86,-3.));
#3319 = VECTOR('',#3320,1.);
#3320 = DIRECTION('',(0.,0.,1.));
#3321 = ORIENTED_EDGE('',*,*,#1257,.T.);
#3322 = ORIENTED_EDGE('',*,*,#3323,.F.);
#3323 = EDGE_CURVE('',#3309,#1260,#3324,.T.);
#3324 = LINE('',#3325,#3326);
#3325 = CARTESIAN_POINT('',(2.86,-2.86,-3.));
#3326 = VECTOR('',#3327,1.);
#3327 = DIRECTION('',(0.,0.,1.));
#3328 = PLANE('',#3329);
#3329 = AXIS2_PLACEMENT_3D('',#3330,#3331,#3332);
#3330 = CARTESIAN_POINT('',(2.22,-2.86,-3.));
#3331 = DIRECTION('',(0.,1.,0.));
#3332 = DIRECTION('',(1.,0.,0.));
#3333 = ADVANCED_FACE('',(#3334),#3352,.F.);
#3334 = FACE_BOUND('',#3335,.F.);
#3335 = EDGE_LOOP('',(#3336,#3344,#3350,#3351));
#3336 = ORIENTED_EDGE('',*,*,#3337,.F.);
#3337 = EDGE_CURVE('',#3338,#3307,#3340,.T.);
#3338 = VERTEX_POINT('',#3339);
#3339 = CARTESIAN_POINT('',(2.22,-2.22,-2.8));
#3340 = LINE('',#3341,#3342);
#3341 = CARTESIAN_POINT('',(2.22,-2.22,-2.8));
#3342 = VECTOR('',#3343,1.);
#3343 = DIRECTION('',(0.,-1.,0.));
#3344 = ORIENTED_EDGE('',*,*,#3345,.T.);
#3345 = EDGE_CURVE('',#3338,#1276,#3346,.T.);
#3346 = LINE('',#3347,#3348);
#3347 = CARTESIAN_POINT('',(2.22,-2.22,-3.));
#3348 = VECTOR('',#3349,1.);
#3349 = DIRECTION('',(0.,0.,1.));
#3350 = ORIENTED_EDGE('',*,*,#1283,.T.);
#3351 = ORIENTED_EDGE('',*,*,#3316,.F.);
#3352 = PLANE('',#3353);
#3353 = AXIS2_PLACEMENT_3D('',#3354,#3355,#3356);
#3354 = CARTESIAN_POINT('',(2.22,-2.22,-3.));
#3355 = DIRECTION('',(1.,0.,0.));
#3356 = DIRECTION('',(0.,-1.,0.));
#3357 = ADVANCED_FACE('',(#3358),#3376,.F.);
#3358 = FACE_BOUND('',#3359,.F.);
#3359 = EDGE_LOOP('',(#3360,#3368,#3374,#3375));
#3360 = ORIENTED_EDGE('',*,*,#3361,.F.);
#3361 = EDGE_CURVE('',#3362,#3338,#3364,.T.);
#3362 = VERTEX_POINT('',#3363);
#3363 = CARTESIAN_POINT('',(2.86,-2.22,-2.8));
#3364 = LINE('',#3365,#3366);
#3365 = CARTESIAN_POINT('',(2.86,-2.22,-2.8));
#3366 = VECTOR('',#3367,1.);
#3367 = DIRECTION('',(-1.,0.,0.));
#3368 = ORIENTED_EDGE('',*,*,#3369,.T.);
#3369 = EDGE_CURVE('',#3362,#1268,#3370,.T.);
#3370 = LINE('',#3371,#3372);
#3371 = CARTESIAN_POINT('',(2.86,-2.22,-3.));
#3372 = VECTOR('',#3373,1.);
#3373 = DIRECTION('',(0.,0.,1.));
#3374 = ORIENTED_EDGE('',*,*,#1275,.T.);
#3375 = ORIENTED_EDGE('',*,*,#3345,.F.);
#3376 = PLANE('',#3377);
#3377 = AXIS2_PLACEMENT_3D('',#3378,#3379,#3380);
#3378 = CARTESIAN_POINT('',(2.86,-2.22,-3.));
#3379 = DIRECTION('',(0.,-1.,0.));
#3380 = DIRECTION('',(-1.,0.,0.));
#3381 = ADVANCED_FACE('',(#3382),#3393,.F.);
#3382 = FACE_BOUND('',#3383,.F.);
#3383 = EDGE_LOOP('',(#3384,#3390,#3391,#3392));
#3384 = ORIENTED_EDGE('',*,*,#3385,.F.);
#3385 = EDGE_CURVE('',#3309,#3362,#3386,.T.);
#3386 = LINE('',#3387,#3388);
#3387 = CARTESIAN_POINT('',(2.86,-2.86,-2.8));
#3388 = VECTOR('',#3389,1.);
#3389 = DIRECTION('',(0.,1.,0.));
#3390 = ORIENTED_EDGE('',*,*,#3323,.T.);
#3391 = ORIENTED_EDGE('',*,*,#1267,.T.);
#3392 = ORIENTED_EDGE('',*,*,#3369,.F.);
#3393 = PLANE('',#3394);
#3394 = AXIS2_PLACEMENT_3D('',#3395,#3396,#3397);
#3395 = CARTESIAN_POINT('',(2.86,-2.86,-3.));
#3396 = DIRECTION('',(-1.,0.,0.));
#3397 = DIRECTION('',(0.,1.,0.));
#3398 = ADVANCED_FACE('',(#3399),#3424,.F.);
#3399 = FACE_BOUND('',#3400,.F.);
#3400 = EDGE_LOOP('',(#3401,#3411,#3417,#3418));
#3401 = ORIENTED_EDGE('',*,*,#3402,.F.);
#3402 = EDGE_CURVE('',#3403,#3405,#3407,.T.);
#3403 = VERTEX_POINT('',#3404);
#3404 = CARTESIAN_POINT('',(2.86,-0.32,-2.8));
#3405 = VERTEX_POINT('',#3406);
#3406 = CARTESIAN_POINT('',(2.86,0.32,-2.8));
#3407 = LINE('',#3408,#3409);
#3408 = CARTESIAN_POINT('',(2.86,-0.32,-2.8));
#3409 = VECTOR('',#3410,1.);
#3410 = DIRECTION('',(0.,1.,0.));
#3411 = ORIENTED_EDGE('',*,*,#3412,.T.);
#3412 = EDGE_CURVE('',#3403,#1292,#3413,.T.);
#3413 = LINE('',#3414,#3415);
#3414 = CARTESIAN_POINT('',(2.86,-0.32,-3.));
#3415 = VECTOR('',#3416,1.);
#3416 = DIRECTION('',(0.,0.,1.));
#3417 = ORIENTED_EDGE('',*,*,#1291,.T.);
#3418 = ORIENTED_EDGE('',*,*,#3419,.F.);
#3419 = EDGE_CURVE('',#3405,#1294,#3420,.T.);
#3420 = LINE('',#3421,#3422);
#3421 = CARTESIAN_POINT('',(2.86,0.32,-3.));
#3422 = VECTOR('',#3423,1.);
#3423 = DIRECTION('',(0.,0.,1.));
#3424 = PLANE('',#3425);
#3425 = AXIS2_PLACEMENT_3D('',#3426,#3427,#3428);
#3426 = CARTESIAN_POINT('',(2.86,-0.32,-3.));
#3427 = DIRECTION('',(-1.,0.,0.));
#3428 = DIRECTION('',(0.,1.,0.));
#3429 = ADVANCED_FACE('',(#3430),#3448,.F.);
#3430 = FACE_BOUND('',#3431,.F.);
#3431 = EDGE_LOOP('',(#3432,#3440,#3446,#3447));
#3432 = ORIENTED_EDGE('',*,*,#3433,.F.);
#3433 = EDGE_CURVE('',#3434,#3403,#3436,.T.);
#3434 = VERTEX_POINT('',#3435);
#3435 = CARTESIAN_POINT('',(2.22,-0.32,-2.8));
#3436 = LINE('',#3437,#3438);
#3437 = CARTESIAN_POINT('',(2.22,-0.32,-2.8));
#3438 = VECTOR('',#3439,1.);
#3439 = DIRECTION('',(1.,0.,0.));
#3440 = ORIENTED_EDGE('',*,*,#3441,.T.);
#3441 = EDGE_CURVE('',#3434,#1310,#3442,.T.);
#3442 = LINE('',#3443,#3444);
#3443 = CARTESIAN_POINT('',(2.22,-0.32,-3.));
#3444 = VECTOR('',#3445,1.);
#3445 = DIRECTION('',(0.,0.,1.));
#3446 = ORIENTED_EDGE('',*,*,#1317,.T.);
#3447 = ORIENTED_EDGE('',*,*,#3412,.F.);
#3448 = PLANE('',#3449);
#3449 = AXIS2_PLACEMENT_3D('',#3450,#3451,#3452);
#3450 = CARTESIAN_POINT('',(2.22,-0.32,-3.));
#3451 = DIRECTION('',(0.,1.,0.));
#3452 = DIRECTION('',(1.,0.,0.));
#3453 = ADVANCED_FACE('',(#3454),#3472,.F.);
#3454 = FACE_BOUND('',#3455,.F.);
#3455 = EDGE_LOOP('',(#3456,#3464,#3470,#3471));
#3456 = ORIENTED_EDGE('',*,*,#3457,.F.);
#3457 = EDGE_CURVE('',#3458,#3434,#3460,.T.);
#3458 = VERTEX_POINT('',#3459);
#3459 = CARTESIAN_POINT('',(2.22,0.32,-2.8));
#3460 = LINE('',#3461,#3462);
#3461 = CARTESIAN_POINT('',(2.22,0.32,-2.8));
#3462 = VECTOR('',#3463,1.);
#3463 = DIRECTION('',(0.,-1.,0.));
#3464 = ORIENTED_EDGE('',*,*,#3465,.T.);
#3465 = EDGE_CURVE('',#3458,#1302,#3466,.T.);
#3466 = LINE('',#3467,#3468);
#3467 = CARTESIAN_POINT('',(2.22,0.32,-3.));
#3468 = VECTOR('',#3469,1.);
#3469 = DIRECTION('',(0.,0.,1.));
#3470 = ORIENTED_EDGE('',*,*,#1309,.T.);
#3471 = ORIENTED_EDGE('',*,*,#3441,.F.);
#3472 = PLANE('',#3473);
#3473 = AXIS2_PLACEMENT_3D('',#3474,#3475,#3476);
#3474 = CARTESIAN_POINT('',(2.22,0.32,-3.));
#3475 = DIRECTION('',(1.,0.,0.));
#3476 = DIRECTION('',(0.,-1.,0.));
#3477 = ADVANCED_FACE('',(#3478),#3489,.F.);
#3478 = FACE_BOUND('',#3479,.F.);
#3479 = EDGE_LOOP('',(#3480,#3486,#3487,#3488));
#3480 = ORIENTED_EDGE('',*,*,#3481,.F.);
#3481 = EDGE_CURVE('',#3405,#3458,#3482,.T.);
#3482 = LINE('',#3483,#3484);
#3483 = CARTESIAN_POINT('',(2.86,0.32,-2.8));
#3484 = VECTOR('',#3485,1.);
#3485 = DIRECTION('',(-1.,0.,0.));
#3486 = ORIENTED_EDGE('',*,*,#3419,.T.);
#3487 = ORIENTED_EDGE('',*,*,#1301,.T.);
#3488 = ORIENTED_EDGE('',*,*,#3465,.F.);
#3489 = PLANE('',#3490);
#3490 = AXIS2_PLACEMENT_3D('',#3491,#3492,#3493);
#3491 = CARTESIAN_POINT('',(2.86,0.32,-3.));
#3492 = DIRECTION('',(0.,-1.,0.));
#3493 = DIRECTION('',(-1.,0.,0.));
#3494 = ADVANCED_FACE('',(#3495),#3520,.F.);
#3495 = FACE_BOUND('',#3496,.F.);
#3496 = EDGE_LOOP('',(#3497,#3507,#3513,#3514));
#3497 = ORIENTED_EDGE('',*,*,#3498,.F.);
#3498 = EDGE_CURVE('',#3499,#3501,#3503,.T.);
#3499 = VERTEX_POINT('',#3500);
#3500 = CARTESIAN_POINT('',(2.86,-7.94,-2.8));
#3501 = VERTEX_POINT('',#3502);
#3502 = CARTESIAN_POINT('',(2.86,-7.3,-2.8));
#3503 = LINE('',#3504,#3505);
#3504 = CARTESIAN_POINT('',(2.86,-7.94,-2.8));
#3505 = VECTOR('',#3506,1.);
#3506 = DIRECTION('',(0.,1.,0.));
#3507 = ORIENTED_EDGE('',*,*,#3508,.T.);
#3508 = EDGE_CURVE('',#3499,#1326,#3509,.T.);
#3509 = LINE('',#3510,#3511);
#3510 = CARTESIAN_POINT('',(2.86,-7.94,-3.));
#3511 = VECTOR('',#3512,1.);
#3512 = DIRECTION('',(0.,0.,1.));
#3513 = ORIENTED_EDGE('',*,*,#1325,.T.);
#3514 = ORIENTED_EDGE('',*,*,#3515,.F.);
#3515 = EDGE_CURVE('',#3501,#1328,#3516,.T.);
#3516 = LINE('',#3517,#3518);
#3517 = CARTESIAN_POINT('',(2.86,-7.3,-3.));
#3518 = VECTOR('',#3519,1.);
#3519 = DIRECTION('',(0.,0.,1.));
#3520 = PLANE('',#3521);
#3521 = AXIS2_PLACEMENT_3D('',#3522,#3523,#3524);
#3522 = CARTESIAN_POINT('',(2.86,-7.94,-3.));
#3523 = DIRECTION('',(-1.,0.,0.));
#3524 = DIRECTION('',(0.,1.,0.));
#3525 = ADVANCED_FACE('',(#3526),#3544,.F.);
#3526 = FACE_BOUND('',#3527,.F.);
#3527 = EDGE_LOOP('',(#3528,#3536,#3542,#3543));
#3528 = ORIENTED_EDGE('',*,*,#3529,.F.);
#3529 = EDGE_CURVE('',#3530,#3499,#3532,.T.);
#3530 = VERTEX_POINT('',#3531);
#3531 = CARTESIAN_POINT('',(2.22,-7.94,-2.8));
#3532 = LINE('',#3533,#3534);
#3533 = CARTESIAN_POINT('',(2.22,-7.94,-2.8));
#3534 = VECTOR('',#3535,1.);
#3535 = DIRECTION('',(1.,0.,0.));
#3536 = ORIENTED_EDGE('',*,*,#3537,.T.);
#3537 = EDGE_CURVE('',#3530,#1344,#3538,.T.);
#3538 = LINE('',#3539,#3540);
#3539 = CARTESIAN_POINT('',(2.22,-7.94,-3.));
#3540 = VECTOR('',#3541,1.);
#3541 = DIRECTION('',(0.,0.,1.));
#3542 = ORIENTED_EDGE('',*,*,#1351,.T.);
#3543 = ORIENTED_EDGE('',*,*,#3508,.F.);
#3544 = PLANE('',#3545);
#3545 = AXIS2_PLACEMENT_3D('',#3546,#3547,#3548);
#3546 = CARTESIAN_POINT('',(2.22,-7.94,-3.));
#3547 = DIRECTION('',(0.,1.,0.));
#3548 = DIRECTION('',(1.,0.,0.));
#3549 = ADVANCED_FACE('',(#3550),#3568,.F.);
#3550 = FACE_BOUND('',#3551,.F.);
#3551 = EDGE_LOOP('',(#3552,#3560,#3566,#3567));
#3552 = ORIENTED_EDGE('',*,*,#3553,.F.);
#3553 = EDGE_CURVE('',#3554,#3530,#3556,.T.);
#3554 = VERTEX_POINT('',#3555);
#3555 = CARTESIAN_POINT('',(2.22,-7.3,-2.8));
#3556 = LINE('',#3557,#3558);
#3557 = CARTESIAN_POINT('',(2.22,-7.3,-2.8));
#3558 = VECTOR('',#3559,1.);
#3559 = DIRECTION('',(0.,-1.,0.));
#3560 = ORIENTED_EDGE('',*,*,#3561,.T.);
#3561 = EDGE_CURVE('',#3554,#1336,#3562,.T.);
#3562 = LINE('',#3563,#3564);
#3563 = CARTESIAN_POINT('',(2.22,-7.3,-3.));
#3564 = VECTOR('',#3565,1.);
#3565 = DIRECTION('',(0.,0.,1.));
#3566 = ORIENTED_EDGE('',*,*,#1343,.T.);
#3567 = ORIENTED_EDGE('',*,*,#3537,.F.);
#3568 = PLANE('',#3569);
#3569 = AXIS2_PLACEMENT_3D('',#3570,#3571,#3572);
#3570 = CARTESIAN_POINT('',(2.22,-7.3,-3.));
#3571 = DIRECTION('',(1.,0.,0.));
#3572 = DIRECTION('',(0.,-1.,0.));
#3573 = ADVANCED_FACE('',(#3574),#3585,.F.);
#3574 = FACE_BOUND('',#3575,.F.);
#3575 = EDGE_LOOP('',(#3576,#3582,#3583,#3584));
#3576 = ORIENTED_EDGE('',*,*,#3577,.F.);
#3577 = EDGE_CURVE('',#3501,#3554,#3578,.T.);
#3578 = LINE('',#3579,#3580);
#3579 = CARTESIAN_POINT('',(2.86,-7.3,-2.8));
#3580 = VECTOR('',#3581,1.);
#3581 = DIRECTION('',(-1.,0.,0.));
#3582 = ORIENTED_EDGE('',*,*,#3515,.T.);
#3583 = ORIENTED_EDGE('',*,*,#1335,.T.);
#3584 = ORIENTED_EDGE('',*,*,#3561,.F.);
#3585 = PLANE('',#3586);
#3586 = AXIS2_PLACEMENT_3D('',#3587,#3588,#3589);
#3587 = CARTESIAN_POINT('',(2.86,-7.3,-3.));
#3588 = DIRECTION('',(0.,-1.,0.));
#3589 = DIRECTION('',(-1.,0.,0.));
#3590 = ADVANCED_FACE('',(#3591),#3610,.T.);
#3591 = FACE_BOUND('',#3592,.T.);
#3592 = EDGE_LOOP('',(#3593,#3594,#3602,#3609));
#3593 = ORIENTED_EDGE('',*,*,#1359,.F.);
#3594 = ORIENTED_EDGE('',*,*,#3595,.T.);
#3595 = EDGE_CURVE('',#1360,#3596,#3598,.T.);
#3596 = VERTEX_POINT('',#3597);
#3597 = CARTESIAN_POINT('',(-1.08,-8.89,0.));
#3598 = LINE('',#3599,#3600);
#3599 = CARTESIAN_POINT('',(-1.08,-8.89,0.25));
#3600 = VECTOR('',#3601,1.);
#3601 = DIRECTION('',(-0.,-0.,-1.));
#3602 = ORIENTED_EDGE('',*,*,#3603,.T.);
#3603 = EDGE_CURVE('',#3596,#3596,#3604,.T.);
#3604 = CIRCLE('',#3605,0.5);
#3605 = AXIS2_PLACEMENT_3D('',#3606,#3607,#3608);
#3606 = CARTESIAN_POINT('',(-1.58,-8.89,0.));
#3607 = DIRECTION('',(0.,0.,1.));
#3608 = DIRECTION('',(1.,0.,-0.));
#3609 = ORIENTED_EDGE('',*,*,#3595,.F.);
#3610 = CYLINDRICAL_SURFACE('',#3611,0.5);
#3611 = AXIS2_PLACEMENT_3D('',#3612,#3613,#3614);
#3612 = CARTESIAN_POINT('',(-1.58,-8.89,0.25));
#3613 = DIRECTION('',(0.,0.,1.));
#3614 = DIRECTION('',(1.,0.,-0.));
#3615 = ADVANCED_FACE('',(#3616),#3635,.T.);
#3616 = FACE_BOUND('',#3617,.T.);
#3617 = EDGE_LOOP('',(#3618,#3619,#3627,#3634));
#3618 = ORIENTED_EDGE('',*,*,#1370,.F.);
#3619 = ORIENTED_EDGE('',*,*,#3620,.T.);
#3620 = EDGE_CURVE('',#1371,#3621,#3623,.T.);
#3621 = VERTEX_POINT('',#3622);
#3622 = CARTESIAN_POINT('',(4.62,-8.89,0.));
#3623 = LINE('',#3624,#3625);
#3624 = CARTESIAN_POINT('',(4.62,-8.89,0.25));
#3625 = VECTOR('',#3626,1.);
#3626 = DIRECTION('',(-0.,-0.,-1.));
#3627 = ORIENTED_EDGE('',*,*,#3628,.T.);
#3628 = EDGE_CURVE('',#3621,#3621,#3629,.T.);
#3629 = CIRCLE('',#3630,0.5);
#3630 = AXIS2_PLACEMENT_3D('',#3631,#3632,#3633);
#3631 = CARTESIAN_POINT('',(4.12,-8.89,0.));
#3632 = DIRECTION('',(0.,0.,1.));
#3633 = DIRECTION('',(1.,0.,-0.));
#3634 = ORIENTED_EDGE('',*,*,#3620,.F.);
#3635 = CYLINDRICAL_SURFACE('',#3636,0.5);
#3636 = AXIS2_PLACEMENT_3D('',#3637,#3638,#3639);
#3637 = CARTESIAN_POINT('',(4.12,-8.89,0.25));
#3638 = DIRECTION('',(0.,0.,1.));
#3639 = DIRECTION('',(1.,0.,-0.));
#3640 = ADVANCED_FACE('',(#3641),#3660,.T.);
#3641 = FACE_BOUND('',#3642,.T.);
#3642 = EDGE_LOOP('',(#3643,#3644,#3652,#3659));
#3643 = ORIENTED_EDGE('',*,*,#1381,.F.);
#3644 = ORIENTED_EDGE('',*,*,#3645,.T.);
#3645 = EDGE_CURVE('',#1382,#3646,#3648,.T.);
#3646 = VERTEX_POINT('',#3647);
#3647 = CARTESIAN_POINT('',(4.62,2.6,0.));
#3648 = LINE('',#3649,#3650);
#3649 = CARTESIAN_POINT('',(4.62,2.6,0.25));
#3650 = VECTOR('',#3651,1.);
#3651 = DIRECTION('',(-0.,-0.,-1.));
#3652 = ORIENTED_EDGE('',*,*,#3653,.T.);
#3653 = EDGE_CURVE('',#3646,#3646,#3654,.T.);
#3654 = CIRCLE('',#3655,0.5);
#3655 = AXIS2_PLACEMENT_3D('',#3656,#3657,#3658);
#3656 = CARTESIAN_POINT('',(4.12,2.6,0.));
#3657 = DIRECTION('',(0.,0.,1.));
#3658 = DIRECTION('',(1.,0.,-0.));
#3659 = ORIENTED_EDGE('',*,*,#3645,.F.);
#3660 = CYLINDRICAL_SURFACE('',#3661,0.5);
#3661 = AXIS2_PLACEMENT_3D('',#3662,#3663,#3664);
#3662 = CARTESIAN_POINT('',(4.12,2.6,0.25));
#3663 = DIRECTION('',(0.,0.,1.));
#3664 = DIRECTION('',(1.,0.,-0.));
#3665 = ADVANCED_FACE('',(#3666),#3691,.F.);
#3666 = FACE_BOUND('',#3667,.F.);
#3667 = EDGE_LOOP('',(#3668,#3678,#3684,#3685));
#3668 = ORIENTED_EDGE('',*,*,#3669,.F.);
#3669 = EDGE_CURVE('',#3670,#3672,#3674,.T.);
#3670 = VERTEX_POINT('',#3671);
#3671 = CARTESIAN_POINT('',(-0.32,-10.48,-2.8));
#3672 = VERTEX_POINT('',#3673);
#3673 = CARTESIAN_POINT('',(0.32,-10.48,-2.8));
#3674 = LINE('',#3675,#3676);
#3675 = CARTESIAN_POINT('',(-0.32,-10.48,-2.8));
#3676 = VECTOR('',#3677,1.);
#3677 = DIRECTION('',(1.,0.,0.));
#3678 = ORIENTED_EDGE('',*,*,#3679,.T.);
#3679 = EDGE_CURVE('',#3670,#1393,#3680,.T.);
#3680 = LINE('',#3681,#3682);
#3681 = CARTESIAN_POINT('',(-0.32,-10.48,-3.));
#3682 = VECTOR('',#3683,1.);
#3683 = DIRECTION('',(0.,0.,1.));
#3684 = ORIENTED_EDGE('',*,*,#1392,.T.);
#3685 = ORIENTED_EDGE('',*,*,#3686,.F.);
#3686 = EDGE_CURVE('',#3672,#1395,#3687,.T.);
#3687 = LINE('',#3688,#3689);
#3688 = CARTESIAN_POINT('',(0.32,-10.48,-3.));
#3689 = VECTOR('',#3690,1.);
#3690 = DIRECTION('',(0.,0.,1.));
#3691 = PLANE('',#3692);
#3692 = AXIS2_PLACEMENT_3D('',#3693,#3694,#3695);
#3693 = CARTESIAN_POINT('',(-0.32,-10.48,-3.));
#3694 = DIRECTION('',(0.,1.,0.));
#3695 = DIRECTION('',(1.,0.,0.));
#3696 = ADVANCED_FACE('',(#3697),#3715,.F.);
#3697 = FACE_BOUND('',#3698,.F.);
#3698 = EDGE_LOOP('',(#3699,#3707,#3713,#3714));
#3699 = ORIENTED_EDGE('',*,*,#3700,.F.);
#3700 = EDGE_CURVE('',#3701,#3670,#3703,.T.);
#3701 = VERTEX_POINT('',#3702);
#3702 = CARTESIAN_POINT('',(-0.32,-9.84,-2.8));
#3703 = LINE('',#3704,#3705);
#3704 = CARTESIAN_POINT('',(-0.32,-9.84,-2.8));
#3705 = VECTOR('',#3706,1.);
#3706 = DIRECTION('',(0.,-1.,0.));
#3707 = ORIENTED_EDGE('',*,*,#3708,.T.);
#3708 = EDGE_CURVE('',#3701,#1411,#3709,.T.);
#3709 = LINE('',#3710,#3711);
#3710 = CARTESIAN_POINT('',(-0.32,-9.84,-3.));
#3711 = VECTOR('',#3712,1.);
#3712 = DIRECTION('',(0.,0.,1.));
#3713 = ORIENTED_EDGE('',*,*,#1418,.T.);
#3714 = ORIENTED_EDGE('',*,*,#3679,.F.);
#3715 = PLANE('',#3716);
#3716 = AXIS2_PLACEMENT_3D('',#3717,#3718,#3719);
#3717 = CARTESIAN_POINT('',(-0.32,-9.84,-3.));
#3718 = DIRECTION('',(1.,0.,0.));
#3719 = DIRECTION('',(0.,-1.,0.));
#3720 = ADVANCED_FACE('',(#3721),#3739,.F.);
#3721 = FACE_BOUND('',#3722,.F.);
#3722 = EDGE_LOOP('',(#3723,#3731,#3737,#3738));
#3723 = ORIENTED_EDGE('',*,*,#3724,.F.);
#3724 = EDGE_CURVE('',#3725,#3701,#3727,.T.);
#3725 = VERTEX_POINT('',#3726);
#3726 = CARTESIAN_POINT('',(0.32,-9.84,-2.8));
#3727 = LINE('',#3728,#3729);
#3728 = CARTESIAN_POINT('',(0.32,-9.84,-2.8));
#3729 = VECTOR('',#3730,1.);
#3730 = DIRECTION('',(-1.,0.,0.));
#3731 = ORIENTED_EDGE('',*,*,#3732,.T.);
#3732 = EDGE_CURVE('',#3725,#1403,#3733,.T.);
#3733 = LINE('',#3734,#3735);
#3734 = CARTESIAN_POINT('',(0.32,-9.84,-3.));
#3735 = VECTOR('',#3736,1.);
#3736 = DIRECTION('',(0.,0.,1.));
#3737 = ORIENTED_EDGE('',*,*,#1410,.T.);
#3738 = ORIENTED_EDGE('',*,*,#3708,.F.);
#3739 = PLANE('',#3740);
#3740 = AXIS2_PLACEMENT_3D('',#3741,#3742,#3743);
#3741 = CARTESIAN_POINT('',(0.32,-9.84,-3.));
#3742 = DIRECTION('',(0.,-1.,0.));
#3743 = DIRECTION('',(-1.,0.,0.));
#3744 = ADVANCED_FACE('',(#3745),#3756,.F.);
#3745 = FACE_BOUND('',#3746,.F.);
#3746 = EDGE_LOOP('',(#3747,#3753,#3754,#3755));
#3747 = ORIENTED_EDGE('',*,*,#3748,.F.);
#3748 = EDGE_CURVE('',#3672,#3725,#3749,.T.);
#3749 = LINE('',#3750,#3751);
#3750 = CARTESIAN_POINT('',(0.32,-10.48,-2.8));
#3751 = VECTOR('',#3752,1.);
#3752 = DIRECTION('',(0.,1.,0.));
#3753 = ORIENTED_EDGE('',*,*,#3686,.T.);
#3754 = ORIENTED_EDGE('',*,*,#1402,.T.);
#3755 = ORIENTED_EDGE('',*,*,#3732,.F.);
#3756 = PLANE('',#3757);
#3757 = AXIS2_PLACEMENT_3D('',#3758,#3759,#3760);
#3758 = CARTESIAN_POINT('',(0.32,-10.48,-3.));
#3759 = DIRECTION('',(-1.,0.,0.));
#3760 = DIRECTION('',(0.,1.,0.));
#3761 = ADVANCED_FACE('',(#3762),#3787,.F.);
#3762 = FACE_BOUND('',#3763,.F.);
#3763 = EDGE_LOOP('',(#3764,#3774,#3780,#3781));
#3764 = ORIENTED_EDGE('',*,*,#3765,.F.);
#3765 = EDGE_CURVE('',#3766,#3768,#3770,.T.);
#3766 = VERTEX_POINT('',#3767);
#3767 = CARTESIAN_POINT('',(2.86,-10.48,-2.8));
#3768 = VERTEX_POINT('',#3769);
#3769 = CARTESIAN_POINT('',(2.86,-9.84,-2.8));
#3770 = LINE('',#3771,#3772);
#3771 = CARTESIAN_POINT('',(2.86,-10.48,-2.8));
#3772 = VECTOR('',#3773,1.);
#3773 = DIRECTION('',(0.,1.,0.));
#3774 = ORIENTED_EDGE('',*,*,#3775,.T.);
#3775 = EDGE_CURVE('',#3766,#1427,#3776,.T.);
#3776 = LINE('',#3777,#3778);
#3777 = CARTESIAN_POINT('',(2.86,-10.48,-3.));
#3778 = VECTOR('',#3779,1.);
#3779 = DIRECTION('',(0.,0.,1.));
#3780 = ORIENTED_EDGE('',*,*,#1426,.T.);
#3781 = ORIENTED_EDGE('',*,*,#3782,.F.);
#3782 = EDGE_CURVE('',#3768,#1429,#3783,.T.);
#3783 = LINE('',#3784,#3785);
#3784 = CARTESIAN_POINT('',(2.86,-9.84,-3.));
#3785 = VECTOR('',#3786,1.);
#3786 = DIRECTION('',(0.,0.,1.));
#3787 = PLANE('',#3788);
#3788 = AXIS2_PLACEMENT_3D('',#3789,#3790,#3791);
#3789 = CARTESIAN_POINT('',(2.86,-10.48,-3.));
#3790 = DIRECTION('',(-1.,0.,0.));
#3791 = DIRECTION('',(0.,1.,0.));
#3792 = ADVANCED_FACE('',(#3793),#3811,.F.);
#3793 = FACE_BOUND('',#3794,.F.);
#3794 = EDGE_LOOP('',(#3795,#3803,#3809,#3810));
#3795 = ORIENTED_EDGE('',*,*,#3796,.F.);
#3796 = EDGE_CURVE('',#3797,#3766,#3799,.T.);
#3797 = VERTEX_POINT('',#3798);
#3798 = CARTESIAN_POINT('',(2.22,-10.48,-2.8));
#3799 = LINE('',#3800,#3801);
#3800 = CARTESIAN_POINT('',(2.22,-10.48,-2.8));
#3801 = VECTOR('',#3802,1.);
#3802 = DIRECTION('',(1.,0.,0.));
#3803 = ORIENTED_EDGE('',*,*,#3804,.T.);
#3804 = EDGE_CURVE('',#3797,#1445,#3805,.T.);
#3805 = LINE('',#3806,#3807);
#3806 = CARTESIAN_POINT('',(2.22,-10.48,-3.));
#3807 = VECTOR('',#3808,1.);
#3808 = DIRECTION('',(0.,0.,1.));
#3809 = ORIENTED_EDGE('',*,*,#1452,.T.);
#3810 = ORIENTED_EDGE('',*,*,#3775,.F.);
#3811 = PLANE('',#3812);
#3812 = AXIS2_PLACEMENT_3D('',#3813,#3814,#3815);
#3813 = CARTESIAN_POINT('',(2.22,-10.48,-3.));
#3814 = DIRECTION('',(0.,1.,0.));
#3815 = DIRECTION('',(1.,0.,0.));
#3816 = ADVANCED_FACE('',(#3817),#3835,.F.);
#3817 = FACE_BOUND('',#3818,.F.);
#3818 = EDGE_LOOP('',(#3819,#3827,#3833,#3834));
#3819 = ORIENTED_EDGE('',*,*,#3820,.F.);
#3820 = EDGE_CURVE('',#3821,#3797,#3823,.T.);
#3821 = VERTEX_POINT('',#3822);
#3822 = CARTESIAN_POINT('',(2.22,-9.84,-2.8));
#3823 = LINE('',#3824,#3825);
#3824 = CARTESIAN_POINT('',(2.22,-9.84,-2.8));
#3825 = VECTOR('',#3826,1.);
#3826 = DIRECTION('',(0.,-1.,0.));
#3827 = ORIENTED_EDGE('',*,*,#3828,.T.);
#3828 = EDGE_CURVE('',#3821,#1437,#3829,.T.);
#3829 = LINE('',#3830,#3831);
#3830 = CARTESIAN_POINT('',(2.22,-9.84,-3.));
#3831 = VECTOR('',#3832,1.);
#3832 = DIRECTION('',(0.,0.,1.));
#3833 = ORIENTED_EDGE('',*,*,#1444,.T.);
#3834 = ORIENTED_EDGE('',*,*,#3804,.F.);
#3835 = PLANE('',#3836);
#3836 = AXIS2_PLACEMENT_3D('',#3837,#3838,#3839);
#3837 = CARTESIAN_POINT('',(2.22,-9.84,-3.));
#3838 = DIRECTION('',(1.,0.,0.));
#3839 = DIRECTION('',(0.,-1.,0.));
#3840 = ADVANCED_FACE('',(#3841),#3852,.F.);
#3841 = FACE_BOUND('',#3842,.F.);
#3842 = EDGE_LOOP('',(#3843,#3849,#3850,#3851));
#3843 = ORIENTED_EDGE('',*,*,#3844,.F.);
#3844 = EDGE_CURVE('',#3768,#3821,#3845,.T.);
#3845 = LINE('',#3846,#3847);
#3846 = CARTESIAN_POINT('',(2.86,-9.84,-2.8));
#3847 = VECTOR('',#3848,1.);
#3848 = DIRECTION('',(-1.,0.,0.));
#3849 = ORIENTED_EDGE('',*,*,#3782,.T.);
#3850 = ORIENTED_EDGE('',*,*,#1436,.T.);
#3851 = ORIENTED_EDGE('',*,*,#3828,.F.);
#3852 = PLANE('',#3853);
#3853 = AXIS2_PLACEMENT_3D('',#3854,#3855,#3856);
#3854 = CARTESIAN_POINT('',(2.86,-9.84,-3.));
#3855 = DIRECTION('',(0.,-1.,0.));
#3856 = DIRECTION('',(-1.,0.,0.));
#3857 = ADVANCED_FACE('',(#3858),#3883,.F.);
#3858 = FACE_BOUND('',#3859,.F.);
#3859 = EDGE_LOOP('',(#3860,#3870,#3876,#3877));
#3860 = ORIENTED_EDGE('',*,*,#3861,.F.);
#3861 = EDGE_CURVE('',#3862,#3864,#3866,.T.);
#3862 = VERTEX_POINT('',#3863);
#3863 = CARTESIAN_POINT('',(2.86,-18.1,-2.8));
#3864 = VERTEX_POINT('',#3865);
#3865 = CARTESIAN_POINT('',(2.86,-17.46,-2.8));
#3866 = LINE('',#3867,#3868);
#3867 = CARTESIAN_POINT('',(2.86,-18.1,-2.8));
#3868 = VECTOR('',#3869,1.);
#3869 = DIRECTION('',(0.,1.,0.));
#3870 = ORIENTED_EDGE('',*,*,#3871,.T.);
#3871 = EDGE_CURVE('',#3862,#1461,#3872,.T.);
#3872 = LINE('',#3873,#3874);
#3873 = CARTESIAN_POINT('',(2.86,-18.1,-3.));
#3874 = VECTOR('',#3875,1.);
#3875 = DIRECTION('',(0.,0.,1.));
#3876 = ORIENTED_EDGE('',*,*,#1460,.T.);
#3877 = ORIENTED_EDGE('',*,*,#3878,.F.);
#3878 = EDGE_CURVE('',#3864,#1463,#3879,.T.);
#3879 = LINE('',#3880,#3881);
#3880 = CARTESIAN_POINT('',(2.86,-17.46,-3.));
#3881 = VECTOR('',#3882,1.);
#3882 = DIRECTION('',(0.,0.,1.));
#3883 = PLANE('',#3884);
#3884 = AXIS2_PLACEMENT_3D('',#3885,#3886,#3887);
#3885 = CARTESIAN_POINT('',(2.86,-18.1,-3.));
#3886 = DIRECTION('',(-1.,0.,0.));
#3887 = DIRECTION('',(0.,1.,0.));
#3888 = ADVANCED_FACE('',(#3889),#3907,.F.);
#3889 = FACE_BOUND('',#3890,.F.);
#3890 = EDGE_LOOP('',(#3891,#3899,#3905,#3906));
#3891 = ORIENTED_EDGE('',*,*,#3892,.F.);
#3892 = EDGE_CURVE('',#3893,#3862,#3895,.T.);
#3893 = VERTEX_POINT('',#3894);
#3894 = CARTESIAN_POINT('',(2.22,-18.1,-2.8));
#3895 = LINE('',#3896,#3897);
#3896 = CARTESIAN_POINT('',(2.22,-18.1,-2.8));
#3897 = VECTOR('',#3898,1.);
#3898 = DIRECTION('',(1.,0.,0.));
#3899 = ORIENTED_EDGE('',*,*,#3900,.T.);
#3900 = EDGE_CURVE('',#3893,#1479,#3901,.T.);
#3901 = LINE('',#3902,#3903);
#3902 = CARTESIAN_POINT('',(2.22,-18.1,-3.));
#3903 = VECTOR('',#3904,1.);
#3904 = DIRECTION('',(0.,0.,1.));
#3905 = ORIENTED_EDGE('',*,*,#1486,.T.);
#3906 = ORIENTED_EDGE('',*,*,#3871,.F.);
#3907 = PLANE('',#3908);
#3908 = AXIS2_PLACEMENT_3D('',#3909,#3910,#3911);
#3909 = CARTESIAN_POINT('',(2.22,-18.1,-3.));
#3910 = DIRECTION('',(0.,1.,0.));
#3911 = DIRECTION('',(1.,0.,0.));
#3912 = ADVANCED_FACE('',(#3913),#3931,.F.);
#3913 = FACE_BOUND('',#3914,.F.);
#3914 = EDGE_LOOP('',(#3915,#3923,#3929,#3930));
#3915 = ORIENTED_EDGE('',*,*,#3916,.F.);
#3916 = EDGE_CURVE('',#3917,#3893,#3919,.T.);
#3917 = VERTEX_POINT('',#3918);
#3918 = CARTESIAN_POINT('',(2.22,-17.46,-2.8));
#3919 = LINE('',#3920,#3921);
#3920 = CARTESIAN_POINT('',(2.22,-17.46,-2.8));
#3921 = VECTOR('',#3922,1.);
#3922 = DIRECTION('',(0.,-1.,0.));
#3923 = ORIENTED_EDGE('',*,*,#3924,.T.);
#3924 = EDGE_CURVE('',#3917,#1471,#3925,.T.);
#3925 = LINE('',#3926,#3927);
#3926 = CARTESIAN_POINT('',(2.22,-17.46,-3.));
#3927 = VECTOR('',#3928,1.);
#3928 = DIRECTION('',(0.,0.,1.));
#3929 = ORIENTED_EDGE('',*,*,#1478,.T.);
#3930 = ORIENTED_EDGE('',*,*,#3900,.F.);
#3931 = PLANE('',#3932);
#3932 = AXIS2_PLACEMENT_3D('',#3933,#3934,#3935);
#3933 = CARTESIAN_POINT('',(2.22,-17.46,-3.));
#3934 = DIRECTION('',(1.,0.,0.));
#3935 = DIRECTION('',(0.,-1.,0.));
#3936 = ADVANCED_FACE('',(#3937),#3948,.F.);
#3937 = FACE_BOUND('',#3938,.F.);
#3938 = EDGE_LOOP('',(#3939,#3945,#3946,#3947));
#3939 = ORIENTED_EDGE('',*,*,#3940,.F.);
#3940 = EDGE_CURVE('',#3864,#3917,#3941,.T.);
#3941 = LINE('',#3942,#3943);
#3942 = CARTESIAN_POINT('',(2.86,-17.46,-2.8));
#3943 = VECTOR('',#3944,1.);
#3944 = DIRECTION('',(-1.,0.,0.));
#3945 = ORIENTED_EDGE('',*,*,#3878,.T.);
#3946 = ORIENTED_EDGE('',*,*,#1470,.T.);
#3947 = ORIENTED_EDGE('',*,*,#3924,.F.);
#3948 = PLANE('',#3949);
#3949 = AXIS2_PLACEMENT_3D('',#3950,#3951,#3952);
#3950 = CARTESIAN_POINT('',(2.86,-17.46,-3.));
#3951 = DIRECTION('',(0.,-1.,0.));
#3952 = DIRECTION('',(-1.,0.,0.));
#3953 = ADVANCED_FACE('',(#3954),#3979,.F.);
#3954 = FACE_BOUND('',#3955,.F.);
#3955 = EDGE_LOOP('',(#3956,#3966,#3972,#3973));
#3956 = ORIENTED_EDGE('',*,*,#3957,.F.);
#3957 = EDGE_CURVE('',#3958,#3960,#3962,.T.);
#3958 = VERTEX_POINT('',#3959);
#3959 = CARTESIAN_POINT('',(-0.32,-17.46,-2.8));
#3960 = VERTEX_POINT('',#3961);
#3961 = CARTESIAN_POINT('',(-0.32,-18.1,-2.8));
#3962 = LINE('',#3963,#3964);
#3963 = CARTESIAN_POINT('',(-0.32,-17.46,-2.8));
#3964 = VECTOR('',#3965,1.);
#3965 = DIRECTION('',(0.,-1.,0.));
#3966 = ORIENTED_EDGE('',*,*,#3967,.T.);
#3967 = EDGE_CURVE('',#3958,#1495,#3968,.T.);
#3968 = LINE('',#3969,#3970);
#3969 = CARTESIAN_POINT('',(-0.32,-17.46,-3.));
#3970 = VECTOR('',#3971,1.);
#3971 = DIRECTION('',(0.,0.,1.));
#3972 = ORIENTED_EDGE('',*,*,#1494,.T.);
#3973 = ORIENTED_EDGE('',*,*,#3974,.F.);
#3974 = EDGE_CURVE('',#3960,#1497,#3975,.T.);
#3975 = LINE('',#3976,#3977);
#3976 = CARTESIAN_POINT('',(-0.32,-18.1,-3.));
#3977 = VECTOR('',#3978,1.);
#3978 = DIRECTION('',(0.,0.,1.));
#3979 = PLANE('',#3980);
#3980 = AXIS2_PLACEMENT_3D('',#3981,#3982,#3983);
#3981 = CARTESIAN_POINT('',(-0.32,-17.46,-3.));
#3982 = DIRECTION('',(1.,0.,0.));
#3983 = DIRECTION('',(0.,-1.,0.));
#3984 = ADVANCED_FACE('',(#3985),#4003,.F.);
#3985 = FACE_BOUND('',#3986,.F.);
#3986 = EDGE_LOOP('',(#3987,#3995,#4001,#4002));
#3987 = ORIENTED_EDGE('',*,*,#3988,.F.);
#3988 = EDGE_CURVE('',#3989,#3958,#3991,.T.);
#3989 = VERTEX_POINT('',#3990);
#3990 = CARTESIAN_POINT('',(0.32,-17.46,-2.8));
#3991 = LINE('',#3992,#3993);
#3992 = CARTESIAN_POINT('',(0.32,-17.46,-2.8));
#3993 = VECTOR('',#3994,1.);
#3994 = DIRECTION('',(-1.,0.,0.));
#3995 = ORIENTED_EDGE('',*,*,#3996,.T.);
#3996 = EDGE_CURVE('',#3989,#1513,#3997,.T.);
#3997 = LINE('',#3998,#3999);
#3998 = CARTESIAN_POINT('',(0.32,-17.46,-3.));
#3999 = VECTOR('',#4000,1.);
#4000 = DIRECTION('',(0.,0.,1.));
#4001 = ORIENTED_EDGE('',*,*,#1520,.T.);
#4002 = ORIENTED_EDGE('',*,*,#3967,.F.);
#4003 = PLANE('',#4004);
#4004 = AXIS2_PLACEMENT_3D('',#4005,#4006,#4007);
#4005 = CARTESIAN_POINT('',(0.32,-17.46,-3.));
#4006 = DIRECTION('',(0.,-1.,0.));
#4007 = DIRECTION('',(-1.,0.,0.));
#4008 = ADVANCED_FACE('',(#4009),#4027,.F.);
#4009 = FACE_BOUND('',#4010,.F.);
#4010 = EDGE_LOOP('',(#4011,#4019,#4025,#4026));
#4011 = ORIENTED_EDGE('',*,*,#4012,.F.);
#4012 = EDGE_CURVE('',#4013,#3989,#4015,.T.);
#4013 = VERTEX_POINT('',#4014);
#4014 = CARTESIAN_POINT('',(0.32,-18.1,-2.8));
#4015 = LINE('',#4016,#4017);
#4016 = CARTESIAN_POINT('',(0.32,-18.1,-2.8));
#4017 = VECTOR('',#4018,1.);
#4018 = DIRECTION('',(0.,1.,0.));
#4019 = ORIENTED_EDGE('',*,*,#4020,.T.);
#4020 = EDGE_CURVE('',#4013,#1505,#4021,.T.);
#4021 = LINE('',#4022,#4023);
#4022 = CARTESIAN_POINT('',(0.32,-18.1,-3.));
#4023 = VECTOR('',#4024,1.);
#4024 = DIRECTION('',(0.,0.,1.));
#4025 = ORIENTED_EDGE('',*,*,#1512,.T.);
#4026 = ORIENTED_EDGE('',*,*,#3996,.F.);
#4027 = PLANE('',#4028);
#4028 = AXIS2_PLACEMENT_3D('',#4029,#4030,#4031);
#4029 = CARTESIAN_POINT('',(0.32,-18.1,-3.));
#4030 = DIRECTION('',(-1.,0.,0.));
#4031 = DIRECTION('',(0.,1.,0.));
#4032 = ADVANCED_FACE('',(#4033),#4044,.F.);
#4033 = FACE_BOUND('',#4034,.F.);
#4034 = EDGE_LOOP('',(#4035,#4041,#4042,#4043));
#4035 = ORIENTED_EDGE('',*,*,#4036,.F.);
#4036 = EDGE_CURVE('',#3960,#4013,#4037,.T.);
#4037 = LINE('',#4038,#4039);
#4038 = CARTESIAN_POINT('',(-0.32,-18.1,-2.8));
#4039 = VECTOR('',#4040,1.);
#4040 = DIRECTION('',(1.,0.,0.));
#4041 = ORIENTED_EDGE('',*,*,#3974,.T.);
#4042 = ORIENTED_EDGE('',*,*,#1504,.T.);
#4043 = ORIENTED_EDGE('',*,*,#4020,.F.);
#4044 = PLANE('',#4045);
#4045 = AXIS2_PLACEMENT_3D('',#4046,#4047,#4048);
#4046 = CARTESIAN_POINT('',(-0.32,-18.1,-3.));
#4047 = DIRECTION('',(0.,1.,0.));
#4048 = DIRECTION('',(1.,0.,0.));
#4049 = ADVANCED_FACE('',(#4050),#4075,.F.);
#4050 = FACE_BOUND('',#4051,.F.);
#4051 = EDGE_LOOP('',(#4052,#4062,#4068,#4069));
#4052 = ORIENTED_EDGE('',*,*,#4053,.F.);
#4053 = EDGE_CURVE('',#4054,#4056,#4058,.T.);
#4054 = VERTEX_POINT('',#4055);
#4055 = CARTESIAN_POINT('',(-0.32,-14.92,-2.8));
#4056 = VERTEX_POINT('',#4057);
#4057 = CARTESIAN_POINT('',(-0.32,-15.56,-2.8));
#4058 = LINE('',#4059,#4060);
#4059 = CARTESIAN_POINT('',(-0.32,-14.92,-2.8));
#4060 = VECTOR('',#4061,1.);
#4061 = DIRECTION('',(0.,-1.,0.));
#4062 = ORIENTED_EDGE('',*,*,#4063,.T.);
#4063 = EDGE_CURVE('',#4054,#1529,#4064,.T.);
#4064 = LINE('',#4065,#4066);
#4065 = CARTESIAN_POINT('',(-0.32,-14.92,-3.));
#4066 = VECTOR('',#4067,1.);
#4067 = DIRECTION('',(0.,0.,1.));
#4068 = ORIENTED_EDGE('',*,*,#1528,.T.);
#4069 = ORIENTED_EDGE('',*,*,#4070,.F.);
#4070 = EDGE_CURVE('',#4056,#1531,#4071,.T.);
#4071 = LINE('',#4072,#4073);
#4072 = CARTESIAN_POINT('',(-0.32,-15.56,-3.));
#4073 = VECTOR('',#4074,1.);
#4074 = DIRECTION('',(0.,0.,1.));
#4075 = PLANE('',#4076);
#4076 = AXIS2_PLACEMENT_3D('',#4077,#4078,#4079);
#4077 = CARTESIAN_POINT('',(-0.32,-14.92,-3.));
#4078 = DIRECTION('',(1.,0.,0.));
#4079 = DIRECTION('',(0.,-1.,0.));
#4080 = ADVANCED_FACE('',(#4081),#4099,.F.);
#4081 = FACE_BOUND('',#4082,.F.);
#4082 = EDGE_LOOP('',(#4083,#4091,#4097,#4098));
#4083 = ORIENTED_EDGE('',*,*,#4084,.F.);
#4084 = EDGE_CURVE('',#4085,#4054,#4087,.T.);
#4085 = VERTEX_POINT('',#4086);
#4086 = CARTESIAN_POINT('',(0.32,-14.92,-2.8));
#4087 = LINE('',#4088,#4089);
#4088 = CARTESIAN_POINT('',(0.32,-14.92,-2.8));
#4089 = VECTOR('',#4090,1.);
#4090 = DIRECTION('',(-1.,0.,0.));
#4091 = ORIENTED_EDGE('',*,*,#4092,.T.);
#4092 = EDGE_CURVE('',#4085,#1547,#4093,.T.);
#4093 = LINE('',#4094,#4095);
#4094 = CARTESIAN_POINT('',(0.32,-14.92,-3.));
#4095 = VECTOR('',#4096,1.);
#4096 = DIRECTION('',(0.,0.,1.));
#4097 = ORIENTED_EDGE('',*,*,#1554,.T.);
#4098 = ORIENTED_EDGE('',*,*,#4063,.F.);
#4099 = PLANE('',#4100);
#4100 = AXIS2_PLACEMENT_3D('',#4101,#4102,#4103);
#4101 = CARTESIAN_POINT('',(0.32,-14.92,-3.));
#4102 = DIRECTION('',(0.,-1.,0.));
#4103 = DIRECTION('',(-1.,0.,0.));
#4104 = ADVANCED_FACE('',(#4105),#4123,.F.);
#4105 = FACE_BOUND('',#4106,.F.);
#4106 = EDGE_LOOP('',(#4107,#4115,#4121,#4122));
#4107 = ORIENTED_EDGE('',*,*,#4108,.F.);
#4108 = EDGE_CURVE('',#4109,#4085,#4111,.T.);
#4109 = VERTEX_POINT('',#4110);
#4110 = CARTESIAN_POINT('',(0.32,-15.56,-2.8));
#4111 = LINE('',#4112,#4113);
#4112 = CARTESIAN_POINT('',(0.32,-15.56,-2.8));
#4113 = VECTOR('',#4114,1.);
#4114 = DIRECTION('',(0.,1.,0.));
#4115 = ORIENTED_EDGE('',*,*,#4116,.T.);
#4116 = EDGE_CURVE('',#4109,#1539,#4117,.T.);
#4117 = LINE('',#4118,#4119);
#4118 = CARTESIAN_POINT('',(0.32,-15.56,-3.));
#4119 = VECTOR('',#4120,1.);
#4120 = DIRECTION('',(0.,0.,1.));
#4121 = ORIENTED_EDGE('',*,*,#1546,.T.);
#4122 = ORIENTED_EDGE('',*,*,#4092,.F.);
#4123 = PLANE('',#4124);
#4124 = AXIS2_PLACEMENT_3D('',#4125,#4126,#4127);
#4125 = CARTESIAN_POINT('',(0.32,-15.56,-3.));
#4126 = DIRECTION('',(-1.,0.,0.));
#4127 = DIRECTION('',(0.,1.,0.));
#4128 = ADVANCED_FACE('',(#4129),#4140,.F.);
#4129 = FACE_BOUND('',#4130,.F.);
#4130 = EDGE_LOOP('',(#4131,#4137,#4138,#4139));
#4131 = ORIENTED_EDGE('',*,*,#4132,.F.);
#4132 = EDGE_CURVE('',#4056,#4109,#4133,.T.);
#4133 = LINE('',#4134,#4135);
#4134 = CARTESIAN_POINT('',(-0.32,-15.56,-2.8));
#4135 = VECTOR('',#4136,1.);
#4136 = DIRECTION('',(1.,0.,0.));
#4137 = ORIENTED_EDGE('',*,*,#4070,.T.);
#4138 = ORIENTED_EDGE('',*,*,#1538,.T.);
#4139 = ORIENTED_EDGE('',*,*,#4116,.F.);
#4140 = PLANE('',#4141);
#4141 = AXIS2_PLACEMENT_3D('',#4142,#4143,#4144);
#4142 = CARTESIAN_POINT('',(-0.32,-15.56,-3.));
#4143 = DIRECTION('',(0.,1.,0.));
#4144 = DIRECTION('',(1.,0.,0.));
#4145 = ADVANCED_FACE('',(#4146),#4171,.F.);
#4146 = FACE_BOUND('',#4147,.F.);
#4147 = EDGE_LOOP('',(#4148,#4158,#4164,#4165));
#4148 = ORIENTED_EDGE('',*,*,#4149,.F.);
#4149 = EDGE_CURVE('',#4150,#4152,#4154,.T.);
#4150 = VERTEX_POINT('',#4151);
#4151 = CARTESIAN_POINT('',(2.22,-15.56,-2.8));
#4152 = VERTEX_POINT('',#4153);
#4153 = CARTESIAN_POINT('',(2.86,-15.56,-2.8));
#4154 = LINE('',#4155,#4156);
#4155 = CARTESIAN_POINT('',(2.22,-15.56,-2.8));
#4156 = VECTOR('',#4157,1.);
#4157 = DIRECTION('',(1.,0.,0.));
#4158 = ORIENTED_EDGE('',*,*,#4159,.T.);
#4159 = EDGE_CURVE('',#4150,#1563,#4160,.T.);
#4160 = LINE('',#4161,#4162);
#4161 = CARTESIAN_POINT('',(2.22,-15.56,-3.));
#4162 = VECTOR('',#4163,1.);
#4163 = DIRECTION('',(0.,0.,1.));
#4164 = ORIENTED_EDGE('',*,*,#1562,.T.);
#4165 = ORIENTED_EDGE('',*,*,#4166,.F.);
#4166 = EDGE_CURVE('',#4152,#1565,#4167,.T.);
#4167 = LINE('',#4168,#4169);
#4168 = CARTESIAN_POINT('',(2.86,-15.56,-3.));
#4169 = VECTOR('',#4170,1.);
#4170 = DIRECTION('',(0.,0.,1.));
#4171 = PLANE('',#4172);
#4172 = AXIS2_PLACEMENT_3D('',#4173,#4174,#4175);
#4173 = CARTESIAN_POINT('',(2.22,-15.56,-3.));
#4174 = DIRECTION('',(0.,1.,0.));
#4175 = DIRECTION('',(1.,0.,0.));
#4176 = ADVANCED_FACE('',(#4177),#4195,.F.);
#4177 = FACE_BOUND('',#4178,.F.);
#4178 = EDGE_LOOP('',(#4179,#4187,#4193,#4194));
#4179 = ORIENTED_EDGE('',*,*,#4180,.F.);
#4180 = EDGE_CURVE('',#4181,#4150,#4183,.T.);
#4181 = VERTEX_POINT('',#4182);
#4182 = CARTESIAN_POINT('',(2.22,-14.92,-2.8));
#4183 = LINE('',#4184,#4185);
#4184 = CARTESIAN_POINT('',(2.22,-14.92,-2.8));
#4185 = VECTOR('',#4186,1.);
#4186 = DIRECTION('',(0.,-1.,0.));
#4187 = ORIENTED_EDGE('',*,*,#4188,.T.);
#4188 = EDGE_CURVE('',#4181,#1581,#4189,.T.);
#4189 = LINE('',#4190,#4191);
#4190 = CARTESIAN_POINT('',(2.22,-14.92,-3.));
#4191 = VECTOR('',#4192,1.);
#4192 = DIRECTION('',(0.,0.,1.));
#4193 = ORIENTED_EDGE('',*,*,#1588,.T.);
#4194 = ORIENTED_EDGE('',*,*,#4159,.F.);
#4195 = PLANE('',#4196);
#4196 = AXIS2_PLACEMENT_3D('',#4197,#4198,#4199);
#4197 = CARTESIAN_POINT('',(2.22,-14.92,-3.));
#4198 = DIRECTION('',(1.,0.,0.));
#4199 = DIRECTION('',(0.,-1.,0.));
#4200 = ADVANCED_FACE('',(#4201),#4219,.F.);
#4201 = FACE_BOUND('',#4202,.F.);
#4202 = EDGE_LOOP('',(#4203,#4211,#4217,#4218));
#4203 = ORIENTED_EDGE('',*,*,#4204,.F.);
#4204 = EDGE_CURVE('',#4205,#4181,#4207,.T.);
#4205 = VERTEX_POINT('',#4206);
#4206 = CARTESIAN_POINT('',(2.86,-14.92,-2.8));
#4207 = LINE('',#4208,#4209);
#4208 = CARTESIAN_POINT('',(2.86,-14.92,-2.8));
#4209 = VECTOR('',#4210,1.);
#4210 = DIRECTION('',(-1.,0.,0.));
#4211 = ORIENTED_EDGE('',*,*,#4212,.T.);
#4212 = EDGE_CURVE('',#4205,#1573,#4213,.T.);
#4213 = LINE('',#4214,#4215);
#4214 = CARTESIAN_POINT('',(2.86,-14.92,-3.));
#4215 = VECTOR('',#4216,1.);
#4216 = DIRECTION('',(0.,0.,1.));
#4217 = ORIENTED_EDGE('',*,*,#1580,.T.);
#4218 = ORIENTED_EDGE('',*,*,#4188,.F.);
#4219 = PLANE('',#4220);
#4220 = AXIS2_PLACEMENT_3D('',#4221,#4222,#4223);
#4221 = CARTESIAN_POINT('',(2.86,-14.92,-3.));
#4222 = DIRECTION('',(0.,-1.,0.));
#4223 = DIRECTION('',(-1.,0.,0.));
#4224 = ADVANCED_FACE('',(#4225),#4236,.F.);
#4225 = FACE_BOUND('',#4226,.F.);
#4226 = EDGE_LOOP('',(#4227,#4233,#4234,#4235));
#4227 = ORIENTED_EDGE('',*,*,#4228,.F.);
#4228 = EDGE_CURVE('',#4152,#4205,#4229,.T.);
#4229 = LINE('',#4230,#4231);
#4230 = CARTESIAN_POINT('',(2.86,-15.56,-2.8));
#4231 = VECTOR('',#4232,1.);
#4232 = DIRECTION('',(0.,1.,0.));
#4233 = ORIENTED_EDGE('',*,*,#4166,.T.);
#4234 = ORIENTED_EDGE('',*,*,#1572,.T.);
#4235 = ORIENTED_EDGE('',*,*,#4212,.F.);
#4236 = PLANE('',#4237);
#4237 = AXIS2_PLACEMENT_3D('',#4238,#4239,#4240);
#4238 = CARTESIAN_POINT('',(2.86,-15.56,-3.));
#4239 = DIRECTION('',(-1.,0.,0.));
#4240 = DIRECTION('',(0.,1.,0.));
#4241 = ADVANCED_FACE('',(#4242),#4267,.F.);
#4242 = FACE_BOUND('',#4243,.F.);
#4243 = EDGE_LOOP('',(#4244,#4254,#4260,#4261));
#4244 = ORIENTED_EDGE('',*,*,#4245,.F.);
#4245 = EDGE_CURVE('',#4246,#4248,#4250,.T.);
#4246 = VERTEX_POINT('',#4247);
#4247 = CARTESIAN_POINT('',(2.86,-12.38,-2.8));
#4248 = VERTEX_POINT('',#4249);
#4249 = CARTESIAN_POINT('',(2.22,-12.38,-2.8));
#4250 = LINE('',#4251,#4252);
#4251 = CARTESIAN_POINT('',(2.86,-12.38,-2.8));
#4252 = VECTOR('',#4253,1.);
#4253 = DIRECTION('',(-1.,0.,0.));
#4254 = ORIENTED_EDGE('',*,*,#4255,.T.);
#4255 = EDGE_CURVE('',#4246,#1597,#4256,.T.);
#4256 = LINE('',#4257,#4258);
#4257 = CARTESIAN_POINT('',(2.86,-12.38,-3.));
#4258 = VECTOR('',#4259,1.);
#4259 = DIRECTION('',(0.,0.,1.));
#4260 = ORIENTED_EDGE('',*,*,#1596,.T.);
#4261 = ORIENTED_EDGE('',*,*,#4262,.F.);
#4262 = EDGE_CURVE('',#4248,#1599,#4263,.T.);
#4263 = LINE('',#4264,#4265);
#4264 = CARTESIAN_POINT('',(2.22,-12.38,-3.));
#4265 = VECTOR('',#4266,1.);
#4266 = DIRECTION('',(0.,0.,1.));
#4267 = PLANE('',#4268);
#4268 = AXIS2_PLACEMENT_3D('',#4269,#4270,#4271);
#4269 = CARTESIAN_POINT('',(2.86,-12.38,-3.));
#4270 = DIRECTION('',(0.,-1.,0.));
#4271 = DIRECTION('',(-1.,0.,0.));
#4272 = ADVANCED_FACE('',(#4273),#4291,.F.);
#4273 = FACE_BOUND('',#4274,.F.);
#4274 = EDGE_LOOP('',(#4275,#4283,#4289,#4290));
#4275 = ORIENTED_EDGE('',*,*,#4276,.F.);
#4276 = EDGE_CURVE('',#4277,#4246,#4279,.T.);
#4277 = VERTEX_POINT('',#4278);
#4278 = CARTESIAN_POINT('',(2.86,-13.02,-2.8));
#4279 = LINE('',#4280,#4281);
#4280 = CARTESIAN_POINT('',(2.86,-13.02,-2.8));
#4281 = VECTOR('',#4282,1.);
#4282 = DIRECTION('',(0.,1.,0.));
#4283 = ORIENTED_EDGE('',*,*,#4284,.T.);
#4284 = EDGE_CURVE('',#4277,#1615,#4285,.T.);
#4285 = LINE('',#4286,#4287);
#4286 = CARTESIAN_POINT('',(2.86,-13.02,-3.));
#4287 = VECTOR('',#4288,1.);
#4288 = DIRECTION('',(0.,0.,1.));
#4289 = ORIENTED_EDGE('',*,*,#1622,.T.);
#4290 = ORIENTED_EDGE('',*,*,#4255,.F.);
#4291 = PLANE('',#4292);
#4292 = AXIS2_PLACEMENT_3D('',#4293,#4294,#4295);
#4293 = CARTESIAN_POINT('',(2.86,-13.02,-3.));
#4294 = DIRECTION('',(-1.,0.,0.));
#4295 = DIRECTION('',(0.,1.,0.));
#4296 = ADVANCED_FACE('',(#4297),#4315,.F.);
#4297 = FACE_BOUND('',#4298,.F.);
#4298 = EDGE_LOOP('',(#4299,#4307,#4313,#4314));
#4299 = ORIENTED_EDGE('',*,*,#4300,.F.);
#4300 = EDGE_CURVE('',#4301,#4277,#4303,.T.);
#4301 = VERTEX_POINT('',#4302);
#4302 = CARTESIAN_POINT('',(2.22,-13.02,-2.8));
#4303 = LINE('',#4304,#4305);
#4304 = CARTESIAN_POINT('',(2.22,-13.02,-2.8));
#4305 = VECTOR('',#4306,1.);
#4306 = DIRECTION('',(1.,0.,0.));
#4307 = ORIENTED_EDGE('',*,*,#4308,.T.);
#4308 = EDGE_CURVE('',#4301,#1607,#4309,.T.);
#4309 = LINE('',#4310,#4311);
#4310 = CARTESIAN_POINT('',(2.22,-13.02,-3.));
#4311 = VECTOR('',#4312,1.);
#4312 = DIRECTION('',(0.,0.,1.));
#4313 = ORIENTED_EDGE('',*,*,#1614,.T.);
#4314 = ORIENTED_EDGE('',*,*,#4284,.F.);
#4315 = PLANE('',#4316);
#4316 = AXIS2_PLACEMENT_3D('',#4317,#4318,#4319);
#4317 = CARTESIAN_POINT('',(2.22,-13.02,-3.));
#4318 = DIRECTION('',(0.,1.,0.));
#4319 = DIRECTION('',(1.,0.,0.));
#4320 = ADVANCED_FACE('',(#4321),#4332,.F.);
#4321 = FACE_BOUND('',#4322,.F.);
#4322 = EDGE_LOOP('',(#4323,#4329,#4330,#4331));
#4323 = ORIENTED_EDGE('',*,*,#4324,.F.);
#4324 = EDGE_CURVE('',#4248,#4301,#4325,.T.);
#4325 = LINE('',#4326,#4327);
#4326 = CARTESIAN_POINT('',(2.22,-12.38,-2.8));
#4327 = VECTOR('',#4328,1.);
#4328 = DIRECTION('',(0.,-1.,0.));
#4329 = ORIENTED_EDGE('',*,*,#4262,.T.);
#4330 = ORIENTED_EDGE('',*,*,#1606,.T.);
#4331 = ORIENTED_EDGE('',*,*,#4308,.F.);
#4332 = PLANE('',#4333);
#4333 = AXIS2_PLACEMENT_3D('',#4334,#4335,#4336);
#4334 = CARTESIAN_POINT('',(2.22,-12.38,-3.));
#4335 = DIRECTION('',(1.,0.,0.));
#4336 = DIRECTION('',(0.,-1.,0.));
#4337 = ADVANCED_FACE('',(#4338),#4363,.F.);
#4338 = FACE_BOUND('',#4339,.F.);
#4339 = EDGE_LOOP('',(#4340,#4350,#4356,#4357));
#4340 = ORIENTED_EDGE('',*,*,#4341,.F.);
#4341 = EDGE_CURVE('',#4342,#4344,#4346,.T.);
#4342 = VERTEX_POINT('',#4343);
#4343 = CARTESIAN_POINT('',(-0.32,-13.02,-2.8));
#4344 = VERTEX_POINT('',#4345);
#4345 = CARTESIAN_POINT('',(0.32,-13.02,-2.8));
#4346 = LINE('',#4347,#4348);
#4347 = CARTESIAN_POINT('',(-0.32,-13.02,-2.8));
#4348 = VECTOR('',#4349,1.);
#4349 = DIRECTION('',(1.,0.,0.));
#4350 = ORIENTED_EDGE('',*,*,#4351,.T.);
#4351 = EDGE_CURVE('',#4342,#1631,#4352,.T.);
#4352 = LINE('',#4353,#4354);
#4353 = CARTESIAN_POINT('',(-0.32,-13.02,-3.));
#4354 = VECTOR('',#4355,1.);
#4355 = DIRECTION('',(0.,0.,1.));
#4356 = ORIENTED_EDGE('',*,*,#1630,.T.);
#4357 = ORIENTED_EDGE('',*,*,#4358,.F.);
#4358 = EDGE_CURVE('',#4344,#1633,#4359,.T.);
#4359 = LINE('',#4360,#4361);
#4360 = CARTESIAN_POINT('',(0.32,-13.02,-3.));
#4361 = VECTOR('',#4362,1.);
#4362 = DIRECTION('',(0.,0.,1.));
#4363 = PLANE('',#4364);
#4364 = AXIS2_PLACEMENT_3D('',#4365,#4366,#4367);
#4365 = CARTESIAN_POINT('',(-0.32,-13.02,-3.));
#4366 = DIRECTION('',(0.,1.,0.));
#4367 = DIRECTION('',(1.,0.,0.));
#4368 = ADVANCED_FACE('',(#4369),#4387,.F.);
#4369 = FACE_BOUND('',#4370,.F.);
#4370 = EDGE_LOOP('',(#4371,#4379,#4385,#4386));
#4371 = ORIENTED_EDGE('',*,*,#4372,.F.);
#4372 = EDGE_CURVE('',#4373,#4342,#4375,.T.);
#4373 = VERTEX_POINT('',#4374);
#4374 = CARTESIAN_POINT('',(-0.32,-12.38,-2.8));
#4375 = LINE('',#4376,#4377);
#4376 = CARTESIAN_POINT('',(-0.32,-12.38,-2.8));
#4377 = VECTOR('',#4378,1.);
#4378 = DIRECTION('',(0.,-1.,0.));
#4379 = ORIENTED_EDGE('',*,*,#4380,.T.);
#4380 = EDGE_CURVE('',#4373,#1649,#4381,.T.);
#4381 = LINE('',#4382,#4383);
#4382 = CARTESIAN_POINT('',(-0.32,-12.38,-3.));
#4383 = VECTOR('',#4384,1.);
#4384 = DIRECTION('',(0.,0.,1.));
#4385 = ORIENTED_EDGE('',*,*,#1656,.T.);
#4386 = ORIENTED_EDGE('',*,*,#4351,.F.);
#4387 = PLANE('',#4388);
#4388 = AXIS2_PLACEMENT_3D('',#4389,#4390,#4391);
#4389 = CARTESIAN_POINT('',(-0.32,-12.38,-3.));
#4390 = DIRECTION('',(1.,0.,0.));
#4391 = DIRECTION('',(0.,-1.,0.));
#4392 = ADVANCED_FACE('',(#4393),#4411,.F.);
#4393 = FACE_BOUND('',#4394,.F.);
#4394 = EDGE_LOOP('',(#4395,#4403,#4409,#4410));
#4395 = ORIENTED_EDGE('',*,*,#4396,.F.);
#4396 = EDGE_CURVE('',#4397,#4373,#4399,.T.);
#4397 = VERTEX_POINT('',#4398);
#4398 = CARTESIAN_POINT('',(0.32,-12.38,-2.8));
#4399 = LINE('',#4400,#4401);
#4400 = CARTESIAN_POINT('',(0.32,-12.38,-2.8));
#4401 = VECTOR('',#4402,1.);
#4402 = DIRECTION('',(-1.,0.,0.));
#4403 = ORIENTED_EDGE('',*,*,#4404,.T.);
#4404 = EDGE_CURVE('',#4397,#1641,#4405,.T.);
#4405 = LINE('',#4406,#4407);
#4406 = CARTESIAN_POINT('',(0.32,-12.38,-3.));
#4407 = VECTOR('',#4408,1.);
#4408 = DIRECTION('',(0.,0.,1.));
#4409 = ORIENTED_EDGE('',*,*,#1648,.T.);
#4410 = ORIENTED_EDGE('',*,*,#4380,.F.);
#4411 = PLANE('',#4412);
#4412 = AXIS2_PLACEMENT_3D('',#4413,#4414,#4415);
#4413 = CARTESIAN_POINT('',(0.32,-12.38,-3.));
#4414 = DIRECTION('',(0.,-1.,0.));
#4415 = DIRECTION('',(-1.,0.,0.));
#4416 = ADVANCED_FACE('',(#4417),#4428,.F.);
#4417 = FACE_BOUND('',#4418,.F.);
#4418 = EDGE_LOOP('',(#4419,#4425,#4426,#4427));
#4419 = ORIENTED_EDGE('',*,*,#4420,.F.);
#4420 = EDGE_CURVE('',#4344,#4397,#4421,.T.);
#4421 = LINE('',#4422,#4423);
#4422 = CARTESIAN_POINT('',(0.32,-13.02,-2.8));
#4423 = VECTOR('',#4424,1.);
#4424 = DIRECTION('',(0.,1.,0.));
#4425 = ORIENTED_EDGE('',*,*,#4358,.T.);
#4426 = ORIENTED_EDGE('',*,*,#1640,.T.);
#4427 = ORIENTED_EDGE('',*,*,#4404,.F.);
#4428 = PLANE('',#4429);
#4429 = AXIS2_PLACEMENT_3D('',#4430,#4431,#4432);
#4430 = CARTESIAN_POINT('',(0.32,-13.02,-3.));
#4431 = DIRECTION('',(-1.,0.,0.));
#4432 = DIRECTION('',(0.,1.,0.));
#4433 = ADVANCED_FACE('',(#4434),#4453,.T.);
#4434 = FACE_BOUND('',#4435,.T.);
#4435 = EDGE_LOOP('',(#4436,#4437,#4445,#4452));
#4436 = ORIENTED_EDGE('',*,*,#1664,.F.);
#4437 = ORIENTED_EDGE('',*,*,#4438,.T.);
#4438 = EDGE_CURVE('',#1665,#4439,#4441,.T.);
#4439 = VERTEX_POINT('',#4440);
#4440 = CARTESIAN_POINT('',(-1.08,-20.38,0.));
#4441 = LINE('',#4442,#4443);
#4442 = CARTESIAN_POINT('',(-1.08,-20.38,0.25));
#4443 = VECTOR('',#4444,1.);
#4444 = DIRECTION('',(-0.,-0.,-1.));
#4445 = ORIENTED_EDGE('',*,*,#4446,.T.);
#4446 = EDGE_CURVE('',#4439,#4439,#4447,.T.);
#4447 = CIRCLE('',#4448,0.5);
#4448 = AXIS2_PLACEMENT_3D('',#4449,#4450,#4451);
#4449 = CARTESIAN_POINT('',(-1.58,-20.38,0.));
#4450 = DIRECTION('',(0.,0.,1.));
#4451 = DIRECTION('',(1.,0.,-0.));
#4452 = ORIENTED_EDGE('',*,*,#4438,.F.);
#4453 = CYLINDRICAL_SURFACE('',#4454,0.5);
#4454 = AXIS2_PLACEMENT_3D('',#4455,#4456,#4457);
#4455 = CARTESIAN_POINT('',(-1.58,-20.38,0.25));
#4456 = DIRECTION('',(0.,0.,1.));
#4457 = DIRECTION('',(1.,0.,-0.));
#4458 = ADVANCED_FACE('',(#4459),#4478,.T.);
#4459 = FACE_BOUND('',#4460,.T.);
#4460 = EDGE_LOOP('',(#4461,#4462,#4470,#4477));
#4461 = ORIENTED_EDGE('',*,*,#1675,.F.);
#4462 = ORIENTED_EDGE('',*,*,#4463,.T.);
#4463 = EDGE_CURVE('',#1676,#4464,#4466,.T.);
#4464 = VERTEX_POINT('',#4465);
#4465 = CARTESIAN_POINT('',(4.62,-20.38,0.));
#4466 = LINE('',#4467,#4468);
#4467 = CARTESIAN_POINT('',(4.62,-20.38,0.25));
#4468 = VECTOR('',#4469,1.);
#4469 = DIRECTION('',(-0.,-0.,-1.));
#4470 = ORIENTED_EDGE('',*,*,#4471,.T.);
#4471 = EDGE_CURVE('',#4464,#4464,#4472,.T.);
#4472 = CIRCLE('',#4473,0.5);
#4473 = AXIS2_PLACEMENT_3D('',#4474,#4475,#4476);
#4474 = CARTESIAN_POINT('',(4.12,-20.38,0.));
#4475 = DIRECTION('',(0.,0.,1.));
#4476 = DIRECTION('',(1.,0.,-0.));
#4477 = ORIENTED_EDGE('',*,*,#4463,.F.);
#4478 = CYLINDRICAL_SURFACE('',#4479,0.5);
#4479 = AXIS2_PLACEMENT_3D('',#4480,#4481,#4482);
#4480 = CARTESIAN_POINT('',(4.12,-20.38,0.25));
#4481 = DIRECTION('',(0.,0.,1.));
#4482 = DIRECTION('',(1.,0.,-0.));
#4483 = ADVANCED_FACE('',(#4484),#4489,.T.);
#4484 = FACE_BOUND('',#4485,.T.);
#4485 = EDGE_LOOP('',(#4486,#4487,#4488));
#4486 = ORIENTED_EDGE('',*,*,#2729,.T.);
#4487 = ORIENTED_EDGE('',*,*,#2720,.T.);
#4488 = ORIENTED_EDGE('',*,*,#1748,.T.);
#4489 = PLANE('',#4490);
#4490 = AXIS2_PLACEMENT_3D('',#4491,#4492,#4493);
#4491 = CARTESIAN_POINT('',(5.445,2.6,8.75));
#4492 = DIRECTION('',(0.,0.,1.));
#4493 = DIRECTION('',(1.,0.,-0.));
#4494 = ADVANCED_FACE('',(#4495),#4500,.T.);
#4495 = FACE_BOUND('',#4496,.T.);
#4496 = EDGE_LOOP('',(#4497,#4498,#4499));
#4497 = ORIENTED_EDGE('',*,*,#2785,.T.);
#4498 = ORIENTED_EDGE('',*,*,#2776,.T.);
#4499 = ORIENTED_EDGE('',*,*,#1725,.T.);
#4500 = PLANE('',#4501);
#4501 = AXIS2_PLACEMENT_3D('',#4502,#4503,#4504);
#4502 = CARTESIAN_POINT('',(5.445,-8.89,8.75));
#4503 = DIRECTION('',(0.,0.,1.));
#4504 = DIRECTION('',(1.,0.,-0.));
#4505 = ADVANCED_FACE('',(#4506),#4511,.T.);
#4506 = FACE_BOUND('',#4507,.T.);
#4507 = EDGE_LOOP('',(#4508,#4509,#4510));
#4508 = ORIENTED_EDGE('',*,*,#2757,.T.);
#4509 = ORIENTED_EDGE('',*,*,#2748,.T.);
#4510 = ORIENTED_EDGE('',*,*,#1702,.T.);
#4511 = PLANE('',#4512);
#4512 = AXIS2_PLACEMENT_3D('',#4513,#4514,#4515);
#4513 = CARTESIAN_POINT('',(5.445,-20.38,8.75));
#4514 = DIRECTION('',(0.,0.,1.));
#4515 = DIRECTION('',(1.,0.,-0.));
#4516 = ADVANCED_FACE('',(#4517),#4542,.F.);
#4517 = FACE_BOUND('',#4518,.F.);
#4518 = EDGE_LOOP('',(#4519,#4520,#4528,#4536));
#4519 = ORIENTED_EDGE('',*,*,#2071,.T.);
#4520 = ORIENTED_EDGE('',*,*,#4521,.T.);
#4521 = EDGE_CURVE('',#2074,#4522,#4524,.T.);
#4522 = VERTEX_POINT('',#4523);
#4523 = CARTESIAN_POINT('',(0.32,-2.22,7.8));
#4524 = LINE('',#4525,#4526);
#4525 = CARTESIAN_POINT('',(0.32,-2.22,-3.));
#4526 = VECTOR('',#4527,1.);
#4527 = DIRECTION('',(0.,0.,1.));
#4528 = ORIENTED_EDGE('',*,*,#4529,.T.);
#4529 = EDGE_CURVE('',#4522,#4530,#4532,.T.);
#4530 = VERTEX_POINT('',#4531);
#4531 = CARTESIAN_POINT('',(-0.32,-2.22,7.8));
#4532 = LINE('',#4533,#4534);
#4533 = CARTESIAN_POINT('',(0.32,-2.22,7.8));
#4534 = VECTOR('',#4535,1.);
#4535 = DIRECTION('',(-1.,0.,0.));
#4536 = ORIENTED_EDGE('',*,*,#4537,.F.);
#4537 = EDGE_CURVE('',#2072,#4530,#4538,.T.);
#4538 = LINE('',#4539,#4540);
#4539 = CARTESIAN_POINT('',(-0.32,-2.22,-3.));
#4540 = VECTOR('',#4541,1.);
#4541 = DIRECTION('',(0.,0.,1.));
#4542 = PLANE('',#4543);
#4543 = AXIS2_PLACEMENT_3D('',#4544,#4545,#4546);
#4544 = CARTESIAN_POINT('',(0.32,-2.22,-3.));
#4545 = DIRECTION('',(0.,-1.,0.));
#4546 = DIRECTION('',(-1.,0.,0.));
#4547 = ADVANCED_FACE('',(#4548),#4566,.F.);
#4548 = FACE_BOUND('',#4549,.F.);
#4549 = EDGE_LOOP('',(#4550,#4551,#4552,#4560));
#4550 = ORIENTED_EDGE('',*,*,#2097,.T.);
#4551 = ORIENTED_EDGE('',*,*,#4537,.T.);
#4552 = ORIENTED_EDGE('',*,*,#4553,.T.);
#4553 = EDGE_CURVE('',#4530,#4554,#4556,.T.);
#4554 = VERTEX_POINT('',#4555);
#4555 = CARTESIAN_POINT('',(-0.32,-2.86,7.8));
#4556 = LINE('',#4557,#4558);
#4557 = CARTESIAN_POINT('',(-0.32,-2.22,7.8));
#4558 = VECTOR('',#4559,1.);
#4559 = DIRECTION('',(0.,-1.,0.));
#4560 = ORIENTED_EDGE('',*,*,#4561,.F.);
#4561 = EDGE_CURVE('',#2090,#4554,#4562,.T.);
#4562 = LINE('',#4563,#4564);
#4563 = CARTESIAN_POINT('',(-0.32,-2.86,-3.));
#4564 = VECTOR('',#4565,1.);
#4565 = DIRECTION('',(0.,0.,1.));
#4566 = PLANE('',#4567);
#4567 = AXIS2_PLACEMENT_3D('',#4568,#4569,#4570);
#4568 = CARTESIAN_POINT('',(-0.32,-2.22,-3.));
#4569 = DIRECTION('',(1.,0.,0.));
#4570 = DIRECTION('',(0.,-1.,0.));
#4571 = ADVANCED_FACE('',(#4572),#4590,.F.);
#4572 = FACE_BOUND('',#4573,.F.);
#4573 = EDGE_LOOP('',(#4574,#4575,#4576,#4584));
#4574 = ORIENTED_EDGE('',*,*,#2089,.T.);
#4575 = ORIENTED_EDGE('',*,*,#4561,.T.);
#4576 = ORIENTED_EDGE('',*,*,#4577,.T.);
#4577 = EDGE_CURVE('',#4554,#4578,#4580,.T.);
#4578 = VERTEX_POINT('',#4579);
#4579 = CARTESIAN_POINT('',(0.32,-2.86,7.8));
#4580 = LINE('',#4581,#4582);
#4581 = CARTESIAN_POINT('',(-0.32,-2.86,7.8));
#4582 = VECTOR('',#4583,1.);
#4583 = DIRECTION('',(1.,0.,0.));
#4584 = ORIENTED_EDGE('',*,*,#4585,.F.);
#4585 = EDGE_CURVE('',#2082,#4578,#4586,.T.);
#4586 = LINE('',#4587,#4588);
#4587 = CARTESIAN_POINT('',(0.32,-2.86,-3.));
#4588 = VECTOR('',#4589,1.);
#4589 = DIRECTION('',(0.,0.,1.));
#4590 = PLANE('',#4591);
#4591 = AXIS2_PLACEMENT_3D('',#4592,#4593,#4594);
#4592 = CARTESIAN_POINT('',(-0.32,-2.86,-3.));
#4593 = DIRECTION('',(0.,1.,0.));
#4594 = DIRECTION('',(1.,0.,0.));
#4595 = ADVANCED_FACE('',(#4596),#4607,.F.);
#4596 = FACE_BOUND('',#4597,.F.);
#4597 = EDGE_LOOP('',(#4598,#4599,#4600,#4606));
#4598 = ORIENTED_EDGE('',*,*,#2081,.T.);
#4599 = ORIENTED_EDGE('',*,*,#4585,.T.);
#4600 = ORIENTED_EDGE('',*,*,#4601,.T.);
#4601 = EDGE_CURVE('',#4578,#4522,#4602,.T.);
#4602 = LINE('',#4603,#4604);
#4603 = CARTESIAN_POINT('',(0.32,-2.86,7.8));
#4604 = VECTOR('',#4605,1.);
#4605 = DIRECTION('',(0.,1.,0.));
#4606 = ORIENTED_EDGE('',*,*,#4521,.F.);
#4607 = PLANE('',#4608);
#4608 = AXIS2_PLACEMENT_3D('',#4609,#4610,#4611);
#4609 = CARTESIAN_POINT('',(0.32,-2.86,-3.));
#4610 = DIRECTION('',(-1.,0.,0.));
#4611 = DIRECTION('',(0.,1.,0.));
#4612 = ADVANCED_FACE('',(#4613),#4638,.F.);
#4613 = FACE_BOUND('',#4614,.F.);
#4614 = EDGE_LOOP('',(#4615,#4616,#4624,#4632));
#4615 = ORIENTED_EDGE('',*,*,#2105,.T.);
#4616 = ORIENTED_EDGE('',*,*,#4617,.T.);
#4617 = EDGE_CURVE('',#2108,#4618,#4620,.T.);
#4618 = VERTEX_POINT('',#4619);
#4619 = CARTESIAN_POINT('',(-0.32,-4.76,7.8));
#4620 = LINE('',#4621,#4622);
#4621 = CARTESIAN_POINT('',(-0.32,-4.76,-3.));
#4622 = VECTOR('',#4623,1.);
#4623 = DIRECTION('',(0.,0.,1.));
#4624 = ORIENTED_EDGE('',*,*,#4625,.T.);
#4625 = EDGE_CURVE('',#4618,#4626,#4628,.T.);
#4626 = VERTEX_POINT('',#4627);
#4627 = CARTESIAN_POINT('',(-0.32,-5.4,7.8));
#4628 = LINE('',#4629,#4630);
#4629 = CARTESIAN_POINT('',(-0.32,-4.76,7.8));
#4630 = VECTOR('',#4631,1.);
#4631 = DIRECTION('',(0.,-1.,0.));
#4632 = ORIENTED_EDGE('',*,*,#4633,.F.);
#4633 = EDGE_CURVE('',#2106,#4626,#4634,.T.);
#4634 = LINE('',#4635,#4636);
#4635 = CARTESIAN_POINT('',(-0.32,-5.4,-3.));
#4636 = VECTOR('',#4637,1.);
#4637 = DIRECTION('',(0.,0.,1.));
#4638 = PLANE('',#4639);
#4639 = AXIS2_PLACEMENT_3D('',#4640,#4641,#4642);
#4640 = CARTESIAN_POINT('',(-0.32,-4.76,-3.));
#4641 = DIRECTION('',(1.,0.,0.));
#4642 = DIRECTION('',(0.,-1.,0.));
#4643 = ADVANCED_FACE('',(#4644),#4662,.F.);
#4644 = FACE_BOUND('',#4645,.F.);
#4645 = EDGE_LOOP('',(#4646,#4647,#4648,#4656));
#4646 = ORIENTED_EDGE('',*,*,#2131,.T.);
#4647 = ORIENTED_EDGE('',*,*,#4633,.T.);
#4648 = ORIENTED_EDGE('',*,*,#4649,.T.);
#4649 = EDGE_CURVE('',#4626,#4650,#4652,.T.);
#4650 = VERTEX_POINT('',#4651);
#4651 = CARTESIAN_POINT('',(0.32,-5.4,7.8));
#4652 = LINE('',#4653,#4654);
#4653 = CARTESIAN_POINT('',(-0.32,-5.4,7.8));
#4654 = VECTOR('',#4655,1.);
#4655 = DIRECTION('',(1.,0.,0.));
#4656 = ORIENTED_EDGE('',*,*,#4657,.F.);
#4657 = EDGE_CURVE('',#2124,#4650,#4658,.T.);
#4658 = LINE('',#4659,#4660);
#4659 = CARTESIAN_POINT('',(0.32,-5.4,-3.));
#4660 = VECTOR('',#4661,1.);
#4661 = DIRECTION('',(0.,0.,1.));
#4662 = PLANE('',#4663);
#4663 = AXIS2_PLACEMENT_3D('',#4664,#4665,#4666);
#4664 = CARTESIAN_POINT('',(-0.32,-5.4,-3.));
#4665 = DIRECTION('',(0.,1.,0.));
#4666 = DIRECTION('',(1.,0.,0.));
#4667 = ADVANCED_FACE('',(#4668),#4686,.F.);
#4668 = FACE_BOUND('',#4669,.F.);
#4669 = EDGE_LOOP('',(#4670,#4671,#4672,#4680));
#4670 = ORIENTED_EDGE('',*,*,#2123,.T.);
#4671 = ORIENTED_EDGE('',*,*,#4657,.T.);
#4672 = ORIENTED_EDGE('',*,*,#4673,.T.);
#4673 = EDGE_CURVE('',#4650,#4674,#4676,.T.);
#4674 = VERTEX_POINT('',#4675);
#4675 = CARTESIAN_POINT('',(0.32,-4.76,7.8));
#4676 = LINE('',#4677,#4678);
#4677 = CARTESIAN_POINT('',(0.32,-5.4,7.8));
#4678 = VECTOR('',#4679,1.);
#4679 = DIRECTION('',(0.,1.,0.));
#4680 = ORIENTED_EDGE('',*,*,#4681,.F.);
#4681 = EDGE_CURVE('',#2116,#4674,#4682,.T.);
#4682 = LINE('',#4683,#4684);
#4683 = CARTESIAN_POINT('',(0.32,-4.76,-3.));
#4684 = VECTOR('',#4685,1.);
#4685 = DIRECTION('',(0.,0.,1.));
#4686 = PLANE('',#4687);
#4687 = AXIS2_PLACEMENT_3D('',#4688,#4689,#4690);
#4688 = CARTESIAN_POINT('',(0.32,-5.4,-3.));
#4689 = DIRECTION('',(-1.,0.,0.));
#4690 = DIRECTION('',(0.,1.,0.));
#4691 = ADVANCED_FACE('',(#4692),#4703,.F.);
#4692 = FACE_BOUND('',#4693,.F.);
#4693 = EDGE_LOOP('',(#4694,#4695,#4696,#4702));
#4694 = ORIENTED_EDGE('',*,*,#2115,.T.);
#4695 = ORIENTED_EDGE('',*,*,#4681,.T.);
#4696 = ORIENTED_EDGE('',*,*,#4697,.T.);
#4697 = EDGE_CURVE('',#4674,#4618,#4698,.T.);
#4698 = LINE('',#4699,#4700);
#4699 = CARTESIAN_POINT('',(0.32,-4.76,7.8));
#4700 = VECTOR('',#4701,1.);
#4701 = DIRECTION('',(-1.,0.,0.));
#4702 = ORIENTED_EDGE('',*,*,#4617,.F.);
#4703 = PLANE('',#4704);
#4704 = AXIS2_PLACEMENT_3D('',#4705,#4706,#4707);
#4705 = CARTESIAN_POINT('',(0.32,-4.76,-3.));
#4706 = DIRECTION('',(0.,-1.,0.));
#4707 = DIRECTION('',(-1.,0.,0.));
#4708 = ADVANCED_FACE('',(#4709),#4734,.F.);
#4709 = FACE_BOUND('',#4710,.F.);
#4710 = EDGE_LOOP('',(#4711,#4712,#4720,#4728));
#4711 = ORIENTED_EDGE('',*,*,#2139,.T.);
#4712 = ORIENTED_EDGE('',*,*,#4713,.T.);
#4713 = EDGE_CURVE('',#2142,#4714,#4716,.T.);
#4714 = VERTEX_POINT('',#4715);
#4715 = CARTESIAN_POINT('',(0.32,-9.84,7.8));
#4716 = LINE('',#4717,#4718);
#4717 = CARTESIAN_POINT('',(0.32,-9.84,-3.));
#4718 = VECTOR('',#4719,1.);
#4719 = DIRECTION('',(0.,0.,1.));
#4720 = ORIENTED_EDGE('',*,*,#4721,.T.);
#4721 = EDGE_CURVE('',#4714,#4722,#4724,.T.);
#4722 = VERTEX_POINT('',#4723);
#4723 = CARTESIAN_POINT('',(-0.32,-9.84,7.8));
#4724 = LINE('',#4725,#4726);
#4725 = CARTESIAN_POINT('',(0.32,-9.84,7.8));
#4726 = VECTOR('',#4727,1.);
#4727 = DIRECTION('',(-1.,0.,0.));
#4728 = ORIENTED_EDGE('',*,*,#4729,.F.);
#4729 = EDGE_CURVE('',#2140,#4722,#4730,.T.);
#4730 = LINE('',#4731,#4732);
#4731 = CARTESIAN_POINT('',(-0.32,-9.84,-3.));
#4732 = VECTOR('',#4733,1.);
#4733 = DIRECTION('',(0.,0.,1.));
#4734 = PLANE('',#4735);
#4735 = AXIS2_PLACEMENT_3D('',#4736,#4737,#4738);
#4736 = CARTESIAN_POINT('',(0.32,-9.84,-3.));
#4737 = DIRECTION('',(0.,-1.,0.));
#4738 = DIRECTION('',(-1.,0.,0.));
#4739 = ADVANCED_FACE('',(#4740),#4758,.F.);
#4740 = FACE_BOUND('',#4741,.F.);
#4741 = EDGE_LOOP('',(#4742,#4743,#4744,#4752));
#4742 = ORIENTED_EDGE('',*,*,#2165,.T.);
#4743 = ORIENTED_EDGE('',*,*,#4729,.T.);
#4744 = ORIENTED_EDGE('',*,*,#4745,.T.);
#4745 = EDGE_CURVE('',#4722,#4746,#4748,.T.);
#4746 = VERTEX_POINT('',#4747);
#4747 = CARTESIAN_POINT('',(-0.32,-10.48,7.8));
#4748 = LINE('',#4749,#4750);
#4749 = CARTESIAN_POINT('',(-0.32,-9.84,7.8));
#4750 = VECTOR('',#4751,1.);
#4751 = DIRECTION('',(0.,-1.,0.));
#4752 = ORIENTED_EDGE('',*,*,#4753,.F.);
#4753 = EDGE_CURVE('',#2158,#4746,#4754,.T.);
#4754 = LINE('',#4755,#4756);
#4755 = CARTESIAN_POINT('',(-0.32,-10.48,-3.));
#4756 = VECTOR('',#4757,1.);
#4757 = DIRECTION('',(0.,0.,1.));
#4758 = PLANE('',#4759);
#4759 = AXIS2_PLACEMENT_3D('',#4760,#4761,#4762);
#4760 = CARTESIAN_POINT('',(-0.32,-9.84,-3.));
#4761 = DIRECTION('',(1.,0.,0.));
#4762 = DIRECTION('',(0.,-1.,0.));
#4763 = ADVANCED_FACE('',(#4764),#4782,.F.);
#4764 = FACE_BOUND('',#4765,.F.);
#4765 = EDGE_LOOP('',(#4766,#4767,#4768,#4776));
#4766 = ORIENTED_EDGE('',*,*,#2157,.T.);
#4767 = ORIENTED_EDGE('',*,*,#4753,.T.);
#4768 = ORIENTED_EDGE('',*,*,#4769,.T.);
#4769 = EDGE_CURVE('',#4746,#4770,#4772,.T.);
#4770 = VERTEX_POINT('',#4771);
#4771 = CARTESIAN_POINT('',(0.32,-10.48,7.8));
#4772 = LINE('',#4773,#4774);
#4773 = CARTESIAN_POINT('',(-0.32,-10.48,7.8));
#4774 = VECTOR('',#4775,1.);
#4775 = DIRECTION('',(1.,0.,0.));
#4776 = ORIENTED_EDGE('',*,*,#4777,.F.);
#4777 = EDGE_CURVE('',#2150,#4770,#4778,.T.);
#4778 = LINE('',#4779,#4780);
#4779 = CARTESIAN_POINT('',(0.32,-10.48,-3.));
#4780 = VECTOR('',#4781,1.);
#4781 = DIRECTION('',(0.,0.,1.));
#4782 = PLANE('',#4783);
#4783 = AXIS2_PLACEMENT_3D('',#4784,#4785,#4786);
#4784 = CARTESIAN_POINT('',(-0.32,-10.48,-3.));
#4785 = DIRECTION('',(0.,1.,0.));
#4786 = DIRECTION('',(1.,0.,0.));
#4787 = ADVANCED_FACE('',(#4788),#4799,.F.);
#4788 = FACE_BOUND('',#4789,.F.);
#4789 = EDGE_LOOP('',(#4790,#4791,#4792,#4798));
#4790 = ORIENTED_EDGE('',*,*,#2149,.T.);
#4791 = ORIENTED_EDGE('',*,*,#4777,.T.);
#4792 = ORIENTED_EDGE('',*,*,#4793,.T.);
#4793 = EDGE_CURVE('',#4770,#4714,#4794,.T.);
#4794 = LINE('',#4795,#4796);
#4795 = CARTESIAN_POINT('',(0.32,-10.48,7.8));
#4796 = VECTOR('',#4797,1.);
#4797 = DIRECTION('',(0.,1.,0.));
#4798 = ORIENTED_EDGE('',*,*,#4713,.F.);
#4799 = PLANE('',#4800);
#4800 = AXIS2_PLACEMENT_3D('',#4801,#4802,#4803);
#4801 = CARTESIAN_POINT('',(0.32,-10.48,-3.));
#4802 = DIRECTION('',(-1.,0.,0.));
#4803 = DIRECTION('',(0.,1.,0.));
#4804 = ADVANCED_FACE('',(#4805),#4830,.F.);
#4805 = FACE_BOUND('',#4806,.F.);
#4806 = EDGE_LOOP('',(#4807,#4808,#4816,#4824));
#4807 = ORIENTED_EDGE('',*,*,#2173,.T.);
#4808 = ORIENTED_EDGE('',*,*,#4809,.T.);
#4809 = EDGE_CURVE('',#2176,#4810,#4812,.T.);
#4810 = VERTEX_POINT('',#4811);
#4811 = CARTESIAN_POINT('',(0.32,-7.94,7.8));
#4812 = LINE('',#4813,#4814);
#4813 = CARTESIAN_POINT('',(0.32,-7.94,-3.));
#4814 = VECTOR('',#4815,1.);
#4815 = DIRECTION('',(0.,0.,1.));
#4816 = ORIENTED_EDGE('',*,*,#4817,.T.);
#4817 = EDGE_CURVE('',#4810,#4818,#4820,.T.);
#4818 = VERTEX_POINT('',#4819);
#4819 = CARTESIAN_POINT('',(0.32,-7.3,7.8));
#4820 = LINE('',#4821,#4822);
#4821 = CARTESIAN_POINT('',(0.32,-7.94,7.8));
#4822 = VECTOR('',#4823,1.);
#4823 = DIRECTION('',(0.,1.,0.));
#4824 = ORIENTED_EDGE('',*,*,#4825,.F.);
#4825 = EDGE_CURVE('',#2174,#4818,#4826,.T.);
#4826 = LINE('',#4827,#4828);
#4827 = CARTESIAN_POINT('',(0.32,-7.3,-3.));
#4828 = VECTOR('',#4829,1.);
#4829 = DIRECTION('',(0.,0.,1.));
#4830 = PLANE('',#4831);
#4831 = AXIS2_PLACEMENT_3D('',#4832,#4833,#4834);
#4832 = CARTESIAN_POINT('',(0.32,-7.94,-3.));
#4833 = DIRECTION('',(-1.,0.,0.));
#4834 = DIRECTION('',(0.,1.,0.));
#4835 = ADVANCED_FACE('',(#4836),#4854,.F.);
#4836 = FACE_BOUND('',#4837,.F.);
#4837 = EDGE_LOOP('',(#4838,#4839,#4840,#4848));
#4838 = ORIENTED_EDGE('',*,*,#2199,.T.);
#4839 = ORIENTED_EDGE('',*,*,#4825,.T.);
#4840 = ORIENTED_EDGE('',*,*,#4841,.T.);
#4841 = EDGE_CURVE('',#4818,#4842,#4844,.T.);
#4842 = VERTEX_POINT('',#4843);
#4843 = CARTESIAN_POINT('',(-0.32,-7.3,7.8));
#4844 = LINE('',#4845,#4846);
#4845 = CARTESIAN_POINT('',(0.32,-7.3,7.8));
#4846 = VECTOR('',#4847,1.);
#4847 = DIRECTION('',(-1.,0.,0.));
#4848 = ORIENTED_EDGE('',*,*,#4849,.F.);
#4849 = EDGE_CURVE('',#2192,#4842,#4850,.T.);
#4850 = LINE('',#4851,#4852);
#4851 = CARTESIAN_POINT('',(-0.32,-7.3,-3.));
#4852 = VECTOR('',#4853,1.);
#4853 = DIRECTION('',(0.,0.,1.));
#4854 = PLANE('',#4855);
#4855 = AXIS2_PLACEMENT_3D('',#4856,#4857,#4858);
#4856 = CARTESIAN_POINT('',(0.32,-7.3,-3.));
#4857 = DIRECTION('',(0.,-1.,0.));
#4858 = DIRECTION('',(-1.,0.,0.));
#4859 = ADVANCED_FACE('',(#4860),#4878,.F.);
#4860 = FACE_BOUND('',#4861,.F.);
#4861 = EDGE_LOOP('',(#4862,#4863,#4864,#4872));
#4862 = ORIENTED_EDGE('',*,*,#2191,.T.);
#4863 = ORIENTED_EDGE('',*,*,#4849,.T.);
#4864 = ORIENTED_EDGE('',*,*,#4865,.T.);
#4865 = EDGE_CURVE('',#4842,#4866,#4868,.T.);
#4866 = VERTEX_POINT('',#4867);
#4867 = CARTESIAN_POINT('',(-0.32,-7.94,7.8));
#4868 = LINE('',#4869,#4870);
#4869 = CARTESIAN_POINT('',(-0.32,-7.3,7.8));
#4870 = VECTOR('',#4871,1.);
#4871 = DIRECTION('',(0.,-1.,0.));
#4872 = ORIENTED_EDGE('',*,*,#4873,.F.);
#4873 = EDGE_CURVE('',#2184,#4866,#4874,.T.);
#4874 = LINE('',#4875,#4876);
#4875 = CARTESIAN_POINT('',(-0.32,-7.94,-3.));
#4876 = VECTOR('',#4877,1.);
#4877 = DIRECTION('',(0.,0.,1.));
#4878 = PLANE('',#4879);
#4879 = AXIS2_PLACEMENT_3D('',#4880,#4881,#4882);
#4880 = CARTESIAN_POINT('',(-0.32,-7.3,-3.));
#4881 = DIRECTION('',(1.,0.,0.));
#4882 = DIRECTION('',(0.,-1.,0.));
#4883 = ADVANCED_FACE('',(#4884),#4895,.F.);
#4884 = FACE_BOUND('',#4885,.F.);
#4885 = EDGE_LOOP('',(#4886,#4887,#4888,#4894));
#4886 = ORIENTED_EDGE('',*,*,#2183,.T.);
#4887 = ORIENTED_EDGE('',*,*,#4873,.T.);
#4888 = ORIENTED_EDGE('',*,*,#4889,.T.);
#4889 = EDGE_CURVE('',#4866,#4810,#4890,.T.);
#4890 = LINE('',#4891,#4892);
#4891 = CARTESIAN_POINT('',(-0.32,-7.94,7.8));
#4892 = VECTOR('',#4893,1.);
#4893 = DIRECTION('',(1.,0.,0.));
#4894 = ORIENTED_EDGE('',*,*,#4809,.F.);
#4895 = PLANE('',#4896);
#4896 = AXIS2_PLACEMENT_3D('',#4897,#4898,#4899);
#4897 = CARTESIAN_POINT('',(-0.32,-7.94,-3.));
#4898 = DIRECTION('',(0.,1.,0.));
#4899 = DIRECTION('',(1.,0.,0.));
#4900 = ADVANCED_FACE('',(#4901),#4926,.F.);
#4901 = FACE_BOUND('',#4902,.F.);
#4902 = EDGE_LOOP('',(#4903,#4904,#4912,#4920));
#4903 = ORIENTED_EDGE('',*,*,#2207,.T.);
#4904 = ORIENTED_EDGE('',*,*,#4905,.T.);
#4905 = EDGE_CURVE('',#2210,#4906,#4908,.T.);
#4906 = VERTEX_POINT('',#4907);
#4907 = CARTESIAN_POINT('',(0.32,-18.1,7.8));
#4908 = LINE('',#4909,#4910);
#4909 = CARTESIAN_POINT('',(0.32,-18.1,-3.));
#4910 = VECTOR('',#4911,1.);
#4911 = DIRECTION('',(0.,0.,1.));
#4912 = ORIENTED_EDGE('',*,*,#4913,.T.);
#4913 = EDGE_CURVE('',#4906,#4914,#4916,.T.);
#4914 = VERTEX_POINT('',#4915);
#4915 = CARTESIAN_POINT('',(0.32,-17.46,7.8));
#4916 = LINE('',#4917,#4918);
#4917 = CARTESIAN_POINT('',(0.32,-18.1,7.8));
#4918 = VECTOR('',#4919,1.);
#4919 = DIRECTION('',(0.,1.,0.));
#4920 = ORIENTED_EDGE('',*,*,#4921,.F.);
#4921 = EDGE_CURVE('',#2208,#4914,#4922,.T.);
#4922 = LINE('',#4923,#4924);
#4923 = CARTESIAN_POINT('',(0.32,-17.46,-3.));
#4924 = VECTOR('',#4925,1.);
#4925 = DIRECTION('',(0.,0.,1.));
#4926 = PLANE('',#4927);
#4927 = AXIS2_PLACEMENT_3D('',#4928,#4929,#4930);
#4928 = CARTESIAN_POINT('',(0.32,-18.1,-3.));
#4929 = DIRECTION('',(-1.,0.,0.));
#4930 = DIRECTION('',(0.,1.,0.));
#4931 = ADVANCED_FACE('',(#4932),#4950,.F.);
#4932 = FACE_BOUND('',#4933,.F.);
#4933 = EDGE_LOOP('',(#4934,#4935,#4936,#4944));
#4934 = ORIENTED_EDGE('',*,*,#2233,.T.);
#4935 = ORIENTED_EDGE('',*,*,#4921,.T.);
#4936 = ORIENTED_EDGE('',*,*,#4937,.T.);
#4937 = EDGE_CURVE('',#4914,#4938,#4940,.T.);
#4938 = VERTEX_POINT('',#4939);
#4939 = CARTESIAN_POINT('',(-0.32,-17.46,7.8));
#4940 = LINE('',#4941,#4942);
#4941 = CARTESIAN_POINT('',(0.32,-17.46,7.8));
#4942 = VECTOR('',#4943,1.);
#4943 = DIRECTION('',(-1.,0.,0.));
#4944 = ORIENTED_EDGE('',*,*,#4945,.F.);
#4945 = EDGE_CURVE('',#2226,#4938,#4946,.T.);
#4946 = LINE('',#4947,#4948);
#4947 = CARTESIAN_POINT('',(-0.32,-17.46,-3.));
#4948 = VECTOR('',#4949,1.);
#4949 = DIRECTION('',(0.,0.,1.));
#4950 = PLANE('',#4951);
#4951 = AXIS2_PLACEMENT_3D('',#4952,#4953,#4954);
#4952 = CARTESIAN_POINT('',(0.32,-17.46,-3.));
#4953 = DIRECTION('',(0.,-1.,0.));
#4954 = DIRECTION('',(-1.,0.,0.));
#4955 = ADVANCED_FACE('',(#4956),#4974,.F.);
#4956 = FACE_BOUND('',#4957,.F.);
#4957 = EDGE_LOOP('',(#4958,#4959,#4960,#4968));
#4958 = ORIENTED_EDGE('',*,*,#2225,.T.);
#4959 = ORIENTED_EDGE('',*,*,#4945,.T.);
#4960 = ORIENTED_EDGE('',*,*,#4961,.T.);
#4961 = EDGE_CURVE('',#4938,#4962,#4964,.T.);
#4962 = VERTEX_POINT('',#4963);
#4963 = CARTESIAN_POINT('',(-0.32,-18.1,7.8));
#4964 = LINE('',#4965,#4966);
#4965 = CARTESIAN_POINT('',(-0.32,-17.46,7.8));
#4966 = VECTOR('',#4967,1.);
#4967 = DIRECTION('',(0.,-1.,0.));
#4968 = ORIENTED_EDGE('',*,*,#4969,.F.);
#4969 = EDGE_CURVE('',#2218,#4962,#4970,.T.);
#4970 = LINE('',#4971,#4972);
#4971 = CARTESIAN_POINT('',(-0.32,-18.1,-3.));
#4972 = VECTOR('',#4973,1.);
#4973 = DIRECTION('',(0.,0.,1.));
#4974 = PLANE('',#4975);
#4975 = AXIS2_PLACEMENT_3D('',#4976,#4977,#4978);
#4976 = CARTESIAN_POINT('',(-0.32,-17.46,-3.));
#4977 = DIRECTION('',(1.,0.,0.));
#4978 = DIRECTION('',(0.,-1.,0.));
#4979 = ADVANCED_FACE('',(#4980),#4991,.F.);
#4980 = FACE_BOUND('',#4981,.F.);
#4981 = EDGE_LOOP('',(#4982,#4983,#4984,#4990));
#4982 = ORIENTED_EDGE('',*,*,#2217,.T.);
#4983 = ORIENTED_EDGE('',*,*,#4969,.T.);
#4984 = ORIENTED_EDGE('',*,*,#4985,.T.);
#4985 = EDGE_CURVE('',#4962,#4906,#4986,.T.);
#4986 = LINE('',#4987,#4988);
#4987 = CARTESIAN_POINT('',(-0.32,-18.1,7.8));
#4988 = VECTOR('',#4989,1.);
#4989 = DIRECTION('',(1.,0.,0.));
#4990 = ORIENTED_EDGE('',*,*,#4905,.F.);
#4991 = PLANE('',#4992);
#4992 = AXIS2_PLACEMENT_3D('',#4993,#4994,#4995);
#4993 = CARTESIAN_POINT('',(-0.32,-18.1,-3.));
#4994 = DIRECTION('',(0.,1.,0.));
#4995 = DIRECTION('',(1.,0.,0.));
#4996 = ADVANCED_FACE('',(#4997),#5022,.F.);
#4997 = FACE_BOUND('',#4998,.F.);
#4998 = EDGE_LOOP('',(#4999,#5000,#5008,#5016));
#4999 = ORIENTED_EDGE('',*,*,#2241,.T.);
#5000 = ORIENTED_EDGE('',*,*,#5001,.T.);
#5001 = EDGE_CURVE('',#2244,#5002,#5004,.T.);
#5002 = VERTEX_POINT('',#5003);
#5003 = CARTESIAN_POINT('',(0.32,-15.56,7.8));
#5004 = LINE('',#5005,#5006);
#5005 = CARTESIAN_POINT('',(0.32,-15.56,-3.));
#5006 = VECTOR('',#5007,1.);
#5007 = DIRECTION('',(0.,0.,1.));
#5008 = ORIENTED_EDGE('',*,*,#5009,.T.);
#5009 = EDGE_CURVE('',#5002,#5010,#5012,.T.);
#5010 = VERTEX_POINT('',#5011);
#5011 = CARTESIAN_POINT('',(0.32,-14.92,7.8));
#5012 = LINE('',#5013,#5014);
#5013 = CARTESIAN_POINT('',(0.32,-15.56,7.8));
#5014 = VECTOR('',#5015,1.);
#5015 = DIRECTION('',(0.,1.,0.));
#5016 = ORIENTED_EDGE('',*,*,#5017,.F.);
#5017 = EDGE_CURVE('',#2242,#5010,#5018,.T.);
#5018 = LINE('',#5019,#5020);
#5019 = CARTESIAN_POINT('',(0.32,-14.92,-3.));
#5020 = VECTOR('',#5021,1.);
#5021 = DIRECTION('',(0.,0.,1.));
#5022 = PLANE('',#5023);
#5023 = AXIS2_PLACEMENT_3D('',#5024,#5025,#5026);
#5024 = CARTESIAN_POINT('',(0.32,-15.56,-3.));
#5025 = DIRECTION('',(-1.,0.,0.));
#5026 = DIRECTION('',(0.,1.,0.));
#5027 = ADVANCED_FACE('',(#5028),#5046,.F.);
#5028 = FACE_BOUND('',#5029,.F.);
#5029 = EDGE_LOOP('',(#5030,#5031,#5032,#5040));
#5030 = ORIENTED_EDGE('',*,*,#2267,.T.);
#5031 = ORIENTED_EDGE('',*,*,#5017,.T.);
#5032 = ORIENTED_EDGE('',*,*,#5033,.T.);
#5033 = EDGE_CURVE('',#5010,#5034,#5036,.T.);
#5034 = VERTEX_POINT('',#5035);
#5035 = CARTESIAN_POINT('',(-0.32,-14.92,7.8));
#5036 = LINE('',#5037,#5038);
#5037 = CARTESIAN_POINT('',(0.32,-14.92,7.8));
#5038 = VECTOR('',#5039,1.);
#5039 = DIRECTION('',(-1.,0.,0.));
#5040 = ORIENTED_EDGE('',*,*,#5041,.F.);
#5041 = EDGE_CURVE('',#2260,#5034,#5042,.T.);
#5042 = LINE('',#5043,#5044);
#5043 = CARTESIAN_POINT('',(-0.32,-14.92,-3.));
#5044 = VECTOR('',#5045,1.);
#5045 = DIRECTION('',(0.,0.,1.));
#5046 = PLANE('',#5047);
#5047 = AXIS2_PLACEMENT_3D('',#5048,#5049,#5050);
#5048 = CARTESIAN_POINT('',(0.32,-14.92,-3.));
#5049 = DIRECTION('',(0.,-1.,0.));
#5050 = DIRECTION('',(-1.,0.,0.));
#5051 = ADVANCED_FACE('',(#5052),#5070,.F.);
#5052 = FACE_BOUND('',#5053,.F.);
#5053 = EDGE_LOOP('',(#5054,#5055,#5056,#5064));
#5054 = ORIENTED_EDGE('',*,*,#2259,.T.);
#5055 = ORIENTED_EDGE('',*,*,#5041,.T.);
#5056 = ORIENTED_EDGE('',*,*,#5057,.T.);
#5057 = EDGE_CURVE('',#5034,#5058,#5060,.T.);
#5058 = VERTEX_POINT('',#5059);
#5059 = CARTESIAN_POINT('',(-0.32,-15.56,7.8));
#5060 = LINE('',#5061,#5062);
#5061 = CARTESIAN_POINT('',(-0.32,-14.92,7.8));
#5062 = VECTOR('',#5063,1.);
#5063 = DIRECTION('',(0.,-1.,0.));
#5064 = ORIENTED_EDGE('',*,*,#5065,.F.);
#5065 = EDGE_CURVE('',#2252,#5058,#5066,.T.);
#5066 = LINE('',#5067,#5068);
#5067 = CARTESIAN_POINT('',(-0.32,-15.56,-3.));
#5068 = VECTOR('',#5069,1.);
#5069 = DIRECTION('',(0.,0.,1.));
#5070 = PLANE('',#5071);
#5071 = AXIS2_PLACEMENT_3D('',#5072,#5073,#5074);
#5072 = CARTESIAN_POINT('',(-0.32,-14.92,-3.));
#5073 = DIRECTION('',(1.,0.,0.));
#5074 = DIRECTION('',(0.,-1.,0.));
#5075 = ADVANCED_FACE('',(#5076),#5087,.F.);
#5076 = FACE_BOUND('',#5077,.F.);
#5077 = EDGE_LOOP('',(#5078,#5079,#5080,#5086));
#5078 = ORIENTED_EDGE('',*,*,#2251,.T.);
#5079 = ORIENTED_EDGE('',*,*,#5065,.T.);
#5080 = ORIENTED_EDGE('',*,*,#5081,.T.);
#5081 = EDGE_CURVE('',#5058,#5002,#5082,.T.);
#5082 = LINE('',#5083,#5084);
#5083 = CARTESIAN_POINT('',(-0.32,-15.56,7.8));
#5084 = VECTOR('',#5085,1.);
#5085 = DIRECTION('',(1.,0.,0.));
#5086 = ORIENTED_EDGE('',*,*,#5001,.F.);
#5087 = PLANE('',#5088);
#5088 = AXIS2_PLACEMENT_3D('',#5089,#5090,#5091);
#5089 = CARTESIAN_POINT('',(-0.32,-15.56,-3.));
#5090 = DIRECTION('',(0.,1.,0.));
#5091 = DIRECTION('',(1.,0.,0.));
#5092 = ADVANCED_FACE('',(#5093),#5118,.F.);
#5093 = FACE_BOUND('',#5094,.F.);
#5094 = EDGE_LOOP('',(#5095,#5096,#5104,#5112));
#5095 = ORIENTED_EDGE('',*,*,#2275,.T.);
#5096 = ORIENTED_EDGE('',*,*,#5097,.T.);
#5097 = EDGE_CURVE('',#2278,#5098,#5100,.T.);
#5098 = VERTEX_POINT('',#5099);
#5099 = CARTESIAN_POINT('',(0.32,-12.38,7.8));
#5100 = LINE('',#5101,#5102);
#5101 = CARTESIAN_POINT('',(0.32,-12.38,-3.));
#5102 = VECTOR('',#5103,1.);
#5103 = DIRECTION('',(0.,0.,1.));
#5104 = ORIENTED_EDGE('',*,*,#5105,.T.);
#5105 = EDGE_CURVE('',#5098,#5106,#5108,.T.);
#5106 = VERTEX_POINT('',#5107);
#5107 = CARTESIAN_POINT('',(-0.32,-12.38,7.8));
#5108 = LINE('',#5109,#5110);
#5109 = CARTESIAN_POINT('',(0.32,-12.38,7.8));
#5110 = VECTOR('',#5111,1.);
#5111 = DIRECTION('',(-1.,0.,0.));
#5112 = ORIENTED_EDGE('',*,*,#5113,.F.);
#5113 = EDGE_CURVE('',#2276,#5106,#5114,.T.);
#5114 = LINE('',#5115,#5116);
#5115 = CARTESIAN_POINT('',(-0.32,-12.38,-3.));
#5116 = VECTOR('',#5117,1.);
#5117 = DIRECTION('',(0.,0.,1.));
#5118 = PLANE('',#5119);
#5119 = AXIS2_PLACEMENT_3D('',#5120,#5121,#5122);
#5120 = CARTESIAN_POINT('',(0.32,-12.38,-3.));
#5121 = DIRECTION('',(0.,-1.,0.));
#5122 = DIRECTION('',(-1.,0.,0.));
#5123 = ADVANCED_FACE('',(#5124),#5142,.F.);
#5124 = FACE_BOUND('',#5125,.F.);
#5125 = EDGE_LOOP('',(#5126,#5127,#5128,#5136));
#5126 = ORIENTED_EDGE('',*,*,#2301,.T.);
#5127 = ORIENTED_EDGE('',*,*,#5113,.T.);
#5128 = ORIENTED_EDGE('',*,*,#5129,.T.);
#5129 = EDGE_CURVE('',#5106,#5130,#5132,.T.);
#5130 = VERTEX_POINT('',#5131);
#5131 = CARTESIAN_POINT('',(-0.32,-13.02,7.8));
#5132 = LINE('',#5133,#5134);
#5133 = CARTESIAN_POINT('',(-0.32,-12.38,7.8));
#5134 = VECTOR('',#5135,1.);
#5135 = DIRECTION('',(0.,-1.,0.));
#5136 = ORIENTED_EDGE('',*,*,#5137,.F.);
#5137 = EDGE_CURVE('',#2294,#5130,#5138,.T.);
#5138 = LINE('',#5139,#5140);
#5139 = CARTESIAN_POINT('',(-0.32,-13.02,-3.));
#5140 = VECTOR('',#5141,1.);
#5141 = DIRECTION('',(0.,0.,1.));
#5142 = PLANE('',#5143);
#5143 = AXIS2_PLACEMENT_3D('',#5144,#5145,#5146);
#5144 = CARTESIAN_POINT('',(-0.32,-12.38,-3.));
#5145 = DIRECTION('',(1.,0.,0.));
#5146 = DIRECTION('',(0.,-1.,0.));
#5147 = ADVANCED_FACE('',(#5148),#5166,.F.);
#5148 = FACE_BOUND('',#5149,.F.);
#5149 = EDGE_LOOP('',(#5150,#5151,#5152,#5160));
#5150 = ORIENTED_EDGE('',*,*,#2293,.T.);
#5151 = ORIENTED_EDGE('',*,*,#5137,.T.);
#5152 = ORIENTED_EDGE('',*,*,#5153,.T.);
#5153 = EDGE_CURVE('',#5130,#5154,#5156,.T.);
#5154 = VERTEX_POINT('',#5155);
#5155 = CARTESIAN_POINT('',(0.32,-13.02,7.8));
#5156 = LINE('',#5157,#5158);
#5157 = CARTESIAN_POINT('',(-0.32,-13.02,7.8));
#5158 = VECTOR('',#5159,1.);
#5159 = DIRECTION('',(1.,0.,0.));
#5160 = ORIENTED_EDGE('',*,*,#5161,.F.);
#5161 = EDGE_CURVE('',#2286,#5154,#5162,.T.);
#5162 = LINE('',#5163,#5164);
#5163 = CARTESIAN_POINT('',(0.32,-13.02,-3.));
#5164 = VECTOR('',#5165,1.);
#5165 = DIRECTION('',(0.,0.,1.));
#5166 = PLANE('',#5167);
#5167 = AXIS2_PLACEMENT_3D('',#5168,#5169,#5170);
#5168 = CARTESIAN_POINT('',(-0.32,-13.02,-3.));
#5169 = DIRECTION('',(0.,1.,0.));
#5170 = DIRECTION('',(1.,0.,0.));
#5171 = ADVANCED_FACE('',(#5172),#5183,.F.);
#5172 = FACE_BOUND('',#5173,.F.);
#5173 = EDGE_LOOP('',(#5174,#5175,#5176,#5182));
#5174 = ORIENTED_EDGE('',*,*,#2285,.T.);
#5175 = ORIENTED_EDGE('',*,*,#5161,.T.);
#5176 = ORIENTED_EDGE('',*,*,#5177,.T.);
#5177 = EDGE_CURVE('',#5154,#5098,#5178,.T.);
#5178 = LINE('',#5179,#5180);
#5179 = CARTESIAN_POINT('',(0.32,-13.02,7.8));
#5180 = VECTOR('',#5181,1.);
#5181 = DIRECTION('',(0.,1.,0.));
#5182 = ORIENTED_EDGE('',*,*,#5097,.F.);
#5183 = PLANE('',#5184);
#5184 = AXIS2_PLACEMENT_3D('',#5185,#5186,#5187);
#5185 = CARTESIAN_POINT('',(0.32,-13.02,-3.));
#5186 = DIRECTION('',(-1.,0.,0.));
#5187 = DIRECTION('',(0.,1.,0.));
#5188 = ADVANCED_FACE('',(#5189),#5214,.F.);
#5189 = FACE_BOUND('',#5190,.F.);
#5190 = EDGE_LOOP('',(#5191,#5192,#5200,#5208));
#5191 = ORIENTED_EDGE('',*,*,#2309,.T.);
#5192 = ORIENTED_EDGE('',*,*,#5193,.T.);
#5193 = EDGE_CURVE('',#2312,#5194,#5196,.T.);
#5194 = VERTEX_POINT('',#5195);
#5195 = CARTESIAN_POINT('',(2.22,-17.46,7.8));
#5196 = LINE('',#5197,#5198);
#5197 = CARTESIAN_POINT('',(2.22,-17.46,-3.));
#5198 = VECTOR('',#5199,1.);
#5199 = DIRECTION('',(0.,0.,1.));
#5200 = ORIENTED_EDGE('',*,*,#5201,.T.);
#5201 = EDGE_CURVE('',#5194,#5202,#5204,.T.);
#5202 = VERTEX_POINT('',#5203);
#5203 = CARTESIAN_POINT('',(2.22,-18.1,7.8));
#5204 = LINE('',#5205,#5206);
#5205 = CARTESIAN_POINT('',(2.22,-17.46,7.8));
#5206 = VECTOR('',#5207,1.);
#5207 = DIRECTION('',(0.,-1.,0.));
#5208 = ORIENTED_EDGE('',*,*,#5209,.F.);
#5209 = EDGE_CURVE('',#2310,#5202,#5210,.T.);
#5210 = LINE('',#5211,#5212);
#5211 = CARTESIAN_POINT('',(2.22,-18.1,-3.));
#5212 = VECTOR('',#5213,1.);
#5213 = DIRECTION('',(0.,0.,1.));
#5214 = PLANE('',#5215);
#5215 = AXIS2_PLACEMENT_3D('',#5216,#5217,#5218);
#5216 = CARTESIAN_POINT('',(2.22,-17.46,-3.));
#5217 = DIRECTION('',(1.,0.,0.));
#5218 = DIRECTION('',(0.,-1.,0.));
#5219 = ADVANCED_FACE('',(#5220),#5238,.F.);
#5220 = FACE_BOUND('',#5221,.F.);
#5221 = EDGE_LOOP('',(#5222,#5223,#5224,#5232));
#5222 = ORIENTED_EDGE('',*,*,#2335,.T.);
#5223 = ORIENTED_EDGE('',*,*,#5209,.T.);
#5224 = ORIENTED_EDGE('',*,*,#5225,.T.);
#5225 = EDGE_CURVE('',#5202,#5226,#5228,.T.);
#5226 = VERTEX_POINT('',#5227);
#5227 = CARTESIAN_POINT('',(2.86,-18.1,7.8));
#5228 = LINE('',#5229,#5230);
#5229 = CARTESIAN_POINT('',(2.22,-18.1,7.8));
#5230 = VECTOR('',#5231,1.);
#5231 = DIRECTION('',(1.,0.,0.));
#5232 = ORIENTED_EDGE('',*,*,#5233,.F.);
#5233 = EDGE_CURVE('',#2328,#5226,#5234,.T.);
#5234 = LINE('',#5235,#5236);
#5235 = CARTESIAN_POINT('',(2.86,-18.1,-3.));
#5236 = VECTOR('',#5237,1.);
#5237 = DIRECTION('',(0.,0.,1.));
#5238 = PLANE('',#5239);
#5239 = AXIS2_PLACEMENT_3D('',#5240,#5241,#5242);
#5240 = CARTESIAN_POINT('',(2.22,-18.1,-3.));
#5241 = DIRECTION('',(0.,1.,0.));
#5242 = DIRECTION('',(1.,0.,0.));
#5243 = ADVANCED_FACE('',(#5244),#5262,.F.);
#5244 = FACE_BOUND('',#5245,.F.);
#5245 = EDGE_LOOP('',(#5246,#5247,#5248,#5256));
#5246 = ORIENTED_EDGE('',*,*,#2327,.T.);
#5247 = ORIENTED_EDGE('',*,*,#5233,.T.);
#5248 = ORIENTED_EDGE('',*,*,#5249,.T.);
#5249 = EDGE_CURVE('',#5226,#5250,#5252,.T.);
#5250 = VERTEX_POINT('',#5251);
#5251 = CARTESIAN_POINT('',(2.86,-17.46,7.8));
#5252 = LINE('',#5253,#5254);
#5253 = CARTESIAN_POINT('',(2.86,-18.1,7.8));
#5254 = VECTOR('',#5255,1.);
#5255 = DIRECTION('',(0.,1.,0.));
#5256 = ORIENTED_EDGE('',*,*,#5257,.F.);
#5257 = EDGE_CURVE('',#2320,#5250,#5258,.T.);
#5258 = LINE('',#5259,#5260);
#5259 = CARTESIAN_POINT('',(2.86,-17.46,-3.));
#5260 = VECTOR('',#5261,1.);
#5261 = DIRECTION('',(0.,0.,1.));
#5262 = PLANE('',#5263);
#5263 = AXIS2_PLACEMENT_3D('',#5264,#5265,#5266);
#5264 = CARTESIAN_POINT('',(2.86,-18.1,-3.));
#5265 = DIRECTION('',(-1.,0.,0.));
#5266 = DIRECTION('',(0.,1.,0.));
#5267 = ADVANCED_FACE('',(#5268),#5279,.F.);
#5268 = FACE_BOUND('',#5269,.F.);
#5269 = EDGE_LOOP('',(#5270,#5271,#5272,#5278));
#5270 = ORIENTED_EDGE('',*,*,#2319,.T.);
#5271 = ORIENTED_EDGE('',*,*,#5257,.T.);
#5272 = ORIENTED_EDGE('',*,*,#5273,.T.);
#5273 = EDGE_CURVE('',#5250,#5194,#5274,.T.);
#5274 = LINE('',#5275,#5276);
#5275 = CARTESIAN_POINT('',(2.86,-17.46,7.8));
#5276 = VECTOR('',#5277,1.);
#5277 = DIRECTION('',(-1.,0.,0.));
#5278 = ORIENTED_EDGE('',*,*,#5193,.F.);
#5279 = PLANE('',#5280);
#5280 = AXIS2_PLACEMENT_3D('',#5281,#5282,#5283);
#5281 = CARTESIAN_POINT('',(2.86,-17.46,-3.));
#5282 = DIRECTION('',(0.,-1.,0.));
#5283 = DIRECTION('',(-1.,0.,0.));
#5284 = ADVANCED_FACE('',(#5285),#5310,.F.);
#5285 = FACE_BOUND('',#5286,.F.);
#5286 = EDGE_LOOP('',(#5287,#5288,#5296,#5304));
#5287 = ORIENTED_EDGE('',*,*,#2343,.T.);
#5288 = ORIENTED_EDGE('',*,*,#5289,.T.);
#5289 = EDGE_CURVE('',#2346,#5290,#5292,.T.);
#5290 = VERTEX_POINT('',#5291);
#5291 = CARTESIAN_POINT('',(2.86,-14.92,7.8));
#5292 = LINE('',#5293,#5294);
#5293 = CARTESIAN_POINT('',(2.86,-14.92,-3.));
#5294 = VECTOR('',#5295,1.);
#5295 = DIRECTION('',(0.,0.,1.));
#5296 = ORIENTED_EDGE('',*,*,#5297,.T.);
#5297 = EDGE_CURVE('',#5290,#5298,#5300,.T.);
#5298 = VERTEX_POINT('',#5299);
#5299 = CARTESIAN_POINT('',(2.22,-14.92,7.8));
#5300 = LINE('',#5301,#5302);
#5301 = CARTESIAN_POINT('',(2.86,-14.92,7.8));
#5302 = VECTOR('',#5303,1.);
#5303 = DIRECTION('',(-1.,0.,0.));
#5304 = ORIENTED_EDGE('',*,*,#5305,.F.);
#5305 = EDGE_CURVE('',#2344,#5298,#5306,.T.);
#5306 = LINE('',#5307,#5308);
#5307 = CARTESIAN_POINT('',(2.22,-14.92,-3.));
#5308 = VECTOR('',#5309,1.);
#5309 = DIRECTION('',(0.,0.,1.));
#5310 = PLANE('',#5311);
#5311 = AXIS2_PLACEMENT_3D('',#5312,#5313,#5314);
#5312 = CARTESIAN_POINT('',(2.86,-14.92,-3.));
#5313 = DIRECTION('',(0.,-1.,0.));
#5314 = DIRECTION('',(-1.,0.,0.));
#5315 = ADVANCED_FACE('',(#5316),#5334,.F.);
#5316 = FACE_BOUND('',#5317,.F.);
#5317 = EDGE_LOOP('',(#5318,#5319,#5320,#5328));
#5318 = ORIENTED_EDGE('',*,*,#2369,.T.);
#5319 = ORIENTED_EDGE('',*,*,#5305,.T.);
#5320 = ORIENTED_EDGE('',*,*,#5321,.T.);
#5321 = EDGE_CURVE('',#5298,#5322,#5324,.T.);
#5322 = VERTEX_POINT('',#5323);
#5323 = CARTESIAN_POINT('',(2.22,-15.56,7.8));
#5324 = LINE('',#5325,#5326);
#5325 = CARTESIAN_POINT('',(2.22,-14.92,7.8));
#5326 = VECTOR('',#5327,1.);
#5327 = DIRECTION('',(0.,-1.,0.));
#5328 = ORIENTED_EDGE('',*,*,#5329,.F.);
#5329 = EDGE_CURVE('',#2362,#5322,#5330,.T.);
#5330 = LINE('',#5331,#5332);
#5331 = CARTESIAN_POINT('',(2.22,-15.56,-3.));
#5332 = VECTOR('',#5333,1.);
#5333 = DIRECTION('',(0.,0.,1.));
#5334 = PLANE('',#5335);
#5335 = AXIS2_PLACEMENT_3D('',#5336,#5337,#5338);
#5336 = CARTESIAN_POINT('',(2.22,-14.92,-3.));
#5337 = DIRECTION('',(1.,0.,0.));
#5338 = DIRECTION('',(0.,-1.,0.));
#5339 = ADVANCED_FACE('',(#5340),#5358,.F.);
#5340 = FACE_BOUND('',#5341,.F.);
#5341 = EDGE_LOOP('',(#5342,#5343,#5344,#5352));
#5342 = ORIENTED_EDGE('',*,*,#2361,.T.);
#5343 = ORIENTED_EDGE('',*,*,#5329,.T.);
#5344 = ORIENTED_EDGE('',*,*,#5345,.T.);
#5345 = EDGE_CURVE('',#5322,#5346,#5348,.T.);
#5346 = VERTEX_POINT('',#5347);
#5347 = CARTESIAN_POINT('',(2.86,-15.56,7.8));
#5348 = LINE('',#5349,#5350);
#5349 = CARTESIAN_POINT('',(2.22,-15.56,7.8));
#5350 = VECTOR('',#5351,1.);
#5351 = DIRECTION('',(1.,0.,0.));
#5352 = ORIENTED_EDGE('',*,*,#5353,.F.);
#5353 = EDGE_CURVE('',#2354,#5346,#5354,.T.);
#5354 = LINE('',#5355,#5356);
#5355 = CARTESIAN_POINT('',(2.86,-15.56,-3.));
#5356 = VECTOR('',#5357,1.);
#5357 = DIRECTION('',(0.,0.,1.));
#5358 = PLANE('',#5359);
#5359 = AXIS2_PLACEMENT_3D('',#5360,#5361,#5362);
#5360 = CARTESIAN_POINT('',(2.22,-15.56,-3.));
#5361 = DIRECTION('',(0.,1.,0.));
#5362 = DIRECTION('',(1.,0.,0.));
#5363 = ADVANCED_FACE('',(#5364),#5375,.F.);
#5364 = FACE_BOUND('',#5365,.F.);
#5365 = EDGE_LOOP('',(#5366,#5367,#5368,#5374));
#5366 = ORIENTED_EDGE('',*,*,#2353,.T.);
#5367 = ORIENTED_EDGE('',*,*,#5353,.T.);
#5368 = ORIENTED_EDGE('',*,*,#5369,.T.);
#5369 = EDGE_CURVE('',#5346,#5290,#5370,.T.);
#5370 = LINE('',#5371,#5372);
#5371 = CARTESIAN_POINT('',(2.86,-15.56,7.8));
#5372 = VECTOR('',#5373,1.);
#5373 = DIRECTION('',(0.,1.,0.));
#5374 = ORIENTED_EDGE('',*,*,#5289,.F.);
#5375 = PLANE('',#5376);
#5376 = AXIS2_PLACEMENT_3D('',#5377,#5378,#5379);
#5377 = CARTESIAN_POINT('',(2.86,-15.56,-3.));
#5378 = DIRECTION('',(-1.,0.,0.));
#5379 = DIRECTION('',(0.,1.,0.));
#5380 = ADVANCED_FACE('',(#5381),#5406,.F.);
#5381 = FACE_BOUND('',#5382,.F.);
#5382 = EDGE_LOOP('',(#5383,#5384,#5392,#5400));
#5383 = ORIENTED_EDGE('',*,*,#2377,.T.);
#5384 = ORIENTED_EDGE('',*,*,#5385,.T.);
#5385 = EDGE_CURVE('',#2380,#5386,#5388,.T.);
#5386 = VERTEX_POINT('',#5387);
#5387 = CARTESIAN_POINT('',(2.22,-9.84,7.8));
#5388 = LINE('',#5389,#5390);
#5389 = CARTESIAN_POINT('',(2.22,-9.84,-3.));
#5390 = VECTOR('',#5391,1.);
#5391 = DIRECTION('',(0.,0.,1.));
#5392 = ORIENTED_EDGE('',*,*,#5393,.T.);
#5393 = EDGE_CURVE('',#5386,#5394,#5396,.T.);
#5394 = VERTEX_POINT('',#5395);
#5395 = CARTESIAN_POINT('',(2.22,-10.48,7.8));
#5396 = LINE('',#5397,#5398);
#5397 = CARTESIAN_POINT('',(2.22,-9.84,7.8));
#5398 = VECTOR('',#5399,1.);
#5399 = DIRECTION('',(0.,-1.,0.));
#5400 = ORIENTED_EDGE('',*,*,#5401,.F.);
#5401 = EDGE_CURVE('',#2378,#5394,#5402,.T.);
#5402 = LINE('',#5403,#5404);
#5403 = CARTESIAN_POINT('',(2.22,-10.48,-3.));
#5404 = VECTOR('',#5405,1.);
#5405 = DIRECTION('',(0.,0.,1.));
#5406 = PLANE('',#5407);
#5407 = AXIS2_PLACEMENT_3D('',#5408,#5409,#5410);
#5408 = CARTESIAN_POINT('',(2.22,-9.84,-3.));
#5409 = DIRECTION('',(1.,0.,0.));
#5410 = DIRECTION('',(0.,-1.,0.));
#5411 = ADVANCED_FACE('',(#5412),#5430,.F.);
#5412 = FACE_BOUND('',#5413,.F.);
#5413 = EDGE_LOOP('',(#5414,#5415,#5416,#5424));
#5414 = ORIENTED_EDGE('',*,*,#2403,.T.);
#5415 = ORIENTED_EDGE('',*,*,#5401,.T.);
#5416 = ORIENTED_EDGE('',*,*,#5417,.T.);
#5417 = EDGE_CURVE('',#5394,#5418,#5420,.T.);
#5418 = VERTEX_POINT('',#5419);
#5419 = CARTESIAN_POINT('',(2.86,-10.48,7.8));
#5420 = LINE('',#5421,#5422);
#5421 = CARTESIAN_POINT('',(2.22,-10.48,7.8));
#5422 = VECTOR('',#5423,1.);
#5423 = DIRECTION('',(1.,0.,0.));
#5424 = ORIENTED_EDGE('',*,*,#5425,.F.);
#5425 = EDGE_CURVE('',#2396,#5418,#5426,.T.);
#5426 = LINE('',#5427,#5428);
#5427 = CARTESIAN_POINT('',(2.86,-10.48,-3.));
#5428 = VECTOR('',#5429,1.);
#5429 = DIRECTION('',(0.,0.,1.));
#5430 = PLANE('',#5431);
#5431 = AXIS2_PLACEMENT_3D('',#5432,#5433,#5434);
#5432 = CARTESIAN_POINT('',(2.22,-10.48,-3.));
#5433 = DIRECTION('',(0.,1.,0.));
#5434 = DIRECTION('',(1.,0.,0.));
#5435 = ADVANCED_FACE('',(#5436),#5454,.F.);
#5436 = FACE_BOUND('',#5437,.F.);
#5437 = EDGE_LOOP('',(#5438,#5439,#5440,#5448));
#5438 = ORIENTED_EDGE('',*,*,#2395,.T.);
#5439 = ORIENTED_EDGE('',*,*,#5425,.T.);
#5440 = ORIENTED_EDGE('',*,*,#5441,.T.);
#5441 = EDGE_CURVE('',#5418,#5442,#5444,.T.);
#5442 = VERTEX_POINT('',#5443);
#5443 = CARTESIAN_POINT('',(2.86,-9.84,7.8));
#5444 = LINE('',#5445,#5446);
#5445 = CARTESIAN_POINT('',(2.86,-10.48,7.8));
#5446 = VECTOR('',#5447,1.);
#5447 = DIRECTION('',(0.,1.,0.));
#5448 = ORIENTED_EDGE('',*,*,#5449,.F.);
#5449 = EDGE_CURVE('',#2388,#5442,#5450,.T.);
#5450 = LINE('',#5451,#5452);
#5451 = CARTESIAN_POINT('',(2.86,-9.84,-3.));
#5452 = VECTOR('',#5453,1.);
#5453 = DIRECTION('',(0.,0.,1.));
#5454 = PLANE('',#5455);
#5455 = AXIS2_PLACEMENT_3D('',#5456,#5457,#5458);
#5456 = CARTESIAN_POINT('',(2.86,-10.48,-3.));
#5457 = DIRECTION('',(-1.,0.,0.));
#5458 = DIRECTION('',(0.,1.,0.));
#5459 = ADVANCED_FACE('',(#5460),#5471,.F.);
#5460 = FACE_BOUND('',#5461,.F.);
#5461 = EDGE_LOOP('',(#5462,#5463,#5464,#5470));
#5462 = ORIENTED_EDGE('',*,*,#2387,.T.);
#5463 = ORIENTED_EDGE('',*,*,#5449,.T.);
#5464 = ORIENTED_EDGE('',*,*,#5465,.T.);
#5465 = EDGE_CURVE('',#5442,#5386,#5466,.T.);
#5466 = LINE('',#5467,#5468);
#5467 = CARTESIAN_POINT('',(2.86,-9.84,7.8));
#5468 = VECTOR('',#5469,1.);
#5469 = DIRECTION('',(-1.,0.,0.));
#5470 = ORIENTED_EDGE('',*,*,#5385,.F.);
#5471 = PLANE('',#5472);
#5472 = AXIS2_PLACEMENT_3D('',#5473,#5474,#5475);
#5473 = CARTESIAN_POINT('',(2.86,-9.84,-3.));
#5474 = DIRECTION('',(0.,-1.,0.));
#5475 = DIRECTION('',(-1.,0.,0.));
#5476 = ADVANCED_FACE('',(#5477),#5502,.F.);
#5477 = FACE_BOUND('',#5478,.F.);
#5478 = EDGE_LOOP('',(#5479,#5480,#5488,#5496));
#5479 = ORIENTED_EDGE('',*,*,#2411,.T.);
#5480 = ORIENTED_EDGE('',*,*,#5481,.T.);
#5481 = EDGE_CURVE('',#2414,#5482,#5484,.T.);
#5482 = VERTEX_POINT('',#5483);
#5483 = CARTESIAN_POINT('',(2.22,-13.02,7.8));
#5484 = LINE('',#5485,#5486);
#5485 = CARTESIAN_POINT('',(2.22,-13.02,-3.));
#5486 = VECTOR('',#5487,1.);
#5487 = DIRECTION('',(0.,0.,1.));
#5488 = ORIENTED_EDGE('',*,*,#5489,.T.);
#5489 = EDGE_CURVE('',#5482,#5490,#5492,.T.);
#5490 = VERTEX_POINT('',#5491);
#5491 = CARTESIAN_POINT('',(2.86,-13.02,7.8));
#5492 = LINE('',#5493,#5494);
#5493 = CARTESIAN_POINT('',(2.22,-13.02,7.8));
#5494 = VECTOR('',#5495,1.);
#5495 = DIRECTION('',(1.,0.,0.));
#5496 = ORIENTED_EDGE('',*,*,#5497,.F.);
#5497 = EDGE_CURVE('',#2412,#5490,#5498,.T.);
#5498 = LINE('',#5499,#5500);
#5499 = CARTESIAN_POINT('',(2.86,-13.02,-3.));
#5500 = VECTOR('',#5501,1.);
#5501 = DIRECTION('',(0.,0.,1.));
#5502 = PLANE('',#5503);
#5503 = AXIS2_PLACEMENT_3D('',#5504,#5505,#5506);
#5504 = CARTESIAN_POINT('',(2.22,-13.02,-3.));
#5505 = DIRECTION('',(0.,1.,0.));
#5506 = DIRECTION('',(1.,0.,0.));
#5507 = ADVANCED_FACE('',(#5508),#5526,.F.);
#5508 = FACE_BOUND('',#5509,.F.);
#5509 = EDGE_LOOP('',(#5510,#5511,#5512,#5520));
#5510 = ORIENTED_EDGE('',*,*,#2437,.T.);
#5511 = ORIENTED_EDGE('',*,*,#5497,.T.);
#5512 = ORIENTED_EDGE('',*,*,#5513,.T.);
#5513 = EDGE_CURVE('',#5490,#5514,#5516,.T.);
#5514 = VERTEX_POINT('',#5515);
#5515 = CARTESIAN_POINT('',(2.86,-12.38,7.8));
#5516 = LINE('',#5517,#5518);
#5517 = CARTESIAN_POINT('',(2.86,-13.02,7.8));
#5518 = VECTOR('',#5519,1.);
#5519 = DIRECTION('',(0.,1.,0.));
#5520 = ORIENTED_EDGE('',*,*,#5521,.F.);
#5521 = EDGE_CURVE('',#2430,#5514,#5522,.T.);
#5522 = LINE('',#5523,#5524);
#5523 = CARTESIAN_POINT('',(2.86,-12.38,-3.));
#5524 = VECTOR('',#5525,1.);
#5525 = DIRECTION('',(0.,0.,1.));
#5526 = PLANE('',#5527);
#5527 = AXIS2_PLACEMENT_3D('',#5528,#5529,#5530);
#5528 = CARTESIAN_POINT('',(2.86,-13.02,-3.));
#5529 = DIRECTION('',(-1.,0.,0.));
#5530 = DIRECTION('',(0.,1.,0.));
#5531 = ADVANCED_FACE('',(#5532),#5550,.F.);
#5532 = FACE_BOUND('',#5533,.F.);
#5533 = EDGE_LOOP('',(#5534,#5535,#5536,#5544));
#5534 = ORIENTED_EDGE('',*,*,#2429,.T.);
#5535 = ORIENTED_EDGE('',*,*,#5521,.T.);
#5536 = ORIENTED_EDGE('',*,*,#5537,.T.);
#5537 = EDGE_CURVE('',#5514,#5538,#5540,.T.);
#5538 = VERTEX_POINT('',#5539);
#5539 = CARTESIAN_POINT('',(2.22,-12.38,7.8));
#5540 = LINE('',#5541,#5542);
#5541 = CARTESIAN_POINT('',(2.86,-12.38,7.8));
#5542 = VECTOR('',#5543,1.);
#5543 = DIRECTION('',(-1.,0.,0.));
#5544 = ORIENTED_EDGE('',*,*,#5545,.F.);
#5545 = EDGE_CURVE('',#2422,#5538,#5546,.T.);
#5546 = LINE('',#5547,#5548);
#5547 = CARTESIAN_POINT('',(2.22,-12.38,-3.));
#5548 = VECTOR('',#5549,1.);
#5549 = DIRECTION('',(0.,0.,1.));
#5550 = PLANE('',#5551);
#5551 = AXIS2_PLACEMENT_3D('',#5552,#5553,#5554);
#5552 = CARTESIAN_POINT('',(2.86,-12.38,-3.));
#5553 = DIRECTION('',(0.,-1.,0.));
#5554 = DIRECTION('',(-1.,0.,0.));
#5555 = ADVANCED_FACE('',(#5556),#5567,.F.);
#5556 = FACE_BOUND('',#5557,.F.);
#5557 = EDGE_LOOP('',(#5558,#5559,#5560,#5566));
#5558 = ORIENTED_EDGE('',*,*,#2421,.T.);
#5559 = ORIENTED_EDGE('',*,*,#5545,.T.);
#5560 = ORIENTED_EDGE('',*,*,#5561,.T.);
#5561 = EDGE_CURVE('',#5538,#5482,#5562,.T.);
#5562 = LINE('',#5563,#5564);
#5563 = CARTESIAN_POINT('',(2.22,-12.38,7.8));
#5564 = VECTOR('',#5565,1.);
#5565 = DIRECTION('',(0.,-1.,0.));
#5566 = ORIENTED_EDGE('',*,*,#5481,.F.);
#5567 = PLANE('',#5568);
#5568 = AXIS2_PLACEMENT_3D('',#5569,#5570,#5571);
#5569 = CARTESIAN_POINT('',(2.22,-12.38,-3.));
#5570 = DIRECTION('',(1.,0.,0.));
#5571 = DIRECTION('',(0.,-1.,0.));
#5572 = ADVANCED_FACE('',(#5573),#5598,.F.);
#5573 = FACE_BOUND('',#5574,.F.);
#5574 = EDGE_LOOP('',(#5575,#5576,#5584,#5592));
#5575 = ORIENTED_EDGE('',*,*,#2445,.T.);
#5576 = ORIENTED_EDGE('',*,*,#5577,.T.);
#5577 = EDGE_CURVE('',#2448,#5578,#5580,.T.);
#5578 = VERTEX_POINT('',#5579);
#5579 = CARTESIAN_POINT('',(2.86,-2.22,7.8));
#5580 = LINE('',#5581,#5582);
#5581 = CARTESIAN_POINT('',(2.86,-2.22,-3.));
#5582 = VECTOR('',#5583,1.);
#5583 = DIRECTION('',(0.,0.,1.));
#5584 = ORIENTED_EDGE('',*,*,#5585,.T.);
#5585 = EDGE_CURVE('',#5578,#5586,#5588,.T.);
#5586 = VERTEX_POINT('',#5587);
#5587 = CARTESIAN_POINT('',(2.22,-2.22,7.8));
#5588 = LINE('',#5589,#5590);
#5589 = CARTESIAN_POINT('',(2.86,-2.22,7.8));
#5590 = VECTOR('',#5591,1.);
#5591 = DIRECTION('',(-1.,0.,0.));
#5592 = ORIENTED_EDGE('',*,*,#5593,.F.);
#5593 = EDGE_CURVE('',#2446,#5586,#5594,.T.);
#5594 = LINE('',#5595,#5596);
#5595 = CARTESIAN_POINT('',(2.22,-2.22,-3.));
#5596 = VECTOR('',#5597,1.);
#5597 = DIRECTION('',(0.,0.,1.));
#5598 = PLANE('',#5599);
#5599 = AXIS2_PLACEMENT_3D('',#5600,#5601,#5602);
#5600 = CARTESIAN_POINT('',(2.86,-2.22,-3.));
#5601 = DIRECTION('',(0.,-1.,0.));
#5602 = DIRECTION('',(-1.,0.,0.));
#5603 = ADVANCED_FACE('',(#5604),#5622,.F.);
#5604 = FACE_BOUND('',#5605,.F.);
#5605 = EDGE_LOOP('',(#5606,#5607,#5608,#5616));
#5606 = ORIENTED_EDGE('',*,*,#2471,.T.);
#5607 = ORIENTED_EDGE('',*,*,#5593,.T.);
#5608 = ORIENTED_EDGE('',*,*,#5609,.T.);
#5609 = EDGE_CURVE('',#5586,#5610,#5612,.T.);
#5610 = VERTEX_POINT('',#5611);
#5611 = CARTESIAN_POINT('',(2.22,-2.86,7.8));
#5612 = LINE('',#5613,#5614);
#5613 = CARTESIAN_POINT('',(2.22,-2.22,7.8));
#5614 = VECTOR('',#5615,1.);
#5615 = DIRECTION('',(0.,-1.,0.));
#5616 = ORIENTED_EDGE('',*,*,#5617,.F.);
#5617 = EDGE_CURVE('',#2464,#5610,#5618,.T.);
#5618 = LINE('',#5619,#5620);
#5619 = CARTESIAN_POINT('',(2.22,-2.86,-3.));
#5620 = VECTOR('',#5621,1.);
#5621 = DIRECTION('',(0.,0.,1.));
#5622 = PLANE('',#5623);
#5623 = AXIS2_PLACEMENT_3D('',#5624,#5625,#5626);
#5624 = CARTESIAN_POINT('',(2.22,-2.22,-3.));
#5625 = DIRECTION('',(1.,0.,0.));
#5626 = DIRECTION('',(0.,-1.,0.));
#5627 = ADVANCED_FACE('',(#5628),#5646,.F.);
#5628 = FACE_BOUND('',#5629,.F.);
#5629 = EDGE_LOOP('',(#5630,#5631,#5632,#5640));
#5630 = ORIENTED_EDGE('',*,*,#2463,.T.);
#5631 = ORIENTED_EDGE('',*,*,#5617,.T.);
#5632 = ORIENTED_EDGE('',*,*,#5633,.T.);
#5633 = EDGE_CURVE('',#5610,#5634,#5636,.T.);
#5634 = VERTEX_POINT('',#5635);
#5635 = CARTESIAN_POINT('',(2.86,-2.86,7.8));
#5636 = LINE('',#5637,#5638);
#5637 = CARTESIAN_POINT('',(2.22,-2.86,7.8));
#5638 = VECTOR('',#5639,1.);
#5639 = DIRECTION('',(1.,0.,0.));
#5640 = ORIENTED_EDGE('',*,*,#5641,.F.);
#5641 = EDGE_CURVE('',#2456,#5634,#5642,.T.);
#5642 = LINE('',#5643,#5644);
#5643 = CARTESIAN_POINT('',(2.86,-2.86,-3.));
#5644 = VECTOR('',#5645,1.);
#5645 = DIRECTION('',(0.,0.,1.));
#5646 = PLANE('',#5647);
#5647 = AXIS2_PLACEMENT_3D('',#5648,#5649,#5650);
#5648 = CARTESIAN_POINT('',(2.22,-2.86,-3.));
#5649 = DIRECTION('',(0.,1.,0.));
#5650 = DIRECTION('',(1.,0.,0.));
#5651 = ADVANCED_FACE('',(#5652),#5663,.F.);
#5652 = FACE_BOUND('',#5653,.F.);
#5653 = EDGE_LOOP('',(#5654,#5655,#5656,#5662));
#5654 = ORIENTED_EDGE('',*,*,#2455,.T.);
#5655 = ORIENTED_EDGE('',*,*,#5641,.T.);
#5656 = ORIENTED_EDGE('',*,*,#5657,.T.);
#5657 = EDGE_CURVE('',#5634,#5578,#5658,.T.);
#5658 = LINE('',#5659,#5660);
#5659 = CARTESIAN_POINT('',(2.86,-2.86,7.8));
#5660 = VECTOR('',#5661,1.);
#5661 = DIRECTION('',(0.,1.,0.));
#5662 = ORIENTED_EDGE('',*,*,#5577,.F.);
#5663 = PLANE('',#5664);
#5664 = AXIS2_PLACEMENT_3D('',#5665,#5666,#5667);
#5665 = CARTESIAN_POINT('',(2.86,-2.86,-3.));
#5666 = DIRECTION('',(-1.,0.,0.));
#5667 = DIRECTION('',(0.,1.,0.));
#5668 = ADVANCED_FACE('',(#5669),#5694,.F.);
#5669 = FACE_BOUND('',#5670,.F.);
#5670 = EDGE_LOOP('',(#5671,#5672,#5680,#5688));
#5671 = ORIENTED_EDGE('',*,*,#2479,.T.);
#5672 = ORIENTED_EDGE('',*,*,#5673,.T.);
#5673 = EDGE_CURVE('',#2482,#5674,#5676,.T.);
#5674 = VERTEX_POINT('',#5675);
#5675 = CARTESIAN_POINT('',(2.86,-5.4,7.8));
#5676 = LINE('',#5677,#5678);
#5677 = CARTESIAN_POINT('',(2.86,-5.4,-3.));
#5678 = VECTOR('',#5679,1.);
#5679 = DIRECTION('',(0.,0.,1.));
#5680 = ORIENTED_EDGE('',*,*,#5681,.T.);
#5681 = EDGE_CURVE('',#5674,#5682,#5684,.T.);
#5682 = VERTEX_POINT('',#5683);
#5683 = CARTESIAN_POINT('',(2.86,-4.76,7.8));
#5684 = LINE('',#5685,#5686);
#5685 = CARTESIAN_POINT('',(2.86,-5.4,7.8));
#5686 = VECTOR('',#5687,1.);
#5687 = DIRECTION('',(0.,1.,0.));
#5688 = ORIENTED_EDGE('',*,*,#5689,.F.);
#5689 = EDGE_CURVE('',#2480,#5682,#5690,.T.);
#5690 = LINE('',#5691,#5692);
#5691 = CARTESIAN_POINT('',(2.86,-4.76,-3.));
#5692 = VECTOR('',#5693,1.);
#5693 = DIRECTION('',(0.,0.,1.));
#5694 = PLANE('',#5695);
#5695 = AXIS2_PLACEMENT_3D('',#5696,#5697,#5698);
#5696 = CARTESIAN_POINT('',(2.86,-5.4,-3.));
#5697 = DIRECTION('',(-1.,0.,0.));
#5698 = DIRECTION('',(0.,1.,0.));
#5699 = ADVANCED_FACE('',(#5700),#5718,.F.);
#5700 = FACE_BOUND('',#5701,.F.);
#5701 = EDGE_LOOP('',(#5702,#5703,#5704,#5712));
#5702 = ORIENTED_EDGE('',*,*,#2505,.T.);
#5703 = ORIENTED_EDGE('',*,*,#5689,.T.);
#5704 = ORIENTED_EDGE('',*,*,#5705,.T.);
#5705 = EDGE_CURVE('',#5682,#5706,#5708,.T.);
#5706 = VERTEX_POINT('',#5707);
#5707 = CARTESIAN_POINT('',(2.22,-4.76,7.8));
#5708 = LINE('',#5709,#5710);
#5709 = CARTESIAN_POINT('',(2.86,-4.76,7.8));
#5710 = VECTOR('',#5711,1.);
#5711 = DIRECTION('',(-1.,0.,0.));
#5712 = ORIENTED_EDGE('',*,*,#5713,.F.);
#5713 = EDGE_CURVE('',#2498,#5706,#5714,.T.);
#5714 = LINE('',#5715,#5716);
#5715 = CARTESIAN_POINT('',(2.22,-4.76,-3.));
#5716 = VECTOR('',#5717,1.);
#5717 = DIRECTION('',(0.,0.,1.));
#5718 = PLANE('',#5719);
#5719 = AXIS2_PLACEMENT_3D('',#5720,#5721,#5722);
#5720 = CARTESIAN_POINT('',(2.86,-4.76,-3.));
#5721 = DIRECTION('',(0.,-1.,0.));
#5722 = DIRECTION('',(-1.,0.,0.));
#5723 = ADVANCED_FACE('',(#5724),#5742,.F.);
#5724 = FACE_BOUND('',#5725,.F.);
#5725 = EDGE_LOOP('',(#5726,#5727,#5728,#5736));
#5726 = ORIENTED_EDGE('',*,*,#2497,.T.);
#5727 = ORIENTED_EDGE('',*,*,#5713,.T.);
#5728 = ORIENTED_EDGE('',*,*,#5729,.T.);
#5729 = EDGE_CURVE('',#5706,#5730,#5732,.T.);
#5730 = VERTEX_POINT('',#5731);
#5731 = CARTESIAN_POINT('',(2.22,-5.4,7.8));
#5732 = LINE('',#5733,#5734);
#5733 = CARTESIAN_POINT('',(2.22,-4.76,7.8));
#5734 = VECTOR('',#5735,1.);
#5735 = DIRECTION('',(0.,-1.,0.));
#5736 = ORIENTED_EDGE('',*,*,#5737,.F.);
#5737 = EDGE_CURVE('',#2490,#5730,#5738,.T.);
#5738 = LINE('',#5739,#5740);
#5739 = CARTESIAN_POINT('',(2.22,-5.4,-3.));
#5740 = VECTOR('',#5741,1.);
#5741 = DIRECTION('',(0.,0.,1.));
#5742 = PLANE('',#5743);
#5743 = AXIS2_PLACEMENT_3D('',#5744,#5745,#5746);
#5744 = CARTESIAN_POINT('',(2.22,-4.76,-3.));
#5745 = DIRECTION('',(1.,0.,0.));
#5746 = DIRECTION('',(0.,-1.,0.));
#5747 = ADVANCED_FACE('',(#5748),#5759,.F.);
#5748 = FACE_BOUND('',#5749,.F.);
#5749 = EDGE_LOOP('',(#5750,#5751,#5752,#5758));
#5750 = ORIENTED_EDGE('',*,*,#2489,.T.);
#5751 = ORIENTED_EDGE('',*,*,#5737,.T.);
#5752 = ORIENTED_EDGE('',*,*,#5753,.T.);
#5753 = EDGE_CURVE('',#5730,#5674,#5754,.T.);
#5754 = LINE('',#5755,#5756);
#5755 = CARTESIAN_POINT('',(2.22,-5.4,7.8));
#5756 = VECTOR('',#5757,1.);
#5757 = DIRECTION('',(1.,0.,0.));
#5758 = ORIENTED_EDGE('',*,*,#5673,.F.);
#5759 = PLANE('',#5760);
#5760 = AXIS2_PLACEMENT_3D('',#5761,#5762,#5763);
#5761 = CARTESIAN_POINT('',(2.22,-5.4,-3.));
#5762 = DIRECTION('',(0.,1.,0.));
#5763 = DIRECTION('',(1.,0.,0.));
#5764 = ADVANCED_FACE('',(#5765),#5790,.F.);
#5765 = FACE_BOUND('',#5766,.F.);
#5766 = EDGE_LOOP('',(#5767,#5768,#5776,#5784));
#5767 = ORIENTED_EDGE('',*,*,#2513,.T.);
#5768 = ORIENTED_EDGE('',*,*,#5769,.T.);
#5769 = EDGE_CURVE('',#2516,#5770,#5772,.T.);
#5770 = VERTEX_POINT('',#5771);
#5771 = CARTESIAN_POINT('',(2.22,-7.3,7.8));
#5772 = LINE('',#5773,#5774);
#5773 = CARTESIAN_POINT('',(2.22,-7.3,-3.));
#5774 = VECTOR('',#5775,1.);
#5775 = DIRECTION('',(0.,0.,1.));
#5776 = ORIENTED_EDGE('',*,*,#5777,.T.);
#5777 = EDGE_CURVE('',#5770,#5778,#5780,.T.);
#5778 = VERTEX_POINT('',#5779);
#5779 = CARTESIAN_POINT('',(2.22,-7.94,7.8));
#5780 = LINE('',#5781,#5782);
#5781 = CARTESIAN_POINT('',(2.22,-7.3,7.8));
#5782 = VECTOR('',#5783,1.);
#5783 = DIRECTION('',(0.,-1.,0.));
#5784 = ORIENTED_EDGE('',*,*,#5785,.F.);
#5785 = EDGE_CURVE('',#2514,#5778,#5786,.T.);
#5786 = LINE('',#5787,#5788);
#5787 = CARTESIAN_POINT('',(2.22,-7.94,-3.));
#5788 = VECTOR('',#5789,1.);
#5789 = DIRECTION('',(0.,0.,1.));
#5790 = PLANE('',#5791);
#5791 = AXIS2_PLACEMENT_3D('',#5792,#5793,#5794);
#5792 = CARTESIAN_POINT('',(2.22,-7.3,-3.));
#5793 = DIRECTION('',(1.,0.,0.));
#5794 = DIRECTION('',(0.,-1.,0.));
#5795 = ADVANCED_FACE('',(#5796),#5814,.F.);
#5796 = FACE_BOUND('',#5797,.F.);
#5797 = EDGE_LOOP('',(#5798,#5799,#5800,#5808));
#5798 = ORIENTED_EDGE('',*,*,#2539,.T.);
#5799 = ORIENTED_EDGE('',*,*,#5785,.T.);
#5800 = ORIENTED_EDGE('',*,*,#5801,.T.);
#5801 = EDGE_CURVE('',#5778,#5802,#5804,.T.);
#5802 = VERTEX_POINT('',#5803);
#5803 = CARTESIAN_POINT('',(2.86,-7.94,7.8));
#5804 = LINE('',#5805,#5806);
#5805 = CARTESIAN_POINT('',(2.22,-7.94,7.8));
#5806 = VECTOR('',#5807,1.);
#5807 = DIRECTION('',(1.,0.,0.));
#5808 = ORIENTED_EDGE('',*,*,#5809,.F.);
#5809 = EDGE_CURVE('',#2532,#5802,#5810,.T.);
#5810 = LINE('',#5811,#5812);
#5811 = CARTESIAN_POINT('',(2.86,-7.94,-3.));
#5812 = VECTOR('',#5813,1.);
#5813 = DIRECTION('',(0.,0.,1.));
#5814 = PLANE('',#5815);
#5815 = AXIS2_PLACEMENT_3D('',#5816,#5817,#5818);
#5816 = CARTESIAN_POINT('',(2.22,-7.94,-3.));
#5817 = DIRECTION('',(0.,1.,0.));
#5818 = DIRECTION('',(1.,0.,0.));
#5819 = ADVANCED_FACE('',(#5820),#5838,.F.);
#5820 = FACE_BOUND('',#5821,.F.);
#5821 = EDGE_LOOP('',(#5822,#5823,#5824,#5832));
#5822 = ORIENTED_EDGE('',*,*,#2531,.T.);
#5823 = ORIENTED_EDGE('',*,*,#5809,.T.);
#5824 = ORIENTED_EDGE('',*,*,#5825,.T.);
#5825 = EDGE_CURVE('',#5802,#5826,#5828,.T.);
#5826 = VERTEX_POINT('',#5827);
#5827 = CARTESIAN_POINT('',(2.86,-7.3,7.8));
#5828 = LINE('',#5829,#5830);
#5829 = CARTESIAN_POINT('',(2.86,-7.94,7.8));
#5830 = VECTOR('',#5831,1.);
#5831 = DIRECTION('',(0.,1.,0.));
#5832 = ORIENTED_EDGE('',*,*,#5833,.F.);
#5833 = EDGE_CURVE('',#2524,#5826,#5834,.T.);
#5834 = LINE('',#5835,#5836);
#5835 = CARTESIAN_POINT('',(2.86,-7.3,-3.));
#5836 = VECTOR('',#5837,1.);
#5837 = DIRECTION('',(0.,0.,1.));
#5838 = PLANE('',#5839);
#5839 = AXIS2_PLACEMENT_3D('',#5840,#5841,#5842);
#5840 = CARTESIAN_POINT('',(2.86,-7.94,-3.));
#5841 = DIRECTION('',(-1.,0.,0.));
#5842 = DIRECTION('',(0.,1.,0.));
#5843 = ADVANCED_FACE('',(#5844),#5855,.F.);
#5844 = FACE_BOUND('',#5845,.F.);
#5845 = EDGE_LOOP('',(#5846,#5847,#5848,#5854));
#5846 = ORIENTED_EDGE('',*,*,#2523,.T.);
#5847 = ORIENTED_EDGE('',*,*,#5833,.T.);
#5848 = ORIENTED_EDGE('',*,*,#5849,.T.);
#5849 = EDGE_CURVE('',#5826,#5770,#5850,.T.);
#5850 = LINE('',#5851,#5852);
#5851 = CARTESIAN_POINT('',(2.86,-7.3,7.8));
#5852 = VECTOR('',#5853,1.);
#5853 = DIRECTION('',(-1.,0.,0.));
#5854 = ORIENTED_EDGE('',*,*,#5769,.F.);
#5855 = PLANE('',#5856);
#5856 = AXIS2_PLACEMENT_3D('',#5857,#5858,#5859);
#5857 = CARTESIAN_POINT('',(2.86,-7.3,-3.));
#5858 = DIRECTION('',(0.,-1.,0.));
#5859 = DIRECTION('',(-1.,0.,0.));
#5860 = ADVANCED_FACE('',(#5861),#5886,.F.);
#5861 = FACE_BOUND('',#5862,.F.);
#5862 = EDGE_LOOP('',(#5863,#5864,#5872,#5880));
#5863 = ORIENTED_EDGE('',*,*,#2547,.T.);
#5864 = ORIENTED_EDGE('',*,*,#5865,.T.);
#5865 = EDGE_CURVE('',#2550,#5866,#5868,.T.);
#5866 = VERTEX_POINT('',#5867);
#5867 = CARTESIAN_POINT('',(2.22,0.32,7.8));
#5868 = LINE('',#5869,#5870);
#5869 = CARTESIAN_POINT('',(2.22,0.32,-3.));
#5870 = VECTOR('',#5871,1.);
#5871 = DIRECTION('',(0.,0.,1.));
#5872 = ORIENTED_EDGE('',*,*,#5873,.T.);
#5873 = EDGE_CURVE('',#5866,#5874,#5876,.T.);
#5874 = VERTEX_POINT('',#5875);
#5875 = CARTESIAN_POINT('',(2.22,-0.32,7.8));
#5876 = LINE('',#5877,#5878);
#5877 = CARTESIAN_POINT('',(2.22,0.32,7.8));
#5878 = VECTOR('',#5879,1.);
#5879 = DIRECTION('',(0.,-1.,0.));
#5880 = ORIENTED_EDGE('',*,*,#5881,.F.);
#5881 = EDGE_CURVE('',#2548,#5874,#5882,.T.);
#5882 = LINE('',#5883,#5884);
#5883 = CARTESIAN_POINT('',(2.22,-0.32,-3.));
#5884 = VECTOR('',#5885,1.);
#5885 = DIRECTION('',(0.,0.,1.));
#5886 = PLANE('',#5887);
#5887 = AXIS2_PLACEMENT_3D('',#5888,#5889,#5890);
#5888 = CARTESIAN_POINT('',(2.22,0.32,-3.));
#5889 = DIRECTION('',(1.,0.,0.));
#5890 = DIRECTION('',(0.,-1.,0.));
#5891 = ADVANCED_FACE('',(#5892),#5910,.F.);
#5892 = FACE_BOUND('',#5893,.F.);
#5893 = EDGE_LOOP('',(#5894,#5895,#5896,#5904));
#5894 = ORIENTED_EDGE('',*,*,#2573,.T.);
#5895 = ORIENTED_EDGE('',*,*,#5881,.T.);
#5896 = ORIENTED_EDGE('',*,*,#5897,.T.);
#5897 = EDGE_CURVE('',#5874,#5898,#5900,.T.);
#5898 = VERTEX_POINT('',#5899);
#5899 = CARTESIAN_POINT('',(2.86,-0.32,7.8));
#5900 = LINE('',#5901,#5902);
#5901 = CARTESIAN_POINT('',(2.22,-0.32,7.8));
#5902 = VECTOR('',#5903,1.);
#5903 = DIRECTION('',(1.,0.,0.));
#5904 = ORIENTED_EDGE('',*,*,#5905,.F.);
#5905 = EDGE_CURVE('',#2566,#5898,#5906,.T.);
#5906 = LINE('',#5907,#5908);
#5907 = CARTESIAN_POINT('',(2.86,-0.32,-3.));
#5908 = VECTOR('',#5909,1.);
#5909 = DIRECTION('',(0.,0.,1.));
#5910 = PLANE('',#5911);
#5911 = AXIS2_PLACEMENT_3D('',#5912,#5913,#5914);
#5912 = CARTESIAN_POINT('',(2.22,-0.32,-3.));
#5913 = DIRECTION('',(0.,1.,0.));
#5914 = DIRECTION('',(1.,0.,0.));
#5915 = ADVANCED_FACE('',(#5916),#5934,.F.);
#5916 = FACE_BOUND('',#5917,.F.);
#5917 = EDGE_LOOP('',(#5918,#5919,#5920,#5928));
#5918 = ORIENTED_EDGE('',*,*,#2565,.T.);
#5919 = ORIENTED_EDGE('',*,*,#5905,.T.);
#5920 = ORIENTED_EDGE('',*,*,#5921,.T.);
#5921 = EDGE_CURVE('',#5898,#5922,#5924,.T.);
#5922 = VERTEX_POINT('',#5923);
#5923 = CARTESIAN_POINT('',(2.86,0.32,7.8));
#5924 = LINE('',#5925,#5926);
#5925 = CARTESIAN_POINT('',(2.86,-0.32,7.8));
#5926 = VECTOR('',#5927,1.);
#5927 = DIRECTION('',(0.,1.,0.));
#5928 = ORIENTED_EDGE('',*,*,#5929,.F.);
#5929 = EDGE_CURVE('',#2558,#5922,#5930,.T.);
#5930 = LINE('',#5931,#5932);
#5931 = CARTESIAN_POINT('',(2.86,0.32,-3.));
#5932 = VECTOR('',#5933,1.);
#5933 = DIRECTION('',(0.,0.,1.));
#5934 = PLANE('',#5935);
#5935 = AXIS2_PLACEMENT_3D('',#5936,#5937,#5938);
#5936 = CARTESIAN_POINT('',(2.86,-0.32,-3.));
#5937 = DIRECTION('',(-1.,0.,0.));
#5938 = DIRECTION('',(0.,1.,0.));
#5939 = ADVANCED_FACE('',(#5940),#5951,.F.);
#5940 = FACE_BOUND('',#5941,.F.);
#5941 = EDGE_LOOP('',(#5942,#5943,#5944,#5950));
#5942 = ORIENTED_EDGE('',*,*,#2557,.T.);
#5943 = ORIENTED_EDGE('',*,*,#5929,.T.);
#5944 = ORIENTED_EDGE('',*,*,#5945,.T.);
#5945 = EDGE_CURVE('',#5922,#5866,#5946,.T.);
#5946 = LINE('',#5947,#5948);
#5947 = CARTESIAN_POINT('',(2.86,0.32,7.8));
#5948 = VECTOR('',#5949,1.);
#5949 = DIRECTION('',(-1.,0.,0.));
#5950 = ORIENTED_EDGE('',*,*,#5865,.F.);
#5951 = PLANE('',#5952);
#5952 = AXIS2_PLACEMENT_3D('',#5953,#5954,#5955);
#5953 = CARTESIAN_POINT('',(2.86,0.32,-3.));
#5954 = DIRECTION('',(0.,-1.,0.));
#5955 = DIRECTION('',(-1.,0.,0.));
#5956 = ADVANCED_FACE('',(#5957),#5982,.F.);
#5957 = FACE_BOUND('',#5958,.F.);
#5958 = EDGE_LOOP('',(#5959,#5960,#5968,#5976));
#5959 = ORIENTED_EDGE('',*,*,#2581,.T.);
#5960 = ORIENTED_EDGE('',*,*,#5961,.T.);
#5961 = EDGE_CURVE('',#2584,#5962,#5964,.T.);
#5962 = VERTEX_POINT('',#5963);
#5963 = CARTESIAN_POINT('',(-0.32,0.32,7.8));
#5964 = LINE('',#5965,#5966);
#5965 = CARTESIAN_POINT('',(-0.32,0.32,-3.));
#5966 = VECTOR('',#5967,1.);
#5967 = DIRECTION('',(0.,0.,1.));
#5968 = ORIENTED_EDGE('',*,*,#5969,.T.);
#5969 = EDGE_CURVE('',#5962,#5970,#5972,.T.);
#5970 = VERTEX_POINT('',#5971);
#5971 = CARTESIAN_POINT('',(-0.32,-0.32,7.8));
#5972 = LINE('',#5973,#5974);
#5973 = CARTESIAN_POINT('',(-0.32,0.32,7.8));
#5974 = VECTOR('',#5975,1.);
#5975 = DIRECTION('',(0.,-1.,0.));
#5976 = ORIENTED_EDGE('',*,*,#5977,.F.);
#5977 = EDGE_CURVE('',#2582,#5970,#5978,.T.);
#5978 = LINE('',#5979,#5980);
#5979 = CARTESIAN_POINT('',(-0.32,-0.32,-3.));
#5980 = VECTOR('',#5981,1.);
#5981 = DIRECTION('',(0.,0.,1.));
#5982 = PLANE('',#5983);
#5983 = AXIS2_PLACEMENT_3D('',#5984,#5985,#5986);
#5984 = CARTESIAN_POINT('',(-0.32,0.32,-3.));
#5985 = DIRECTION('',(1.,0.,0.));
#5986 = DIRECTION('',(0.,-1.,0.));
#5987 = ADVANCED_FACE('',(#5988),#6006,.F.);
#5988 = FACE_BOUND('',#5989,.F.);
#5989 = EDGE_LOOP('',(#5990,#5991,#5992,#6000));
#5990 = ORIENTED_EDGE('',*,*,#2607,.T.);
#5991 = ORIENTED_EDGE('',*,*,#5977,.T.);
#5992 = ORIENTED_EDGE('',*,*,#5993,.T.);
#5993 = EDGE_CURVE('',#5970,#5994,#5996,.T.);
#5994 = VERTEX_POINT('',#5995);
#5995 = CARTESIAN_POINT('',(0.32,-0.32,7.8));
#5996 = LINE('',#5997,#5998);
#5997 = CARTESIAN_POINT('',(-0.32,-0.32,7.8));
#5998 = VECTOR('',#5999,1.);
#5999 = DIRECTION('',(1.,0.,0.));
#6000 = ORIENTED_EDGE('',*,*,#6001,.F.);
#6001 = EDGE_CURVE('',#2600,#5994,#6002,.T.);
#6002 = LINE('',#6003,#6004);
#6003 = CARTESIAN_POINT('',(0.32,-0.32,-3.));
#6004 = VECTOR('',#6005,1.);
#6005 = DIRECTION('',(0.,0.,1.));
#6006 = PLANE('',#6007);
#6007 = AXIS2_PLACEMENT_3D('',#6008,#6009,#6010);
#6008 = CARTESIAN_POINT('',(-0.32,-0.32,-3.));
#6009 = DIRECTION('',(0.,1.,0.));
#6010 = DIRECTION('',(1.,0.,0.));
#6011 = ADVANCED_FACE('',(#6012),#6030,.F.);
#6012 = FACE_BOUND('',#6013,.F.);
#6013 = EDGE_LOOP('',(#6014,#6015,#6016,#6024));
#6014 = ORIENTED_EDGE('',*,*,#2599,.T.);
#6015 = ORIENTED_EDGE('',*,*,#6001,.T.);
#6016 = ORIENTED_EDGE('',*,*,#6017,.T.);
#6017 = EDGE_CURVE('',#5994,#6018,#6020,.T.);
#6018 = VERTEX_POINT('',#6019);
#6019 = CARTESIAN_POINT('',(0.32,0.32,7.8));
#6020 = LINE('',#6021,#6022);
#6021 = CARTESIAN_POINT('',(0.32,-0.32,7.8));
#6022 = VECTOR('',#6023,1.);
#6023 = DIRECTION('',(0.,1.,0.));
#6024 = ORIENTED_EDGE('',*,*,#6025,.F.);
#6025 = EDGE_CURVE('',#2592,#6018,#6026,.T.);
#6026 = LINE('',#6027,#6028);
#6027 = CARTESIAN_POINT('',(0.32,0.32,-3.));
#6028 = VECTOR('',#6029,1.);
#6029 = DIRECTION('',(0.,0.,1.));
#6030 = PLANE('',#6031);
#6031 = AXIS2_PLACEMENT_3D('',#6032,#6033,#6034);
#6032 = CARTESIAN_POINT('',(0.32,-0.32,-3.));
#6033 = DIRECTION('',(-1.,0.,0.));
#6034 = DIRECTION('',(0.,1.,0.));
#6035 = ADVANCED_FACE('',(#6036),#6047,.F.);
#6036 = FACE_BOUND('',#6037,.F.);
#6037 = EDGE_LOOP('',(#6038,#6039,#6040,#6046));
#6038 = ORIENTED_EDGE('',*,*,#2591,.T.);
#6039 = ORIENTED_EDGE('',*,*,#6025,.T.);
#6040 = ORIENTED_EDGE('',*,*,#6041,.T.);
#6041 = EDGE_CURVE('',#6018,#5962,#6042,.T.);
#6042 = LINE('',#6043,#6044);
#6043 = CARTESIAN_POINT('',(0.32,0.32,7.8));
#6044 = VECTOR('',#6045,1.);
#6045 = DIRECTION('',(-1.,0.,0.));
#6046 = ORIENTED_EDGE('',*,*,#5961,.F.);
#6047 = PLANE('',#6048);
#6048 = AXIS2_PLACEMENT_3D('',#6049,#6050,#6051);
#6049 = CARTESIAN_POINT('',(0.32,0.32,-3.));
#6050 = DIRECTION('',(0.,-1.,0.));
#6051 = DIRECTION('',(-1.,0.,0.));
#6052 = ADVANCED_FACE('',(#6053),#6078,.T.);
#6053 = FACE_BOUND('',#6054,.F.);
#6054 = EDGE_LOOP('',(#6055,#6063,#6064,#6072));
#6055 = ORIENTED_EDGE('',*,*,#6056,.F.);
#6056 = EDGE_CURVE('',#2802,#6057,#6059,.T.);
#6057 = VERTEX_POINT('',#6058);
#6058 = CARTESIAN_POINT('',(-0.12,-7.5,-3.));
#6059 = LINE('',#6060,#6061);
#6060 = CARTESIAN_POINT('',(-0.146666666667,-7.473333333333,
    -2.973333333333));
#6061 = VECTOR('',#6062,1.);
#6062 = DIRECTION('',(0.57735026919,-0.57735026919,-0.57735026919));
#6063 = ORIENTED_EDGE('',*,*,#2801,.T.);
#6064 = ORIENTED_EDGE('',*,*,#6065,.T.);
#6065 = EDGE_CURVE('',#2804,#6066,#6068,.T.);
#6066 = VERTEX_POINT('',#6067);
#6067 = CARTESIAN_POINT('',(-0.12,-7.74,-3.));
#6068 = LINE('',#6069,#6070);
#6069 = CARTESIAN_POINT('',(-0.146666666667,-7.766666666667,
    -2.973333333333));
#6070 = VECTOR('',#6071,1.);
#6071 = DIRECTION('',(0.57735026919,0.57735026919,-0.57735026919));
#6072 = ORIENTED_EDGE('',*,*,#6073,.F.);
#6073 = EDGE_CURVE('',#6057,#6066,#6074,.T.);
#6074 = LINE('',#6075,#6076);
#6075 = CARTESIAN_POINT('',(-0.12,-7.3,-3.));
#6076 = VECTOR('',#6077,1.);
#6077 = DIRECTION('',(0.,-1.,0.));
#6078 = PLANE('',#6079);
#6079 = AXIS2_PLACEMENT_3D('',#6080,#6081,#6082);
#6080 = CARTESIAN_POINT('',(-0.22,-7.3,-2.9));
#6081 = DIRECTION('',(-0.707106781187,-1.735417226644E-18,
    -0.707106781187));
#6082 = DIRECTION('',(-1.227125289148E-18,1.,-1.227125289148E-18));
#6083 = ADVANCED_FACE('',(#6084),#6102,.T.);
#6084 = FACE_BOUND('',#6085,.F.);
#6085 = EDGE_LOOP('',(#6086,#6094,#6095,#6096));
#6086 = ORIENTED_EDGE('',*,*,#6087,.F.);
#6087 = EDGE_CURVE('',#2833,#6088,#6090,.T.);
#6088 = VERTEX_POINT('',#6089);
#6089 = CARTESIAN_POINT('',(0.12,-7.5,-3.));
#6090 = LINE('',#6091,#6092);
#6091 = CARTESIAN_POINT('',(0.146666666667,-7.473333333333,
    -2.973333333333));
#6092 = VECTOR('',#6093,1.);
#6093 = DIRECTION('',(-0.57735026919,-0.57735026919,-0.57735026919));
#6094 = ORIENTED_EDGE('',*,*,#2832,.T.);
#6095 = ORIENTED_EDGE('',*,*,#6056,.T.);
#6096 = ORIENTED_EDGE('',*,*,#6097,.F.);
#6097 = EDGE_CURVE('',#6088,#6057,#6098,.T.);
#6098 = LINE('',#6099,#6100);
#6099 = CARTESIAN_POINT('',(0.32,-7.5,-3.));
#6100 = VECTOR('',#6101,1.);
#6101 = DIRECTION('',(-1.,0.,0.));
#6102 = PLANE('',#6103);
#6103 = AXIS2_PLACEMENT_3D('',#6104,#6105,#6106);
#6104 = CARTESIAN_POINT('',(0.32,-7.4,-2.9));
#6105 = DIRECTION('',(-1.735417226644E-18,0.707106781187,-0.707106781187
    ));
#6106 = DIRECTION('',(1.,1.227125289148E-18,-1.227125289148E-18));
#6107 = ADVANCED_FACE('',(#6108),#6126,.T.);
#6108 = FACE_BOUND('',#6109,.F.);
#6109 = EDGE_LOOP('',(#6110,#6118,#6119,#6120));
#6110 = ORIENTED_EDGE('',*,*,#6111,.F.);
#6111 = EDGE_CURVE('',#2857,#6112,#6114,.T.);
#6112 = VERTEX_POINT('',#6113);
#6113 = CARTESIAN_POINT('',(0.12,-7.74,-3.));
#6114 = LINE('',#6115,#6116);
#6115 = CARTESIAN_POINT('',(0.146666666667,-7.766666666667,
    -2.973333333333));
#6116 = VECTOR('',#6117,1.);
#6117 = DIRECTION('',(-0.57735026919,0.57735026919,-0.57735026919));
#6118 = ORIENTED_EDGE('',*,*,#2856,.T.);
#6119 = ORIENTED_EDGE('',*,*,#6087,.T.);
#6120 = ORIENTED_EDGE('',*,*,#6121,.F.);
#6121 = EDGE_CURVE('',#6112,#6088,#6122,.T.);
#6122 = LINE('',#6123,#6124);
#6123 = CARTESIAN_POINT('',(0.12,-7.94,-3.));
#6124 = VECTOR('',#6125,1.);
#6125 = DIRECTION('',(0.,1.,0.));
#6126 = PLANE('',#6127);
#6127 = AXIS2_PLACEMENT_3D('',#6128,#6129,#6130);
#6128 = CARTESIAN_POINT('',(0.22,-7.94,-2.9));
#6129 = DIRECTION('',(0.707106781187,1.735417226644E-18,-0.707106781187)
  );
#6130 = DIRECTION('',(1.227125289148E-18,-1.,-1.227125289148E-18));
#6131 = ADVANCED_FACE('',(#6132),#6143,.T.);
#6132 = FACE_BOUND('',#6133,.F.);
#6133 = EDGE_LOOP('',(#6134,#6135,#6136,#6137));
#6134 = ORIENTED_EDGE('',*,*,#6065,.F.);
#6135 = ORIENTED_EDGE('',*,*,#2880,.T.);
#6136 = ORIENTED_EDGE('',*,*,#6111,.T.);
#6137 = ORIENTED_EDGE('',*,*,#6138,.F.);
#6138 = EDGE_CURVE('',#6066,#6112,#6139,.T.);
#6139 = LINE('',#6140,#6141);
#6140 = CARTESIAN_POINT('',(-0.32,-7.74,-3.));
#6141 = VECTOR('',#6142,1.);
#6142 = DIRECTION('',(1.,0.,0.));
#6143 = PLANE('',#6144);
#6144 = AXIS2_PLACEMENT_3D('',#6145,#6146,#6147);
#6145 = CARTESIAN_POINT('',(-0.32,-7.84,-2.9));
#6146 = DIRECTION('',(1.735417226644E-18,-0.707106781187,-0.707106781187
    ));
#6147 = DIRECTION('',(-1.,-1.227125289148E-18,-1.227125289148E-18));
#6148 = ADVANCED_FACE('',(#6149),#6174,.T.);
#6149 = FACE_BOUND('',#6150,.F.);
#6150 = EDGE_LOOP('',(#6151,#6159,#6160,#6168));
#6151 = ORIENTED_EDGE('',*,*,#6152,.F.);
#6152 = EDGE_CURVE('',#2898,#6153,#6155,.T.);
#6153 = VERTEX_POINT('',#6154);
#6154 = CARTESIAN_POINT('',(0.12,-5.2,-3.));
#6155 = LINE('',#6156,#6157);
#6156 = CARTESIAN_POINT('',(0.146666666667,-5.226666666667,
    -2.973333333333));
#6157 = VECTOR('',#6158,1.);
#6158 = DIRECTION('',(-0.57735026919,0.57735026919,-0.57735026919));
#6159 = ORIENTED_EDGE('',*,*,#2897,.T.);
#6160 = ORIENTED_EDGE('',*,*,#6161,.T.);
#6161 = EDGE_CURVE('',#2900,#6162,#6164,.T.);
#6162 = VERTEX_POINT('',#6163);
#6163 = CARTESIAN_POINT('',(0.12,-4.96,-3.));
#6164 = LINE('',#6165,#6166);
#6165 = CARTESIAN_POINT('',(0.146666666667,-4.933333333333,
    -2.973333333333));
#6166 = VECTOR('',#6167,1.);
#6167 = DIRECTION('',(-0.57735026919,-0.57735026919,-0.57735026919));
#6168 = ORIENTED_EDGE('',*,*,#6169,.F.);
#6169 = EDGE_CURVE('',#6153,#6162,#6170,.T.);
#6170 = LINE('',#6171,#6172);
#6171 = CARTESIAN_POINT('',(0.12,-5.4,-3.));
#6172 = VECTOR('',#6173,1.);
#6173 = DIRECTION('',(0.,1.,0.));
#6174 = PLANE('',#6175);
#6175 = AXIS2_PLACEMENT_3D('',#6176,#6177,#6178);
#6176 = CARTESIAN_POINT('',(0.22,-5.4,-2.9));
#6177 = DIRECTION('',(0.707106781187,1.735417226644E-18,-0.707106781187)
  );
#6178 = DIRECTION('',(1.227125289148E-18,-1.,-1.227125289148E-18));
#6179 = ADVANCED_FACE('',(#6180),#6198,.T.);
#6180 = FACE_BOUND('',#6181,.F.);
#6181 = EDGE_LOOP('',(#6182,#6190,#6191,#6192));
#6182 = ORIENTED_EDGE('',*,*,#6183,.F.);
#6183 = EDGE_CURVE('',#2929,#6184,#6186,.T.);
#6184 = VERTEX_POINT('',#6185);
#6185 = CARTESIAN_POINT('',(-0.12,-5.2,-3.));
#6186 = LINE('',#6187,#6188);
#6187 = CARTESIAN_POINT('',(-0.146666666667,-5.226666666667,
    -2.973333333333));
#6188 = VECTOR('',#6189,1.);
#6189 = DIRECTION('',(0.57735026919,0.57735026919,-0.57735026919));
#6190 = ORIENTED_EDGE('',*,*,#2928,.T.);
#6191 = ORIENTED_EDGE('',*,*,#6152,.T.);
#6192 = ORIENTED_EDGE('',*,*,#6193,.F.);
#6193 = EDGE_CURVE('',#6184,#6153,#6194,.T.);
#6194 = LINE('',#6195,#6196);
#6195 = CARTESIAN_POINT('',(-0.32,-5.2,-3.));
#6196 = VECTOR('',#6197,1.);
#6197 = DIRECTION('',(1.,0.,0.));
#6198 = PLANE('',#6199);
#6199 = AXIS2_PLACEMENT_3D('',#6200,#6201,#6202);
#6200 = CARTESIAN_POINT('',(-0.32,-5.3,-2.9));
#6201 = DIRECTION('',(1.735417226644E-18,-0.707106781187,-0.707106781187
    ));
#6202 = DIRECTION('',(-1.,-1.227125289148E-18,-1.227125289148E-18));
#6203 = ADVANCED_FACE('',(#6204),#6222,.T.);
#6204 = FACE_BOUND('',#6205,.F.);
#6205 = EDGE_LOOP('',(#6206,#6214,#6215,#6216));
#6206 = ORIENTED_EDGE('',*,*,#6207,.F.);
#6207 = EDGE_CURVE('',#2953,#6208,#6210,.T.);
#6208 = VERTEX_POINT('',#6209);
#6209 = CARTESIAN_POINT('',(-0.12,-4.96,-3.));
#6210 = LINE('',#6211,#6212);
#6211 = CARTESIAN_POINT('',(-0.146666666667,-4.933333333333,
    -2.973333333333));
#6212 = VECTOR('',#6213,1.);
#6213 = DIRECTION('',(0.57735026919,-0.57735026919,-0.57735026919));
#6214 = ORIENTED_EDGE('',*,*,#2952,.T.);
#6215 = ORIENTED_EDGE('',*,*,#6183,.T.);
#6216 = ORIENTED_EDGE('',*,*,#6217,.F.);
#6217 = EDGE_CURVE('',#6208,#6184,#6218,.T.);
#6218 = LINE('',#6219,#6220);
#6219 = CARTESIAN_POINT('',(-0.12,-4.76,-3.));
#6220 = VECTOR('',#6221,1.);
#6221 = DIRECTION('',(0.,-1.,0.));
#6222 = PLANE('',#6223);
#6223 = AXIS2_PLACEMENT_3D('',#6224,#6225,#6226);
#6224 = CARTESIAN_POINT('',(-0.22,-4.76,-2.9));
#6225 = DIRECTION('',(-0.707106781187,-1.735417226644E-18,
    -0.707106781187));
#6226 = DIRECTION('',(-1.227125289148E-18,1.,-1.227125289148E-18));
#6227 = ADVANCED_FACE('',(#6228),#6239,.T.);
#6228 = FACE_BOUND('',#6229,.F.);
#6229 = EDGE_LOOP('',(#6230,#6231,#6232,#6233));
#6230 = ORIENTED_EDGE('',*,*,#6161,.F.);
#6231 = ORIENTED_EDGE('',*,*,#2976,.T.);
#6232 = ORIENTED_EDGE('',*,*,#6207,.T.);
#6233 = ORIENTED_EDGE('',*,*,#6234,.F.);
#6234 = EDGE_CURVE('',#6162,#6208,#6235,.T.);
#6235 = LINE('',#6236,#6237);
#6236 = CARTESIAN_POINT('',(0.32,-4.96,-3.));
#6237 = VECTOR('',#6238,1.);
#6238 = DIRECTION('',(-1.,0.,0.));
#6239 = PLANE('',#6240);
#6240 = AXIS2_PLACEMENT_3D('',#6241,#6242,#6243);
#6241 = CARTESIAN_POINT('',(0.32,-4.86,-2.9));
#6242 = DIRECTION('',(-1.735417226644E-18,0.707106781187,-0.707106781187
    ));
#6243 = DIRECTION('',(1.,1.227125289148E-18,-1.227125289148E-18));
#6244 = ADVANCED_FACE('',(#6245),#6270,.T.);
#6245 = FACE_BOUND('',#6246,.F.);
#6246 = EDGE_LOOP('',(#6247,#6255,#6256,#6264));
#6247 = ORIENTED_EDGE('',*,*,#6248,.F.);
#6248 = EDGE_CURVE('',#2994,#6249,#6251,.T.);
#6249 = VERTEX_POINT('',#6250);
#6250 = CARTESIAN_POINT('',(-0.12,-2.66,-3.));
#6251 = LINE('',#6252,#6253);
#6252 = CARTESIAN_POINT('',(-0.146666666667,-2.686666666667,
    -2.973333333333));
#6253 = VECTOR('',#6254,1.);
#6254 = DIRECTION('',(0.57735026919,0.57735026919,-0.57735026919));
#6255 = ORIENTED_EDGE('',*,*,#2993,.T.);
#6256 = ORIENTED_EDGE('',*,*,#6257,.T.);
#6257 = EDGE_CURVE('',#2996,#6258,#6260,.T.);
#6258 = VERTEX_POINT('',#6259);
#6259 = CARTESIAN_POINT('',(0.12,-2.66,-3.));
#6260 = LINE('',#6261,#6262);
#6261 = CARTESIAN_POINT('',(0.146666666667,-2.686666666667,
    -2.973333333333));
#6262 = VECTOR('',#6263,1.);
#6263 = DIRECTION('',(-0.57735026919,0.57735026919,-0.57735026919));
#6264 = ORIENTED_EDGE('',*,*,#6265,.F.);
#6265 = EDGE_CURVE('',#6249,#6258,#6266,.T.);
#6266 = LINE('',#6267,#6268);
#6267 = CARTESIAN_POINT('',(-0.32,-2.66,-3.));
#6268 = VECTOR('',#6269,1.);
#6269 = DIRECTION('',(1.,0.,0.));
#6270 = PLANE('',#6271);
#6271 = AXIS2_PLACEMENT_3D('',#6272,#6273,#6274);
#6272 = CARTESIAN_POINT('',(-0.32,-2.76,-2.9));
#6273 = DIRECTION('',(1.735417226644E-18,-0.707106781187,-0.707106781187
    ));
#6274 = DIRECTION('',(-1.,-1.227125289148E-18,-1.227125289148E-18));
#6275 = ADVANCED_FACE('',(#6276),#6294,.T.);
#6276 = FACE_BOUND('',#6277,.F.);
#6277 = EDGE_LOOP('',(#6278,#6286,#6287,#6288));
#6278 = ORIENTED_EDGE('',*,*,#6279,.F.);
#6279 = EDGE_CURVE('',#3025,#6280,#6282,.T.);
#6280 = VERTEX_POINT('',#6281);
#6281 = CARTESIAN_POINT('',(-0.12,-2.42,-3.));
#6282 = LINE('',#6283,#6284);
#6283 = CARTESIAN_POINT('',(-0.146666666667,-2.393333333333,
    -2.973333333333));
#6284 = VECTOR('',#6285,1.);
#6285 = DIRECTION('',(0.57735026919,-0.57735026919,-0.57735026919));
#6286 = ORIENTED_EDGE('',*,*,#3024,.T.);
#6287 = ORIENTED_EDGE('',*,*,#6248,.T.);
#6288 = ORIENTED_EDGE('',*,*,#6289,.F.);
#6289 = EDGE_CURVE('',#6280,#6249,#6290,.T.);
#6290 = LINE('',#6291,#6292);
#6291 = CARTESIAN_POINT('',(-0.12,-2.22,-3.));
#6292 = VECTOR('',#6293,1.);
#6293 = DIRECTION('',(0.,-1.,0.));
#6294 = PLANE('',#6295);
#6295 = AXIS2_PLACEMENT_3D('',#6296,#6297,#6298);
#6296 = CARTESIAN_POINT('',(-0.22,-2.22,-2.9));
#6297 = DIRECTION('',(-0.707106781187,-1.735417226644E-18,
    -0.707106781187));
#6298 = DIRECTION('',(-1.227125289148E-18,1.,-1.227125289148E-18));
#6299 = ADVANCED_FACE('',(#6300),#6318,.T.);
#6300 = FACE_BOUND('',#6301,.F.);
#6301 = EDGE_LOOP('',(#6302,#6310,#6311,#6312));
#6302 = ORIENTED_EDGE('',*,*,#6303,.F.);
#6303 = EDGE_CURVE('',#3049,#6304,#6306,.T.);
#6304 = VERTEX_POINT('',#6305);
#6305 = CARTESIAN_POINT('',(0.12,-2.42,-3.));
#6306 = LINE('',#6307,#6308);
#6307 = CARTESIAN_POINT('',(0.146666666667,-2.393333333333,
    -2.973333333333));
#6308 = VECTOR('',#6309,1.);
#6309 = DIRECTION('',(-0.57735026919,-0.57735026919,-0.57735026919));
#6310 = ORIENTED_EDGE('',*,*,#3048,.T.);
#6311 = ORIENTED_EDGE('',*,*,#6279,.T.);
#6312 = ORIENTED_EDGE('',*,*,#6313,.F.);
#6313 = EDGE_CURVE('',#6304,#6280,#6314,.T.);
#6314 = LINE('',#6315,#6316);
#6315 = CARTESIAN_POINT('',(0.32,-2.42,-3.));
#6316 = VECTOR('',#6317,1.);
#6317 = DIRECTION('',(-1.,0.,0.));
#6318 = PLANE('',#6319);
#6319 = AXIS2_PLACEMENT_3D('',#6320,#6321,#6322);
#6320 = CARTESIAN_POINT('',(0.32,-2.32,-2.9));
#6321 = DIRECTION('',(-1.735417226644E-18,0.707106781187,-0.707106781187
    ));
#6322 = DIRECTION('',(1.,1.227125289148E-18,-1.227125289148E-18));
#6323 = ADVANCED_FACE('',(#6324),#6335,.T.);
#6324 = FACE_BOUND('',#6325,.F.);
#6325 = EDGE_LOOP('',(#6326,#6327,#6328,#6329));
#6326 = ORIENTED_EDGE('',*,*,#6257,.F.);
#6327 = ORIENTED_EDGE('',*,*,#3072,.T.);
#6328 = ORIENTED_EDGE('',*,*,#6303,.T.);
#6329 = ORIENTED_EDGE('',*,*,#6330,.F.);
#6330 = EDGE_CURVE('',#6258,#6304,#6331,.T.);
#6331 = LINE('',#6332,#6333);
#6332 = CARTESIAN_POINT('',(0.12,-2.86,-3.));
#6333 = VECTOR('',#6334,1.);
#6334 = DIRECTION('',(0.,1.,0.));
#6335 = PLANE('',#6336);
#6336 = AXIS2_PLACEMENT_3D('',#6337,#6338,#6339);
#6337 = CARTESIAN_POINT('',(0.22,-2.86,-2.9));
#6338 = DIRECTION('',(0.707106781187,1.735417226644E-18,-0.707106781187)
  );
#6339 = DIRECTION('',(1.227125289148E-18,-1.,-1.227125289148E-18));
#6340 = ADVANCED_FACE('',(#6341),#6344,.F.);
#6341 = FACE_BOUND('',#6342,.F.);
#6342 = EDGE_LOOP('',(#6343));
#6343 = ORIENTED_EDGE('',*,*,#3098,.T.);
#6344 = PLANE('',#6345);
#6345 = AXIS2_PLACEMENT_3D('',#6346,#6347,#6348);
#6346 = CARTESIAN_POINT('',(-1.58,2.6,0.));
#6347 = DIRECTION('',(0.,0.,1.));
#6348 = DIRECTION('',(1.,0.,-0.));
#6349 = ADVANCED_FACE('',(#6350),#6375,.T.);
#6350 = FACE_BOUND('',#6351,.F.);
#6351 = EDGE_LOOP('',(#6352,#6360,#6361,#6369));
#6352 = ORIENTED_EDGE('',*,*,#6353,.F.);
#6353 = EDGE_CURVE('',#3115,#6354,#6356,.T.);
#6354 = VERTEX_POINT('',#6355);
#6355 = CARTESIAN_POINT('',(0.12,-0.12,-3.));
#6356 = LINE('',#6357,#6358);
#6357 = CARTESIAN_POINT('',(0.146666666667,-0.146666666667,
    -2.973333333333));
#6358 = VECTOR('',#6359,1.);
#6359 = DIRECTION('',(-0.57735026919,0.57735026919,-0.57735026919));
#6360 = ORIENTED_EDGE('',*,*,#3114,.T.);
#6361 = ORIENTED_EDGE('',*,*,#6362,.T.);
#6362 = EDGE_CURVE('',#3117,#6363,#6365,.T.);
#6363 = VERTEX_POINT('',#6364);
#6364 = CARTESIAN_POINT('',(0.12,0.12,-3.));
#6365 = LINE('',#6366,#6367);
#6366 = CARTESIAN_POINT('',(0.146666666667,0.146666666667,
    -2.973333333333));
#6367 = VECTOR('',#6368,1.);
#6368 = DIRECTION('',(-0.57735026919,-0.57735026919,-0.57735026919));
#6369 = ORIENTED_EDGE('',*,*,#6370,.F.);
#6370 = EDGE_CURVE('',#6354,#6363,#6371,.T.);
#6371 = LINE('',#6372,#6373);
#6372 = CARTESIAN_POINT('',(0.12,-0.32,-3.));
#6373 = VECTOR('',#6374,1.);
#6374 = DIRECTION('',(0.,1.,0.));
#6375 = PLANE('',#6376);
#6376 = AXIS2_PLACEMENT_3D('',#6377,#6378,#6379);
#6377 = CARTESIAN_POINT('',(0.22,-0.32,-2.9));
#6378 = DIRECTION('',(0.707106781187,1.735417226644E-18,-0.707106781187)
  );
#6379 = DIRECTION('',(1.227125289148E-18,-1.,-1.227125289148E-18));
#6380 = ADVANCED_FACE('',(#6381),#6399,.T.);
#6381 = FACE_BOUND('',#6382,.F.);
#6382 = EDGE_LOOP('',(#6383,#6391,#6392,#6393));
#6383 = ORIENTED_EDGE('',*,*,#6384,.F.);
#6384 = EDGE_CURVE('',#3146,#6385,#6387,.T.);
#6385 = VERTEX_POINT('',#6386);
#6386 = CARTESIAN_POINT('',(-0.12,-0.12,-3.));
#6387 = LINE('',#6388,#6389);
#6388 = CARTESIAN_POINT('',(-0.146666666667,-0.146666666667,
    -2.973333333333));
#6389 = VECTOR('',#6390,1.);
#6390 = DIRECTION('',(0.57735026919,0.57735026919,-0.57735026919));
#6391 = ORIENTED_EDGE('',*,*,#3145,.T.);
#6392 = ORIENTED_EDGE('',*,*,#6353,.T.);
#6393 = ORIENTED_EDGE('',*,*,#6394,.F.);
#6394 = EDGE_CURVE('',#6385,#6354,#6395,.T.);
#6395 = LINE('',#6396,#6397);
#6396 = CARTESIAN_POINT('',(-0.32,-0.12,-3.));
#6397 = VECTOR('',#6398,1.);
#6398 = DIRECTION('',(1.,0.,0.));
#6399 = PLANE('',#6400);
#6400 = AXIS2_PLACEMENT_3D('',#6401,#6402,#6403);
#6401 = CARTESIAN_POINT('',(-0.32,-0.22,-2.9));
#6402 = DIRECTION('',(1.735417226644E-18,-0.707106781187,-0.707106781187
    ));
#6403 = DIRECTION('',(-1.,-1.227125289148E-18,-1.227125289148E-18));
#6404 = ADVANCED_FACE('',(#6405),#6423,.T.);
#6405 = FACE_BOUND('',#6406,.F.);
#6406 = EDGE_LOOP('',(#6407,#6415,#6416,#6417));
#6407 = ORIENTED_EDGE('',*,*,#6408,.F.);
#6408 = EDGE_CURVE('',#3170,#6409,#6411,.T.);
#6409 = VERTEX_POINT('',#6410);
#6410 = CARTESIAN_POINT('',(-0.12,0.12,-3.));
#6411 = LINE('',#6412,#6413);
#6412 = CARTESIAN_POINT('',(-0.146666666667,0.146666666667,
    -2.973333333333));
#6413 = VECTOR('',#6414,1.);
#6414 = DIRECTION('',(0.57735026919,-0.57735026919,-0.57735026919));
#6415 = ORIENTED_EDGE('',*,*,#3169,.T.);
#6416 = ORIENTED_EDGE('',*,*,#6384,.T.);
#6417 = ORIENTED_EDGE('',*,*,#6418,.F.);
#6418 = EDGE_CURVE('',#6409,#6385,#6419,.T.);
#6419 = LINE('',#6420,#6421);
#6420 = CARTESIAN_POINT('',(-0.12,0.32,-3.));
#6421 = VECTOR('',#6422,1.);
#6422 = DIRECTION('',(0.,-1.,0.));
#6423 = PLANE('',#6424);
#6424 = AXIS2_PLACEMENT_3D('',#6425,#6426,#6427);
#6425 = CARTESIAN_POINT('',(-0.22,0.32,-2.9));
#6426 = DIRECTION('',(-0.707106781187,-1.735417226644E-18,
    -0.707106781187));
#6427 = DIRECTION('',(-1.227125289148E-18,1.,-1.227125289148E-18));
#6428 = ADVANCED_FACE('',(#6429),#6440,.T.);
#6429 = FACE_BOUND('',#6430,.F.);
#6430 = EDGE_LOOP('',(#6431,#6432,#6433,#6434));
#6431 = ORIENTED_EDGE('',*,*,#6362,.F.);
#6432 = ORIENTED_EDGE('',*,*,#3193,.T.);
#6433 = ORIENTED_EDGE('',*,*,#6408,.T.);
#6434 = ORIENTED_EDGE('',*,*,#6435,.F.);
#6435 = EDGE_CURVE('',#6363,#6409,#6436,.T.);
#6436 = LINE('',#6437,#6438);
#6437 = CARTESIAN_POINT('',(0.32,0.12,-3.));
#6438 = VECTOR('',#6439,1.);
#6439 = DIRECTION('',(-1.,0.,0.));
#6440 = PLANE('',#6441);
#6441 = AXIS2_PLACEMENT_3D('',#6442,#6443,#6444);
#6442 = CARTESIAN_POINT('',(0.32,0.22,-2.9));
#6443 = DIRECTION('',(-1.735417226644E-18,0.707106781187,-0.707106781187
    ));
#6444 = DIRECTION('',(1.,1.227125289148E-18,-1.227125289148E-18));
#6445 = ADVANCED_FACE('',(#6446),#6471,.T.);
#6446 = FACE_BOUND('',#6447,.F.);
#6447 = EDGE_LOOP('',(#6448,#6456,#6457,#6465));
#6448 = ORIENTED_EDGE('',*,*,#6449,.F.);
#6449 = EDGE_CURVE('',#3211,#6450,#6452,.T.);
#6450 = VERTEX_POINT('',#6451);
#6451 = CARTESIAN_POINT('',(2.42,-4.96,-3.));
#6452 = LINE('',#6453,#6454);
#6453 = CARTESIAN_POINT('',(2.393333333333,-4.933333333333,
    -2.973333333333));
#6454 = VECTOR('',#6455,1.);
#6455 = DIRECTION('',(0.57735026919,-0.57735026919,-0.57735026919));
#6456 = ORIENTED_EDGE('',*,*,#3210,.T.);
#6457 = ORIENTED_EDGE('',*,*,#6458,.T.);
#6458 = EDGE_CURVE('',#3213,#6459,#6461,.T.);
#6459 = VERTEX_POINT('',#6460);
#6460 = CARTESIAN_POINT('',(2.42,-5.2,-3.));
#6461 = LINE('',#6462,#6463);
#6462 = CARTESIAN_POINT('',(2.393333333333,-5.226666666667,
    -2.973333333333));
#6463 = VECTOR('',#6464,1.);
#6464 = DIRECTION('',(0.57735026919,0.57735026919,-0.57735026919));
#6465 = ORIENTED_EDGE('',*,*,#6466,.F.);
#6466 = EDGE_CURVE('',#6450,#6459,#6467,.T.);
#6467 = LINE('',#6468,#6469);
#6468 = CARTESIAN_POINT('',(2.42,-4.76,-3.));
#6469 = VECTOR('',#6470,1.);
#6470 = DIRECTION('',(0.,-1.,0.));
#6471 = PLANE('',#6472);
#6472 = AXIS2_PLACEMENT_3D('',#6473,#6474,#6475);
#6473 = CARTESIAN_POINT('',(2.32,-4.76,-2.9));
#6474 = DIRECTION('',(-0.707106781187,-1.735417226644E-18,
    -0.707106781187));
#6475 = DIRECTION('',(-1.227125289148E-18,1.,-1.227125289148E-18));
#6476 = ADVANCED_FACE('',(#6477),#6495,.T.);
#6477 = FACE_BOUND('',#6478,.F.);
#6478 = EDGE_LOOP('',(#6479,#6487,#6488,#6489));
#6479 = ORIENTED_EDGE('',*,*,#6480,.F.);
#6480 = EDGE_CURVE('',#3242,#6481,#6483,.T.);
#6481 = VERTEX_POINT('',#6482);
#6482 = CARTESIAN_POINT('',(2.66,-4.96,-3.));
#6483 = LINE('',#6484,#6485);
#6484 = CARTESIAN_POINT('',(2.686666666667,-4.933333333333,
    -2.973333333333));
#6485 = VECTOR('',#6486,1.);
#6486 = DIRECTION('',(-0.57735026919,-0.57735026919,-0.57735026919));
#6487 = ORIENTED_EDGE('',*,*,#3241,.T.);
#6488 = ORIENTED_EDGE('',*,*,#6449,.T.);
#6489 = ORIENTED_EDGE('',*,*,#6490,.F.);
#6490 = EDGE_CURVE('',#6481,#6450,#6491,.T.);
#6491 = LINE('',#6492,#6493);
#6492 = CARTESIAN_POINT('',(2.86,-4.96,-3.));
#6493 = VECTOR('',#6494,1.);
#6494 = DIRECTION('',(-1.,0.,0.));
#6495 = PLANE('',#6496);
#6496 = AXIS2_PLACEMENT_3D('',#6497,#6498,#6499);
#6497 = CARTESIAN_POINT('',(2.86,-4.86,-2.9));
#6498 = DIRECTION('',(-1.735417226644E-18,0.707106781187,-0.707106781187
    ));
#6499 = DIRECTION('',(1.,1.227125289148E-18,-1.227125289148E-18));
#6500 = ADVANCED_FACE('',(#6501),#6519,.T.);
#6501 = FACE_BOUND('',#6502,.F.);
#6502 = EDGE_LOOP('',(#6503,#6511,#6512,#6513));
#6503 = ORIENTED_EDGE('',*,*,#6504,.F.);
#6504 = EDGE_CURVE('',#3266,#6505,#6507,.T.);
#6505 = VERTEX_POINT('',#6506);
#6506 = CARTESIAN_POINT('',(2.66,-5.2,-3.));
#6507 = LINE('',#6508,#6509);
#6508 = CARTESIAN_POINT('',(2.686666666667,-5.226666666667,
    -2.973333333333));
#6509 = VECTOR('',#6510,1.);
#6510 = DIRECTION('',(-0.57735026919,0.57735026919,-0.57735026919));
#6511 = ORIENTED_EDGE('',*,*,#3265,.T.);
#6512 = ORIENTED_EDGE('',*,*,#6480,.T.);
#6513 = ORIENTED_EDGE('',*,*,#6514,.F.);
#6514 = EDGE_CURVE('',#6505,#6481,#6515,.T.);
#6515 = LINE('',#6516,#6517);
#6516 = CARTESIAN_POINT('',(2.66,-5.4,-3.));
#6517 = VECTOR('',#6518,1.);
#6518 = DIRECTION('',(0.,1.,0.));
#6519 = PLANE('',#6520);
#6520 = AXIS2_PLACEMENT_3D('',#6521,#6522,#6523);
#6521 = CARTESIAN_POINT('',(2.76,-5.4,-2.9));
#6522 = DIRECTION('',(0.707106781187,1.735417226644E-18,-0.707106781187)
  );
#6523 = DIRECTION('',(1.227125289148E-18,-1.,-1.227125289148E-18));
#6524 = ADVANCED_FACE('',(#6525),#6536,.T.);
#6525 = FACE_BOUND('',#6526,.F.);
#6526 = EDGE_LOOP('',(#6527,#6528,#6529,#6530));
#6527 = ORIENTED_EDGE('',*,*,#6458,.F.);
#6528 = ORIENTED_EDGE('',*,*,#3289,.T.);
#6529 = ORIENTED_EDGE('',*,*,#6504,.T.);
#6530 = ORIENTED_EDGE('',*,*,#6531,.F.);
#6531 = EDGE_CURVE('',#6459,#6505,#6532,.T.);
#6532 = LINE('',#6533,#6534);
#6533 = CARTESIAN_POINT('',(2.22,-5.2,-3.));
#6534 = VECTOR('',#6535,1.);
#6535 = DIRECTION('',(1.,0.,0.));
#6536 = PLANE('',#6537);
#6537 = AXIS2_PLACEMENT_3D('',#6538,#6539,#6540);
#6538 = CARTESIAN_POINT('',(2.22,-5.3,-2.9));
#6539 = DIRECTION('',(1.735417226644E-18,-0.707106781187,-0.707106781187
    ));
#6540 = DIRECTION('',(-1.,-1.227125289148E-18,-1.227125289148E-18));
#6541 = ADVANCED_FACE('',(#6542),#6567,.T.);
#6542 = FACE_BOUND('',#6543,.F.);
#6543 = EDGE_LOOP('',(#6544,#6552,#6553,#6561));
#6544 = ORIENTED_EDGE('',*,*,#6545,.F.);
#6545 = EDGE_CURVE('',#3307,#6546,#6548,.T.);
#6546 = VERTEX_POINT('',#6547);
#6547 = CARTESIAN_POINT('',(2.42,-2.66,-3.));
#6548 = LINE('',#6549,#6550);
#6549 = CARTESIAN_POINT('',(2.393333333333,-2.686666666667,
    -2.973333333333));
#6550 = VECTOR('',#6551,1.);
#6551 = DIRECTION('',(0.57735026919,0.57735026919,-0.57735026919));
#6552 = ORIENTED_EDGE('',*,*,#3306,.T.);
#6553 = ORIENTED_EDGE('',*,*,#6554,.T.);
#6554 = EDGE_CURVE('',#3309,#6555,#6557,.T.);
#6555 = VERTEX_POINT('',#6556);
#6556 = CARTESIAN_POINT('',(2.66,-2.66,-3.));
#6557 = LINE('',#6558,#6559);
#6558 = CARTESIAN_POINT('',(2.686666666667,-2.686666666667,
    -2.973333333333));
#6559 = VECTOR('',#6560,1.);
#6560 = DIRECTION('',(-0.57735026919,0.57735026919,-0.57735026919));
#6561 = ORIENTED_EDGE('',*,*,#6562,.F.);
#6562 = EDGE_CURVE('',#6546,#6555,#6563,.T.);
#6563 = LINE('',#6564,#6565);
#6564 = CARTESIAN_POINT('',(2.22,-2.66,-3.));
#6565 = VECTOR('',#6566,1.);
#6566 = DIRECTION('',(1.,0.,0.));
#6567 = PLANE('',#6568);
#6568 = AXIS2_PLACEMENT_3D('',#6569,#6570,#6571);
#6569 = CARTESIAN_POINT('',(2.22,-2.76,-2.9));
#6570 = DIRECTION('',(1.735417226644E-18,-0.707106781187,-0.707106781187
    ));
#6571 = DIRECTION('',(-1.,-1.227125289148E-18,-1.227125289148E-18));
#6572 = ADVANCED_FACE('',(#6573),#6591,.T.);
#6573 = FACE_BOUND('',#6574,.F.);
#6574 = EDGE_LOOP('',(#6575,#6583,#6584,#6585));
#6575 = ORIENTED_EDGE('',*,*,#6576,.F.);
#6576 = EDGE_CURVE('',#3338,#6577,#6579,.T.);
#6577 = VERTEX_POINT('',#6578);
#6578 = CARTESIAN_POINT('',(2.42,-2.42,-3.));
#6579 = LINE('',#6580,#6581);
#6580 = CARTESIAN_POINT('',(2.393333333333,-2.393333333333,
    -2.973333333333));
#6581 = VECTOR('',#6582,1.);
#6582 = DIRECTION('',(0.57735026919,-0.57735026919,-0.57735026919));
#6583 = ORIENTED_EDGE('',*,*,#3337,.T.);
#6584 = ORIENTED_EDGE('',*,*,#6545,.T.);
#6585 = ORIENTED_EDGE('',*,*,#6586,.F.);
#6586 = EDGE_CURVE('',#6577,#6546,#6587,.T.);
#6587 = LINE('',#6588,#6589);
#6588 = CARTESIAN_POINT('',(2.42,-2.22,-3.));
#6589 = VECTOR('',#6590,1.);
#6590 = DIRECTION('',(0.,-1.,0.));
#6591 = PLANE('',#6592);
#6592 = AXIS2_PLACEMENT_3D('',#6593,#6594,#6595);
#6593 = CARTESIAN_POINT('',(2.32,-2.22,-2.9));
#6594 = DIRECTION('',(-0.707106781187,-1.735417226644E-18,
    -0.707106781187));
#6595 = DIRECTION('',(-1.227125289148E-18,1.,-1.227125289148E-18));
#6596 = ADVANCED_FACE('',(#6597),#6615,.T.);
#6597 = FACE_BOUND('',#6598,.F.);
#6598 = EDGE_LOOP('',(#6599,#6607,#6608,#6609));
#6599 = ORIENTED_EDGE('',*,*,#6600,.F.);
#6600 = EDGE_CURVE('',#3362,#6601,#6603,.T.);
#6601 = VERTEX_POINT('',#6602);
#6602 = CARTESIAN_POINT('',(2.66,-2.42,-3.));
#6603 = LINE('',#6604,#6605);
#6604 = CARTESIAN_POINT('',(2.686666666667,-2.393333333333,
    -2.973333333333));
#6605 = VECTOR('',#6606,1.);
#6606 = DIRECTION('',(-0.57735026919,-0.57735026919,-0.57735026919));
#6607 = ORIENTED_EDGE('',*,*,#3361,.T.);
#6608 = ORIENTED_EDGE('',*,*,#6576,.T.);
#6609 = ORIENTED_EDGE('',*,*,#6610,.F.);
#6610 = EDGE_CURVE('',#6601,#6577,#6611,.T.);
#6611 = LINE('',#6612,#6613);
#6612 = CARTESIAN_POINT('',(2.86,-2.42,-3.));
#6613 = VECTOR('',#6614,1.);
#6614 = DIRECTION('',(-1.,0.,0.));
#6615 = PLANE('',#6616);
#6616 = AXIS2_PLACEMENT_3D('',#6617,#6618,#6619);
#6617 = CARTESIAN_POINT('',(2.86,-2.32,-2.9));
#6618 = DIRECTION('',(-1.735417226644E-18,0.707106781187,-0.707106781187
    ));
#6619 = DIRECTION('',(1.,1.227125289148E-18,-1.227125289148E-18));
#6620 = ADVANCED_FACE('',(#6621),#6632,.T.);
#6621 = FACE_BOUND('',#6622,.F.);
#6622 = EDGE_LOOP('',(#6623,#6624,#6625,#6626));
#6623 = ORIENTED_EDGE('',*,*,#6554,.F.);
#6624 = ORIENTED_EDGE('',*,*,#3385,.T.);
#6625 = ORIENTED_EDGE('',*,*,#6600,.T.);
#6626 = ORIENTED_EDGE('',*,*,#6627,.F.);
#6627 = EDGE_CURVE('',#6555,#6601,#6628,.T.);
#6628 = LINE('',#6629,#6630);
#6629 = CARTESIAN_POINT('',(2.66,-2.86,-3.));
#6630 = VECTOR('',#6631,1.);
#6631 = DIRECTION('',(0.,1.,0.));
#6632 = PLANE('',#6633);
#6633 = AXIS2_PLACEMENT_3D('',#6634,#6635,#6636);
#6634 = CARTESIAN_POINT('',(2.76,-2.86,-2.9));
#6635 = DIRECTION('',(0.707106781187,1.735417226644E-18,-0.707106781187)
  );
#6636 = DIRECTION('',(1.227125289148E-18,-1.,-1.227125289148E-18));
#6637 = ADVANCED_FACE('',(#6638),#6663,.T.);
#6638 = FACE_BOUND('',#6639,.F.);
#6639 = EDGE_LOOP('',(#6640,#6648,#6649,#6657));
#6640 = ORIENTED_EDGE('',*,*,#6641,.F.);
#6641 = EDGE_CURVE('',#3403,#6642,#6644,.T.);
#6642 = VERTEX_POINT('',#6643);
#6643 = CARTESIAN_POINT('',(2.66,-0.12,-3.));
#6644 = LINE('',#6645,#6646);
#6645 = CARTESIAN_POINT('',(2.686666666667,-0.146666666667,
    -2.973333333333));
#6646 = VECTOR('',#6647,1.);
#6647 = DIRECTION('',(-0.57735026919,0.57735026919,-0.57735026919));
#6648 = ORIENTED_EDGE('',*,*,#3402,.T.);
#6649 = ORIENTED_EDGE('',*,*,#6650,.T.);
#6650 = EDGE_CURVE('',#3405,#6651,#6653,.T.);
#6651 = VERTEX_POINT('',#6652);
#6652 = CARTESIAN_POINT('',(2.66,0.12,-3.));
#6653 = LINE('',#6654,#6655);
#6654 = CARTESIAN_POINT('',(2.686666666667,0.146666666667,
    -2.973333333333));
#6655 = VECTOR('',#6656,1.);
#6656 = DIRECTION('',(-0.57735026919,-0.57735026919,-0.57735026919));
#6657 = ORIENTED_EDGE('',*,*,#6658,.F.);
#6658 = EDGE_CURVE('',#6642,#6651,#6659,.T.);
#6659 = LINE('',#6660,#6661);
#6660 = CARTESIAN_POINT('',(2.66,-0.32,-3.));
#6661 = VECTOR('',#6662,1.);
#6662 = DIRECTION('',(0.,1.,0.));
#6663 = PLANE('',#6664);
#6664 = AXIS2_PLACEMENT_3D('',#6665,#6666,#6667);
#6665 = CARTESIAN_POINT('',(2.76,-0.32,-2.9));
#6666 = DIRECTION('',(0.707106781187,1.735417226644E-18,-0.707106781187)
  );
#6667 = DIRECTION('',(1.227125289148E-18,-1.,-1.227125289148E-18));
#6668 = ADVANCED_FACE('',(#6669),#6687,.T.);
#6669 = FACE_BOUND('',#6670,.F.);
#6670 = EDGE_LOOP('',(#6671,#6679,#6680,#6681));
#6671 = ORIENTED_EDGE('',*,*,#6672,.F.);
#6672 = EDGE_CURVE('',#3434,#6673,#6675,.T.);
#6673 = VERTEX_POINT('',#6674);
#6674 = CARTESIAN_POINT('',(2.42,-0.12,-3.));
#6675 = LINE('',#6676,#6677);
#6676 = CARTESIAN_POINT('',(2.393333333333,-0.146666666667,
    -2.973333333333));
#6677 = VECTOR('',#6678,1.);
#6678 = DIRECTION('',(0.57735026919,0.57735026919,-0.57735026919));
#6679 = ORIENTED_EDGE('',*,*,#3433,.T.);
#6680 = ORIENTED_EDGE('',*,*,#6641,.T.);
#6681 = ORIENTED_EDGE('',*,*,#6682,.F.);
#6682 = EDGE_CURVE('',#6673,#6642,#6683,.T.);
#6683 = LINE('',#6684,#6685);
#6684 = CARTESIAN_POINT('',(2.22,-0.12,-3.));
#6685 = VECTOR('',#6686,1.);
#6686 = DIRECTION('',(1.,0.,0.));
#6687 = PLANE('',#6688);
#6688 = AXIS2_PLACEMENT_3D('',#6689,#6690,#6691);
#6689 = CARTESIAN_POINT('',(2.22,-0.22,-2.9));
#6690 = DIRECTION('',(1.735417226644E-18,-0.707106781187,-0.707106781187
    ));
#6691 = DIRECTION('',(-1.,-1.227125289148E-18,-1.227125289148E-18));
#6692 = ADVANCED_FACE('',(#6693),#6711,.T.);
#6693 = FACE_BOUND('',#6694,.F.);
#6694 = EDGE_LOOP('',(#6695,#6703,#6704,#6705));
#6695 = ORIENTED_EDGE('',*,*,#6696,.F.);
#6696 = EDGE_CURVE('',#3458,#6697,#6699,.T.);
#6697 = VERTEX_POINT('',#6698);
#6698 = CARTESIAN_POINT('',(2.42,0.12,-3.));
#6699 = LINE('',#6700,#6701);
#6700 = CARTESIAN_POINT('',(2.393333333333,0.146666666667,
    -2.973333333333));
#6701 = VECTOR('',#6702,1.);
#6702 = DIRECTION('',(0.57735026919,-0.57735026919,-0.57735026919));
#6703 = ORIENTED_EDGE('',*,*,#3457,.T.);
#6704 = ORIENTED_EDGE('',*,*,#6672,.T.);
#6705 = ORIENTED_EDGE('',*,*,#6706,.F.);
#6706 = EDGE_CURVE('',#6697,#6673,#6707,.T.);
#6707 = LINE('',#6708,#6709);
#6708 = CARTESIAN_POINT('',(2.42,0.32,-3.));
#6709 = VECTOR('',#6710,1.);
#6710 = DIRECTION('',(0.,-1.,0.));
#6711 = PLANE('',#6712);
#6712 = AXIS2_PLACEMENT_3D('',#6713,#6714,#6715);
#6713 = CARTESIAN_POINT('',(2.32,0.32,-2.9));
#6714 = DIRECTION('',(-0.707106781187,-1.735417226644E-18,
    -0.707106781187));
#6715 = DIRECTION('',(-1.227125289148E-18,1.,-1.227125289148E-18));
#6716 = ADVANCED_FACE('',(#6717),#6728,.T.);
#6717 = FACE_BOUND('',#6718,.F.);
#6718 = EDGE_LOOP('',(#6719,#6720,#6721,#6722));
#6719 = ORIENTED_EDGE('',*,*,#6650,.F.);
#6720 = ORIENTED_EDGE('',*,*,#3481,.T.);
#6721 = ORIENTED_EDGE('',*,*,#6696,.T.);
#6722 = ORIENTED_EDGE('',*,*,#6723,.F.);
#6723 = EDGE_CURVE('',#6651,#6697,#6724,.T.);
#6724 = LINE('',#6725,#6726);
#6725 = CARTESIAN_POINT('',(2.86,0.12,-3.));
#6726 = VECTOR('',#6727,1.);
#6727 = DIRECTION('',(-1.,0.,0.));
#6728 = PLANE('',#6729);
#6729 = AXIS2_PLACEMENT_3D('',#6730,#6731,#6732);
#6730 = CARTESIAN_POINT('',(2.86,0.22,-2.9));
#6731 = DIRECTION('',(-1.735417226644E-18,0.707106781187,-0.707106781187
    ));
#6732 = DIRECTION('',(1.,1.227125289148E-18,-1.227125289148E-18));
#6733 = ADVANCED_FACE('',(#6734),#6759,.T.);
#6734 = FACE_BOUND('',#6735,.F.);
#6735 = EDGE_LOOP('',(#6736,#6744,#6745,#6753));
#6736 = ORIENTED_EDGE('',*,*,#6737,.F.);
#6737 = EDGE_CURVE('',#3499,#6738,#6740,.T.);
#6738 = VERTEX_POINT('',#6739);
#6739 = CARTESIAN_POINT('',(2.66,-7.74,-3.));
#6740 = LINE('',#6741,#6742);
#6741 = CARTESIAN_POINT('',(2.686666666667,-7.766666666667,
    -2.973333333333));
#6742 = VECTOR('',#6743,1.);
#6743 = DIRECTION('',(-0.57735026919,0.57735026919,-0.57735026919));
#6744 = ORIENTED_EDGE('',*,*,#3498,.T.);
#6745 = ORIENTED_EDGE('',*,*,#6746,.T.);
#6746 = EDGE_CURVE('',#3501,#6747,#6749,.T.);
#6747 = VERTEX_POINT('',#6748);
#6748 = CARTESIAN_POINT('',(2.66,-7.5,-3.));
#6749 = LINE('',#6750,#6751);
#6750 = CARTESIAN_POINT('',(2.686666666667,-7.473333333333,
    -2.973333333333));
#6751 = VECTOR('',#6752,1.);
#6752 = DIRECTION('',(-0.57735026919,-0.57735026919,-0.57735026919));
#6753 = ORIENTED_EDGE('',*,*,#6754,.F.);
#6754 = EDGE_CURVE('',#6738,#6747,#6755,.T.);
#6755 = LINE('',#6756,#6757);
#6756 = CARTESIAN_POINT('',(2.66,-7.94,-3.));
#6757 = VECTOR('',#6758,1.);
#6758 = DIRECTION('',(0.,1.,0.));
#6759 = PLANE('',#6760);
#6760 = AXIS2_PLACEMENT_3D('',#6761,#6762,#6763);
#6761 = CARTESIAN_POINT('',(2.76,-7.94,-2.9));
#6762 = DIRECTION('',(0.707106781187,1.735417226644E-18,-0.707106781187)
  );
#6763 = DIRECTION('',(1.227125289148E-18,-1.,-1.227125289148E-18));
#6764 = ADVANCED_FACE('',(#6765),#6783,.T.);
#6765 = FACE_BOUND('',#6766,.F.);
#6766 = EDGE_LOOP('',(#6767,#6775,#6776,#6777));
#6767 = ORIENTED_EDGE('',*,*,#6768,.F.);
#6768 = EDGE_CURVE('',#3530,#6769,#6771,.T.);
#6769 = VERTEX_POINT('',#6770);
#6770 = CARTESIAN_POINT('',(2.42,-7.74,-3.));
#6771 = LINE('',#6772,#6773);
#6772 = CARTESIAN_POINT('',(2.393333333333,-7.766666666667,
    -2.973333333333));
#6773 = VECTOR('',#6774,1.);
#6774 = DIRECTION('',(0.57735026919,0.57735026919,-0.57735026919));
#6775 = ORIENTED_EDGE('',*,*,#3529,.T.);
#6776 = ORIENTED_EDGE('',*,*,#6737,.T.);
#6777 = ORIENTED_EDGE('',*,*,#6778,.F.);
#6778 = EDGE_CURVE('',#6769,#6738,#6779,.T.);
#6779 = LINE('',#6780,#6781);
#6780 = CARTESIAN_POINT('',(2.22,-7.74,-3.));
#6781 = VECTOR('',#6782,1.);
#6782 = DIRECTION('',(1.,0.,0.));
#6783 = PLANE('',#6784);
#6784 = AXIS2_PLACEMENT_3D('',#6785,#6786,#6787);
#6785 = CARTESIAN_POINT('',(2.22,-7.84,-2.9));
#6786 = DIRECTION('',(1.735417226644E-18,-0.707106781187,-0.707106781187
    ));
#6787 = DIRECTION('',(-1.,-1.227125289148E-18,-1.227125289148E-18));
#6788 = ADVANCED_FACE('',(#6789),#6807,.T.);
#6789 = FACE_BOUND('',#6790,.F.);
#6790 = EDGE_LOOP('',(#6791,#6799,#6800,#6801));
#6791 = ORIENTED_EDGE('',*,*,#6792,.F.);
#6792 = EDGE_CURVE('',#3554,#6793,#6795,.T.);
#6793 = VERTEX_POINT('',#6794);
#6794 = CARTESIAN_POINT('',(2.42,-7.5,-3.));
#6795 = LINE('',#6796,#6797);
#6796 = CARTESIAN_POINT('',(2.393333333333,-7.473333333333,
    -2.973333333333));
#6797 = VECTOR('',#6798,1.);
#6798 = DIRECTION('',(0.57735026919,-0.57735026919,-0.57735026919));
#6799 = ORIENTED_EDGE('',*,*,#3553,.T.);
#6800 = ORIENTED_EDGE('',*,*,#6768,.T.);
#6801 = ORIENTED_EDGE('',*,*,#6802,.F.);
#6802 = EDGE_CURVE('',#6793,#6769,#6803,.T.);
#6803 = LINE('',#6804,#6805);
#6804 = CARTESIAN_POINT('',(2.42,-7.3,-3.));
#6805 = VECTOR('',#6806,1.);
#6806 = DIRECTION('',(0.,-1.,0.));
#6807 = PLANE('',#6808);
#6808 = AXIS2_PLACEMENT_3D('',#6809,#6810,#6811);
#6809 = CARTESIAN_POINT('',(2.32,-7.3,-2.9));
#6810 = DIRECTION('',(-0.707106781187,-1.735417226644E-18,
    -0.707106781187));
#6811 = DIRECTION('',(-1.227125289148E-18,1.,-1.227125289148E-18));
#6812 = ADVANCED_FACE('',(#6813),#6824,.T.);
#6813 = FACE_BOUND('',#6814,.F.);
#6814 = EDGE_LOOP('',(#6815,#6816,#6817,#6818));
#6815 = ORIENTED_EDGE('',*,*,#6746,.F.);
#6816 = ORIENTED_EDGE('',*,*,#3577,.T.);
#6817 = ORIENTED_EDGE('',*,*,#6792,.T.);
#6818 = ORIENTED_EDGE('',*,*,#6819,.F.);
#6819 = EDGE_CURVE('',#6747,#6793,#6820,.T.);
#6820 = LINE('',#6821,#6822);
#6821 = CARTESIAN_POINT('',(2.86,-7.5,-3.));
#6822 = VECTOR('',#6823,1.);
#6823 = DIRECTION('',(-1.,0.,0.));
#6824 = PLANE('',#6825);
#6825 = AXIS2_PLACEMENT_3D('',#6826,#6827,#6828);
#6826 = CARTESIAN_POINT('',(2.86,-7.4,-2.9));
#6827 = DIRECTION('',(-1.735417226644E-18,0.707106781187,-0.707106781187
    ));
#6828 = DIRECTION('',(1.,1.227125289148E-18,-1.227125289148E-18));
#6829 = ADVANCED_FACE('',(#6830),#6833,.F.);
#6830 = FACE_BOUND('',#6831,.F.);
#6831 = EDGE_LOOP('',(#6832));
#6832 = ORIENTED_EDGE('',*,*,#3603,.T.);
#6833 = PLANE('',#6834);
#6834 = AXIS2_PLACEMENT_3D('',#6835,#6836,#6837);
#6835 = CARTESIAN_POINT('',(-1.58,-8.89,0.));
#6836 = DIRECTION('',(0.,0.,1.));
#6837 = DIRECTION('',(1.,0.,-0.));
#6838 = ADVANCED_FACE('',(#6839),#6842,.F.);
#6839 = FACE_BOUND('',#6840,.F.);
#6840 = EDGE_LOOP('',(#6841));
#6841 = ORIENTED_EDGE('',*,*,#3628,.T.);
#6842 = PLANE('',#6843);
#6843 = AXIS2_PLACEMENT_3D('',#6844,#6845,#6846);
#6844 = CARTESIAN_POINT('',(4.12,-8.89,0.));
#6845 = DIRECTION('',(0.,0.,1.));
#6846 = DIRECTION('',(1.,0.,-0.));
#6847 = ADVANCED_FACE('',(#6848),#6851,.F.);
#6848 = FACE_BOUND('',#6849,.F.);
#6849 = EDGE_LOOP('',(#6850));
#6850 = ORIENTED_EDGE('',*,*,#3653,.T.);
#6851 = PLANE('',#6852);
#6852 = AXIS2_PLACEMENT_3D('',#6853,#6854,#6855);
#6853 = CARTESIAN_POINT('',(4.12,2.6,0.));
#6854 = DIRECTION('',(0.,0.,1.));
#6855 = DIRECTION('',(1.,0.,-0.));
#6856 = ADVANCED_FACE('',(#6857),#6882,.T.);
#6857 = FACE_BOUND('',#6858,.F.);
#6858 = EDGE_LOOP('',(#6859,#6867,#6868,#6876));
#6859 = ORIENTED_EDGE('',*,*,#6860,.F.);
#6860 = EDGE_CURVE('',#3670,#6861,#6863,.T.);
#6861 = VERTEX_POINT('',#6862);
#6862 = CARTESIAN_POINT('',(-0.12,-10.28,-3.));
#6863 = LINE('',#6864,#6865);
#6864 = CARTESIAN_POINT('',(-0.146666666667,-10.30666666666,
    -2.973333333333));
#6865 = VECTOR('',#6866,1.);
#6866 = DIRECTION('',(0.57735026919,0.57735026919,-0.57735026919));
#6867 = ORIENTED_EDGE('',*,*,#3669,.T.);
#6868 = ORIENTED_EDGE('',*,*,#6869,.T.);
#6869 = EDGE_CURVE('',#3672,#6870,#6872,.T.);
#6870 = VERTEX_POINT('',#6871);
#6871 = CARTESIAN_POINT('',(0.12,-10.28,-3.));
#6872 = LINE('',#6873,#6874);
#6873 = CARTESIAN_POINT('',(0.146666666667,-10.30666666666,
    -2.973333333333));
#6874 = VECTOR('',#6875,1.);
#6875 = DIRECTION('',(-0.57735026919,0.57735026919,-0.57735026919));
#6876 = ORIENTED_EDGE('',*,*,#6877,.F.);
#6877 = EDGE_CURVE('',#6861,#6870,#6878,.T.);
#6878 = LINE('',#6879,#6880);
#6879 = CARTESIAN_POINT('',(-0.32,-10.28,-3.));
#6880 = VECTOR('',#6881,1.);
#6881 = DIRECTION('',(1.,0.,0.));
#6882 = PLANE('',#6883);
#6883 = AXIS2_PLACEMENT_3D('',#6884,#6885,#6886);
#6884 = CARTESIAN_POINT('',(-0.32,-10.38,-2.9));
#6885 = DIRECTION('',(1.735417226644E-18,-0.707106781187,-0.707106781187
    ));
#6886 = DIRECTION('',(-1.,-1.227125289148E-18,-1.227125289148E-18));
#6887 = ADVANCED_FACE('',(#6888),#6906,.T.);
#6888 = FACE_BOUND('',#6889,.F.);
#6889 = EDGE_LOOP('',(#6890,#6898,#6899,#6900));
#6890 = ORIENTED_EDGE('',*,*,#6891,.F.);
#6891 = EDGE_CURVE('',#3701,#6892,#6894,.T.);
#6892 = VERTEX_POINT('',#6893);
#6893 = CARTESIAN_POINT('',(-0.12,-10.04,-3.));
#6894 = LINE('',#6895,#6896);
#6895 = CARTESIAN_POINT('',(-0.146666666667,-10.01333333333,
    -2.973333333333));
#6896 = VECTOR('',#6897,1.);
#6897 = DIRECTION('',(0.57735026919,-0.57735026919,-0.57735026919));
#6898 = ORIENTED_EDGE('',*,*,#3700,.T.);
#6899 = ORIENTED_EDGE('',*,*,#6860,.T.);
#6900 = ORIENTED_EDGE('',*,*,#6901,.F.);
#6901 = EDGE_CURVE('',#6892,#6861,#6902,.T.);
#6902 = LINE('',#6903,#6904);
#6903 = CARTESIAN_POINT('',(-0.12,-9.84,-3.));
#6904 = VECTOR('',#6905,1.);
#6905 = DIRECTION('',(0.,-1.,0.));
#6906 = PLANE('',#6907);
#6907 = AXIS2_PLACEMENT_3D('',#6908,#6909,#6910);
#6908 = CARTESIAN_POINT('',(-0.22,-9.84,-2.9));
#6909 = DIRECTION('',(-0.707106781187,-1.735417226644E-18,
    -0.707106781187));
#6910 = DIRECTION('',(-1.227125289148E-18,1.,-1.227125289148E-18));
#6911 = ADVANCED_FACE('',(#6912),#6930,.T.);
#6912 = FACE_BOUND('',#6913,.F.);
#6913 = EDGE_LOOP('',(#6914,#6922,#6923,#6924));
#6914 = ORIENTED_EDGE('',*,*,#6915,.F.);
#6915 = EDGE_CURVE('',#3725,#6916,#6918,.T.);
#6916 = VERTEX_POINT('',#6917);
#6917 = CARTESIAN_POINT('',(0.12,-10.04,-3.));
#6918 = LINE('',#6919,#6920);
#6919 = CARTESIAN_POINT('',(0.146666666667,-10.01333333333,
    -2.973333333333));
#6920 = VECTOR('',#6921,1.);
#6921 = DIRECTION('',(-0.57735026919,-0.57735026919,-0.57735026919));
#6922 = ORIENTED_EDGE('',*,*,#3724,.T.);
#6923 = ORIENTED_EDGE('',*,*,#6891,.T.);
#6924 = ORIENTED_EDGE('',*,*,#6925,.F.);
#6925 = EDGE_CURVE('',#6916,#6892,#6926,.T.);
#6926 = LINE('',#6927,#6928);
#6927 = CARTESIAN_POINT('',(0.32,-10.04,-3.));
#6928 = VECTOR('',#6929,1.);
#6929 = DIRECTION('',(-1.,0.,0.));
#6930 = PLANE('',#6931);
#6931 = AXIS2_PLACEMENT_3D('',#6932,#6933,#6934);
#6932 = CARTESIAN_POINT('',(0.32,-9.94,-2.9));
#6933 = DIRECTION('',(-1.735417226644E-18,0.707106781187,-0.707106781187
    ));
#6934 = DIRECTION('',(1.,1.227125289148E-18,-1.227125289148E-18));
#6935 = ADVANCED_FACE('',(#6936),#6947,.T.);
#6936 = FACE_BOUND('',#6937,.F.);
#6937 = EDGE_LOOP('',(#6938,#6939,#6940,#6941));
#6938 = ORIENTED_EDGE('',*,*,#6869,.F.);
#6939 = ORIENTED_EDGE('',*,*,#3748,.T.);
#6940 = ORIENTED_EDGE('',*,*,#6915,.T.);
#6941 = ORIENTED_EDGE('',*,*,#6942,.F.);
#6942 = EDGE_CURVE('',#6870,#6916,#6943,.T.);
#6943 = LINE('',#6944,#6945);
#6944 = CARTESIAN_POINT('',(0.12,-10.48,-3.));
#6945 = VECTOR('',#6946,1.);
#6946 = DIRECTION('',(0.,1.,0.));
#6947 = PLANE('',#6948);
#6948 = AXIS2_PLACEMENT_3D('',#6949,#6950,#6951);
#6949 = CARTESIAN_POINT('',(0.22,-10.48,-2.9));
#6950 = DIRECTION('',(0.707106781187,1.735417226644E-18,-0.707106781187)
  );
#6951 = DIRECTION('',(1.227125289148E-18,-1.,-1.227125289148E-18));
#6952 = ADVANCED_FACE('',(#6953),#6978,.T.);
#6953 = FACE_BOUND('',#6954,.F.);
#6954 = EDGE_LOOP('',(#6955,#6963,#6964,#6972));
#6955 = ORIENTED_EDGE('',*,*,#6956,.F.);
#6956 = EDGE_CURVE('',#3766,#6957,#6959,.T.);
#6957 = VERTEX_POINT('',#6958);
#6958 = CARTESIAN_POINT('',(2.66,-10.28,-3.));
#6959 = LINE('',#6960,#6961);
#6960 = CARTESIAN_POINT('',(2.686666666667,-10.30666666666,
    -2.973333333333));
#6961 = VECTOR('',#6962,1.);
#6962 = DIRECTION('',(-0.57735026919,0.57735026919,-0.57735026919));
#6963 = ORIENTED_EDGE('',*,*,#3765,.T.);
#6964 = ORIENTED_EDGE('',*,*,#6965,.T.);
#6965 = EDGE_CURVE('',#3768,#6966,#6968,.T.);
#6966 = VERTEX_POINT('',#6967);
#6967 = CARTESIAN_POINT('',(2.66,-10.04,-3.));
#6968 = LINE('',#6969,#6970);
#6969 = CARTESIAN_POINT('',(2.686666666667,-10.01333333333,
    -2.973333333333));
#6970 = VECTOR('',#6971,1.);
#6971 = DIRECTION('',(-0.57735026919,-0.57735026919,-0.57735026919));
#6972 = ORIENTED_EDGE('',*,*,#6973,.F.);
#6973 = EDGE_CURVE('',#6957,#6966,#6974,.T.);
#6974 = LINE('',#6975,#6976);
#6975 = CARTESIAN_POINT('',(2.66,-10.48,-3.));
#6976 = VECTOR('',#6977,1.);
#6977 = DIRECTION('',(0.,1.,0.));
#6978 = PLANE('',#6979);
#6979 = AXIS2_PLACEMENT_3D('',#6980,#6981,#6982);
#6980 = CARTESIAN_POINT('',(2.76,-10.48,-2.9));
#6981 = DIRECTION('',(0.707106781187,1.735417226644E-18,-0.707106781187)
  );
#6982 = DIRECTION('',(1.227125289148E-18,-1.,-1.227125289148E-18));
#6983 = ADVANCED_FACE('',(#6984),#7002,.T.);
#6984 = FACE_BOUND('',#6985,.F.);
#6985 = EDGE_LOOP('',(#6986,#6994,#6995,#6996));
#6986 = ORIENTED_EDGE('',*,*,#6987,.F.);
#6987 = EDGE_CURVE('',#3797,#6988,#6990,.T.);
#6988 = VERTEX_POINT('',#6989);
#6989 = CARTESIAN_POINT('',(2.42,-10.28,-3.));
#6990 = LINE('',#6991,#6992);
#6991 = CARTESIAN_POINT('',(2.393333333333,-10.30666666666,
    -2.973333333333));
#6992 = VECTOR('',#6993,1.);
#6993 = DIRECTION('',(0.57735026919,0.57735026919,-0.57735026919));
#6994 = ORIENTED_EDGE('',*,*,#3796,.T.);
#6995 = ORIENTED_EDGE('',*,*,#6956,.T.);
#6996 = ORIENTED_EDGE('',*,*,#6997,.F.);
#6997 = EDGE_CURVE('',#6988,#6957,#6998,.T.);
#6998 = LINE('',#6999,#7000);
#6999 = CARTESIAN_POINT('',(2.22,-10.28,-3.));
#7000 = VECTOR('',#7001,1.);
#7001 = DIRECTION('',(1.,0.,0.));
#7002 = PLANE('',#7003);
#7003 = AXIS2_PLACEMENT_3D('',#7004,#7005,#7006);
#7004 = CARTESIAN_POINT('',(2.22,-10.38,-2.9));
#7005 = DIRECTION('',(1.735417226644E-18,-0.707106781187,-0.707106781187
    ));
#7006 = DIRECTION('',(-1.,-1.227125289148E-18,-1.227125289148E-18));
#7007 = ADVANCED_FACE('',(#7008),#7026,.T.);
#7008 = FACE_BOUND('',#7009,.F.);
#7009 = EDGE_LOOP('',(#7010,#7018,#7019,#7020));
#7010 = ORIENTED_EDGE('',*,*,#7011,.F.);
#7011 = EDGE_CURVE('',#3821,#7012,#7014,.T.);
#7012 = VERTEX_POINT('',#7013);
#7013 = CARTESIAN_POINT('',(2.42,-10.04,-3.));
#7014 = LINE('',#7015,#7016);
#7015 = CARTESIAN_POINT('',(2.393333333333,-10.01333333333,
    -2.973333333333));
#7016 = VECTOR('',#7017,1.);
#7017 = DIRECTION('',(0.57735026919,-0.57735026919,-0.57735026919));
#7018 = ORIENTED_EDGE('',*,*,#3820,.T.);
#7019 = ORIENTED_EDGE('',*,*,#6987,.T.);
#7020 = ORIENTED_EDGE('',*,*,#7021,.F.);
#7021 = EDGE_CURVE('',#7012,#6988,#7022,.T.);
#7022 = LINE('',#7023,#7024);
#7023 = CARTESIAN_POINT('',(2.42,-9.84,-3.));
#7024 = VECTOR('',#7025,1.);
#7025 = DIRECTION('',(0.,-1.,0.));
#7026 = PLANE('',#7027);
#7027 = AXIS2_PLACEMENT_3D('',#7028,#7029,#7030);
#7028 = CARTESIAN_POINT('',(2.32,-9.84,-2.9));
#7029 = DIRECTION('',(-0.707106781187,-1.735417226644E-18,
    -0.707106781187));
#7030 = DIRECTION('',(-1.227125289148E-18,1.,-1.227125289148E-18));
#7031 = ADVANCED_FACE('',(#7032),#7043,.T.);
#7032 = FACE_BOUND('',#7033,.F.);
#7033 = EDGE_LOOP('',(#7034,#7035,#7036,#7037));
#7034 = ORIENTED_EDGE('',*,*,#6965,.F.);
#7035 = ORIENTED_EDGE('',*,*,#3844,.T.);
#7036 = ORIENTED_EDGE('',*,*,#7011,.T.);
#7037 = ORIENTED_EDGE('',*,*,#7038,.F.);
#7038 = EDGE_CURVE('',#6966,#7012,#7039,.T.);
#7039 = LINE('',#7040,#7041);
#7040 = CARTESIAN_POINT('',(2.86,-10.04,-3.));
#7041 = VECTOR('',#7042,1.);
#7042 = DIRECTION('',(-1.,0.,0.));
#7043 = PLANE('',#7044);
#7044 = AXIS2_PLACEMENT_3D('',#7045,#7046,#7047);
#7045 = CARTESIAN_POINT('',(2.86,-9.94,-2.9));
#7046 = DIRECTION('',(-1.735417226644E-18,0.707106781187,-0.707106781187
    ));
#7047 = DIRECTION('',(1.,1.227125289148E-18,-1.227125289148E-18));
#7048 = ADVANCED_FACE('',(#7049),#7074,.T.);
#7049 = FACE_BOUND('',#7050,.F.);
#7050 = EDGE_LOOP('',(#7051,#7059,#7060,#7068));
#7051 = ORIENTED_EDGE('',*,*,#7052,.F.);
#7052 = EDGE_CURVE('',#3862,#7053,#7055,.T.);
#7053 = VERTEX_POINT('',#7054);
#7054 = CARTESIAN_POINT('',(2.66,-17.9,-3.));
#7055 = LINE('',#7056,#7057);
#7056 = CARTESIAN_POINT('',(2.686666666667,-17.92666666666,
    -2.973333333333));
#7057 = VECTOR('',#7058,1.);
#7058 = DIRECTION('',(-0.57735026919,0.57735026919,-0.57735026919));
#7059 = ORIENTED_EDGE('',*,*,#3861,.T.);
#7060 = ORIENTED_EDGE('',*,*,#7061,.T.);
#7061 = EDGE_CURVE('',#3864,#7062,#7064,.T.);
#7062 = VERTEX_POINT('',#7063);
#7063 = CARTESIAN_POINT('',(2.66,-17.66,-3.));
#7064 = LINE('',#7065,#7066);
#7065 = CARTESIAN_POINT('',(2.686666666667,-17.63333333333,
    -2.973333333333));
#7066 = VECTOR('',#7067,1.);
#7067 = DIRECTION('',(-0.57735026919,-0.57735026919,-0.57735026919));
#7068 = ORIENTED_EDGE('',*,*,#7069,.F.);
#7069 = EDGE_CURVE('',#7053,#7062,#7070,.T.);
#7070 = LINE('',#7071,#7072);
#7071 = CARTESIAN_POINT('',(2.66,-18.1,-3.));
#7072 = VECTOR('',#7073,1.);
#7073 = DIRECTION('',(0.,1.,0.));
#7074 = PLANE('',#7075);
#7075 = AXIS2_PLACEMENT_3D('',#7076,#7077,#7078);
#7076 = CARTESIAN_POINT('',(2.76,-18.1,-2.9));
#7077 = DIRECTION('',(0.707106781187,1.735417226644E-18,-0.707106781187)
  );
#7078 = DIRECTION('',(1.227125289148E-18,-1.,-1.227125289148E-18));
#7079 = ADVANCED_FACE('',(#7080),#7098,.T.);
#7080 = FACE_BOUND('',#7081,.F.);
#7081 = EDGE_LOOP('',(#7082,#7090,#7091,#7092));
#7082 = ORIENTED_EDGE('',*,*,#7083,.F.);
#7083 = EDGE_CURVE('',#3893,#7084,#7086,.T.);
#7084 = VERTEX_POINT('',#7085);
#7085 = CARTESIAN_POINT('',(2.42,-17.9,-3.));
#7086 = LINE('',#7087,#7088);
#7087 = CARTESIAN_POINT('',(2.393333333333,-17.92666666666,
    -2.973333333333));
#7088 = VECTOR('',#7089,1.);
#7089 = DIRECTION('',(0.57735026919,0.57735026919,-0.57735026919));
#7090 = ORIENTED_EDGE('',*,*,#3892,.T.);
#7091 = ORIENTED_EDGE('',*,*,#7052,.T.);
#7092 = ORIENTED_EDGE('',*,*,#7093,.F.);
#7093 = EDGE_CURVE('',#7084,#7053,#7094,.T.);
#7094 = LINE('',#7095,#7096);
#7095 = CARTESIAN_POINT('',(2.22,-17.9,-3.));
#7096 = VECTOR('',#7097,1.);
#7097 = DIRECTION('',(1.,0.,0.));
#7098 = PLANE('',#7099);
#7099 = AXIS2_PLACEMENT_3D('',#7100,#7101,#7102);
#7100 = CARTESIAN_POINT('',(2.22,-18.,-2.9));
#7101 = DIRECTION('',(1.735417226644E-18,-0.707106781187,-0.707106781187
    ));
#7102 = DIRECTION('',(-1.,-1.227125289148E-18,-1.227125289148E-18));
#7103 = ADVANCED_FACE('',(#7104),#7122,.T.);
#7104 = FACE_BOUND('',#7105,.F.);
#7105 = EDGE_LOOP('',(#7106,#7114,#7115,#7116));
#7106 = ORIENTED_EDGE('',*,*,#7107,.F.);
#7107 = EDGE_CURVE('',#3917,#7108,#7110,.T.);
#7108 = VERTEX_POINT('',#7109);
#7109 = CARTESIAN_POINT('',(2.42,-17.66,-3.));
#7110 = LINE('',#7111,#7112);
#7111 = CARTESIAN_POINT('',(2.393333333333,-17.63333333333,
    -2.973333333333));
#7112 = VECTOR('',#7113,1.);
#7113 = DIRECTION('',(0.57735026919,-0.57735026919,-0.57735026919));
#7114 = ORIENTED_EDGE('',*,*,#3916,.T.);
#7115 = ORIENTED_EDGE('',*,*,#7083,.T.);
#7116 = ORIENTED_EDGE('',*,*,#7117,.F.);
#7117 = EDGE_CURVE('',#7108,#7084,#7118,.T.);
#7118 = LINE('',#7119,#7120);
#7119 = CARTESIAN_POINT('',(2.42,-17.46,-3.));
#7120 = VECTOR('',#7121,1.);
#7121 = DIRECTION('',(0.,-1.,0.));
#7122 = PLANE('',#7123);
#7123 = AXIS2_PLACEMENT_3D('',#7124,#7125,#7126);
#7124 = CARTESIAN_POINT('',(2.32,-17.46,-2.9));
#7125 = DIRECTION('',(-0.707106781187,-1.735417226644E-18,
    -0.707106781187));
#7126 = DIRECTION('',(-1.227125289148E-18,1.,-1.227125289148E-18));
#7127 = ADVANCED_FACE('',(#7128),#7139,.T.);
#7128 = FACE_BOUND('',#7129,.F.);
#7129 = EDGE_LOOP('',(#7130,#7131,#7132,#7133));
#7130 = ORIENTED_EDGE('',*,*,#7061,.F.);
#7131 = ORIENTED_EDGE('',*,*,#3940,.T.);
#7132 = ORIENTED_EDGE('',*,*,#7107,.T.);
#7133 = ORIENTED_EDGE('',*,*,#7134,.F.);
#7134 = EDGE_CURVE('',#7062,#7108,#7135,.T.);
#7135 = LINE('',#7136,#7137);
#7136 = CARTESIAN_POINT('',(2.86,-17.66,-3.));
#7137 = VECTOR('',#7138,1.);
#7138 = DIRECTION('',(-1.,0.,0.));
#7139 = PLANE('',#7140);
#7140 = AXIS2_PLACEMENT_3D('',#7141,#7142,#7143);
#7141 = CARTESIAN_POINT('',(2.86,-17.56,-2.9));
#7142 = DIRECTION('',(-1.735417226644E-18,0.707106781187,-0.707106781187
    ));
#7143 = DIRECTION('',(1.,1.227125289148E-18,-1.227125289148E-18));
#7144 = ADVANCED_FACE('',(#7145),#7170,.T.);
#7145 = FACE_BOUND('',#7146,.F.);
#7146 = EDGE_LOOP('',(#7147,#7155,#7156,#7164));
#7147 = ORIENTED_EDGE('',*,*,#7148,.F.);
#7148 = EDGE_CURVE('',#3958,#7149,#7151,.T.);
#7149 = VERTEX_POINT('',#7150);
#7150 = CARTESIAN_POINT('',(-0.12,-17.66,-3.));
#7151 = LINE('',#7152,#7153);
#7152 = CARTESIAN_POINT('',(-0.146666666667,-17.63333333333,
    -2.973333333333));
#7153 = VECTOR('',#7154,1.);
#7154 = DIRECTION('',(0.57735026919,-0.57735026919,-0.57735026919));
#7155 = ORIENTED_EDGE('',*,*,#3957,.T.);
#7156 = ORIENTED_EDGE('',*,*,#7157,.T.);
#7157 = EDGE_CURVE('',#3960,#7158,#7160,.T.);
#7158 = VERTEX_POINT('',#7159);
#7159 = CARTESIAN_POINT('',(-0.12,-17.9,-3.));
#7160 = LINE('',#7161,#7162);
#7161 = CARTESIAN_POINT('',(-0.146666666667,-17.92666666666,
    -2.973333333333));
#7162 = VECTOR('',#7163,1.);
#7163 = DIRECTION('',(0.57735026919,0.57735026919,-0.57735026919));
#7164 = ORIENTED_EDGE('',*,*,#7165,.F.);
#7165 = EDGE_CURVE('',#7149,#7158,#7166,.T.);
#7166 = LINE('',#7167,#7168);
#7167 = CARTESIAN_POINT('',(-0.12,-17.46,-3.));
#7168 = VECTOR('',#7169,1.);
#7169 = DIRECTION('',(0.,-1.,0.));
#7170 = PLANE('',#7171);
#7171 = AXIS2_PLACEMENT_3D('',#7172,#7173,#7174);
#7172 = CARTESIAN_POINT('',(-0.22,-17.46,-2.9));
#7173 = DIRECTION('',(-0.707106781187,-1.735417226644E-18,
    -0.707106781187));
#7174 = DIRECTION('',(-1.227125289148E-18,1.,-1.227125289148E-18));
#7175 = ADVANCED_FACE('',(#7176),#7194,.T.);
#7176 = FACE_BOUND('',#7177,.F.);
#7177 = EDGE_LOOP('',(#7178,#7186,#7187,#7188));
#7178 = ORIENTED_EDGE('',*,*,#7179,.F.);
#7179 = EDGE_CURVE('',#3989,#7180,#7182,.T.);
#7180 = VERTEX_POINT('',#7181);
#7181 = CARTESIAN_POINT('',(0.12,-17.66,-3.));
#7182 = LINE('',#7183,#7184);
#7183 = CARTESIAN_POINT('',(0.146666666667,-17.63333333333,
    -2.973333333333));
#7184 = VECTOR('',#7185,1.);
#7185 = DIRECTION('',(-0.57735026919,-0.57735026919,-0.57735026919));
#7186 = ORIENTED_EDGE('',*,*,#3988,.T.);
#7187 = ORIENTED_EDGE('',*,*,#7148,.T.);
#7188 = ORIENTED_EDGE('',*,*,#7189,.F.);
#7189 = EDGE_CURVE('',#7180,#7149,#7190,.T.);
#7190 = LINE('',#7191,#7192);
#7191 = CARTESIAN_POINT('',(0.32,-17.66,-3.));
#7192 = VECTOR('',#7193,1.);
#7193 = DIRECTION('',(-1.,0.,0.));
#7194 = PLANE('',#7195);
#7195 = AXIS2_PLACEMENT_3D('',#7196,#7197,#7198);
#7196 = CARTESIAN_POINT('',(0.32,-17.56,-2.9));
#7197 = DIRECTION('',(-1.735417226644E-18,0.707106781187,-0.707106781187
    ));
#7198 = DIRECTION('',(1.,1.227125289148E-18,-1.227125289148E-18));
#7199 = ADVANCED_FACE('',(#7200),#7218,.T.);
#7200 = FACE_BOUND('',#7201,.F.);
#7201 = EDGE_LOOP('',(#7202,#7210,#7211,#7212));
#7202 = ORIENTED_EDGE('',*,*,#7203,.F.);
#7203 = EDGE_CURVE('',#4013,#7204,#7206,.T.);
#7204 = VERTEX_POINT('',#7205);
#7205 = CARTESIAN_POINT('',(0.12,-17.9,-3.));
#7206 = LINE('',#7207,#7208);
#7207 = CARTESIAN_POINT('',(0.146666666667,-17.92666666666,
    -2.973333333333));
#7208 = VECTOR('',#7209,1.);
#7209 = DIRECTION('',(-0.57735026919,0.57735026919,-0.57735026919));
#7210 = ORIENTED_EDGE('',*,*,#4012,.T.);
#7211 = ORIENTED_EDGE('',*,*,#7179,.T.);
#7212 = ORIENTED_EDGE('',*,*,#7213,.F.);
#7213 = EDGE_CURVE('',#7204,#7180,#7214,.T.);
#7214 = LINE('',#7215,#7216);
#7215 = CARTESIAN_POINT('',(0.12,-18.1,-3.));
#7216 = VECTOR('',#7217,1.);
#7217 = DIRECTION('',(0.,1.,0.));
#7218 = PLANE('',#7219);
#7219 = AXIS2_PLACEMENT_3D('',#7220,#7221,#7222);
#7220 = CARTESIAN_POINT('',(0.22,-18.1,-2.9));
#7221 = DIRECTION('',(0.707106781187,1.735417226644E-18,-0.707106781187)
  );
#7222 = DIRECTION('',(1.227125289148E-18,-1.,-1.227125289148E-18));
#7223 = ADVANCED_FACE('',(#7224),#7235,.T.);
#7224 = FACE_BOUND('',#7225,.F.);
#7225 = EDGE_LOOP('',(#7226,#7227,#7228,#7229));
#7226 = ORIENTED_EDGE('',*,*,#7157,.F.);
#7227 = ORIENTED_EDGE('',*,*,#4036,.T.);
#7228 = ORIENTED_EDGE('',*,*,#7203,.T.);
#7229 = ORIENTED_EDGE('',*,*,#7230,.F.);
#7230 = EDGE_CURVE('',#7158,#7204,#7231,.T.);
#7231 = LINE('',#7232,#7233);
#7232 = CARTESIAN_POINT('',(-0.32,-17.9,-3.));
#7233 = VECTOR('',#7234,1.);
#7234 = DIRECTION('',(1.,0.,0.));
#7235 = PLANE('',#7236);
#7236 = AXIS2_PLACEMENT_3D('',#7237,#7238,#7239);
#7237 = CARTESIAN_POINT('',(-0.32,-18.,-2.9));
#7238 = DIRECTION('',(1.735417226644E-18,-0.707106781187,-0.707106781187
    ));
#7239 = DIRECTION('',(-1.,-1.227125289148E-18,-1.227125289148E-18));
#7240 = ADVANCED_FACE('',(#7241),#7266,.T.);
#7241 = FACE_BOUND('',#7242,.F.);
#7242 = EDGE_LOOP('',(#7243,#7251,#7252,#7260));
#7243 = ORIENTED_EDGE('',*,*,#7244,.F.);
#7244 = EDGE_CURVE('',#4054,#7245,#7247,.T.);
#7245 = VERTEX_POINT('',#7246);
#7246 = CARTESIAN_POINT('',(-0.12,-15.12,-3.));
#7247 = LINE('',#7248,#7249);
#7248 = CARTESIAN_POINT('',(-0.146666666667,-15.09333333333,
    -2.973333333333));
#7249 = VECTOR('',#7250,1.);
#7250 = DIRECTION('',(0.57735026919,-0.57735026919,-0.57735026919));
#7251 = ORIENTED_EDGE('',*,*,#4053,.T.);
#7252 = ORIENTED_EDGE('',*,*,#7253,.T.);
#7253 = EDGE_CURVE('',#4056,#7254,#7256,.T.);
#7254 = VERTEX_POINT('',#7255);
#7255 = CARTESIAN_POINT('',(-0.12,-15.36,-3.));
#7256 = LINE('',#7257,#7258);
#7257 = CARTESIAN_POINT('',(-0.146666666667,-15.38666666666,
    -2.973333333333));
#7258 = VECTOR('',#7259,1.);
#7259 = DIRECTION('',(0.57735026919,0.57735026919,-0.57735026919));
#7260 = ORIENTED_EDGE('',*,*,#7261,.F.);
#7261 = EDGE_CURVE('',#7245,#7254,#7262,.T.);
#7262 = LINE('',#7263,#7264);
#7263 = CARTESIAN_POINT('',(-0.12,-14.92,-3.));
#7264 = VECTOR('',#7265,1.);
#7265 = DIRECTION('',(0.,-1.,0.));
#7266 = PLANE('',#7267);
#7267 = AXIS2_PLACEMENT_3D('',#7268,#7269,#7270);
#7268 = CARTESIAN_POINT('',(-0.22,-14.92,-2.9));
#7269 = DIRECTION('',(-0.707106781187,-1.735417226644E-18,
    -0.707106781187));
#7270 = DIRECTION('',(-1.227125289148E-18,1.,-1.227125289148E-18));
#7271 = ADVANCED_FACE('',(#7272),#7290,.T.);
#7272 = FACE_BOUND('',#7273,.F.);
#7273 = EDGE_LOOP('',(#7274,#7282,#7283,#7284));
#7274 = ORIENTED_EDGE('',*,*,#7275,.F.);
#7275 = EDGE_CURVE('',#4085,#7276,#7278,.T.);
#7276 = VERTEX_POINT('',#7277);
#7277 = CARTESIAN_POINT('',(0.12,-15.12,-3.));
#7278 = LINE('',#7279,#7280);
#7279 = CARTESIAN_POINT('',(0.146666666667,-15.09333333333,
    -2.973333333333));
#7280 = VECTOR('',#7281,1.);
#7281 = DIRECTION('',(-0.57735026919,-0.57735026919,-0.57735026919));
#7282 = ORIENTED_EDGE('',*,*,#4084,.T.);
#7283 = ORIENTED_EDGE('',*,*,#7244,.T.);
#7284 = ORIENTED_EDGE('',*,*,#7285,.F.);
#7285 = EDGE_CURVE('',#7276,#7245,#7286,.T.);
#7286 = LINE('',#7287,#7288);
#7287 = CARTESIAN_POINT('',(0.32,-15.12,-3.));
#7288 = VECTOR('',#7289,1.);
#7289 = DIRECTION('',(-1.,0.,0.));
#7290 = PLANE('',#7291);
#7291 = AXIS2_PLACEMENT_3D('',#7292,#7293,#7294);
#7292 = CARTESIAN_POINT('',(0.32,-15.02,-2.9));
#7293 = DIRECTION('',(-1.735417226644E-18,0.707106781187,-0.707106781187
    ));
#7294 = DIRECTION('',(1.,1.227125289148E-18,-1.227125289148E-18));
#7295 = ADVANCED_FACE('',(#7296),#7314,.T.);
#7296 = FACE_BOUND('',#7297,.F.);
#7297 = EDGE_LOOP('',(#7298,#7306,#7307,#7308));
#7298 = ORIENTED_EDGE('',*,*,#7299,.F.);
#7299 = EDGE_CURVE('',#4109,#7300,#7302,.T.);
#7300 = VERTEX_POINT('',#7301);
#7301 = CARTESIAN_POINT('',(0.12,-15.36,-3.));
#7302 = LINE('',#7303,#7304);
#7303 = CARTESIAN_POINT('',(0.146666666667,-15.38666666666,
    -2.973333333333));
#7304 = VECTOR('',#7305,1.);
#7305 = DIRECTION('',(-0.57735026919,0.57735026919,-0.57735026919));
#7306 = ORIENTED_EDGE('',*,*,#4108,.T.);
#7307 = ORIENTED_EDGE('',*,*,#7275,.T.);
#7308 = ORIENTED_EDGE('',*,*,#7309,.F.);
#7309 = EDGE_CURVE('',#7300,#7276,#7310,.T.);
#7310 = LINE('',#7311,#7312);
#7311 = CARTESIAN_POINT('',(0.12,-15.56,-3.));
#7312 = VECTOR('',#7313,1.);
#7313 = DIRECTION('',(0.,1.,0.));
#7314 = PLANE('',#7315);
#7315 = AXIS2_PLACEMENT_3D('',#7316,#7317,#7318);
#7316 = CARTESIAN_POINT('',(0.22,-15.56,-2.9));
#7317 = DIRECTION('',(0.707106781187,1.735417226644E-18,-0.707106781187)
  );
#7318 = DIRECTION('',(1.227125289148E-18,-1.,-1.227125289148E-18));
#7319 = ADVANCED_FACE('',(#7320),#7331,.T.);
#7320 = FACE_BOUND('',#7321,.F.);
#7321 = EDGE_LOOP('',(#7322,#7323,#7324,#7325));
#7322 = ORIENTED_EDGE('',*,*,#7253,.F.);
#7323 = ORIENTED_EDGE('',*,*,#4132,.T.);
#7324 = ORIENTED_EDGE('',*,*,#7299,.T.);
#7325 = ORIENTED_EDGE('',*,*,#7326,.F.);
#7326 = EDGE_CURVE('',#7254,#7300,#7327,.T.);
#7327 = LINE('',#7328,#7329);
#7328 = CARTESIAN_POINT('',(-0.32,-15.36,-3.));
#7329 = VECTOR('',#7330,1.);
#7330 = DIRECTION('',(1.,0.,0.));
#7331 = PLANE('',#7332);
#7332 = AXIS2_PLACEMENT_3D('',#7333,#7334,#7335);
#7333 = CARTESIAN_POINT('',(-0.32,-15.46,-2.9));
#7334 = DIRECTION('',(1.735417226644E-18,-0.707106781187,-0.707106781187
    ));
#7335 = DIRECTION('',(-1.,-1.227125289148E-18,-1.227125289148E-18));
#7336 = ADVANCED_FACE('',(#7337),#7362,.T.);
#7337 = FACE_BOUND('',#7338,.F.);
#7338 = EDGE_LOOP('',(#7339,#7347,#7348,#7356));
#7339 = ORIENTED_EDGE('',*,*,#7340,.F.);
#7340 = EDGE_CURVE('',#4150,#7341,#7343,.T.);
#7341 = VERTEX_POINT('',#7342);
#7342 = CARTESIAN_POINT('',(2.42,-15.36,-3.));
#7343 = LINE('',#7344,#7345);
#7344 = CARTESIAN_POINT('',(2.393333333333,-15.38666666666,
    -2.973333333333));
#7345 = VECTOR('',#7346,1.);
#7346 = DIRECTION('',(0.57735026919,0.57735026919,-0.57735026919));
#7347 = ORIENTED_EDGE('',*,*,#4149,.T.);
#7348 = ORIENTED_EDGE('',*,*,#7349,.T.);
#7349 = EDGE_CURVE('',#4152,#7350,#7352,.T.);
#7350 = VERTEX_POINT('',#7351);
#7351 = CARTESIAN_POINT('',(2.66,-15.36,-3.));
#7352 = LINE('',#7353,#7354);
#7353 = CARTESIAN_POINT('',(2.686666666667,-15.38666666666,
    -2.973333333333));
#7354 = VECTOR('',#7355,1.);
#7355 = DIRECTION('',(-0.57735026919,0.57735026919,-0.57735026919));
#7356 = ORIENTED_EDGE('',*,*,#7357,.F.);
#7357 = EDGE_CURVE('',#7341,#7350,#7358,.T.);
#7358 = LINE('',#7359,#7360);
#7359 = CARTESIAN_POINT('',(2.22,-15.36,-3.));
#7360 = VECTOR('',#7361,1.);
#7361 = DIRECTION('',(1.,0.,0.));
#7362 = PLANE('',#7363);
#7363 = AXIS2_PLACEMENT_3D('',#7364,#7365,#7366);
#7364 = CARTESIAN_POINT('',(2.22,-15.46,-2.9));
#7365 = DIRECTION('',(1.735417226644E-18,-0.707106781187,-0.707106781187
    ));
#7366 = DIRECTION('',(-1.,-1.227125289148E-18,-1.227125289148E-18));
#7367 = ADVANCED_FACE('',(#7368),#7386,.T.);
#7368 = FACE_BOUND('',#7369,.F.);
#7369 = EDGE_LOOP('',(#7370,#7378,#7379,#7380));
#7370 = ORIENTED_EDGE('',*,*,#7371,.F.);
#7371 = EDGE_CURVE('',#4181,#7372,#7374,.T.);
#7372 = VERTEX_POINT('',#7373);
#7373 = CARTESIAN_POINT('',(2.42,-15.12,-3.));
#7374 = LINE('',#7375,#7376);
#7375 = CARTESIAN_POINT('',(2.393333333333,-15.09333333333,
    -2.973333333333));
#7376 = VECTOR('',#7377,1.);
#7377 = DIRECTION('',(0.57735026919,-0.57735026919,-0.57735026919));
#7378 = ORIENTED_EDGE('',*,*,#4180,.T.);
#7379 = ORIENTED_EDGE('',*,*,#7340,.T.);
#7380 = ORIENTED_EDGE('',*,*,#7381,.F.);
#7381 = EDGE_CURVE('',#7372,#7341,#7382,.T.);
#7382 = LINE('',#7383,#7384);
#7383 = CARTESIAN_POINT('',(2.42,-14.92,-3.));
#7384 = VECTOR('',#7385,1.);
#7385 = DIRECTION('',(0.,-1.,0.));
#7386 = PLANE('',#7387);
#7387 = AXIS2_PLACEMENT_3D('',#7388,#7389,#7390);
#7388 = CARTESIAN_POINT('',(2.32,-14.92,-2.9));
#7389 = DIRECTION('',(-0.707106781187,-1.735417226644E-18,
    -0.707106781187));
#7390 = DIRECTION('',(-1.227125289148E-18,1.,-1.227125289148E-18));
#7391 = ADVANCED_FACE('',(#7392),#7410,.T.);
#7392 = FACE_BOUND('',#7393,.F.);
#7393 = EDGE_LOOP('',(#7394,#7402,#7403,#7404));
#7394 = ORIENTED_EDGE('',*,*,#7395,.F.);
#7395 = EDGE_CURVE('',#4205,#7396,#7398,.T.);
#7396 = VERTEX_POINT('',#7397);
#7397 = CARTESIAN_POINT('',(2.66,-15.12,-3.));
#7398 = LINE('',#7399,#7400);
#7399 = CARTESIAN_POINT('',(2.686666666667,-15.09333333333,
    -2.973333333333));
#7400 = VECTOR('',#7401,1.);
#7401 = DIRECTION('',(-0.57735026919,-0.57735026919,-0.57735026919));
#7402 = ORIENTED_EDGE('',*,*,#4204,.T.);
#7403 = ORIENTED_EDGE('',*,*,#7371,.T.);
#7404 = ORIENTED_EDGE('',*,*,#7405,.F.);
#7405 = EDGE_CURVE('',#7396,#7372,#7406,.T.);
#7406 = LINE('',#7407,#7408);
#7407 = CARTESIAN_POINT('',(2.86,-15.12,-3.));
#7408 = VECTOR('',#7409,1.);
#7409 = DIRECTION('',(-1.,0.,0.));
#7410 = PLANE('',#7411);
#7411 = AXIS2_PLACEMENT_3D('',#7412,#7413,#7414);
#7412 = CARTESIAN_POINT('',(2.86,-15.02,-2.9));
#7413 = DIRECTION('',(-1.735417226644E-18,0.707106781187,-0.707106781187
    ));
#7414 = DIRECTION('',(1.,1.227125289148E-18,-1.227125289148E-18));
#7415 = ADVANCED_FACE('',(#7416),#7427,.T.);
#7416 = FACE_BOUND('',#7417,.F.);
#7417 = EDGE_LOOP('',(#7418,#7419,#7420,#7421));
#7418 = ORIENTED_EDGE('',*,*,#7349,.F.);
#7419 = ORIENTED_EDGE('',*,*,#4228,.T.);
#7420 = ORIENTED_EDGE('',*,*,#7395,.T.);
#7421 = ORIENTED_EDGE('',*,*,#7422,.F.);
#7422 = EDGE_CURVE('',#7350,#7396,#7423,.T.);
#7423 = LINE('',#7424,#7425);
#7424 = CARTESIAN_POINT('',(2.66,-15.56,-3.));
#7425 = VECTOR('',#7426,1.);
#7426 = DIRECTION('',(0.,1.,0.));
#7427 = PLANE('',#7428);
#7428 = AXIS2_PLACEMENT_3D('',#7429,#7430,#7431);
#7429 = CARTESIAN_POINT('',(2.76,-15.56,-2.9));
#7430 = DIRECTION('',(0.707106781187,1.735417226644E-18,-0.707106781187)
  );
#7431 = DIRECTION('',(1.227125289148E-18,-1.,-1.227125289148E-18));
#7432 = ADVANCED_FACE('',(#7433),#7458,.T.);
#7433 = FACE_BOUND('',#7434,.F.);
#7434 = EDGE_LOOP('',(#7435,#7443,#7444,#7452));
#7435 = ORIENTED_EDGE('',*,*,#7436,.F.);
#7436 = EDGE_CURVE('',#4246,#7437,#7439,.T.);
#7437 = VERTEX_POINT('',#7438);
#7438 = CARTESIAN_POINT('',(2.66,-12.58,-3.));
#7439 = LINE('',#7440,#7441);
#7440 = CARTESIAN_POINT('',(2.686666666667,-12.55333333333,
    -2.973333333333));
#7441 = VECTOR('',#7442,1.);
#7442 = DIRECTION('',(-0.57735026919,-0.57735026919,-0.57735026919));
#7443 = ORIENTED_EDGE('',*,*,#4245,.T.);
#7444 = ORIENTED_EDGE('',*,*,#7445,.T.);
#7445 = EDGE_CURVE('',#4248,#7446,#7448,.T.);
#7446 = VERTEX_POINT('',#7447);
#7447 = CARTESIAN_POINT('',(2.42,-12.58,-3.));
#7448 = LINE('',#7449,#7450);
#7449 = CARTESIAN_POINT('',(2.393333333333,-12.55333333333,
    -2.973333333333));
#7450 = VECTOR('',#7451,1.);
#7451 = DIRECTION('',(0.57735026919,-0.57735026919,-0.57735026919));
#7452 = ORIENTED_EDGE('',*,*,#7453,.F.);
#7453 = EDGE_CURVE('',#7437,#7446,#7454,.T.);
#7454 = LINE('',#7455,#7456);
#7455 = CARTESIAN_POINT('',(2.86,-12.58,-3.));
#7456 = VECTOR('',#7457,1.);
#7457 = DIRECTION('',(-1.,0.,0.));
#7458 = PLANE('',#7459);
#7459 = AXIS2_PLACEMENT_3D('',#7460,#7461,#7462);
#7460 = CARTESIAN_POINT('',(2.86,-12.48,-2.9));
#7461 = DIRECTION('',(-1.735417226644E-18,0.707106781187,-0.707106781187
    ));
#7462 = DIRECTION('',(1.,1.227125289148E-18,-1.227125289148E-18));
#7463 = ADVANCED_FACE('',(#7464),#7482,.T.);
#7464 = FACE_BOUND('',#7465,.F.);
#7465 = EDGE_LOOP('',(#7466,#7474,#7475,#7476));
#7466 = ORIENTED_EDGE('',*,*,#7467,.F.);
#7467 = EDGE_CURVE('',#4277,#7468,#7470,.T.);
#7468 = VERTEX_POINT('',#7469);
#7469 = CARTESIAN_POINT('',(2.66,-12.82,-3.));
#7470 = LINE('',#7471,#7472);
#7471 = CARTESIAN_POINT('',(2.686666666667,-12.84666666666,
    -2.973333333333));
#7472 = VECTOR('',#7473,1.);
#7473 = DIRECTION('',(-0.57735026919,0.57735026919,-0.57735026919));
#7474 = ORIENTED_EDGE('',*,*,#4276,.T.);
#7475 = ORIENTED_EDGE('',*,*,#7436,.T.);
#7476 = ORIENTED_EDGE('',*,*,#7477,.F.);
#7477 = EDGE_CURVE('',#7468,#7437,#7478,.T.);
#7478 = LINE('',#7479,#7480);
#7479 = CARTESIAN_POINT('',(2.66,-13.02,-3.));
#7480 = VECTOR('',#7481,1.);
#7481 = DIRECTION('',(0.,1.,0.));
#7482 = PLANE('',#7483);
#7483 = AXIS2_PLACEMENT_3D('',#7484,#7485,#7486);
#7484 = CARTESIAN_POINT('',(2.76,-13.02,-2.9));
#7485 = DIRECTION('',(0.707106781187,1.735417226644E-18,-0.707106781187)
  );
#7486 = DIRECTION('',(1.227125289148E-18,-1.,-1.227125289148E-18));
#7487 = ADVANCED_FACE('',(#7488),#7506,.T.);
#7488 = FACE_BOUND('',#7489,.F.);
#7489 = EDGE_LOOP('',(#7490,#7498,#7499,#7500));
#7490 = ORIENTED_EDGE('',*,*,#7491,.F.);
#7491 = EDGE_CURVE('',#4301,#7492,#7494,.T.);
#7492 = VERTEX_POINT('',#7493);
#7493 = CARTESIAN_POINT('',(2.42,-12.82,-3.));
#7494 = LINE('',#7495,#7496);
#7495 = CARTESIAN_POINT('',(2.393333333333,-12.84666666666,
    -2.973333333333));
#7496 = VECTOR('',#7497,1.);
#7497 = DIRECTION('',(0.57735026919,0.57735026919,-0.57735026919));
#7498 = ORIENTED_EDGE('',*,*,#4300,.T.);
#7499 = ORIENTED_EDGE('',*,*,#7467,.T.);
#7500 = ORIENTED_EDGE('',*,*,#7501,.F.);
#7501 = EDGE_CURVE('',#7492,#7468,#7502,.T.);
#7502 = LINE('',#7503,#7504);
#7503 = CARTESIAN_POINT('',(2.22,-12.82,-3.));
#7504 = VECTOR('',#7505,1.);
#7505 = DIRECTION('',(1.,0.,0.));
#7506 = PLANE('',#7507);
#7507 = AXIS2_PLACEMENT_3D('',#7508,#7509,#7510);
#7508 = CARTESIAN_POINT('',(2.22,-12.92,-2.9));
#7509 = DIRECTION('',(1.735417226644E-18,-0.707106781187,-0.707106781187
    ));
#7510 = DIRECTION('',(-1.,-1.227125289148E-18,-1.227125289148E-18));
#7511 = ADVANCED_FACE('',(#7512),#7523,.T.);
#7512 = FACE_BOUND('',#7513,.F.);
#7513 = EDGE_LOOP('',(#7514,#7515,#7516,#7517));
#7514 = ORIENTED_EDGE('',*,*,#7445,.F.);
#7515 = ORIENTED_EDGE('',*,*,#4324,.T.);
#7516 = ORIENTED_EDGE('',*,*,#7491,.T.);
#7517 = ORIENTED_EDGE('',*,*,#7518,.F.);
#7518 = EDGE_CURVE('',#7446,#7492,#7519,.T.);
#7519 = LINE('',#7520,#7521);
#7520 = CARTESIAN_POINT('',(2.42,-12.38,-3.));
#7521 = VECTOR('',#7522,1.);
#7522 = DIRECTION('',(0.,-1.,0.));
#7523 = PLANE('',#7524);
#7524 = AXIS2_PLACEMENT_3D('',#7525,#7526,#7527);
#7525 = CARTESIAN_POINT('',(2.32,-12.38,-2.9));
#7526 = DIRECTION('',(-0.707106781187,-1.735417226644E-18,
    -0.707106781187));
#7527 = DIRECTION('',(-1.227125289148E-18,1.,-1.227125289148E-18));
#7528 = ADVANCED_FACE('',(#7529),#7554,.T.);
#7529 = FACE_BOUND('',#7530,.F.);
#7530 = EDGE_LOOP('',(#7531,#7539,#7540,#7548));
#7531 = ORIENTED_EDGE('',*,*,#7532,.F.);
#7532 = EDGE_CURVE('',#4342,#7533,#7535,.T.);
#7533 = VERTEX_POINT('',#7534);
#7534 = CARTESIAN_POINT('',(-0.12,-12.82,-3.));
#7535 = LINE('',#7536,#7537);
#7536 = CARTESIAN_POINT('',(-0.146666666667,-12.84666666666,
    -2.973333333333));
#7537 = VECTOR('',#7538,1.);
#7538 = DIRECTION('',(0.57735026919,0.57735026919,-0.57735026919));
#7539 = ORIENTED_EDGE('',*,*,#4341,.T.);
#7540 = ORIENTED_EDGE('',*,*,#7541,.T.);
#7541 = EDGE_CURVE('',#4344,#7542,#7544,.T.);
#7542 = VERTEX_POINT('',#7543);
#7543 = CARTESIAN_POINT('',(0.12,-12.82,-3.));
#7544 = LINE('',#7545,#7546);
#7545 = CARTESIAN_POINT('',(0.146666666667,-12.84666666666,
    -2.973333333333));
#7546 = VECTOR('',#7547,1.);
#7547 = DIRECTION('',(-0.57735026919,0.57735026919,-0.57735026919));
#7548 = ORIENTED_EDGE('',*,*,#7549,.F.);
#7549 = EDGE_CURVE('',#7533,#7542,#7550,.T.);
#7550 = LINE('',#7551,#7552);
#7551 = CARTESIAN_POINT('',(-0.32,-12.82,-3.));
#7552 = VECTOR('',#7553,1.);
#7553 = DIRECTION('',(1.,0.,0.));
#7554 = PLANE('',#7555);
#7555 = AXIS2_PLACEMENT_3D('',#7556,#7557,#7558);
#7556 = CARTESIAN_POINT('',(-0.32,-12.92,-2.9));
#7557 = DIRECTION('',(1.735417226644E-18,-0.707106781187,-0.707106781187
    ));
#7558 = DIRECTION('',(-1.,-1.227125289148E-18,-1.227125289148E-18));
#7559 = ADVANCED_FACE('',(#7560),#7578,.T.);
#7560 = FACE_BOUND('',#7561,.F.);
#7561 = EDGE_LOOP('',(#7562,#7570,#7571,#7572));
#7562 = ORIENTED_EDGE('',*,*,#7563,.F.);
#7563 = EDGE_CURVE('',#4373,#7564,#7566,.T.);
#7564 = VERTEX_POINT('',#7565);
#7565 = CARTESIAN_POINT('',(-0.12,-12.58,-3.));
#7566 = LINE('',#7567,#7568);
#7567 = CARTESIAN_POINT('',(-0.146666666667,-12.55333333333,
    -2.973333333333));
#7568 = VECTOR('',#7569,1.);
#7569 = DIRECTION('',(0.57735026919,-0.57735026919,-0.57735026919));
#7570 = ORIENTED_EDGE('',*,*,#4372,.T.);
#7571 = ORIENTED_EDGE('',*,*,#7532,.T.);
#7572 = ORIENTED_EDGE('',*,*,#7573,.F.);
#7573 = EDGE_CURVE('',#7564,#7533,#7574,.T.);
#7574 = LINE('',#7575,#7576);
#7575 = CARTESIAN_POINT('',(-0.12,-12.38,-3.));
#7576 = VECTOR('',#7577,1.);
#7577 = DIRECTION('',(0.,-1.,0.));
#7578 = PLANE('',#7579);
#7579 = AXIS2_PLACEMENT_3D('',#7580,#7581,#7582);
#7580 = CARTESIAN_POINT('',(-0.22,-12.38,-2.9));
#7581 = DIRECTION('',(-0.707106781187,-1.735417226644E-18,
    -0.707106781187));
#7582 = DIRECTION('',(-1.227125289148E-18,1.,-1.227125289148E-18));
#7583 = ADVANCED_FACE('',(#7584),#7602,.T.);
#7584 = FACE_BOUND('',#7585,.F.);
#7585 = EDGE_LOOP('',(#7586,#7594,#7595,#7596));
#7586 = ORIENTED_EDGE('',*,*,#7587,.F.);
#7587 = EDGE_CURVE('',#4397,#7588,#7590,.T.);
#7588 = VERTEX_POINT('',#7589);
#7589 = CARTESIAN_POINT('',(0.12,-12.58,-3.));
#7590 = LINE('',#7591,#7592);
#7591 = CARTESIAN_POINT('',(0.146666666667,-12.55333333333,
    -2.973333333333));
#7592 = VECTOR('',#7593,1.);
#7593 = DIRECTION('',(-0.57735026919,-0.57735026919,-0.57735026919));
#7594 = ORIENTED_EDGE('',*,*,#4396,.T.);
#7595 = ORIENTED_EDGE('',*,*,#7563,.T.);
#7596 = ORIENTED_EDGE('',*,*,#7597,.F.);
#7597 = EDGE_CURVE('',#7588,#7564,#7598,.T.);
#7598 = LINE('',#7599,#7600);
#7599 = CARTESIAN_POINT('',(0.32,-12.58,-3.));
#7600 = VECTOR('',#7601,1.);
#7601 = DIRECTION('',(-1.,0.,0.));
#7602 = PLANE('',#7603);
#7603 = AXIS2_PLACEMENT_3D('',#7604,#7605,#7606);
#7604 = CARTESIAN_POINT('',(0.32,-12.48,-2.9));
#7605 = DIRECTION('',(-1.735417226644E-18,0.707106781187,-0.707106781187
    ));
#7606 = DIRECTION('',(1.,1.227125289148E-18,-1.227125289148E-18));
#7607 = ADVANCED_FACE('',(#7608),#7619,.T.);
#7608 = FACE_BOUND('',#7609,.F.);
#7609 = EDGE_LOOP('',(#7610,#7611,#7612,#7613));
#7610 = ORIENTED_EDGE('',*,*,#7541,.F.);
#7611 = ORIENTED_EDGE('',*,*,#4420,.T.);
#7612 = ORIENTED_EDGE('',*,*,#7587,.T.);
#7613 = ORIENTED_EDGE('',*,*,#7614,.F.);
#7614 = EDGE_CURVE('',#7542,#7588,#7615,.T.);
#7615 = LINE('',#7616,#7617);
#7616 = CARTESIAN_POINT('',(0.12,-13.02,-3.));
#7617 = VECTOR('',#7618,1.);
#7618 = DIRECTION('',(0.,1.,0.));
#7619 = PLANE('',#7620);
#7620 = AXIS2_PLACEMENT_3D('',#7621,#7622,#7623);
#7621 = CARTESIAN_POINT('',(0.22,-13.02,-2.9));
#7622 = DIRECTION('',(0.707106781187,1.735417226644E-18,-0.707106781187)
  );
#7623 = DIRECTION('',(1.227125289148E-18,-1.,-1.227125289148E-18));
#7624 = ADVANCED_FACE('',(#7625),#7628,.F.);
#7625 = FACE_BOUND('',#7626,.F.);
#7626 = EDGE_LOOP('',(#7627));
#7627 = ORIENTED_EDGE('',*,*,#4446,.T.);
#7628 = PLANE('',#7629);
#7629 = AXIS2_PLACEMENT_3D('',#7630,#7631,#7632);
#7630 = CARTESIAN_POINT('',(-1.58,-20.38,0.));
#7631 = DIRECTION('',(0.,0.,1.));
#7632 = DIRECTION('',(1.,0.,-0.));
#7633 = ADVANCED_FACE('',(#7634),#7637,.F.);
#7634 = FACE_BOUND('',#7635,.F.);
#7635 = EDGE_LOOP('',(#7636));
#7636 = ORIENTED_EDGE('',*,*,#4471,.T.);
#7637 = PLANE('',#7638);
#7638 = AXIS2_PLACEMENT_3D('',#7639,#7640,#7641);
#7639 = CARTESIAN_POINT('',(4.12,-20.38,0.));
#7640 = DIRECTION('',(0.,0.,1.));
#7641 = DIRECTION('',(1.,0.,-0.));
#7642 = ADVANCED_FACE('',(#7643),#7668,.F.);
#7643 = FACE_BOUND('',#7644,.F.);
#7644 = EDGE_LOOP('',(#7645,#7653,#7661,#7667));
#7645 = ORIENTED_EDGE('',*,*,#7646,.F.);
#7646 = EDGE_CURVE('',#7647,#4522,#7649,.T.);
#7647 = VERTEX_POINT('',#7648);
#7648 = CARTESIAN_POINT('',(0.12,-2.42,8.));
#7649 = LINE('',#7650,#7651);
#7650 = CARTESIAN_POINT('',(0.146666666667,-2.393333333333,
    7.973333333333));
#7651 = VECTOR('',#7652,1.);
#7652 = DIRECTION('',(0.57735026919,0.57735026919,-0.57735026919));
#7653 = ORIENTED_EDGE('',*,*,#7654,.T.);
#7654 = EDGE_CURVE('',#7647,#7655,#7657,.T.);
#7655 = VERTEX_POINT('',#7656);
#7656 = CARTESIAN_POINT('',(-0.12,-2.42,8.));
#7657 = LINE('',#7658,#7659);
#7658 = CARTESIAN_POINT('',(0.32,-2.42,8.));
#7659 = VECTOR('',#7660,1.);
#7660 = DIRECTION('',(-1.,0.,0.));
#7661 = ORIENTED_EDGE('',*,*,#7662,.T.);
#7662 = EDGE_CURVE('',#7655,#4530,#7663,.T.);
#7663 = LINE('',#7664,#7665);
#7664 = CARTESIAN_POINT('',(-0.146666666667,-2.393333333333,
    7.973333333333));
#7665 = VECTOR('',#7666,1.);
#7666 = DIRECTION('',(-0.57735026919,0.57735026919,-0.57735026919));
#7667 = ORIENTED_EDGE('',*,*,#4529,.F.);
#7668 = PLANE('',#7669);
#7669 = AXIS2_PLACEMENT_3D('',#7670,#7671,#7672);
#7670 = CARTESIAN_POINT('',(0.32,-2.32,7.9));
#7671 = DIRECTION('',(1.735417226644E-18,-0.707106781187,-0.707106781187
    ));
#7672 = DIRECTION('',(-1.,-1.227125289148E-18,-1.227125289148E-18));
#7673 = ADVANCED_FACE('',(#7674),#7692,.F.);
#7674 = FACE_BOUND('',#7675,.T.);
#7675 = EDGE_LOOP('',(#7676,#7677,#7678,#7686));
#7676 = ORIENTED_EDGE('',*,*,#7662,.T.);
#7677 = ORIENTED_EDGE('',*,*,#4553,.T.);
#7678 = ORIENTED_EDGE('',*,*,#7679,.T.);
#7679 = EDGE_CURVE('',#4554,#7680,#7682,.T.);
#7680 = VERTEX_POINT('',#7681);
#7681 = CARTESIAN_POINT('',(-0.12,-2.66,8.));
#7682 = LINE('',#7683,#7684);
#7683 = CARTESIAN_POINT('',(-0.146666666667,-2.686666666667,
    7.973333333333));
#7684 = VECTOR('',#7685,1.);
#7685 = DIRECTION('',(0.57735026919,0.57735026919,0.57735026919));
#7686 = ORIENTED_EDGE('',*,*,#7687,.F.);
#7687 = EDGE_CURVE('',#7655,#7680,#7688,.T.);
#7688 = LINE('',#7689,#7690);
#7689 = CARTESIAN_POINT('',(-0.12,-2.22,8.));
#7690 = VECTOR('',#7691,1.);
#7691 = DIRECTION('',(0.,-1.,0.));
#7692 = PLANE('',#7693);
#7693 = AXIS2_PLACEMENT_3D('',#7694,#7695,#7696);
#7694 = CARTESIAN_POINT('',(-0.22,-2.22,7.9));
#7695 = DIRECTION('',(0.707106781187,1.735417226644E-18,-0.707106781187)
  );
#7696 = DIRECTION('',(-1.227125289148E-18,1.,1.227125289148E-18));
#7697 = ADVANCED_FACE('',(#7698),#7716,.F.);
#7698 = FACE_BOUND('',#7699,.T.);
#7699 = EDGE_LOOP('',(#7700,#7701,#7702,#7710));
#7700 = ORIENTED_EDGE('',*,*,#7679,.F.);
#7701 = ORIENTED_EDGE('',*,*,#4577,.T.);
#7702 = ORIENTED_EDGE('',*,*,#7703,.F.);
#7703 = EDGE_CURVE('',#7704,#4578,#7706,.T.);
#7704 = VERTEX_POINT('',#7705);
#7705 = CARTESIAN_POINT('',(0.12,-2.66,8.));
#7706 = LINE('',#7707,#7708);
#7707 = CARTESIAN_POINT('',(0.146666666667,-2.686666666667,
    7.973333333333));
#7708 = VECTOR('',#7709,1.);
#7709 = DIRECTION('',(0.57735026919,-0.57735026919,-0.57735026919));
#7710 = ORIENTED_EDGE('',*,*,#7711,.F.);
#7711 = EDGE_CURVE('',#7680,#7704,#7712,.T.);
#7712 = LINE('',#7713,#7714);
#7713 = CARTESIAN_POINT('',(-0.32,-2.66,8.));
#7714 = VECTOR('',#7715,1.);
#7715 = DIRECTION('',(1.,0.,0.));
#7716 = PLANE('',#7717);
#7717 = AXIS2_PLACEMENT_3D('',#7718,#7719,#7720);
#7718 = CARTESIAN_POINT('',(-0.32,-2.76,7.9));
#7719 = DIRECTION('',(-1.735417226644E-18,0.707106781187,-0.707106781187
    ));
#7720 = DIRECTION('',(-1.,-1.227125289148E-18,1.227125289148E-18));
#7721 = ADVANCED_FACE('',(#7722),#7733,.F.);
#7722 = FACE_BOUND('',#7723,.F.);
#7723 = EDGE_LOOP('',(#7724,#7725,#7731,#7732));
#7724 = ORIENTED_EDGE('',*,*,#7703,.F.);
#7725 = ORIENTED_EDGE('',*,*,#7726,.T.);
#7726 = EDGE_CURVE('',#7704,#7647,#7727,.T.);
#7727 = LINE('',#7728,#7729);
#7728 = CARTESIAN_POINT('',(0.12,-2.86,8.));
#7729 = VECTOR('',#7730,1.);
#7730 = DIRECTION('',(0.,1.,0.));
#7731 = ORIENTED_EDGE('',*,*,#7646,.T.);
#7732 = ORIENTED_EDGE('',*,*,#4601,.F.);
#7733 = PLANE('',#7734);
#7734 = AXIS2_PLACEMENT_3D('',#7735,#7736,#7737);
#7735 = CARTESIAN_POINT('',(0.22,-2.86,7.9));
#7736 = DIRECTION('',(-0.707106781187,-1.735417226644E-18,
    -0.707106781187));
#7737 = DIRECTION('',(-1.227125289148E-18,1.,-1.227125289148E-18));
#7738 = ADVANCED_FACE('',(#7739),#7764,.F.);
#7739 = FACE_BOUND('',#7740,.T.);
#7740 = EDGE_LOOP('',(#7741,#7749,#7750,#7758));
#7741 = ORIENTED_EDGE('',*,*,#7742,.T.);
#7742 = EDGE_CURVE('',#7743,#4618,#7745,.T.);
#7743 = VERTEX_POINT('',#7744);
#7744 = CARTESIAN_POINT('',(-0.12,-4.96,8.));
#7745 = LINE('',#7746,#7747);
#7746 = CARTESIAN_POINT('',(-0.146666666667,-4.933333333333,
    7.973333333333));
#7747 = VECTOR('',#7748,1.);
#7748 = DIRECTION('',(-0.57735026919,0.57735026919,-0.57735026919));
#7749 = ORIENTED_EDGE('',*,*,#4625,.T.);
#7750 = ORIENTED_EDGE('',*,*,#7751,.T.);
#7751 = EDGE_CURVE('',#4626,#7752,#7754,.T.);
#7752 = VERTEX_POINT('',#7753);
#7753 = CARTESIAN_POINT('',(-0.12,-5.2,8.));
#7754 = LINE('',#7755,#7756);
#7755 = CARTESIAN_POINT('',(-0.146666666667,-5.226666666667,
    7.973333333333));
#7756 = VECTOR('',#7757,1.);
#7757 = DIRECTION('',(0.57735026919,0.57735026919,0.57735026919));
#7758 = ORIENTED_EDGE('',*,*,#7759,.F.);
#7759 = EDGE_CURVE('',#7743,#7752,#7760,.T.);
#7760 = LINE('',#7761,#7762);
#7761 = CARTESIAN_POINT('',(-0.12,-4.76,8.));
#7762 = VECTOR('',#7763,1.);
#7763 = DIRECTION('',(0.,-1.,0.));
#7764 = PLANE('',#7765);
#7765 = AXIS2_PLACEMENT_3D('',#7766,#7767,#7768);
#7766 = CARTESIAN_POINT('',(-0.22,-4.76,7.9));
#7767 = DIRECTION('',(0.707106781187,1.735417226644E-18,-0.707106781187)
  );
#7768 = DIRECTION('',(-1.227125289148E-18,1.,1.227125289148E-18));
#7769 = ADVANCED_FACE('',(#7770),#7788,.F.);
#7770 = FACE_BOUND('',#7771,.T.);
#7771 = EDGE_LOOP('',(#7772,#7773,#7774,#7782));
#7772 = ORIENTED_EDGE('',*,*,#7751,.F.);
#7773 = ORIENTED_EDGE('',*,*,#4649,.T.);
#7774 = ORIENTED_EDGE('',*,*,#7775,.F.);
#7775 = EDGE_CURVE('',#7776,#4650,#7778,.T.);
#7776 = VERTEX_POINT('',#7777);
#7777 = CARTESIAN_POINT('',(0.12,-5.2,8.));
#7778 = LINE('',#7779,#7780);
#7779 = CARTESIAN_POINT('',(0.146666666667,-5.226666666667,
    7.973333333333));
#7780 = VECTOR('',#7781,1.);
#7781 = DIRECTION('',(0.57735026919,-0.57735026919,-0.57735026919));
#7782 = ORIENTED_EDGE('',*,*,#7783,.F.);
#7783 = EDGE_CURVE('',#7752,#7776,#7784,.T.);
#7784 = LINE('',#7785,#7786);
#7785 = CARTESIAN_POINT('',(-0.32,-5.2,8.));
#7786 = VECTOR('',#7787,1.);
#7787 = DIRECTION('',(1.,0.,0.));
#7788 = PLANE('',#7789);
#7789 = AXIS2_PLACEMENT_3D('',#7790,#7791,#7792);
#7790 = CARTESIAN_POINT('',(-0.32,-5.3,7.9));
#7791 = DIRECTION('',(-1.735417226644E-18,0.707106781187,-0.707106781187
    ));
#7792 = DIRECTION('',(-1.,-1.227125289148E-18,1.227125289148E-18));
#7793 = ADVANCED_FACE('',(#7794),#7812,.F.);
#7794 = FACE_BOUND('',#7795,.F.);
#7795 = EDGE_LOOP('',(#7796,#7797,#7805,#7811));
#7796 = ORIENTED_EDGE('',*,*,#7775,.F.);
#7797 = ORIENTED_EDGE('',*,*,#7798,.T.);
#7798 = EDGE_CURVE('',#7776,#7799,#7801,.T.);
#7799 = VERTEX_POINT('',#7800);
#7800 = CARTESIAN_POINT('',(0.12,-4.96,8.));
#7801 = LINE('',#7802,#7803);
#7802 = CARTESIAN_POINT('',(0.12,-5.4,8.));
#7803 = VECTOR('',#7804,1.);
#7804 = DIRECTION('',(0.,1.,0.));
#7805 = ORIENTED_EDGE('',*,*,#7806,.T.);
#7806 = EDGE_CURVE('',#7799,#4674,#7807,.T.);
#7807 = LINE('',#7808,#7809);
#7808 = CARTESIAN_POINT('',(0.146666666667,-4.933333333333,
    7.973333333333));
#7809 = VECTOR('',#7810,1.);
#7810 = DIRECTION('',(0.57735026919,0.57735026919,-0.57735026919));
#7811 = ORIENTED_EDGE('',*,*,#4673,.F.);
#7812 = PLANE('',#7813);
#7813 = AXIS2_PLACEMENT_3D('',#7814,#7815,#7816);
#7814 = CARTESIAN_POINT('',(0.22,-5.4,7.9));
#7815 = DIRECTION('',(-0.707106781187,-1.735417226644E-18,
    -0.707106781187));
#7816 = DIRECTION('',(-1.227125289148E-18,1.,-1.227125289148E-18));
#7817 = ADVANCED_FACE('',(#7818),#7829,.F.);
#7818 = FACE_BOUND('',#7819,.F.);
#7819 = EDGE_LOOP('',(#7820,#7821,#7827,#7828));
#7820 = ORIENTED_EDGE('',*,*,#7806,.F.);
#7821 = ORIENTED_EDGE('',*,*,#7822,.T.);
#7822 = EDGE_CURVE('',#7799,#7743,#7823,.T.);
#7823 = LINE('',#7824,#7825);
#7824 = CARTESIAN_POINT('',(0.32,-4.96,8.));
#7825 = VECTOR('',#7826,1.);
#7826 = DIRECTION('',(-1.,0.,0.));
#7827 = ORIENTED_EDGE('',*,*,#7742,.T.);
#7828 = ORIENTED_EDGE('',*,*,#4697,.F.);
#7829 = PLANE('',#7830);
#7830 = AXIS2_PLACEMENT_3D('',#7831,#7832,#7833);
#7831 = CARTESIAN_POINT('',(0.32,-4.86,7.9));
#7832 = DIRECTION('',(1.735417226644E-18,-0.707106781187,-0.707106781187
    ));
#7833 = DIRECTION('',(-1.,-1.227125289148E-18,-1.227125289148E-18));
#7834 = ADVANCED_FACE('',(#7835),#7860,.F.);
#7835 = FACE_BOUND('',#7836,.F.);
#7836 = EDGE_LOOP('',(#7837,#7845,#7853,#7859));
#7837 = ORIENTED_EDGE('',*,*,#7838,.F.);
#7838 = EDGE_CURVE('',#7839,#4714,#7841,.T.);
#7839 = VERTEX_POINT('',#7840);
#7840 = CARTESIAN_POINT('',(0.12,-10.04,8.));
#7841 = LINE('',#7842,#7843);
#7842 = CARTESIAN_POINT('',(0.146666666667,-10.01333333333,
    7.973333333333));
#7843 = VECTOR('',#7844,1.);
#7844 = DIRECTION('',(0.57735026919,0.57735026919,-0.57735026919));
#7845 = ORIENTED_EDGE('',*,*,#7846,.T.);
#7846 = EDGE_CURVE('',#7839,#7847,#7849,.T.);
#7847 = VERTEX_POINT('',#7848);
#7848 = CARTESIAN_POINT('',(-0.12,-10.04,8.));
#7849 = LINE('',#7850,#7851);
#7850 = CARTESIAN_POINT('',(0.32,-10.04,8.));
#7851 = VECTOR('',#7852,1.);
#7852 = DIRECTION('',(-1.,0.,0.));
#7853 = ORIENTED_EDGE('',*,*,#7854,.F.);
#7854 = EDGE_CURVE('',#4722,#7847,#7855,.T.);
#7855 = LINE('',#7856,#7857);
#7856 = CARTESIAN_POINT('',(-0.146666666667,-10.01333333333,
    7.973333333333));
#7857 = VECTOR('',#7858,1.);
#7858 = DIRECTION('',(0.57735026919,-0.57735026919,0.57735026919));
#7859 = ORIENTED_EDGE('',*,*,#4721,.F.);
#7860 = PLANE('',#7861);
#7861 = AXIS2_PLACEMENT_3D('',#7862,#7863,#7864);
#7862 = CARTESIAN_POINT('',(0.32,-9.94,7.9));
#7863 = DIRECTION('',(1.735417226644E-18,-0.707106781187,-0.707106781187
    ));
#7864 = DIRECTION('',(-1.,-1.227125289148E-18,-1.227125289148E-18));
#7865 = ADVANCED_FACE('',(#7866),#7884,.F.);
#7866 = FACE_BOUND('',#7867,.T.);
#7867 = EDGE_LOOP('',(#7868,#7869,#7870,#7878));
#7868 = ORIENTED_EDGE('',*,*,#7854,.F.);
#7869 = ORIENTED_EDGE('',*,*,#4745,.T.);
#7870 = ORIENTED_EDGE('',*,*,#7871,.T.);
#7871 = EDGE_CURVE('',#4746,#7872,#7874,.T.);
#7872 = VERTEX_POINT('',#7873);
#7873 = CARTESIAN_POINT('',(-0.12,-10.28,8.));
#7874 = LINE('',#7875,#7876);
#7875 = CARTESIAN_POINT('',(-0.146666666667,-10.30666666666,
    7.973333333333));
#7876 = VECTOR('',#7877,1.);
#7877 = DIRECTION('',(0.57735026919,0.57735026919,0.57735026919));
#7878 = ORIENTED_EDGE('',*,*,#7879,.F.);
#7879 = EDGE_CURVE('',#7847,#7872,#7880,.T.);
#7880 = LINE('',#7881,#7882);
#7881 = CARTESIAN_POINT('',(-0.12,-9.84,8.));
#7882 = VECTOR('',#7883,1.);
#7883 = DIRECTION('',(0.,-1.,0.));
#7884 = PLANE('',#7885);
#7885 = AXIS2_PLACEMENT_3D('',#7886,#7887,#7888);
#7886 = CARTESIAN_POINT('',(-0.22,-9.84,7.9));
#7887 = DIRECTION('',(0.707106781187,1.735417226644E-18,-0.707106781187)
  );
#7888 = DIRECTION('',(-1.227125289148E-18,1.,1.227125289148E-18));
#7889 = ADVANCED_FACE('',(#7890),#7908,.F.);
#7890 = FACE_BOUND('',#7891,.T.);
#7891 = EDGE_LOOP('',(#7892,#7893,#7894,#7902));
#7892 = ORIENTED_EDGE('',*,*,#7871,.F.);
#7893 = ORIENTED_EDGE('',*,*,#4769,.T.);
#7894 = ORIENTED_EDGE('',*,*,#7895,.F.);
#7895 = EDGE_CURVE('',#7896,#4770,#7898,.T.);
#7896 = VERTEX_POINT('',#7897);
#7897 = CARTESIAN_POINT('',(0.12,-10.28,8.));
#7898 = LINE('',#7899,#7900);
#7899 = CARTESIAN_POINT('',(0.146666666667,-10.30666666666,
    7.973333333333));
#7900 = VECTOR('',#7901,1.);
#7901 = DIRECTION('',(0.57735026919,-0.57735026919,-0.57735026919));
#7902 = ORIENTED_EDGE('',*,*,#7903,.F.);
#7903 = EDGE_CURVE('',#7872,#7896,#7904,.T.);
#7904 = LINE('',#7905,#7906);
#7905 = CARTESIAN_POINT('',(-0.32,-10.28,8.));
#7906 = VECTOR('',#7907,1.);
#7907 = DIRECTION('',(1.,0.,0.));
#7908 = PLANE('',#7909);
#7909 = AXIS2_PLACEMENT_3D('',#7910,#7911,#7912);
#7910 = CARTESIAN_POINT('',(-0.32,-10.38,7.9));
#7911 = DIRECTION('',(-1.735417226644E-18,0.707106781187,-0.707106781187
    ));
#7912 = DIRECTION('',(-1.,-1.227125289148E-18,1.227125289148E-18));
#7913 = ADVANCED_FACE('',(#7914),#7925,.F.);
#7914 = FACE_BOUND('',#7915,.F.);
#7915 = EDGE_LOOP('',(#7916,#7917,#7923,#7924));
#7916 = ORIENTED_EDGE('',*,*,#7895,.F.);
#7917 = ORIENTED_EDGE('',*,*,#7918,.T.);
#7918 = EDGE_CURVE('',#7896,#7839,#7919,.T.);
#7919 = LINE('',#7920,#7921);
#7920 = CARTESIAN_POINT('',(0.12,-10.48,8.));
#7921 = VECTOR('',#7922,1.);
#7922 = DIRECTION('',(0.,1.,0.));
#7923 = ORIENTED_EDGE('',*,*,#7838,.T.);
#7924 = ORIENTED_EDGE('',*,*,#4793,.F.);
#7925 = PLANE('',#7926);
#7926 = AXIS2_PLACEMENT_3D('',#7927,#7928,#7929);
#7927 = CARTESIAN_POINT('',(0.22,-10.48,7.9));
#7928 = DIRECTION('',(-0.707106781187,-1.735417226644E-18,
    -0.707106781187));
#7929 = DIRECTION('',(-1.227125289148E-18,1.,-1.227125289148E-18));
#7930 = ADVANCED_FACE('',(#7931),#7956,.F.);
#7931 = FACE_BOUND('',#7932,.F.);
#7932 = EDGE_LOOP('',(#7933,#7941,#7949,#7955));
#7933 = ORIENTED_EDGE('',*,*,#7934,.T.);
#7934 = EDGE_CURVE('',#4810,#7935,#7937,.T.);
#7935 = VERTEX_POINT('',#7936);
#7936 = CARTESIAN_POINT('',(0.12,-7.74,8.));
#7937 = LINE('',#7938,#7939);
#7938 = CARTESIAN_POINT('',(0.146666666667,-7.766666666667,
    7.973333333333));
#7939 = VECTOR('',#7940,1.);
#7940 = DIRECTION('',(-0.57735026919,0.57735026919,0.57735026919));
#7941 = ORIENTED_EDGE('',*,*,#7942,.T.);
#7942 = EDGE_CURVE('',#7935,#7943,#7945,.T.);
#7943 = VERTEX_POINT('',#7944);
#7944 = CARTESIAN_POINT('',(0.12,-7.5,8.));
#7945 = LINE('',#7946,#7947);
#7946 = CARTESIAN_POINT('',(0.12,-7.94,8.));
#7947 = VECTOR('',#7948,1.);
#7948 = DIRECTION('',(0.,1.,0.));
#7949 = ORIENTED_EDGE('',*,*,#7950,.T.);
#7950 = EDGE_CURVE('',#7943,#4818,#7951,.T.);
#7951 = LINE('',#7952,#7953);
#7952 = CARTESIAN_POINT('',(0.146666666667,-7.473333333333,
    7.973333333333));
#7953 = VECTOR('',#7954,1.);
#7954 = DIRECTION('',(0.57735026919,0.57735026919,-0.57735026919));
#7955 = ORIENTED_EDGE('',*,*,#4817,.F.);
#7956 = PLANE('',#7957);
#7957 = AXIS2_PLACEMENT_3D('',#7958,#7959,#7960);
#7958 = CARTESIAN_POINT('',(0.22,-7.94,7.9));
#7959 = DIRECTION('',(-0.707106781187,-1.735417226644E-18,
    -0.707106781187));
#7960 = DIRECTION('',(-1.227125289148E-18,1.,-1.227125289148E-18));
#7961 = ADVANCED_FACE('',(#7962),#7980,.F.);
#7962 = FACE_BOUND('',#7963,.F.);
#7963 = EDGE_LOOP('',(#7964,#7965,#7973,#7979));
#7964 = ORIENTED_EDGE('',*,*,#7950,.F.);
#7965 = ORIENTED_EDGE('',*,*,#7966,.T.);
#7966 = EDGE_CURVE('',#7943,#7967,#7969,.T.);
#7967 = VERTEX_POINT('',#7968);
#7968 = CARTESIAN_POINT('',(-0.12,-7.5,8.));
#7969 = LINE('',#7970,#7971);
#7970 = CARTESIAN_POINT('',(0.32,-7.5,8.));
#7971 = VECTOR('',#7972,1.);
#7972 = DIRECTION('',(-1.,0.,0.));
#7973 = ORIENTED_EDGE('',*,*,#7974,.F.);
#7974 = EDGE_CURVE('',#4842,#7967,#7975,.T.);
#7975 = LINE('',#7976,#7977);
#7976 = CARTESIAN_POINT('',(-0.146666666667,-7.473333333333,
    7.973333333333));
#7977 = VECTOR('',#7978,1.);
#7978 = DIRECTION('',(0.57735026919,-0.57735026919,0.57735026919));
#7979 = ORIENTED_EDGE('',*,*,#4841,.F.);
#7980 = PLANE('',#7981);
#7981 = AXIS2_PLACEMENT_3D('',#7982,#7983,#7984);
#7982 = CARTESIAN_POINT('',(0.32,-7.4,7.9));
#7983 = DIRECTION('',(1.735417226644E-18,-0.707106781187,-0.707106781187
    ));
#7984 = DIRECTION('',(-1.,-1.227125289148E-18,-1.227125289148E-18));
#7985 = ADVANCED_FACE('',(#7986),#8004,.F.);
#7986 = FACE_BOUND('',#7987,.T.);
#7987 = EDGE_LOOP('',(#7988,#7989,#7990,#7998));
#7988 = ORIENTED_EDGE('',*,*,#7974,.F.);
#7989 = ORIENTED_EDGE('',*,*,#4865,.T.);
#7990 = ORIENTED_EDGE('',*,*,#7991,.T.);
#7991 = EDGE_CURVE('',#4866,#7992,#7994,.T.);
#7992 = VERTEX_POINT('',#7993);
#7993 = CARTESIAN_POINT('',(-0.12,-7.74,8.));
#7994 = LINE('',#7995,#7996);
#7995 = CARTESIAN_POINT('',(-0.146666666667,-7.766666666667,
    7.973333333333));
#7996 = VECTOR('',#7997,1.);
#7997 = DIRECTION('',(0.57735026919,0.57735026919,0.57735026919));
#7998 = ORIENTED_EDGE('',*,*,#7999,.F.);
#7999 = EDGE_CURVE('',#7967,#7992,#8000,.T.);
#8000 = LINE('',#8001,#8002);
#8001 = CARTESIAN_POINT('',(-0.12,-7.3,8.));
#8002 = VECTOR('',#8003,1.);
#8003 = DIRECTION('',(0.,-1.,0.));
#8004 = PLANE('',#8005);
#8005 = AXIS2_PLACEMENT_3D('',#8006,#8007,#8008);
#8006 = CARTESIAN_POINT('',(-0.22,-7.3,7.9));
#8007 = DIRECTION('',(0.707106781187,1.735417226644E-18,-0.707106781187)
  );
#8008 = DIRECTION('',(-1.227125289148E-18,1.,1.227125289148E-18));
#8009 = ADVANCED_FACE('',(#8010),#8021,.F.);
#8010 = FACE_BOUND('',#8011,.T.);
#8011 = EDGE_LOOP('',(#8012,#8013,#8014,#8015));
#8012 = ORIENTED_EDGE('',*,*,#7991,.F.);
#8013 = ORIENTED_EDGE('',*,*,#4889,.T.);
#8014 = ORIENTED_EDGE('',*,*,#7934,.T.);
#8015 = ORIENTED_EDGE('',*,*,#8016,.F.);
#8016 = EDGE_CURVE('',#7992,#7935,#8017,.T.);
#8017 = LINE('',#8018,#8019);
#8018 = CARTESIAN_POINT('',(-0.32,-7.74,8.));
#8019 = VECTOR('',#8020,1.);
#8020 = DIRECTION('',(1.,0.,0.));
#8021 = PLANE('',#8022);
#8022 = AXIS2_PLACEMENT_3D('',#8023,#8024,#8025);
#8023 = CARTESIAN_POINT('',(-0.32,-7.84,7.9));
#8024 = DIRECTION('',(-1.735417226644E-18,0.707106781187,-0.707106781187
    ));
#8025 = DIRECTION('',(-1.,-1.227125289148E-18,1.227125289148E-18));
#8026 = ADVANCED_FACE('',(#8027),#8052,.F.);
#8027 = FACE_BOUND('',#8028,.F.);
#8028 = EDGE_LOOP('',(#8029,#8037,#8045,#8051));
#8029 = ORIENTED_EDGE('',*,*,#8030,.F.);
#8030 = EDGE_CURVE('',#8031,#4906,#8033,.T.);
#8031 = VERTEX_POINT('',#8032);
#8032 = CARTESIAN_POINT('',(0.12,-17.9,8.));
#8033 = LINE('',#8034,#8035);
#8034 = CARTESIAN_POINT('',(0.146666666667,-17.92666666666,
    7.973333333333));
#8035 = VECTOR('',#8036,1.);
#8036 = DIRECTION('',(0.57735026919,-0.57735026919,-0.57735026919));
#8037 = ORIENTED_EDGE('',*,*,#8038,.T.);
#8038 = EDGE_CURVE('',#8031,#8039,#8041,.T.);
#8039 = VERTEX_POINT('',#8040);
#8040 = CARTESIAN_POINT('',(0.12,-17.66,8.));
#8041 = LINE('',#8042,#8043);
#8042 = CARTESIAN_POINT('',(0.12,-18.1,8.));
#8043 = VECTOR('',#8044,1.);
#8044 = DIRECTION('',(0.,1.,0.));
#8045 = ORIENTED_EDGE('',*,*,#8046,.T.);
#8046 = EDGE_CURVE('',#8039,#4914,#8047,.T.);
#8047 = LINE('',#8048,#8049);
#8048 = CARTESIAN_POINT('',(0.146666666667,-17.63333333333,
    7.973333333333));
#8049 = VECTOR('',#8050,1.);
#8050 = DIRECTION('',(0.57735026919,0.57735026919,-0.57735026919));
#8051 = ORIENTED_EDGE('',*,*,#4913,.F.);
#8052 = PLANE('',#8053);
#8053 = AXIS2_PLACEMENT_3D('',#8054,#8055,#8056);
#8054 = CARTESIAN_POINT('',(0.22,-18.1,7.9));
#8055 = DIRECTION('',(-0.707106781187,-1.735417226644E-18,
    -0.707106781187));
#8056 = DIRECTION('',(-1.227125289148E-18,1.,-1.227125289148E-18));
#8057 = ADVANCED_FACE('',(#8058),#8076,.F.);
#8058 = FACE_BOUND('',#8059,.F.);
#8059 = EDGE_LOOP('',(#8060,#8061,#8069,#8075));
#8060 = ORIENTED_EDGE('',*,*,#8046,.F.);
#8061 = ORIENTED_EDGE('',*,*,#8062,.T.);
#8062 = EDGE_CURVE('',#8039,#8063,#8065,.T.);
#8063 = VERTEX_POINT('',#8064);
#8064 = CARTESIAN_POINT('',(-0.12,-17.66,8.));
#8065 = LINE('',#8066,#8067);
#8066 = CARTESIAN_POINT('',(0.32,-17.66,8.));
#8067 = VECTOR('',#8068,1.);
#8068 = DIRECTION('',(-1.,0.,0.));
#8069 = ORIENTED_EDGE('',*,*,#8070,.F.);
#8070 = EDGE_CURVE('',#4938,#8063,#8071,.T.);
#8071 = LINE('',#8072,#8073);
#8072 = CARTESIAN_POINT('',(-0.146666666667,-17.63333333333,
    7.973333333333));
#8073 = VECTOR('',#8074,1.);
#8074 = DIRECTION('',(0.57735026919,-0.57735026919,0.57735026919));
#8075 = ORIENTED_EDGE('',*,*,#4937,.F.);
#8076 = PLANE('',#8077);
#8077 = AXIS2_PLACEMENT_3D('',#8078,#8079,#8080);
#8078 = CARTESIAN_POINT('',(0.32,-17.56,7.9));
#8079 = DIRECTION('',(1.735417226644E-18,-0.707106781187,-0.707106781187
    ));
#8080 = DIRECTION('',(-1.,-1.227125289148E-18,-1.227125289148E-18));
#8081 = ADVANCED_FACE('',(#8082),#8100,.F.);
#8082 = FACE_BOUND('',#8083,.T.);
#8083 = EDGE_LOOP('',(#8084,#8085,#8086,#8094));
#8084 = ORIENTED_EDGE('',*,*,#8070,.F.);
#8085 = ORIENTED_EDGE('',*,*,#4961,.T.);
#8086 = ORIENTED_EDGE('',*,*,#8087,.T.);
#8087 = EDGE_CURVE('',#4962,#8088,#8090,.T.);
#8088 = VERTEX_POINT('',#8089);
#8089 = CARTESIAN_POINT('',(-0.12,-17.9,8.));
#8090 = LINE('',#8091,#8092);
#8091 = CARTESIAN_POINT('',(-0.146666666667,-17.92666666666,
    7.973333333333));
#8092 = VECTOR('',#8093,1.);
#8093 = DIRECTION('',(0.57735026919,0.57735026919,0.57735026919));
#8094 = ORIENTED_EDGE('',*,*,#8095,.F.);
#8095 = EDGE_CURVE('',#8063,#8088,#8096,.T.);
#8096 = LINE('',#8097,#8098);
#8097 = CARTESIAN_POINT('',(-0.12,-17.46,8.));
#8098 = VECTOR('',#8099,1.);
#8099 = DIRECTION('',(0.,-1.,0.));
#8100 = PLANE('',#8101);
#8101 = AXIS2_PLACEMENT_3D('',#8102,#8103,#8104);
#8102 = CARTESIAN_POINT('',(-0.22,-17.46,7.9));
#8103 = DIRECTION('',(0.707106781187,1.735417226644E-18,-0.707106781187)
  );
#8104 = DIRECTION('',(-1.227125289148E-18,1.,1.227125289148E-18));
#8105 = ADVANCED_FACE('',(#8106),#8117,.F.);
#8106 = FACE_BOUND('',#8107,.T.);
#8107 = EDGE_LOOP('',(#8108,#8109,#8110,#8111));
#8108 = ORIENTED_EDGE('',*,*,#8087,.F.);
#8109 = ORIENTED_EDGE('',*,*,#4985,.T.);
#8110 = ORIENTED_EDGE('',*,*,#8030,.F.);
#8111 = ORIENTED_EDGE('',*,*,#8112,.F.);
#8112 = EDGE_CURVE('',#8088,#8031,#8113,.T.);
#8113 = LINE('',#8114,#8115);
#8114 = CARTESIAN_POINT('',(-0.32,-17.9,8.));
#8115 = VECTOR('',#8116,1.);
#8116 = DIRECTION('',(1.,0.,0.));
#8117 = PLANE('',#8118);
#8118 = AXIS2_PLACEMENT_3D('',#8119,#8120,#8121);
#8119 = CARTESIAN_POINT('',(-0.32,-18.,7.9));
#8120 = DIRECTION('',(-1.735417226644E-18,0.707106781187,-0.707106781187
    ));
#8121 = DIRECTION('',(-1.,-1.227125289148E-18,1.227125289148E-18));
#8122 = ADVANCED_FACE('',(#8123),#8148,.F.);
#8123 = FACE_BOUND('',#8124,.F.);
#8124 = EDGE_LOOP('',(#8125,#8133,#8141,#8147));
#8125 = ORIENTED_EDGE('',*,*,#8126,.T.);
#8126 = EDGE_CURVE('',#5002,#8127,#8129,.T.);
#8127 = VERTEX_POINT('',#8128);
#8128 = CARTESIAN_POINT('',(0.12,-15.36,8.));
#8129 = LINE('',#8130,#8131);
#8130 = CARTESIAN_POINT('',(0.146666666667,-15.38666666666,
    7.973333333333));
#8131 = VECTOR('',#8132,1.);
#8132 = DIRECTION('',(-0.57735026919,0.57735026919,0.57735026919));
#8133 = ORIENTED_EDGE('',*,*,#8134,.T.);
#8134 = EDGE_CURVE('',#8127,#8135,#8137,.T.);
#8135 = VERTEX_POINT('',#8136);
#8136 = CARTESIAN_POINT('',(0.12,-15.12,8.));
#8137 = LINE('',#8138,#8139);
#8138 = CARTESIAN_POINT('',(0.12,-15.56,8.));
#8139 = VECTOR('',#8140,1.);
#8140 = DIRECTION('',(0.,1.,0.));
#8141 = ORIENTED_EDGE('',*,*,#8142,.T.);
#8142 = EDGE_CURVE('',#8135,#5010,#8143,.T.);
#8143 = LINE('',#8144,#8145);
#8144 = CARTESIAN_POINT('',(0.146666666667,-15.09333333333,
    7.973333333333));
#8145 = VECTOR('',#8146,1.);
#8146 = DIRECTION('',(0.57735026919,0.57735026919,-0.57735026919));
#8147 = ORIENTED_EDGE('',*,*,#5009,.F.);
#8148 = PLANE('',#8149);
#8149 = AXIS2_PLACEMENT_3D('',#8150,#8151,#8152);
#8150 = CARTESIAN_POINT('',(0.22,-15.56,7.9));
#8151 = DIRECTION('',(-0.707106781187,-1.735417226644E-18,
    -0.707106781187));
#8152 = DIRECTION('',(-1.227125289148E-18,1.,-1.227125289148E-18));
#8153 = ADVANCED_FACE('',(#8154),#8172,.F.);
#8154 = FACE_BOUND('',#8155,.F.);
#8155 = EDGE_LOOP('',(#8156,#8157,#8165,#8171));
#8156 = ORIENTED_EDGE('',*,*,#8142,.F.);
#8157 = ORIENTED_EDGE('',*,*,#8158,.T.);
#8158 = EDGE_CURVE('',#8135,#8159,#8161,.T.);
#8159 = VERTEX_POINT('',#8160);
#8160 = CARTESIAN_POINT('',(-0.12,-15.12,8.));
#8161 = LINE('',#8162,#8163);
#8162 = CARTESIAN_POINT('',(0.32,-15.12,8.));
#8163 = VECTOR('',#8164,1.);
#8164 = DIRECTION('',(-1.,0.,0.));
#8165 = ORIENTED_EDGE('',*,*,#8166,.T.);
#8166 = EDGE_CURVE('',#8159,#5034,#8167,.T.);
#8167 = LINE('',#8168,#8169);
#8168 = CARTESIAN_POINT('',(-0.146666666667,-15.09333333333,
    7.973333333333));
#8169 = VECTOR('',#8170,1.);
#8170 = DIRECTION('',(-0.57735026919,0.57735026919,-0.57735026919));
#8171 = ORIENTED_EDGE('',*,*,#5033,.F.);
#8172 = PLANE('',#8173);
#8173 = AXIS2_PLACEMENT_3D('',#8174,#8175,#8176);
#8174 = CARTESIAN_POINT('',(0.32,-15.02,7.9));
#8175 = DIRECTION('',(1.735417226644E-18,-0.707106781187,-0.707106781187
    ));
#8176 = DIRECTION('',(-1.,-1.227125289148E-18,-1.227125289148E-18));
#8177 = ADVANCED_FACE('',(#8178),#8196,.F.);
#8178 = FACE_BOUND('',#8179,.T.);
#8179 = EDGE_LOOP('',(#8180,#8181,#8182,#8190));
#8180 = ORIENTED_EDGE('',*,*,#8166,.T.);
#8181 = ORIENTED_EDGE('',*,*,#5057,.T.);
#8182 = ORIENTED_EDGE('',*,*,#8183,.T.);
#8183 = EDGE_CURVE('',#5058,#8184,#8186,.T.);
#8184 = VERTEX_POINT('',#8185);
#8185 = CARTESIAN_POINT('',(-0.12,-15.36,8.));
#8186 = LINE('',#8187,#8188);
#8187 = CARTESIAN_POINT('',(-0.146666666667,-15.38666666666,
    7.973333333333));
#8188 = VECTOR('',#8189,1.);
#8189 = DIRECTION('',(0.57735026919,0.57735026919,0.57735026919));
#8190 = ORIENTED_EDGE('',*,*,#8191,.F.);
#8191 = EDGE_CURVE('',#8159,#8184,#8192,.T.);
#8192 = LINE('',#8193,#8194);
#8193 = CARTESIAN_POINT('',(-0.12,-14.92,8.));
#8194 = VECTOR('',#8195,1.);
#8195 = DIRECTION('',(0.,-1.,0.));
#8196 = PLANE('',#8197);
#8197 = AXIS2_PLACEMENT_3D('',#8198,#8199,#8200);
#8198 = CARTESIAN_POINT('',(-0.22,-14.92,7.9));
#8199 = DIRECTION('',(0.707106781187,1.735417226644E-18,-0.707106781187)
  );
#8200 = DIRECTION('',(-1.227125289148E-18,1.,1.227125289148E-18));
#8201 = ADVANCED_FACE('',(#8202),#8213,.F.);
#8202 = FACE_BOUND('',#8203,.T.);
#8203 = EDGE_LOOP('',(#8204,#8205,#8206,#8207));
#8204 = ORIENTED_EDGE('',*,*,#8183,.F.);
#8205 = ORIENTED_EDGE('',*,*,#5081,.T.);
#8206 = ORIENTED_EDGE('',*,*,#8126,.T.);
#8207 = ORIENTED_EDGE('',*,*,#8208,.F.);
#8208 = EDGE_CURVE('',#8184,#8127,#8209,.T.);
#8209 = LINE('',#8210,#8211);
#8210 = CARTESIAN_POINT('',(-0.32,-15.36,8.));
#8211 = VECTOR('',#8212,1.);
#8212 = DIRECTION('',(1.,0.,0.));
#8213 = PLANE('',#8214);
#8214 = AXIS2_PLACEMENT_3D('',#8215,#8216,#8217);
#8215 = CARTESIAN_POINT('',(-0.32,-15.46,7.9));
#8216 = DIRECTION('',(-1.735417226644E-18,0.707106781187,-0.707106781187
    ));
#8217 = DIRECTION('',(-1.,-1.227125289148E-18,1.227125289148E-18));
#8218 = ADVANCED_FACE('',(#8219),#8244,.F.);
#8219 = FACE_BOUND('',#8220,.F.);
#8220 = EDGE_LOOP('',(#8221,#8229,#8237,#8243));
#8221 = ORIENTED_EDGE('',*,*,#8222,.F.);
#8222 = EDGE_CURVE('',#8223,#5098,#8225,.T.);
#8223 = VERTEX_POINT('',#8224);
#8224 = CARTESIAN_POINT('',(0.12,-12.58,8.));
#8225 = LINE('',#8226,#8227);
#8226 = CARTESIAN_POINT('',(0.146666666667,-12.55333333333,
    7.973333333333));
#8227 = VECTOR('',#8228,1.);
#8228 = DIRECTION('',(0.57735026919,0.57735026919,-0.57735026919));
#8229 = ORIENTED_EDGE('',*,*,#8230,.T.);
#8230 = EDGE_CURVE('',#8223,#8231,#8233,.T.);
#8231 = VERTEX_POINT('',#8232);
#8232 = CARTESIAN_POINT('',(-0.12,-12.58,8.));
#8233 = LINE('',#8234,#8235);
#8234 = CARTESIAN_POINT('',(0.32,-12.58,8.));
#8235 = VECTOR('',#8236,1.);
#8236 = DIRECTION('',(-1.,0.,0.));
#8237 = ORIENTED_EDGE('',*,*,#8238,.T.);
#8238 = EDGE_CURVE('',#8231,#5106,#8239,.T.);
#8239 = LINE('',#8240,#8241);
#8240 = CARTESIAN_POINT('',(-0.146666666667,-12.55333333333,
    7.973333333333));
#8241 = VECTOR('',#8242,1.);
#8242 = DIRECTION('',(-0.57735026919,0.57735026919,-0.57735026919));
#8243 = ORIENTED_EDGE('',*,*,#5105,.F.);
#8244 = PLANE('',#8245);
#8245 = AXIS2_PLACEMENT_3D('',#8246,#8247,#8248);
#8246 = CARTESIAN_POINT('',(0.32,-12.48,7.9));
#8247 = DIRECTION('',(1.735417226644E-18,-0.707106781187,-0.707106781187
    ));
#8248 = DIRECTION('',(-1.,-1.227125289148E-18,-1.227125289148E-18));
#8249 = ADVANCED_FACE('',(#8250),#8268,.F.);
#8250 = FACE_BOUND('',#8251,.T.);
#8251 = EDGE_LOOP('',(#8252,#8253,#8254,#8262));
#8252 = ORIENTED_EDGE('',*,*,#8238,.T.);
#8253 = ORIENTED_EDGE('',*,*,#5129,.T.);
#8254 = ORIENTED_EDGE('',*,*,#8255,.T.);
#8255 = EDGE_CURVE('',#5130,#8256,#8258,.T.);
#8256 = VERTEX_POINT('',#8257);
#8257 = CARTESIAN_POINT('',(-0.12,-12.82,8.));
#8258 = LINE('',#8259,#8260);
#8259 = CARTESIAN_POINT('',(-0.146666666667,-12.84666666666,
    7.973333333333));
#8260 = VECTOR('',#8261,1.);
#8261 = DIRECTION('',(0.57735026919,0.57735026919,0.57735026919));
#8262 = ORIENTED_EDGE('',*,*,#8263,.F.);
#8263 = EDGE_CURVE('',#8231,#8256,#8264,.T.);
#8264 = LINE('',#8265,#8266);
#8265 = CARTESIAN_POINT('',(-0.12,-12.38,8.));
#8266 = VECTOR('',#8267,1.);
#8267 = DIRECTION('',(0.,-1.,0.));
#8268 = PLANE('',#8269);
#8269 = AXIS2_PLACEMENT_3D('',#8270,#8271,#8272);
#8270 = CARTESIAN_POINT('',(-0.22,-12.38,7.9));
#8271 = DIRECTION('',(0.707106781187,1.735417226644E-18,-0.707106781187)
  );
#8272 = DIRECTION('',(-1.227125289148E-18,1.,1.227125289148E-18));
#8273 = ADVANCED_FACE('',(#8274),#8292,.F.);
#8274 = FACE_BOUND('',#8275,.T.);
#8275 = EDGE_LOOP('',(#8276,#8277,#8278,#8286));
#8276 = ORIENTED_EDGE('',*,*,#8255,.F.);
#8277 = ORIENTED_EDGE('',*,*,#5153,.T.);
#8278 = ORIENTED_EDGE('',*,*,#8279,.F.);
#8279 = EDGE_CURVE('',#8280,#5154,#8282,.T.);
#8280 = VERTEX_POINT('',#8281);
#8281 = CARTESIAN_POINT('',(0.12,-12.82,8.));
#8282 = LINE('',#8283,#8284);
#8283 = CARTESIAN_POINT('',(0.146666666667,-12.84666666666,
    7.973333333333));
#8284 = VECTOR('',#8285,1.);
#8285 = DIRECTION('',(0.57735026919,-0.57735026919,-0.57735026919));
#8286 = ORIENTED_EDGE('',*,*,#8287,.F.);
#8287 = EDGE_CURVE('',#8256,#8280,#8288,.T.);
#8288 = LINE('',#8289,#8290);
#8289 = CARTESIAN_POINT('',(-0.32,-12.82,8.));
#8290 = VECTOR('',#8291,1.);
#8291 = DIRECTION('',(1.,0.,0.));
#8292 = PLANE('',#8293);
#8293 = AXIS2_PLACEMENT_3D('',#8294,#8295,#8296);
#8294 = CARTESIAN_POINT('',(-0.32,-12.92,7.9));
#8295 = DIRECTION('',(-1.735417226644E-18,0.707106781187,-0.707106781187
    ));
#8296 = DIRECTION('',(-1.,-1.227125289148E-18,1.227125289148E-18));
#8297 = ADVANCED_FACE('',(#8298),#8309,.F.);
#8298 = FACE_BOUND('',#8299,.F.);
#8299 = EDGE_LOOP('',(#8300,#8301,#8307,#8308));
#8300 = ORIENTED_EDGE('',*,*,#8279,.F.);
#8301 = ORIENTED_EDGE('',*,*,#8302,.T.);
#8302 = EDGE_CURVE('',#8280,#8223,#8303,.T.);
#8303 = LINE('',#8304,#8305);
#8304 = CARTESIAN_POINT('',(0.12,-13.02,8.));
#8305 = VECTOR('',#8306,1.);
#8306 = DIRECTION('',(0.,1.,0.));
#8307 = ORIENTED_EDGE('',*,*,#8222,.T.);
#8308 = ORIENTED_EDGE('',*,*,#5177,.F.);
#8309 = PLANE('',#8310);
#8310 = AXIS2_PLACEMENT_3D('',#8311,#8312,#8313);
#8311 = CARTESIAN_POINT('',(0.22,-13.02,7.9));
#8312 = DIRECTION('',(-0.707106781187,-1.735417226644E-18,
    -0.707106781187));
#8313 = DIRECTION('',(-1.227125289148E-18,1.,-1.227125289148E-18));
#8314 = ADVANCED_FACE('',(#8315),#8340,.F.);
#8315 = FACE_BOUND('',#8316,.T.);
#8316 = EDGE_LOOP('',(#8317,#8325,#8326,#8334));
#8317 = ORIENTED_EDGE('',*,*,#8318,.F.);
#8318 = EDGE_CURVE('',#5194,#8319,#8321,.T.);
#8319 = VERTEX_POINT('',#8320);
#8320 = CARTESIAN_POINT('',(2.42,-17.66,8.));
#8321 = LINE('',#8322,#8323);
#8322 = CARTESIAN_POINT('',(2.393333333333,-17.63333333333,
    7.973333333333));
#8323 = VECTOR('',#8324,1.);
#8324 = DIRECTION('',(0.57735026919,-0.57735026919,0.57735026919));
#8325 = ORIENTED_EDGE('',*,*,#5201,.T.);
#8326 = ORIENTED_EDGE('',*,*,#8327,.T.);
#8327 = EDGE_CURVE('',#5202,#8328,#8330,.T.);
#8328 = VERTEX_POINT('',#8329);
#8329 = CARTESIAN_POINT('',(2.42,-17.9,8.));
#8330 = LINE('',#8331,#8332);
#8331 = CARTESIAN_POINT('',(2.393333333333,-17.92666666666,
    7.973333333333));
#8332 = VECTOR('',#8333,1.);
#8333 = DIRECTION('',(0.57735026919,0.57735026919,0.57735026919));
#8334 = ORIENTED_EDGE('',*,*,#8335,.F.);
#8335 = EDGE_CURVE('',#8319,#8328,#8336,.T.);
#8336 = LINE('',#8337,#8338);
#8337 = CARTESIAN_POINT('',(2.42,-17.46,8.));
#8338 = VECTOR('',#8339,1.);
#8339 = DIRECTION('',(0.,-1.,0.));
#8340 = PLANE('',#8341);
#8341 = AXIS2_PLACEMENT_3D('',#8342,#8343,#8344);
#8342 = CARTESIAN_POINT('',(2.32,-17.46,7.9));
#8343 = DIRECTION('',(0.707106781187,1.735417226644E-18,-0.707106781187)
  );
#8344 = DIRECTION('',(-1.227125289148E-18,1.,1.227125289148E-18));
#8345 = ADVANCED_FACE('',(#8346),#8364,.F.);
#8346 = FACE_BOUND('',#8347,.T.);
#8347 = EDGE_LOOP('',(#8348,#8349,#8350,#8358));
#8348 = ORIENTED_EDGE('',*,*,#8327,.F.);
#8349 = ORIENTED_EDGE('',*,*,#5225,.T.);
#8350 = ORIENTED_EDGE('',*,*,#8351,.T.);
#8351 = EDGE_CURVE('',#5226,#8352,#8354,.T.);
#8352 = VERTEX_POINT('',#8353);
#8353 = CARTESIAN_POINT('',(2.66,-17.9,8.));
#8354 = LINE('',#8355,#8356);
#8355 = CARTESIAN_POINT('',(2.686666666667,-17.92666666666,
    7.973333333333));
#8356 = VECTOR('',#8357,1.);
#8357 = DIRECTION('',(-0.57735026919,0.57735026919,0.57735026919));
#8358 = ORIENTED_EDGE('',*,*,#8359,.F.);
#8359 = EDGE_CURVE('',#8328,#8352,#8360,.T.);
#8360 = LINE('',#8361,#8362);
#8361 = CARTESIAN_POINT('',(2.22,-17.9,8.));
#8362 = VECTOR('',#8363,1.);
#8363 = DIRECTION('',(1.,0.,0.));
#8364 = PLANE('',#8365);
#8365 = AXIS2_PLACEMENT_3D('',#8366,#8367,#8368);
#8366 = CARTESIAN_POINT('',(2.22,-18.,7.9));
#8367 = DIRECTION('',(-1.735417226644E-18,0.707106781187,-0.707106781187
    ));
#8368 = DIRECTION('',(-1.,-1.227125289148E-18,1.227125289148E-18));
#8369 = ADVANCED_FACE('',(#8370),#8388,.F.);
#8370 = FACE_BOUND('',#8371,.F.);
#8371 = EDGE_LOOP('',(#8372,#8373,#8381,#8387));
#8372 = ORIENTED_EDGE('',*,*,#8351,.T.);
#8373 = ORIENTED_EDGE('',*,*,#8374,.T.);
#8374 = EDGE_CURVE('',#8352,#8375,#8377,.T.);
#8375 = VERTEX_POINT('',#8376);
#8376 = CARTESIAN_POINT('',(2.66,-17.66,8.));
#8377 = LINE('',#8378,#8379);
#8378 = CARTESIAN_POINT('',(2.66,-18.1,8.));
#8379 = VECTOR('',#8380,1.);
#8380 = DIRECTION('',(0.,1.,0.));
#8381 = ORIENTED_EDGE('',*,*,#8382,.T.);
#8382 = EDGE_CURVE('',#8375,#5250,#8383,.T.);
#8383 = LINE('',#8384,#8385);
#8384 = CARTESIAN_POINT('',(2.686666666667,-17.63333333333,
    7.973333333333));
#8385 = VECTOR('',#8386,1.);
#8386 = DIRECTION('',(0.57735026919,0.57735026919,-0.57735026919));
#8387 = ORIENTED_EDGE('',*,*,#5249,.F.);
#8388 = PLANE('',#8389);
#8389 = AXIS2_PLACEMENT_3D('',#8390,#8391,#8392);
#8390 = CARTESIAN_POINT('',(2.76,-18.1,7.9));
#8391 = DIRECTION('',(-0.707106781187,-1.735417226644E-18,
    -0.707106781187));
#8392 = DIRECTION('',(-1.227125289148E-18,1.,-1.227125289148E-18));
#8393 = ADVANCED_FACE('',(#8394),#8405,.F.);
#8394 = FACE_BOUND('',#8395,.F.);
#8395 = EDGE_LOOP('',(#8396,#8397,#8403,#8404));
#8396 = ORIENTED_EDGE('',*,*,#8382,.F.);
#8397 = ORIENTED_EDGE('',*,*,#8398,.T.);
#8398 = EDGE_CURVE('',#8375,#8319,#8399,.T.);
#8399 = LINE('',#8400,#8401);
#8400 = CARTESIAN_POINT('',(2.86,-17.66,8.));
#8401 = VECTOR('',#8402,1.);
#8402 = DIRECTION('',(-1.,0.,0.));
#8403 = ORIENTED_EDGE('',*,*,#8318,.F.);
#8404 = ORIENTED_EDGE('',*,*,#5273,.F.);
#8405 = PLANE('',#8406);
#8406 = AXIS2_PLACEMENT_3D('',#8407,#8408,#8409);
#8407 = CARTESIAN_POINT('',(2.86,-17.56,7.9));
#8408 = DIRECTION('',(1.735417226644E-18,-0.707106781187,-0.707106781187
    ));
#8409 = DIRECTION('',(-1.,-1.227125289148E-18,-1.227125289148E-18));
#8410 = ADVANCED_FACE('',(#8411),#8436,.F.);
#8411 = FACE_BOUND('',#8412,.F.);
#8412 = EDGE_LOOP('',(#8413,#8421,#8429,#8435));
#8413 = ORIENTED_EDGE('',*,*,#8414,.F.);
#8414 = EDGE_CURVE('',#8415,#5290,#8417,.T.);
#8415 = VERTEX_POINT('',#8416);
#8416 = CARTESIAN_POINT('',(2.66,-15.12,8.));
#8417 = LINE('',#8418,#8419);
#8418 = CARTESIAN_POINT('',(2.686666666667,-15.09333333333,
    7.973333333333));
#8419 = VECTOR('',#8420,1.);
#8420 = DIRECTION('',(0.57735026919,0.57735026919,-0.57735026919));
#8421 = ORIENTED_EDGE('',*,*,#8422,.T.);
#8422 = EDGE_CURVE('',#8415,#8423,#8425,.T.);
#8423 = VERTEX_POINT('',#8424);
#8424 = CARTESIAN_POINT('',(2.42,-15.12,8.));
#8425 = LINE('',#8426,#8427);
#8426 = CARTESIAN_POINT('',(2.86,-15.12,8.));
#8427 = VECTOR('',#8428,1.);
#8428 = DIRECTION('',(-1.,0.,0.));
#8429 = ORIENTED_EDGE('',*,*,#8430,.F.);
#8430 = EDGE_CURVE('',#5298,#8423,#8431,.T.);
#8431 = LINE('',#8432,#8433);
#8432 = CARTESIAN_POINT('',(2.393333333333,-15.09333333333,
    7.973333333333));
#8433 = VECTOR('',#8434,1.);
#8434 = DIRECTION('',(0.57735026919,-0.57735026919,0.57735026919));
#8435 = ORIENTED_EDGE('',*,*,#5297,.F.);
#8436 = PLANE('',#8437);
#8437 = AXIS2_PLACEMENT_3D('',#8438,#8439,#8440);
#8438 = CARTESIAN_POINT('',(2.86,-15.02,7.9));
#8439 = DIRECTION('',(1.735417226644E-18,-0.707106781187,-0.707106781187
    ));
#8440 = DIRECTION('',(-1.,-1.227125289148E-18,-1.227125289148E-18));
#8441 = ADVANCED_FACE('',(#8442),#8460,.F.);
#8442 = FACE_BOUND('',#8443,.T.);
#8443 = EDGE_LOOP('',(#8444,#8445,#8446,#8454));
#8444 = ORIENTED_EDGE('',*,*,#8430,.F.);
#8445 = ORIENTED_EDGE('',*,*,#5321,.T.);
#8446 = ORIENTED_EDGE('',*,*,#8447,.T.);
#8447 = EDGE_CURVE('',#5322,#8448,#8450,.T.);
#8448 = VERTEX_POINT('',#8449);
#8449 = CARTESIAN_POINT('',(2.42,-15.36,8.));
#8450 = LINE('',#8451,#8452);
#8451 = CARTESIAN_POINT('',(2.393333333333,-15.38666666666,
    7.973333333333));
#8452 = VECTOR('',#8453,1.);
#8453 = DIRECTION('',(0.57735026919,0.57735026919,0.57735026919));
#8454 = ORIENTED_EDGE('',*,*,#8455,.F.);
#8455 = EDGE_CURVE('',#8423,#8448,#8456,.T.);
#8456 = LINE('',#8457,#8458);
#8457 = CARTESIAN_POINT('',(2.42,-14.92,8.));
#8458 = VECTOR('',#8459,1.);
#8459 = DIRECTION('',(0.,-1.,0.));
#8460 = PLANE('',#8461);
#8461 = AXIS2_PLACEMENT_3D('',#8462,#8463,#8464);
#8462 = CARTESIAN_POINT('',(2.32,-14.92,7.9));
#8463 = DIRECTION('',(0.707106781187,1.735417226644E-18,-0.707106781187)
  );
#8464 = DIRECTION('',(-1.227125289148E-18,1.,1.227125289148E-18));
#8465 = ADVANCED_FACE('',(#8466),#8484,.F.);
#8466 = FACE_BOUND('',#8467,.T.);
#8467 = EDGE_LOOP('',(#8468,#8469,#8470,#8478));
#8468 = ORIENTED_EDGE('',*,*,#8447,.F.);
#8469 = ORIENTED_EDGE('',*,*,#5345,.T.);
#8470 = ORIENTED_EDGE('',*,*,#8471,.T.);
#8471 = EDGE_CURVE('',#5346,#8472,#8474,.T.);
#8472 = VERTEX_POINT('',#8473);
#8473 = CARTESIAN_POINT('',(2.66,-15.36,8.));
#8474 = LINE('',#8475,#8476);
#8475 = CARTESIAN_POINT('',(2.686666666667,-15.38666666666,
    7.973333333333));
#8476 = VECTOR('',#8477,1.);
#8477 = DIRECTION('',(-0.57735026919,0.57735026919,0.57735026919));
#8478 = ORIENTED_EDGE('',*,*,#8479,.F.);
#8479 = EDGE_CURVE('',#8448,#8472,#8480,.T.);
#8480 = LINE('',#8481,#8482);
#8481 = CARTESIAN_POINT('',(2.22,-15.36,8.));
#8482 = VECTOR('',#8483,1.);
#8483 = DIRECTION('',(1.,0.,0.));
#8484 = PLANE('',#8485);
#8485 = AXIS2_PLACEMENT_3D('',#8486,#8487,#8488);
#8486 = CARTESIAN_POINT('',(2.22,-15.46,7.9));
#8487 = DIRECTION('',(-1.735417226644E-18,0.707106781187,-0.707106781187
    ));
#8488 = DIRECTION('',(-1.,-1.227125289148E-18,1.227125289148E-18));
#8489 = ADVANCED_FACE('',(#8490),#8501,.F.);
#8490 = FACE_BOUND('',#8491,.F.);
#8491 = EDGE_LOOP('',(#8492,#8493,#8499,#8500));
#8492 = ORIENTED_EDGE('',*,*,#8471,.T.);
#8493 = ORIENTED_EDGE('',*,*,#8494,.T.);
#8494 = EDGE_CURVE('',#8472,#8415,#8495,.T.);
#8495 = LINE('',#8496,#8497);
#8496 = CARTESIAN_POINT('',(2.66,-15.56,8.));
#8497 = VECTOR('',#8498,1.);
#8498 = DIRECTION('',(0.,1.,0.));
#8499 = ORIENTED_EDGE('',*,*,#8414,.T.);
#8500 = ORIENTED_EDGE('',*,*,#5369,.F.);
#8501 = PLANE('',#8502);
#8502 = AXIS2_PLACEMENT_3D('',#8503,#8504,#8505);
#8503 = CARTESIAN_POINT('',(2.76,-15.56,7.9));
#8504 = DIRECTION('',(-0.707106781187,-1.735417226644E-18,
    -0.707106781187));
#8505 = DIRECTION('',(-1.227125289148E-18,1.,-1.227125289148E-18));
#8506 = ADVANCED_FACE('',(#8507),#8532,.F.);
#8507 = FACE_BOUND('',#8508,.T.);
#8508 = EDGE_LOOP('',(#8509,#8517,#8518,#8526));
#8509 = ORIENTED_EDGE('',*,*,#8510,.F.);
#8510 = EDGE_CURVE('',#5386,#8511,#8513,.T.);
#8511 = VERTEX_POINT('',#8512);
#8512 = CARTESIAN_POINT('',(2.42,-10.04,8.));
#8513 = LINE('',#8514,#8515);
#8514 = CARTESIAN_POINT('',(2.393333333333,-10.01333333333,
    7.973333333333));
#8515 = VECTOR('',#8516,1.);
#8516 = DIRECTION('',(0.57735026919,-0.57735026919,0.57735026919));
#8517 = ORIENTED_EDGE('',*,*,#5393,.T.);
#8518 = ORIENTED_EDGE('',*,*,#8519,.T.);
#8519 = EDGE_CURVE('',#5394,#8520,#8522,.T.);
#8520 = VERTEX_POINT('',#8521);
#8521 = CARTESIAN_POINT('',(2.42,-10.28,8.));
#8522 = LINE('',#8523,#8524);
#8523 = CARTESIAN_POINT('',(2.393333333333,-10.30666666666,
    7.973333333333));
#8524 = VECTOR('',#8525,1.);
#8525 = DIRECTION('',(0.57735026919,0.57735026919,0.57735026919));
#8526 = ORIENTED_EDGE('',*,*,#8527,.F.);
#8527 = EDGE_CURVE('',#8511,#8520,#8528,.T.);
#8528 = LINE('',#8529,#8530);
#8529 = CARTESIAN_POINT('',(2.42,-9.84,8.));
#8530 = VECTOR('',#8531,1.);
#8531 = DIRECTION('',(0.,-1.,0.));
#8532 = PLANE('',#8533);
#8533 = AXIS2_PLACEMENT_3D('',#8534,#8535,#8536);
#8534 = CARTESIAN_POINT('',(2.32,-9.84,7.9));
#8535 = DIRECTION('',(0.707106781187,1.735417226644E-18,-0.707106781187)
  );
#8536 = DIRECTION('',(-1.227125289148E-18,1.,1.227125289148E-18));
#8537 = ADVANCED_FACE('',(#8538),#8556,.F.);
#8538 = FACE_BOUND('',#8539,.T.);
#8539 = EDGE_LOOP('',(#8540,#8541,#8542,#8550));
#8540 = ORIENTED_EDGE('',*,*,#8519,.F.);
#8541 = ORIENTED_EDGE('',*,*,#5417,.T.);
#8542 = ORIENTED_EDGE('',*,*,#8543,.T.);
#8543 = EDGE_CURVE('',#5418,#8544,#8546,.T.);
#8544 = VERTEX_POINT('',#8545);
#8545 = CARTESIAN_POINT('',(2.66,-10.28,8.));
#8546 = LINE('',#8547,#8548);
#8547 = CARTESIAN_POINT('',(2.686666666667,-10.30666666666,
    7.973333333333));
#8548 = VECTOR('',#8549,1.);
#8549 = DIRECTION('',(-0.57735026919,0.57735026919,0.57735026919));
#8550 = ORIENTED_EDGE('',*,*,#8551,.F.);
#8551 = EDGE_CURVE('',#8520,#8544,#8552,.T.);
#8552 = LINE('',#8553,#8554);
#8553 = CARTESIAN_POINT('',(2.22,-10.28,8.));
#8554 = VECTOR('',#8555,1.);
#8555 = DIRECTION('',(1.,0.,0.));
#8556 = PLANE('',#8557);
#8557 = AXIS2_PLACEMENT_3D('',#8558,#8559,#8560);
#8558 = CARTESIAN_POINT('',(2.22,-10.38,7.9));
#8559 = DIRECTION('',(-1.735417226644E-18,0.707106781187,-0.707106781187
    ));
#8560 = DIRECTION('',(-1.,-1.227125289148E-18,1.227125289148E-18));
#8561 = ADVANCED_FACE('',(#8562),#8580,.F.);
#8562 = FACE_BOUND('',#8563,.F.);
#8563 = EDGE_LOOP('',(#8564,#8565,#8573,#8579));
#8564 = ORIENTED_EDGE('',*,*,#8543,.T.);
#8565 = ORIENTED_EDGE('',*,*,#8566,.T.);
#8566 = EDGE_CURVE('',#8544,#8567,#8569,.T.);
#8567 = VERTEX_POINT('',#8568);
#8568 = CARTESIAN_POINT('',(2.66,-10.04,8.));
#8569 = LINE('',#8570,#8571);
#8570 = CARTESIAN_POINT('',(2.66,-10.48,8.));
#8571 = VECTOR('',#8572,1.);
#8572 = DIRECTION('',(0.,1.,0.));
#8573 = ORIENTED_EDGE('',*,*,#8574,.T.);
#8574 = EDGE_CURVE('',#8567,#5442,#8575,.T.);
#8575 = LINE('',#8576,#8577);
#8576 = CARTESIAN_POINT('',(2.686666666667,-10.01333333333,
    7.973333333333));
#8577 = VECTOR('',#8578,1.);
#8578 = DIRECTION('',(0.57735026919,0.57735026919,-0.57735026919));
#8579 = ORIENTED_EDGE('',*,*,#5441,.F.);
#8580 = PLANE('',#8581);
#8581 = AXIS2_PLACEMENT_3D('',#8582,#8583,#8584);
#8582 = CARTESIAN_POINT('',(2.76,-10.48,7.9));
#8583 = DIRECTION('',(-0.707106781187,-1.735417226644E-18,
    -0.707106781187));
#8584 = DIRECTION('',(-1.227125289148E-18,1.,-1.227125289148E-18));
#8585 = ADVANCED_FACE('',(#8586),#8597,.F.);
#8586 = FACE_BOUND('',#8587,.F.);
#8587 = EDGE_LOOP('',(#8588,#8589,#8595,#8596));
#8588 = ORIENTED_EDGE('',*,*,#8574,.F.);
#8589 = ORIENTED_EDGE('',*,*,#8590,.T.);
#8590 = EDGE_CURVE('',#8567,#8511,#8591,.T.);
#8591 = LINE('',#8592,#8593);
#8592 = CARTESIAN_POINT('',(2.86,-10.04,8.));
#8593 = VECTOR('',#8594,1.);
#8594 = DIRECTION('',(-1.,0.,0.));
#8595 = ORIENTED_EDGE('',*,*,#8510,.F.);
#8596 = ORIENTED_EDGE('',*,*,#5465,.F.);
#8597 = PLANE('',#8598);
#8598 = AXIS2_PLACEMENT_3D('',#8599,#8600,#8601);
#8599 = CARTESIAN_POINT('',(2.86,-9.94,7.9));
#8600 = DIRECTION('',(1.735417226644E-18,-0.707106781187,-0.707106781187
    ));
#8601 = DIRECTION('',(-1.,-1.227125289148E-18,-1.227125289148E-18));
#8602 = ADVANCED_FACE('',(#8603),#8628,.F.);
#8603 = FACE_BOUND('',#8604,.T.);
#8604 = EDGE_LOOP('',(#8605,#8613,#8614,#8622));
#8605 = ORIENTED_EDGE('',*,*,#8606,.F.);
#8606 = EDGE_CURVE('',#5482,#8607,#8609,.T.);
#8607 = VERTEX_POINT('',#8608);
#8608 = CARTESIAN_POINT('',(2.42,-12.82,8.));
#8609 = LINE('',#8610,#8611);
#8610 = CARTESIAN_POINT('',(2.393333333333,-12.84666666666,
    7.973333333333));
#8611 = VECTOR('',#8612,1.);
#8612 = DIRECTION('',(0.57735026919,0.57735026919,0.57735026919));
#8613 = ORIENTED_EDGE('',*,*,#5489,.T.);
#8614 = ORIENTED_EDGE('',*,*,#8615,.T.);
#8615 = EDGE_CURVE('',#5490,#8616,#8618,.T.);
#8616 = VERTEX_POINT('',#8617);
#8617 = CARTESIAN_POINT('',(2.66,-12.82,8.));
#8618 = LINE('',#8619,#8620);
#8619 = CARTESIAN_POINT('',(2.686666666667,-12.84666666666,
    7.973333333333));
#8620 = VECTOR('',#8621,1.);
#8621 = DIRECTION('',(-0.57735026919,0.57735026919,0.57735026919));
#8622 = ORIENTED_EDGE('',*,*,#8623,.F.);
#8623 = EDGE_CURVE('',#8607,#8616,#8624,.T.);
#8624 = LINE('',#8625,#8626);
#8625 = CARTESIAN_POINT('',(2.22,-12.82,8.));
#8626 = VECTOR('',#8627,1.);
#8627 = DIRECTION('',(1.,0.,0.));
#8628 = PLANE('',#8629);
#8629 = AXIS2_PLACEMENT_3D('',#8630,#8631,#8632);
#8630 = CARTESIAN_POINT('',(2.22,-12.92,7.9));
#8631 = DIRECTION('',(-1.735417226644E-18,0.707106781187,-0.707106781187
    ));
#8632 = DIRECTION('',(-1.,-1.227125289148E-18,1.227125289148E-18));
#8633 = ADVANCED_FACE('',(#8634),#8652,.F.);
#8634 = FACE_BOUND('',#8635,.F.);
#8635 = EDGE_LOOP('',(#8636,#8637,#8645,#8651));
#8636 = ORIENTED_EDGE('',*,*,#8615,.T.);
#8637 = ORIENTED_EDGE('',*,*,#8638,.T.);
#8638 = EDGE_CURVE('',#8616,#8639,#8641,.T.);
#8639 = VERTEX_POINT('',#8640);
#8640 = CARTESIAN_POINT('',(2.66,-12.58,8.));
#8641 = LINE('',#8642,#8643);
#8642 = CARTESIAN_POINT('',(2.66,-13.02,8.));
#8643 = VECTOR('',#8644,1.);
#8644 = DIRECTION('',(0.,1.,0.));
#8645 = ORIENTED_EDGE('',*,*,#8646,.T.);
#8646 = EDGE_CURVE('',#8639,#5514,#8647,.T.);
#8647 = LINE('',#8648,#8649);
#8648 = CARTESIAN_POINT('',(2.686666666667,-12.55333333333,
    7.973333333333));
#8649 = VECTOR('',#8650,1.);
#8650 = DIRECTION('',(0.57735026919,0.57735026919,-0.57735026919));
#8651 = ORIENTED_EDGE('',*,*,#5513,.F.);
#8652 = PLANE('',#8653);
#8653 = AXIS2_PLACEMENT_3D('',#8654,#8655,#8656);
#8654 = CARTESIAN_POINT('',(2.76,-13.02,7.9));
#8655 = DIRECTION('',(-0.707106781187,-1.735417226644E-18,
    -0.707106781187));
#8656 = DIRECTION('',(-1.227125289148E-18,1.,-1.227125289148E-18));
#8657 = ADVANCED_FACE('',(#8658),#8676,.F.);
#8658 = FACE_BOUND('',#8659,.F.);
#8659 = EDGE_LOOP('',(#8660,#8661,#8669,#8675));
#8660 = ORIENTED_EDGE('',*,*,#8646,.F.);
#8661 = ORIENTED_EDGE('',*,*,#8662,.T.);
#8662 = EDGE_CURVE('',#8639,#8663,#8665,.T.);
#8663 = VERTEX_POINT('',#8664);
#8664 = CARTESIAN_POINT('',(2.42,-12.58,8.));
#8665 = LINE('',#8666,#8667);
#8666 = CARTESIAN_POINT('',(2.86,-12.58,8.));
#8667 = VECTOR('',#8668,1.);
#8668 = DIRECTION('',(-1.,0.,0.));
#8669 = ORIENTED_EDGE('',*,*,#8670,.F.);
#8670 = EDGE_CURVE('',#5538,#8663,#8671,.T.);
#8671 = LINE('',#8672,#8673);
#8672 = CARTESIAN_POINT('',(2.393333333333,-12.55333333333,
    7.973333333333));
#8673 = VECTOR('',#8674,1.);
#8674 = DIRECTION('',(0.57735026919,-0.57735026919,0.57735026919));
#8675 = ORIENTED_EDGE('',*,*,#5537,.F.);
#8676 = PLANE('',#8677);
#8677 = AXIS2_PLACEMENT_3D('',#8678,#8679,#8680);
#8678 = CARTESIAN_POINT('',(2.86,-12.48,7.9));
#8679 = DIRECTION('',(1.735417226644E-18,-0.707106781187,-0.707106781187
    ));
#8680 = DIRECTION('',(-1.,-1.227125289148E-18,-1.227125289148E-18));
#8681 = ADVANCED_FACE('',(#8682),#8693,.F.);
#8682 = FACE_BOUND('',#8683,.T.);
#8683 = EDGE_LOOP('',(#8684,#8685,#8686,#8687));
#8684 = ORIENTED_EDGE('',*,*,#8670,.F.);
#8685 = ORIENTED_EDGE('',*,*,#5561,.T.);
#8686 = ORIENTED_EDGE('',*,*,#8606,.T.);
#8687 = ORIENTED_EDGE('',*,*,#8688,.F.);
#8688 = EDGE_CURVE('',#8663,#8607,#8689,.T.);
#8689 = LINE('',#8690,#8691);
#8690 = CARTESIAN_POINT('',(2.42,-12.38,8.));
#8691 = VECTOR('',#8692,1.);
#8692 = DIRECTION('',(0.,-1.,0.));
#8693 = PLANE('',#8694);
#8694 = AXIS2_PLACEMENT_3D('',#8695,#8696,#8697);
#8695 = CARTESIAN_POINT('',(2.32,-12.38,7.9));
#8696 = DIRECTION('',(0.707106781187,1.735417226644E-18,-0.707106781187)
  );
#8697 = DIRECTION('',(-1.227125289148E-18,1.,1.227125289148E-18));
#8698 = ADVANCED_FACE('',(#8699),#8724,.F.);
#8699 = FACE_BOUND('',#8700,.F.);
#8700 = EDGE_LOOP('',(#8701,#8709,#8717,#8723));
#8701 = ORIENTED_EDGE('',*,*,#8702,.F.);
#8702 = EDGE_CURVE('',#8703,#5578,#8705,.T.);
#8703 = VERTEX_POINT('',#8704);
#8704 = CARTESIAN_POINT('',(2.66,-2.42,8.));
#8705 = LINE('',#8706,#8707);
#8706 = CARTESIAN_POINT('',(2.686666666667,-2.393333333333,
    7.973333333333));
#8707 = VECTOR('',#8708,1.);
#8708 = DIRECTION('',(0.57735026919,0.57735026919,-0.57735026919));
#8709 = ORIENTED_EDGE('',*,*,#8710,.T.);
#8710 = EDGE_CURVE('',#8703,#8711,#8713,.T.);
#8711 = VERTEX_POINT('',#8712);
#8712 = CARTESIAN_POINT('',(2.42,-2.42,8.));
#8713 = LINE('',#8714,#8715);
#8714 = CARTESIAN_POINT('',(2.86,-2.42,8.));
#8715 = VECTOR('',#8716,1.);
#8716 = DIRECTION('',(-1.,0.,0.));
#8717 = ORIENTED_EDGE('',*,*,#8718,.F.);
#8718 = EDGE_CURVE('',#5586,#8711,#8719,.T.);
#8719 = LINE('',#8720,#8721);
#8720 = CARTESIAN_POINT('',(2.393333333333,-2.393333333333,
    7.973333333333));
#8721 = VECTOR('',#8722,1.);
#8722 = DIRECTION('',(0.57735026919,-0.57735026919,0.57735026919));
#8723 = ORIENTED_EDGE('',*,*,#5585,.F.);
#8724 = PLANE('',#8725);
#8725 = AXIS2_PLACEMENT_3D('',#8726,#8727,#8728);
#8726 = CARTESIAN_POINT('',(2.86,-2.32,7.9));
#8727 = DIRECTION('',(1.735417226644E-18,-0.707106781187,-0.707106781187
    ));
#8728 = DIRECTION('',(-1.,-1.227125289148E-18,-1.227125289148E-18));
#8729 = ADVANCED_FACE('',(#8730),#8748,.F.);
#8730 = FACE_BOUND('',#8731,.T.);
#8731 = EDGE_LOOP('',(#8732,#8733,#8734,#8742));
#8732 = ORIENTED_EDGE('',*,*,#8718,.F.);
#8733 = ORIENTED_EDGE('',*,*,#5609,.T.);
#8734 = ORIENTED_EDGE('',*,*,#8735,.T.);
#8735 = EDGE_CURVE('',#5610,#8736,#8738,.T.);
#8736 = VERTEX_POINT('',#8737);
#8737 = CARTESIAN_POINT('',(2.42,-2.66,8.));
#8738 = LINE('',#8739,#8740);
#8739 = CARTESIAN_POINT('',(2.393333333333,-2.686666666667,
    7.973333333333));
#8740 = VECTOR('',#8741,1.);
#8741 = DIRECTION('',(0.57735026919,0.57735026919,0.57735026919));
#8742 = ORIENTED_EDGE('',*,*,#8743,.F.);
#8743 = EDGE_CURVE('',#8711,#8736,#8744,.T.);
#8744 = LINE('',#8745,#8746);
#8745 = CARTESIAN_POINT('',(2.42,-2.22,8.));
#8746 = VECTOR('',#8747,1.);
#8747 = DIRECTION('',(0.,-1.,0.));
#8748 = PLANE('',#8749);
#8749 = AXIS2_PLACEMENT_3D('',#8750,#8751,#8752);
#8750 = CARTESIAN_POINT('',(2.32,-2.22,7.9));
#8751 = DIRECTION('',(0.707106781187,1.735417226644E-18,-0.707106781187)
  );
#8752 = DIRECTION('',(-1.227125289148E-18,1.,1.227125289148E-18));
#8753 = ADVANCED_FACE('',(#8754),#8772,.F.);
#8754 = FACE_BOUND('',#8755,.T.);
#8755 = EDGE_LOOP('',(#8756,#8757,#8758,#8766));
#8756 = ORIENTED_EDGE('',*,*,#8735,.F.);
#8757 = ORIENTED_EDGE('',*,*,#5633,.T.);
#8758 = ORIENTED_EDGE('',*,*,#8759,.T.);
#8759 = EDGE_CURVE('',#5634,#8760,#8762,.T.);
#8760 = VERTEX_POINT('',#8761);
#8761 = CARTESIAN_POINT('',(2.66,-2.66,8.));
#8762 = LINE('',#8763,#8764);
#8763 = CARTESIAN_POINT('',(2.686666666667,-2.686666666667,
    7.973333333333));
#8764 = VECTOR('',#8765,1.);
#8765 = DIRECTION('',(-0.57735026919,0.57735026919,0.57735026919));
#8766 = ORIENTED_EDGE('',*,*,#8767,.F.);
#8767 = EDGE_CURVE('',#8736,#8760,#8768,.T.);
#8768 = LINE('',#8769,#8770);
#8769 = CARTESIAN_POINT('',(2.22,-2.66,8.));
#8770 = VECTOR('',#8771,1.);
#8771 = DIRECTION('',(1.,0.,0.));
#8772 = PLANE('',#8773);
#8773 = AXIS2_PLACEMENT_3D('',#8774,#8775,#8776);
#8774 = CARTESIAN_POINT('',(2.22,-2.76,7.9));
#8775 = DIRECTION('',(-1.735417226644E-18,0.707106781187,-0.707106781187
    ));
#8776 = DIRECTION('',(-1.,-1.227125289148E-18,1.227125289148E-18));
#8777 = ADVANCED_FACE('',(#8778),#8789,.F.);
#8778 = FACE_BOUND('',#8779,.F.);
#8779 = EDGE_LOOP('',(#8780,#8781,#8787,#8788));
#8780 = ORIENTED_EDGE('',*,*,#8759,.T.);
#8781 = ORIENTED_EDGE('',*,*,#8782,.T.);
#8782 = EDGE_CURVE('',#8760,#8703,#8783,.T.);
#8783 = LINE('',#8784,#8785);
#8784 = CARTESIAN_POINT('',(2.66,-2.86,8.));
#8785 = VECTOR('',#8786,1.);
#8786 = DIRECTION('',(0.,1.,0.));
#8787 = ORIENTED_EDGE('',*,*,#8702,.T.);
#8788 = ORIENTED_EDGE('',*,*,#5657,.F.);
#8789 = PLANE('',#8790);
#8790 = AXIS2_PLACEMENT_3D('',#8791,#8792,#8793);
#8791 = CARTESIAN_POINT('',(2.76,-2.86,7.9));
#8792 = DIRECTION('',(-0.707106781187,-1.735417226644E-18,
    -0.707106781187));
#8793 = DIRECTION('',(-1.227125289148E-18,1.,-1.227125289148E-18));
#8794 = ADVANCED_FACE('',(#8795),#8820,.F.);
#8795 = FACE_BOUND('',#8796,.F.);
#8796 = EDGE_LOOP('',(#8797,#8805,#8813,#8819));
#8797 = ORIENTED_EDGE('',*,*,#8798,.F.);
#8798 = EDGE_CURVE('',#8799,#5674,#8801,.T.);
#8799 = VERTEX_POINT('',#8800);
#8800 = CARTESIAN_POINT('',(2.66,-5.2,8.));
#8801 = LINE('',#8802,#8803);
#8802 = CARTESIAN_POINT('',(2.686666666667,-5.226666666667,
    7.973333333333));
#8803 = VECTOR('',#8804,1.);
#8804 = DIRECTION('',(0.57735026919,-0.57735026919,-0.57735026919));
#8805 = ORIENTED_EDGE('',*,*,#8806,.T.);
#8806 = EDGE_CURVE('',#8799,#8807,#8809,.T.);
#8807 = VERTEX_POINT('',#8808);
#8808 = CARTESIAN_POINT('',(2.66,-4.96,8.));
#8809 = LINE('',#8810,#8811);
#8810 = CARTESIAN_POINT('',(2.66,-5.4,8.));
#8811 = VECTOR('',#8812,1.);
#8812 = DIRECTION('',(0.,1.,0.));
#8813 = ORIENTED_EDGE('',*,*,#8814,.T.);
#8814 = EDGE_CURVE('',#8807,#5682,#8815,.T.);
#8815 = LINE('',#8816,#8817);
#8816 = CARTESIAN_POINT('',(2.686666666667,-4.933333333333,
    7.973333333333));
#8817 = VECTOR('',#8818,1.);
#8818 = DIRECTION('',(0.57735026919,0.57735026919,-0.57735026919));
#8819 = ORIENTED_EDGE('',*,*,#5681,.F.);
#8820 = PLANE('',#8821);
#8821 = AXIS2_PLACEMENT_3D('',#8822,#8823,#8824);
#8822 = CARTESIAN_POINT('',(2.76,-5.4,7.9));
#8823 = DIRECTION('',(-0.707106781187,-1.735417226644E-18,
    -0.707106781187));
#8824 = DIRECTION('',(-1.227125289148E-18,1.,-1.227125289148E-18));
#8825 = ADVANCED_FACE('',(#8826),#8844,.F.);
#8826 = FACE_BOUND('',#8827,.F.);
#8827 = EDGE_LOOP('',(#8828,#8829,#8837,#8843));
#8828 = ORIENTED_EDGE('',*,*,#8814,.F.);
#8829 = ORIENTED_EDGE('',*,*,#8830,.T.);
#8830 = EDGE_CURVE('',#8807,#8831,#8833,.T.);
#8831 = VERTEX_POINT('',#8832);
#8832 = CARTESIAN_POINT('',(2.42,-4.96,8.));
#8833 = LINE('',#8834,#8835);
#8834 = CARTESIAN_POINT('',(2.86,-4.96,8.));
#8835 = VECTOR('',#8836,1.);
#8836 = DIRECTION('',(-1.,0.,0.));
#8837 = ORIENTED_EDGE('',*,*,#8838,.F.);
#8838 = EDGE_CURVE('',#5706,#8831,#8839,.T.);
#8839 = LINE('',#8840,#8841);
#8840 = CARTESIAN_POINT('',(2.393333333333,-4.933333333333,
    7.973333333333));
#8841 = VECTOR('',#8842,1.);
#8842 = DIRECTION('',(0.57735026919,-0.57735026919,0.57735026919));
#8843 = ORIENTED_EDGE('',*,*,#5705,.F.);
#8844 = PLANE('',#8845);
#8845 = AXIS2_PLACEMENT_3D('',#8846,#8847,#8848);
#8846 = CARTESIAN_POINT('',(2.86,-4.86,7.9));
#8847 = DIRECTION('',(1.735417226644E-18,-0.707106781187,-0.707106781187
    ));
#8848 = DIRECTION('',(-1.,-1.227125289148E-18,-1.227125289148E-18));
#8849 = ADVANCED_FACE('',(#8850),#8868,.F.);
#8850 = FACE_BOUND('',#8851,.T.);
#8851 = EDGE_LOOP('',(#8852,#8853,#8854,#8862));
#8852 = ORIENTED_EDGE('',*,*,#8838,.F.);
#8853 = ORIENTED_EDGE('',*,*,#5729,.T.);
#8854 = ORIENTED_EDGE('',*,*,#8855,.T.);
#8855 = EDGE_CURVE('',#5730,#8856,#8858,.T.);
#8856 = VERTEX_POINT('',#8857);
#8857 = CARTESIAN_POINT('',(2.42,-5.2,8.));
#8858 = LINE('',#8859,#8860);
#8859 = CARTESIAN_POINT('',(2.393333333333,-5.226666666667,
    7.973333333333));
#8860 = VECTOR('',#8861,1.);
#8861 = DIRECTION('',(0.57735026919,0.57735026919,0.57735026919));
#8862 = ORIENTED_EDGE('',*,*,#8863,.F.);
#8863 = EDGE_CURVE('',#8831,#8856,#8864,.T.);
#8864 = LINE('',#8865,#8866);
#8865 = CARTESIAN_POINT('',(2.42,-4.76,8.));
#8866 = VECTOR('',#8867,1.);
#8867 = DIRECTION('',(0.,-1.,0.));
#8868 = PLANE('',#8869);
#8869 = AXIS2_PLACEMENT_3D('',#8870,#8871,#8872);
#8870 = CARTESIAN_POINT('',(2.32,-4.76,7.9));
#8871 = DIRECTION('',(0.707106781187,1.735417226644E-18,-0.707106781187)
  );
#8872 = DIRECTION('',(-1.227125289148E-18,1.,1.227125289148E-18));
#8873 = ADVANCED_FACE('',(#8874),#8885,.F.);
#8874 = FACE_BOUND('',#8875,.T.);
#8875 = EDGE_LOOP('',(#8876,#8877,#8878,#8879));
#8876 = ORIENTED_EDGE('',*,*,#8855,.F.);
#8877 = ORIENTED_EDGE('',*,*,#5753,.T.);
#8878 = ORIENTED_EDGE('',*,*,#8798,.F.);
#8879 = ORIENTED_EDGE('',*,*,#8880,.F.);
#8880 = EDGE_CURVE('',#8856,#8799,#8881,.T.);
#8881 = LINE('',#8882,#8883);
#8882 = CARTESIAN_POINT('',(2.22,-5.2,8.));
#8883 = VECTOR('',#8884,1.);
#8884 = DIRECTION('',(1.,0.,0.));
#8885 = PLANE('',#8886);
#8886 = AXIS2_PLACEMENT_3D('',#8887,#8888,#8889);
#8887 = CARTESIAN_POINT('',(2.22,-5.3,7.9));
#8888 = DIRECTION('',(-1.735417226644E-18,0.707106781187,-0.707106781187
    ));
#8889 = DIRECTION('',(-1.,-1.227125289148E-18,1.227125289148E-18));
#8890 = ADVANCED_FACE('',(#8891),#8916,.F.);
#8891 = FACE_BOUND('',#8892,.T.);
#8892 = EDGE_LOOP('',(#8893,#8901,#8902,#8910));
#8893 = ORIENTED_EDGE('',*,*,#8894,.F.);
#8894 = EDGE_CURVE('',#5770,#8895,#8897,.T.);
#8895 = VERTEX_POINT('',#8896);
#8896 = CARTESIAN_POINT('',(2.42,-7.5,8.));
#8897 = LINE('',#8898,#8899);
#8898 = CARTESIAN_POINT('',(2.393333333333,-7.473333333333,
    7.973333333333));
#8899 = VECTOR('',#8900,1.);
#8900 = DIRECTION('',(0.57735026919,-0.57735026919,0.57735026919));
#8901 = ORIENTED_EDGE('',*,*,#5777,.T.);
#8902 = ORIENTED_EDGE('',*,*,#8903,.T.);
#8903 = EDGE_CURVE('',#5778,#8904,#8906,.T.);
#8904 = VERTEX_POINT('',#8905);
#8905 = CARTESIAN_POINT('',(2.42,-7.74,8.));
#8906 = LINE('',#8907,#8908);
#8907 = CARTESIAN_POINT('',(2.393333333333,-7.766666666667,
    7.973333333333));
#8908 = VECTOR('',#8909,1.);
#8909 = DIRECTION('',(0.57735026919,0.57735026919,0.57735026919));
#8910 = ORIENTED_EDGE('',*,*,#8911,.F.);
#8911 = EDGE_CURVE('',#8895,#8904,#8912,.T.);
#8912 = LINE('',#8913,#8914);
#8913 = CARTESIAN_POINT('',(2.42,-7.3,8.));
#8914 = VECTOR('',#8915,1.);
#8915 = DIRECTION('',(0.,-1.,0.));
#8916 = PLANE('',#8917);
#8917 = AXIS2_PLACEMENT_3D('',#8918,#8919,#8920);
#8918 = CARTESIAN_POINT('',(2.32,-7.3,7.9));
#8919 = DIRECTION('',(0.707106781187,1.735417226644E-18,-0.707106781187)
  );
#8920 = DIRECTION('',(-1.227125289148E-18,1.,1.227125289148E-18));
#8921 = ADVANCED_FACE('',(#8922),#8940,.F.);
#8922 = FACE_BOUND('',#8923,.T.);
#8923 = EDGE_LOOP('',(#8924,#8925,#8926,#8934));
#8924 = ORIENTED_EDGE('',*,*,#8903,.F.);
#8925 = ORIENTED_EDGE('',*,*,#5801,.T.);
#8926 = ORIENTED_EDGE('',*,*,#8927,.T.);
#8927 = EDGE_CURVE('',#5802,#8928,#8930,.T.);
#8928 = VERTEX_POINT('',#8929);
#8929 = CARTESIAN_POINT('',(2.66,-7.74,8.));
#8930 = LINE('',#8931,#8932);
#8931 = CARTESIAN_POINT('',(2.686666666667,-7.766666666667,
    7.973333333333));
#8932 = VECTOR('',#8933,1.);
#8933 = DIRECTION('',(-0.57735026919,0.57735026919,0.57735026919));
#8934 = ORIENTED_EDGE('',*,*,#8935,.F.);
#8935 = EDGE_CURVE('',#8904,#8928,#8936,.T.);
#8936 = LINE('',#8937,#8938);
#8937 = CARTESIAN_POINT('',(2.22,-7.74,8.));
#8938 = VECTOR('',#8939,1.);
#8939 = DIRECTION('',(1.,0.,0.));
#8940 = PLANE('',#8941);
#8941 = AXIS2_PLACEMENT_3D('',#8942,#8943,#8944);
#8942 = CARTESIAN_POINT('',(2.22,-7.84,7.9));
#8943 = DIRECTION('',(-1.735417226644E-18,0.707106781187,-0.707106781187
    ));
#8944 = DIRECTION('',(-1.,-1.227125289148E-18,1.227125289148E-18));
#8945 = ADVANCED_FACE('',(#8946),#8964,.F.);
#8946 = FACE_BOUND('',#8947,.F.);
#8947 = EDGE_LOOP('',(#8948,#8949,#8957,#8963));
#8948 = ORIENTED_EDGE('',*,*,#8927,.T.);
#8949 = ORIENTED_EDGE('',*,*,#8950,.T.);
#8950 = EDGE_CURVE('',#8928,#8951,#8953,.T.);
#8951 = VERTEX_POINT('',#8952);
#8952 = CARTESIAN_POINT('',(2.66,-7.5,8.));
#8953 = LINE('',#8954,#8955);
#8954 = CARTESIAN_POINT('',(2.66,-7.94,8.));
#8955 = VECTOR('',#8956,1.);
#8956 = DIRECTION('',(0.,1.,0.));
#8957 = ORIENTED_EDGE('',*,*,#8958,.T.);
#8958 = EDGE_CURVE('',#8951,#5826,#8959,.T.);
#8959 = LINE('',#8960,#8961);
#8960 = CARTESIAN_POINT('',(2.686666666667,-7.473333333333,
    7.973333333333));
#8961 = VECTOR('',#8962,1.);
#8962 = DIRECTION('',(0.57735026919,0.57735026919,-0.57735026919));
#8963 = ORIENTED_EDGE('',*,*,#5825,.F.);
#8964 = PLANE('',#8965);
#8965 = AXIS2_PLACEMENT_3D('',#8966,#8967,#8968);
#8966 = CARTESIAN_POINT('',(2.76,-7.94,7.9));
#8967 = DIRECTION('',(-0.707106781187,-1.735417226644E-18,
    -0.707106781187));
#8968 = DIRECTION('',(-1.227125289148E-18,1.,-1.227125289148E-18));
#8969 = ADVANCED_FACE('',(#8970),#8981,.F.);
#8970 = FACE_BOUND('',#8971,.F.);
#8971 = EDGE_LOOP('',(#8972,#8973,#8979,#8980));
#8972 = ORIENTED_EDGE('',*,*,#8958,.F.);
#8973 = ORIENTED_EDGE('',*,*,#8974,.T.);
#8974 = EDGE_CURVE('',#8951,#8895,#8975,.T.);
#8975 = LINE('',#8976,#8977);
#8976 = CARTESIAN_POINT('',(2.86,-7.5,8.));
#8977 = VECTOR('',#8978,1.);
#8978 = DIRECTION('',(-1.,0.,0.));
#8979 = ORIENTED_EDGE('',*,*,#8894,.F.);
#8980 = ORIENTED_EDGE('',*,*,#5849,.F.);
#8981 = PLANE('',#8982);
#8982 = AXIS2_PLACEMENT_3D('',#8983,#8984,#8985);
#8983 = CARTESIAN_POINT('',(2.86,-7.4,7.9));
#8984 = DIRECTION('',(1.735417226644E-18,-0.707106781187,-0.707106781187
    ));
#8985 = DIRECTION('',(-1.,-1.227125289148E-18,-1.227125289148E-18));
#8986 = ADVANCED_FACE('',(#8987),#9012,.F.);
#8987 = FACE_BOUND('',#8988,.T.);
#8988 = EDGE_LOOP('',(#8989,#8997,#8998,#9006));
#8989 = ORIENTED_EDGE('',*,*,#8990,.T.);
#8990 = EDGE_CURVE('',#8991,#5866,#8993,.T.);
#8991 = VERTEX_POINT('',#8992);
#8992 = CARTESIAN_POINT('',(2.42,0.12,8.));
#8993 = LINE('',#8994,#8995);
#8994 = CARTESIAN_POINT('',(2.393333333333,0.146666666667,7.973333333333
    ));
#8995 = VECTOR('',#8996,1.);
#8996 = DIRECTION('',(-0.57735026919,0.57735026919,-0.57735026919));
#8997 = ORIENTED_EDGE('',*,*,#5873,.T.);
#8998 = ORIENTED_EDGE('',*,*,#8999,.T.);
#8999 = EDGE_CURVE('',#5874,#9000,#9002,.T.);
#9000 = VERTEX_POINT('',#9001);
#9001 = CARTESIAN_POINT('',(2.42,-0.12,8.));
#9002 = LINE('',#9003,#9004);
#9003 = CARTESIAN_POINT('',(2.393333333333,-0.146666666667,
    7.973333333333));
#9004 = VECTOR('',#9005,1.);
#9005 = DIRECTION('',(0.57735026919,0.57735026919,0.57735026919));
#9006 = ORIENTED_EDGE('',*,*,#9007,.F.);
#9007 = EDGE_CURVE('',#8991,#9000,#9008,.T.);
#9008 = LINE('',#9009,#9010);
#9009 = CARTESIAN_POINT('',(2.42,0.32,8.));
#9010 = VECTOR('',#9011,1.);
#9011 = DIRECTION('',(0.,-1.,0.));
#9012 = PLANE('',#9013);
#9013 = AXIS2_PLACEMENT_3D('',#9014,#9015,#9016);
#9014 = CARTESIAN_POINT('',(2.32,0.32,7.9));
#9015 = DIRECTION('',(0.707106781187,1.735417226644E-18,-0.707106781187)
  );
#9016 = DIRECTION('',(-1.227125289148E-18,1.,1.227125289148E-18));
#9017 = ADVANCED_FACE('',(#9018),#9036,.F.);
#9018 = FACE_BOUND('',#9019,.T.);
#9019 = EDGE_LOOP('',(#9020,#9021,#9022,#9030));
#9020 = ORIENTED_EDGE('',*,*,#8999,.F.);
#9021 = ORIENTED_EDGE('',*,*,#5897,.T.);
#9022 = ORIENTED_EDGE('',*,*,#9023,.F.);
#9023 = EDGE_CURVE('',#9024,#5898,#9026,.T.);
#9024 = VERTEX_POINT('',#9025);
#9025 = CARTESIAN_POINT('',(2.66,-0.12,8.));
#9026 = LINE('',#9027,#9028);
#9027 = CARTESIAN_POINT('',(2.686666666667,-0.146666666667,
    7.973333333333));
#9028 = VECTOR('',#9029,1.);
#9029 = DIRECTION('',(0.57735026919,-0.57735026919,-0.57735026919));
#9030 = ORIENTED_EDGE('',*,*,#9031,.F.);
#9031 = EDGE_CURVE('',#9000,#9024,#9032,.T.);
#9032 = LINE('',#9033,#9034);
#9033 = CARTESIAN_POINT('',(2.22,-0.12,8.));
#9034 = VECTOR('',#9035,1.);
#9035 = DIRECTION('',(1.,0.,0.));
#9036 = PLANE('',#9037);
#9037 = AXIS2_PLACEMENT_3D('',#9038,#9039,#9040);
#9038 = CARTESIAN_POINT('',(2.22,-0.22,7.9));
#9039 = DIRECTION('',(-1.735417226644E-18,0.707106781187,-0.707106781187
    ));
#9040 = DIRECTION('',(-1.,-1.227125289148E-18,1.227125289148E-18));
#9041 = ADVANCED_FACE('',(#9042),#9060,.F.);
#9042 = FACE_BOUND('',#9043,.F.);
#9043 = EDGE_LOOP('',(#9044,#9045,#9053,#9059));
#9044 = ORIENTED_EDGE('',*,*,#9023,.F.);
#9045 = ORIENTED_EDGE('',*,*,#9046,.T.);
#9046 = EDGE_CURVE('',#9024,#9047,#9049,.T.);
#9047 = VERTEX_POINT('',#9048);
#9048 = CARTESIAN_POINT('',(2.66,0.12,8.));
#9049 = LINE('',#9050,#9051);
#9050 = CARTESIAN_POINT('',(2.66,-0.32,8.));
#9051 = VECTOR('',#9052,1.);
#9052 = DIRECTION('',(0.,1.,0.));
#9053 = ORIENTED_EDGE('',*,*,#9054,.T.);
#9054 = EDGE_CURVE('',#9047,#5922,#9055,.T.);
#9055 = LINE('',#9056,#9057);
#9056 = CARTESIAN_POINT('',(2.686666666667,0.146666666667,7.973333333333
    ));
#9057 = VECTOR('',#9058,1.);
#9058 = DIRECTION('',(0.57735026919,0.57735026919,-0.57735026919));
#9059 = ORIENTED_EDGE('',*,*,#5921,.F.);
#9060 = PLANE('',#9061);
#9061 = AXIS2_PLACEMENT_3D('',#9062,#9063,#9064);
#9062 = CARTESIAN_POINT('',(2.76,-0.32,7.9));
#9063 = DIRECTION('',(-0.707106781187,-1.735417226644E-18,
    -0.707106781187));
#9064 = DIRECTION('',(-1.227125289148E-18,1.,-1.227125289148E-18));
#9065 = ADVANCED_FACE('',(#9066),#9077,.F.);
#9066 = FACE_BOUND('',#9067,.F.);
#9067 = EDGE_LOOP('',(#9068,#9069,#9075,#9076));
#9068 = ORIENTED_EDGE('',*,*,#9054,.F.);
#9069 = ORIENTED_EDGE('',*,*,#9070,.T.);
#9070 = EDGE_CURVE('',#9047,#8991,#9071,.T.);
#9071 = LINE('',#9072,#9073);
#9072 = CARTESIAN_POINT('',(2.86,0.12,8.));
#9073 = VECTOR('',#9074,1.);
#9074 = DIRECTION('',(-1.,0.,0.));
#9075 = ORIENTED_EDGE('',*,*,#8990,.T.);
#9076 = ORIENTED_EDGE('',*,*,#5945,.F.);
#9077 = PLANE('',#9078);
#9078 = AXIS2_PLACEMENT_3D('',#9079,#9080,#9081);
#9079 = CARTESIAN_POINT('',(2.86,0.22,7.9));
#9080 = DIRECTION('',(1.735417226644E-18,-0.707106781187,-0.707106781187
    ));
#9081 = DIRECTION('',(-1.,-1.227125289148E-18,-1.227125289148E-18));
#9082 = ADVANCED_FACE('',(#9083),#9108,.F.);
#9083 = FACE_BOUND('',#9084,.T.);
#9084 = EDGE_LOOP('',(#9085,#9093,#9094,#9102));
#9085 = ORIENTED_EDGE('',*,*,#9086,.T.);
#9086 = EDGE_CURVE('',#9087,#5962,#9089,.T.);
#9087 = VERTEX_POINT('',#9088);
#9088 = CARTESIAN_POINT('',(-0.12,0.12,8.));
#9089 = LINE('',#9090,#9091);
#9090 = CARTESIAN_POINT('',(-0.146666666667,0.146666666667,
    7.973333333333));
#9091 = VECTOR('',#9092,1.);
#9092 = DIRECTION('',(-0.57735026919,0.57735026919,-0.57735026919));
#9093 = ORIENTED_EDGE('',*,*,#5969,.T.);
#9094 = ORIENTED_EDGE('',*,*,#9095,.T.);
#9095 = EDGE_CURVE('',#5970,#9096,#9098,.T.);
#9096 = VERTEX_POINT('',#9097);
#9097 = CARTESIAN_POINT('',(-0.12,-0.12,8.));
#9098 = LINE('',#9099,#9100);
#9099 = CARTESIAN_POINT('',(-0.146666666667,-0.146666666667,
    7.973333333333));
#9100 = VECTOR('',#9101,1.);
#9101 = DIRECTION('',(0.57735026919,0.57735026919,0.57735026919));
#9102 = ORIENTED_EDGE('',*,*,#9103,.F.);
#9103 = EDGE_CURVE('',#9087,#9096,#9104,.T.);
#9104 = LINE('',#9105,#9106);
#9105 = CARTESIAN_POINT('',(-0.12,0.32,8.));
#9106 = VECTOR('',#9107,1.);
#9107 = DIRECTION('',(0.,-1.,0.));
#9108 = PLANE('',#9109);
#9109 = AXIS2_PLACEMENT_3D('',#9110,#9111,#9112);
#9110 = CARTESIAN_POINT('',(-0.22,0.32,7.9));
#9111 = DIRECTION('',(0.707106781187,1.735417226644E-18,-0.707106781187)
  );
#9112 = DIRECTION('',(-1.227125289148E-18,1.,1.227125289148E-18));
#9113 = ADVANCED_FACE('',(#9114),#9132,.F.);
#9114 = FACE_BOUND('',#9115,.T.);
#9115 = EDGE_LOOP('',(#9116,#9117,#9118,#9126));
#9116 = ORIENTED_EDGE('',*,*,#9095,.F.);
#9117 = ORIENTED_EDGE('',*,*,#5993,.T.);
#9118 = ORIENTED_EDGE('',*,*,#9119,.T.);
#9119 = EDGE_CURVE('',#5994,#9120,#9122,.T.);
#9120 = VERTEX_POINT('',#9121);
#9121 = CARTESIAN_POINT('',(0.12,-0.12,8.));
#9122 = LINE('',#9123,#9124);
#9123 = CARTESIAN_POINT('',(0.146666666667,-0.146666666667,
    7.973333333333));
#9124 = VECTOR('',#9125,1.);
#9125 = DIRECTION('',(-0.57735026919,0.57735026919,0.57735026919));
#9126 = ORIENTED_EDGE('',*,*,#9127,.F.);
#9127 = EDGE_CURVE('',#9096,#9120,#9128,.T.);
#9128 = LINE('',#9129,#9130);
#9129 = CARTESIAN_POINT('',(-0.32,-0.12,8.));
#9130 = VECTOR('',#9131,1.);
#9131 = DIRECTION('',(1.,0.,0.));
#9132 = PLANE('',#9133);
#9133 = AXIS2_PLACEMENT_3D('',#9134,#9135,#9136);
#9134 = CARTESIAN_POINT('',(-0.32,-0.22,7.9));
#9135 = DIRECTION('',(-1.735417226644E-18,0.707106781187,-0.707106781187
    ));
#9136 = DIRECTION('',(-1.,-1.227125289148E-18,1.227125289148E-18));
#9137 = ADVANCED_FACE('',(#9138),#9156,.F.);
#9138 = FACE_BOUND('',#9139,.F.);
#9139 = EDGE_LOOP('',(#9140,#9141,#9149,#9155));
#9140 = ORIENTED_EDGE('',*,*,#9119,.T.);
#9141 = ORIENTED_EDGE('',*,*,#9142,.T.);
#9142 = EDGE_CURVE('',#9120,#9143,#9145,.T.);
#9143 = VERTEX_POINT('',#9144);
#9144 = CARTESIAN_POINT('',(0.12,0.12,8.));
#9145 = LINE('',#9146,#9147);
#9146 = CARTESIAN_POINT('',(0.12,-0.32,8.));
#9147 = VECTOR('',#9148,1.);
#9148 = DIRECTION('',(0.,1.,0.));
#9149 = ORIENTED_EDGE('',*,*,#9150,.T.);
#9150 = EDGE_CURVE('',#9143,#6018,#9151,.T.);
#9151 = LINE('',#9152,#9153);
#9152 = CARTESIAN_POINT('',(0.146666666667,0.146666666667,7.973333333333
    ));
#9153 = VECTOR('',#9154,1.);
#9154 = DIRECTION('',(0.57735026919,0.57735026919,-0.57735026919));
#9155 = ORIENTED_EDGE('',*,*,#6017,.F.);
#9156 = PLANE('',#9157);
#9157 = AXIS2_PLACEMENT_3D('',#9158,#9159,#9160);
#9158 = CARTESIAN_POINT('',(0.22,-0.32,7.9));
#9159 = DIRECTION('',(-0.707106781187,-1.735417226644E-18,
    -0.707106781187));
#9160 = DIRECTION('',(-1.227125289148E-18,1.,-1.227125289148E-18));
#9161 = ADVANCED_FACE('',(#9162),#9173,.F.);
#9162 = FACE_BOUND('',#9163,.F.);
#9163 = EDGE_LOOP('',(#9164,#9165,#9171,#9172));
#9164 = ORIENTED_EDGE('',*,*,#9150,.F.);
#9165 = ORIENTED_EDGE('',*,*,#9166,.T.);
#9166 = EDGE_CURVE('',#9143,#9087,#9167,.T.);
#9167 = LINE('',#9168,#9169);
#9168 = CARTESIAN_POINT('',(0.32,0.12,8.));
#9169 = VECTOR('',#9170,1.);
#9170 = DIRECTION('',(-1.,0.,0.));
#9171 = ORIENTED_EDGE('',*,*,#9086,.T.);
#9172 = ORIENTED_EDGE('',*,*,#6041,.F.);
#9173 = PLANE('',#9174);
#9174 = AXIS2_PLACEMENT_3D('',#9175,#9176,#9177);
#9175 = CARTESIAN_POINT('',(0.32,0.22,7.9));
#9176 = DIRECTION('',(1.735417226644E-18,-0.707106781187,-0.707106781187
    ));
#9177 = DIRECTION('',(-1.,-1.227125289148E-18,-1.227125289148E-18));
#9178 = ADVANCED_FACE('',(#9179),#9185,.F.);
#9179 = FACE_BOUND('',#9180,.F.);
#9180 = EDGE_LOOP('',(#9181,#9182,#9183,#9184));
#9181 = ORIENTED_EDGE('',*,*,#6121,.T.);
#9182 = ORIENTED_EDGE('',*,*,#6097,.T.);
#9183 = ORIENTED_EDGE('',*,*,#6073,.T.);
#9184 = ORIENTED_EDGE('',*,*,#6138,.T.);
#9185 = PLANE('',#9186);
#9186 = AXIS2_PLACEMENT_3D('',#9187,#9188,#9189);
#9187 = CARTESIAN_POINT('',(1.084202172486E-17,-7.62,-3.));
#9188 = DIRECTION('',(0.,0.,1.));
#9189 = DIRECTION('',(1.,0.,-0.));
#9190 = ADVANCED_FACE('',(#9191),#9197,.F.);
#9191 = FACE_BOUND('',#9192,.F.);
#9192 = EDGE_LOOP('',(#9193,#9194,#9195,#9196));
#9193 = ORIENTED_EDGE('',*,*,#6217,.T.);
#9194 = ORIENTED_EDGE('',*,*,#6193,.T.);
#9195 = ORIENTED_EDGE('',*,*,#6169,.T.);
#9196 = ORIENTED_EDGE('',*,*,#6234,.T.);
#9197 = PLANE('',#9198);
#9198 = AXIS2_PLACEMENT_3D('',#9199,#9200,#9201);
#9199 = CARTESIAN_POINT('',(1.084202172486E-17,-5.08,-3.));
#9200 = DIRECTION('',(0.,0.,1.));
#9201 = DIRECTION('',(1.,0.,-0.));
#9202 = ADVANCED_FACE('',(#9203),#9209,.F.);
#9203 = FACE_BOUND('',#9204,.F.);
#9204 = EDGE_LOOP('',(#9205,#9206,#9207,#9208));
#9205 = ORIENTED_EDGE('',*,*,#6330,.T.);
#9206 = ORIENTED_EDGE('',*,*,#6313,.T.);
#9207 = ORIENTED_EDGE('',*,*,#6289,.T.);
#9208 = ORIENTED_EDGE('',*,*,#6265,.T.);
#9209 = PLANE('',#9210);
#9210 = AXIS2_PLACEMENT_3D('',#9211,#9212,#9213);
#9211 = CARTESIAN_POINT('',(1.084202172486E-17,-2.54,-3.));
#9212 = DIRECTION('',(0.,0.,1.));
#9213 = DIRECTION('',(1.,0.,-0.));
#9214 = ADVANCED_FACE('',(#9215),#9221,.F.);
#9215 = FACE_BOUND('',#9216,.F.);
#9216 = EDGE_LOOP('',(#9217,#9218,#9219,#9220));
#9217 = ORIENTED_EDGE('',*,*,#6370,.T.);
#9218 = ORIENTED_EDGE('',*,*,#6435,.T.);
#9219 = ORIENTED_EDGE('',*,*,#6418,.T.);
#9220 = ORIENTED_EDGE('',*,*,#6394,.T.);
#9221 = PLANE('',#9222);
#9222 = AXIS2_PLACEMENT_3D('',#9223,#9224,#9225);
#9223 = CARTESIAN_POINT('',(1.084202172486E-17,-1.084202172486E-17,-3.)
  );
#9224 = DIRECTION('',(0.,0.,1.));
#9225 = DIRECTION('',(1.,0.,-0.));
#9226 = ADVANCED_FACE('',(#9227),#9233,.F.);
#9227 = FACE_BOUND('',#9228,.F.);
#9228 = EDGE_LOOP('',(#9229,#9230,#9231,#9232));
#9229 = ORIENTED_EDGE('',*,*,#6490,.T.);
#9230 = ORIENTED_EDGE('',*,*,#6466,.T.);
#9231 = ORIENTED_EDGE('',*,*,#6531,.T.);
#9232 = ORIENTED_EDGE('',*,*,#6514,.T.);
#9233 = PLANE('',#9234);
#9234 = AXIS2_PLACEMENT_3D('',#9235,#9236,#9237);
#9235 = CARTESIAN_POINT('',(2.54,-5.08,-3.));
#9236 = DIRECTION('',(0.,0.,1.));
#9237 = DIRECTION('',(1.,0.,-0.));
#9238 = ADVANCED_FACE('',(#9239),#9245,.F.);
#9239 = FACE_BOUND('',#9240,.F.);
#9240 = EDGE_LOOP('',(#9241,#9242,#9243,#9244));
#9241 = ORIENTED_EDGE('',*,*,#6627,.T.);
#9242 = ORIENTED_EDGE('',*,*,#6610,.T.);
#9243 = ORIENTED_EDGE('',*,*,#6586,.T.);
#9244 = ORIENTED_EDGE('',*,*,#6562,.T.);
#9245 = PLANE('',#9246);
#9246 = AXIS2_PLACEMENT_3D('',#9247,#9248,#9249);
#9247 = CARTESIAN_POINT('',(2.54,-2.54,-3.));
#9248 = DIRECTION('',(0.,0.,1.));
#9249 = DIRECTION('',(1.,0.,-0.));
#9250 = ADVANCED_FACE('',(#9251),#9257,.F.);
#9251 = FACE_BOUND('',#9252,.F.);
#9252 = EDGE_LOOP('',(#9253,#9254,#9255,#9256));
#9253 = ORIENTED_EDGE('',*,*,#6706,.T.);
#9254 = ORIENTED_EDGE('',*,*,#6682,.T.);
#9255 = ORIENTED_EDGE('',*,*,#6658,.T.);
#9256 = ORIENTED_EDGE('',*,*,#6723,.T.);
#9257 = PLANE('',#9258);
#9258 = AXIS2_PLACEMENT_3D('',#9259,#9260,#9261);
#9259 = CARTESIAN_POINT('',(2.54,-1.084202172486E-17,-3.));
#9260 = DIRECTION('',(0.,0.,1.));
#9261 = DIRECTION('',(1.,0.,-0.));
#9262 = ADVANCED_FACE('',(#9263),#9269,.F.);
#9263 = FACE_BOUND('',#9264,.F.);
#9264 = EDGE_LOOP('',(#9265,#9266,#9267,#9268));
#9265 = ORIENTED_EDGE('',*,*,#6819,.T.);
#9266 = ORIENTED_EDGE('',*,*,#6802,.T.);
#9267 = ORIENTED_EDGE('',*,*,#6778,.T.);
#9268 = ORIENTED_EDGE('',*,*,#6754,.T.);
#9269 = PLANE('',#9270);
#9270 = AXIS2_PLACEMENT_3D('',#9271,#9272,#9273);
#9271 = CARTESIAN_POINT('',(2.54,-7.62,-3.));
#9272 = DIRECTION('',(0.,0.,1.));
#9273 = DIRECTION('',(1.,0.,-0.));
#9274 = ADVANCED_FACE('',(#9275),#9281,.F.);
#9275 = FACE_BOUND('',#9276,.F.);
#9276 = EDGE_LOOP('',(#9277,#9278,#9279,#9280));
#9277 = ORIENTED_EDGE('',*,*,#6942,.T.);
#9278 = ORIENTED_EDGE('',*,*,#6925,.T.);
#9279 = ORIENTED_EDGE('',*,*,#6901,.T.);
#9280 = ORIENTED_EDGE('',*,*,#6877,.T.);
#9281 = PLANE('',#9282);
#9282 = AXIS2_PLACEMENT_3D('',#9283,#9284,#9285);
#9283 = CARTESIAN_POINT('',(1.084202172486E-17,-10.16,-3.));
#9284 = DIRECTION('',(0.,0.,1.));
#9285 = DIRECTION('',(1.,0.,-0.));
#9286 = ADVANCED_FACE('',(#9287),#9293,.F.);
#9287 = FACE_BOUND('',#9288,.F.);
#9288 = EDGE_LOOP('',(#9289,#9290,#9291,#9292));
#9289 = ORIENTED_EDGE('',*,*,#7021,.T.);
#9290 = ORIENTED_EDGE('',*,*,#6997,.T.);
#9291 = ORIENTED_EDGE('',*,*,#6973,.T.);
#9292 = ORIENTED_EDGE('',*,*,#7038,.T.);
#9293 = PLANE('',#9294);
#9294 = AXIS2_PLACEMENT_3D('',#9295,#9296,#9297);
#9295 = CARTESIAN_POINT('',(2.54,-10.16,-3.));
#9296 = DIRECTION('',(0.,0.,1.));
#9297 = DIRECTION('',(1.,0.,-0.));
#9298 = ADVANCED_FACE('',(#9299),#9305,.F.);
#9299 = FACE_BOUND('',#9300,.F.);
#9300 = EDGE_LOOP('',(#9301,#9302,#9303,#9304));
#9301 = ORIENTED_EDGE('',*,*,#7117,.T.);
#9302 = ORIENTED_EDGE('',*,*,#7093,.T.);
#9303 = ORIENTED_EDGE('',*,*,#7069,.T.);
#9304 = ORIENTED_EDGE('',*,*,#7134,.T.);
#9305 = PLANE('',#9306);
#9306 = AXIS2_PLACEMENT_3D('',#9307,#9308,#9309);
#9307 = CARTESIAN_POINT('',(2.54,-17.78,-3.));
#9308 = DIRECTION('',(0.,0.,1.));
#9309 = DIRECTION('',(1.,0.,-0.));
#9310 = ADVANCED_FACE('',(#9311),#9317,.F.);
#9311 = FACE_BOUND('',#9312,.F.);
#9312 = EDGE_LOOP('',(#9313,#9314,#9315,#9316));
#9313 = ORIENTED_EDGE('',*,*,#7189,.T.);
#9314 = ORIENTED_EDGE('',*,*,#7165,.T.);
#9315 = ORIENTED_EDGE('',*,*,#7230,.T.);
#9316 = ORIENTED_EDGE('',*,*,#7213,.T.);
#9317 = PLANE('',#9318);
#9318 = AXIS2_PLACEMENT_3D('',#9319,#9320,#9321);
#9319 = CARTESIAN_POINT('',(1.084202172486E-17,-17.78,-3.));
#9320 = DIRECTION('',(0.,0.,1.));
#9321 = DIRECTION('',(1.,0.,-0.));
#9322 = ADVANCED_FACE('',(#9323),#9329,.F.);
#9323 = FACE_BOUND('',#9324,.F.);
#9324 = EDGE_LOOP('',(#9325,#9326,#9327,#9328));
#9325 = ORIENTED_EDGE('',*,*,#7261,.T.);
#9326 = ORIENTED_EDGE('',*,*,#7326,.T.);
#9327 = ORIENTED_EDGE('',*,*,#7309,.T.);
#9328 = ORIENTED_EDGE('',*,*,#7285,.T.);
#9329 = PLANE('',#9330);
#9330 = AXIS2_PLACEMENT_3D('',#9331,#9332,#9333);
#9331 = CARTESIAN_POINT('',(1.084202172486E-17,-15.24,-3.));
#9332 = DIRECTION('',(0.,0.,1.));
#9333 = DIRECTION('',(1.,0.,-0.));
#9334 = ADVANCED_FACE('',(#9335),#9341,.F.);
#9335 = FACE_BOUND('',#9336,.F.);
#9336 = EDGE_LOOP('',(#9337,#9338,#9339,#9340));
#9337 = ORIENTED_EDGE('',*,*,#7405,.T.);
#9338 = ORIENTED_EDGE('',*,*,#7381,.T.);
#9339 = ORIENTED_EDGE('',*,*,#7357,.T.);
#9340 = ORIENTED_EDGE('',*,*,#7422,.T.);
#9341 = PLANE('',#9342);
#9342 = AXIS2_PLACEMENT_3D('',#9343,#9344,#9345);
#9343 = CARTESIAN_POINT('',(2.54,-15.24,-3.));
#9344 = DIRECTION('',(0.,0.,1.));
#9345 = DIRECTION('',(1.,0.,-0.));
#9346 = ADVANCED_FACE('',(#9347),#9353,.F.);
#9347 = FACE_BOUND('',#9348,.F.);
#9348 = EDGE_LOOP('',(#9349,#9350,#9351,#9352));
#9349 = ORIENTED_EDGE('',*,*,#7453,.T.);
#9350 = ORIENTED_EDGE('',*,*,#7518,.T.);
#9351 = ORIENTED_EDGE('',*,*,#7501,.T.);
#9352 = ORIENTED_EDGE('',*,*,#7477,.T.);
#9353 = PLANE('',#9354);
#9354 = AXIS2_PLACEMENT_3D('',#9355,#9356,#9357);
#9355 = CARTESIAN_POINT('',(2.54,-12.7,-3.));
#9356 = DIRECTION('',(0.,0.,1.));
#9357 = DIRECTION('',(1.,0.,-0.));
#9358 = ADVANCED_FACE('',(#9359),#9365,.F.);
#9359 = FACE_BOUND('',#9360,.F.);
#9360 = EDGE_LOOP('',(#9361,#9362,#9363,#9364));
#9361 = ORIENTED_EDGE('',*,*,#7597,.T.);
#9362 = ORIENTED_EDGE('',*,*,#7573,.T.);
#9363 = ORIENTED_EDGE('',*,*,#7549,.T.);
#9364 = ORIENTED_EDGE('',*,*,#7614,.T.);
#9365 = PLANE('',#9366);
#9366 = AXIS2_PLACEMENT_3D('',#9367,#9368,#9369);
#9367 = CARTESIAN_POINT('',(1.084202172486E-17,-12.7,-3.));
#9368 = DIRECTION('',(0.,0.,1.));
#9369 = DIRECTION('',(1.,0.,-0.));
#9370 = ADVANCED_FACE('',(#9371),#9377,.T.);
#9371 = FACE_BOUND('',#9372,.T.);
#9372 = EDGE_LOOP('',(#9373,#9374,#9375,#9376));
#9373 = ORIENTED_EDGE('',*,*,#7654,.T.);
#9374 = ORIENTED_EDGE('',*,*,#7687,.T.);
#9375 = ORIENTED_EDGE('',*,*,#7711,.T.);
#9376 = ORIENTED_EDGE('',*,*,#7726,.T.);
#9377 = PLANE('',#9378);
#9378 = AXIS2_PLACEMENT_3D('',#9379,#9380,#9381);
#9379 = CARTESIAN_POINT('',(1.084202172486E-17,-2.54,8.));
#9380 = DIRECTION('',(0.,0.,1.));
#9381 = DIRECTION('',(1.,0.,-0.));
#9382 = ADVANCED_FACE('',(#9383),#9389,.T.);
#9383 = FACE_BOUND('',#9384,.T.);
#9384 = EDGE_LOOP('',(#9385,#9386,#9387,#9388));
#9385 = ORIENTED_EDGE('',*,*,#7798,.T.);
#9386 = ORIENTED_EDGE('',*,*,#7822,.T.);
#9387 = ORIENTED_EDGE('',*,*,#7759,.T.);
#9388 = ORIENTED_EDGE('',*,*,#7783,.T.);
#9389 = PLANE('',#9390);
#9390 = AXIS2_PLACEMENT_3D('',#9391,#9392,#9393);
#9391 = CARTESIAN_POINT('',(1.084202172486E-17,-5.08,8.));
#9392 = DIRECTION('',(0.,0.,1.));
#9393 = DIRECTION('',(1.,0.,-0.));
#9394 = ADVANCED_FACE('',(#9395),#9401,.T.);
#9395 = FACE_BOUND('',#9396,.T.);
#9396 = EDGE_LOOP('',(#9397,#9398,#9399,#9400));
#9397 = ORIENTED_EDGE('',*,*,#7918,.T.);
#9398 = ORIENTED_EDGE('',*,*,#7846,.T.);
#9399 = ORIENTED_EDGE('',*,*,#7879,.T.);
#9400 = ORIENTED_EDGE('',*,*,#7903,.T.);
#9401 = PLANE('',#9402);
#9402 = AXIS2_PLACEMENT_3D('',#9403,#9404,#9405);
#9403 = CARTESIAN_POINT('',(1.084202172486E-17,-10.16,8.));
#9404 = DIRECTION('',(0.,0.,1.));
#9405 = DIRECTION('',(1.,0.,-0.));
#9406 = ADVANCED_FACE('',(#9407),#9413,.T.);
#9407 = FACE_BOUND('',#9408,.T.);
#9408 = EDGE_LOOP('',(#9409,#9410,#9411,#9412));
#9409 = ORIENTED_EDGE('',*,*,#7999,.T.);
#9410 = ORIENTED_EDGE('',*,*,#8016,.T.);
#9411 = ORIENTED_EDGE('',*,*,#7942,.T.);
#9412 = ORIENTED_EDGE('',*,*,#7966,.T.);
#9413 = PLANE('',#9414);
#9414 = AXIS2_PLACEMENT_3D('',#9415,#9416,#9417);
#9415 = CARTESIAN_POINT('',(1.084202172486E-17,-7.62,8.));
#9416 = DIRECTION('',(0.,0.,1.));
#9417 = DIRECTION('',(1.,0.,-0.));
#9418 = ADVANCED_FACE('',(#9419),#9425,.T.);
#9419 = FACE_BOUND('',#9420,.T.);
#9420 = EDGE_LOOP('',(#9421,#9422,#9423,#9424));
#9421 = ORIENTED_EDGE('',*,*,#8038,.T.);
#9422 = ORIENTED_EDGE('',*,*,#8062,.T.);
#9423 = ORIENTED_EDGE('',*,*,#8095,.T.);
#9424 = ORIENTED_EDGE('',*,*,#8112,.T.);
#9425 = PLANE('',#9426);
#9426 = AXIS2_PLACEMENT_3D('',#9427,#9428,#9429);
#9427 = CARTESIAN_POINT('',(1.084202172486E-17,-17.78,8.));
#9428 = DIRECTION('',(0.,0.,1.));
#9429 = DIRECTION('',(1.,0.,-0.));
#9430 = ADVANCED_FACE('',(#9431),#9437,.T.);
#9431 = FACE_BOUND('',#9432,.T.);
#9432 = EDGE_LOOP('',(#9433,#9434,#9435,#9436));
#9433 = ORIENTED_EDGE('',*,*,#8158,.T.);
#9434 = ORIENTED_EDGE('',*,*,#8191,.T.);
#9435 = ORIENTED_EDGE('',*,*,#8208,.T.);
#9436 = ORIENTED_EDGE('',*,*,#8134,.T.);
#9437 = PLANE('',#9438);
#9438 = AXIS2_PLACEMENT_3D('',#9439,#9440,#9441);
#9439 = CARTESIAN_POINT('',(1.084202172486E-17,-15.24,8.));
#9440 = DIRECTION('',(0.,0.,1.));
#9441 = DIRECTION('',(1.,0.,-0.));
#9442 = ADVANCED_FACE('',(#9443),#9449,.T.);
#9443 = FACE_BOUND('',#9444,.T.);
#9444 = EDGE_LOOP('',(#9445,#9446,#9447,#9448));
#9445 = ORIENTED_EDGE('',*,*,#8230,.T.);
#9446 = ORIENTED_EDGE('',*,*,#8263,.T.);
#9447 = ORIENTED_EDGE('',*,*,#8287,.T.);
#9448 = ORIENTED_EDGE('',*,*,#8302,.T.);
#9449 = PLANE('',#9450);
#9450 = AXIS2_PLACEMENT_3D('',#9451,#9452,#9453);
#9451 = CARTESIAN_POINT('',(1.084202172486E-17,-12.7,8.));
#9452 = DIRECTION('',(0.,0.,1.));
#9453 = DIRECTION('',(1.,0.,-0.));
#9454 = ADVANCED_FACE('',(#9455),#9461,.T.);
#9455 = FACE_BOUND('',#9456,.T.);
#9456 = EDGE_LOOP('',(#9457,#9458,#9459,#9460));
#9457 = ORIENTED_EDGE('',*,*,#8335,.T.);
#9458 = ORIENTED_EDGE('',*,*,#8359,.T.);
#9459 = ORIENTED_EDGE('',*,*,#8374,.T.);
#9460 = ORIENTED_EDGE('',*,*,#8398,.T.);
#9461 = PLANE('',#9462);
#9462 = AXIS2_PLACEMENT_3D('',#9463,#9464,#9465);
#9463 = CARTESIAN_POINT('',(2.54,-17.78,8.));
#9464 = DIRECTION('',(0.,0.,1.));
#9465 = DIRECTION('',(1.,0.,-0.));
#9466 = ADVANCED_FACE('',(#9467),#9473,.T.);
#9467 = FACE_BOUND('',#9468,.T.);
#9468 = EDGE_LOOP('',(#9469,#9470,#9471,#9472));
#9469 = ORIENTED_EDGE('',*,*,#8455,.T.);
#9470 = ORIENTED_EDGE('',*,*,#8479,.T.);
#9471 = ORIENTED_EDGE('',*,*,#8494,.T.);
#9472 = ORIENTED_EDGE('',*,*,#8422,.T.);
#9473 = PLANE('',#9474);
#9474 = AXIS2_PLACEMENT_3D('',#9475,#9476,#9477);
#9475 = CARTESIAN_POINT('',(2.54,-15.24,8.));
#9476 = DIRECTION('',(0.,0.,1.));
#9477 = DIRECTION('',(1.,0.,-0.));
#9478 = ADVANCED_FACE('',(#9479),#9485,.T.);
#9479 = FACE_BOUND('',#9480,.T.);
#9480 = EDGE_LOOP('',(#9481,#9482,#9483,#9484));
#9481 = ORIENTED_EDGE('',*,*,#8527,.T.);
#9482 = ORIENTED_EDGE('',*,*,#8551,.T.);
#9483 = ORIENTED_EDGE('',*,*,#8566,.T.);
#9484 = ORIENTED_EDGE('',*,*,#8590,.T.);
#9485 = PLANE('',#9486);
#9486 = AXIS2_PLACEMENT_3D('',#9487,#9488,#9489);
#9487 = CARTESIAN_POINT('',(2.54,-10.16,8.));
#9488 = DIRECTION('',(0.,0.,1.));
#9489 = DIRECTION('',(1.,0.,-0.));
#9490 = ADVANCED_FACE('',(#9491),#9497,.T.);
#9491 = FACE_BOUND('',#9492,.T.);
#9492 = EDGE_LOOP('',(#9493,#9494,#9495,#9496));
#9493 = ORIENTED_EDGE('',*,*,#8688,.T.);
#9494 = ORIENTED_EDGE('',*,*,#8623,.T.);
#9495 = ORIENTED_EDGE('',*,*,#8638,.T.);
#9496 = ORIENTED_EDGE('',*,*,#8662,.T.);
#9497 = PLANE('',#9498);
#9498 = AXIS2_PLACEMENT_3D('',#9499,#9500,#9501);
#9499 = CARTESIAN_POINT('',(2.54,-12.7,8.));
#9500 = DIRECTION('',(0.,0.,1.));
#9501 = DIRECTION('',(1.,0.,-0.));
#9502 = ADVANCED_FACE('',(#9503),#9509,.T.);
#9503 = FACE_BOUND('',#9504,.T.);
#9504 = EDGE_LOOP('',(#9505,#9506,#9507,#9508));
#9505 = ORIENTED_EDGE('',*,*,#8743,.T.);
#9506 = ORIENTED_EDGE('',*,*,#8767,.T.);
#9507 = ORIENTED_EDGE('',*,*,#8782,.T.);
#9508 = ORIENTED_EDGE('',*,*,#8710,.T.);
#9509 = PLANE('',#9510);
#9510 = AXIS2_PLACEMENT_3D('',#9511,#9512,#9513);
#9511 = CARTESIAN_POINT('',(2.54,-2.54,8.));
#9512 = DIRECTION('',(0.,0.,1.));
#9513 = DIRECTION('',(1.,0.,-0.));
#9514 = ADVANCED_FACE('',(#9515),#9521,.T.);
#9515 = FACE_BOUND('',#9516,.T.);
#9516 = EDGE_LOOP('',(#9517,#9518,#9519,#9520));
#9517 = ORIENTED_EDGE('',*,*,#8863,.T.);
#9518 = ORIENTED_EDGE('',*,*,#8880,.T.);
#9519 = ORIENTED_EDGE('',*,*,#8806,.T.);
#9520 = ORIENTED_EDGE('',*,*,#8830,.T.);
#9521 = PLANE('',#9522);
#9522 = AXIS2_PLACEMENT_3D('',#9523,#9524,#9525);
#9523 = CARTESIAN_POINT('',(2.54,-5.08,8.));
#9524 = DIRECTION('',(0.,0.,1.));
#9525 = DIRECTION('',(1.,0.,-0.));
#9526 = ADVANCED_FACE('',(#9527),#9533,.T.);
#9527 = FACE_BOUND('',#9528,.T.);
#9528 = EDGE_LOOP('',(#9529,#9530,#9531,#9532));
#9529 = ORIENTED_EDGE('',*,*,#8935,.T.);
#9530 = ORIENTED_EDGE('',*,*,#8950,.T.);
#9531 = ORIENTED_EDGE('',*,*,#8974,.T.);
#9532 = ORIENTED_EDGE('',*,*,#8911,.T.);
#9533 = PLANE('',#9534);
#9534 = AXIS2_PLACEMENT_3D('',#9535,#9536,#9537);
#9535 = CARTESIAN_POINT('',(2.54,-7.62,8.));
#9536 = DIRECTION('',(0.,0.,1.));
#9537 = DIRECTION('',(1.,0.,-0.));
#9538 = ADVANCED_FACE('',(#9539),#9545,.T.);
#9539 = FACE_BOUND('',#9540,.T.);
#9540 = EDGE_LOOP('',(#9541,#9542,#9543,#9544));
#9541 = ORIENTED_EDGE('',*,*,#9070,.T.);
#9542 = ORIENTED_EDGE('',*,*,#9007,.T.);
#9543 = ORIENTED_EDGE('',*,*,#9031,.T.);
#9544 = ORIENTED_EDGE('',*,*,#9046,.T.);
#9545 = PLANE('',#9546);
#9546 = AXIS2_PLACEMENT_3D('',#9547,#9548,#9549);
#9547 = CARTESIAN_POINT('',(2.54,-1.084202172486E-17,8.));
#9548 = DIRECTION('',(0.,0.,1.));
#9549 = DIRECTION('',(1.,0.,-0.));
#9550 = ADVANCED_FACE('',(#9551),#9557,.T.);
#9551 = FACE_BOUND('',#9552,.T.);
#9552 = EDGE_LOOP('',(#9553,#9554,#9555,#9556));
#9553 = ORIENTED_EDGE('',*,*,#9166,.T.);
#9554 = ORIENTED_EDGE('',*,*,#9103,.T.);
#9555 = ORIENTED_EDGE('',*,*,#9127,.T.);
#9556 = ORIENTED_EDGE('',*,*,#9142,.T.);
#9557 = PLANE('',#9558);
#9558 = AXIS2_PLACEMENT_3D('',#9559,#9560,#9561);
#9559 = CARTESIAN_POINT('',(1.084202172486E-17,-1.084202172486E-17,8.));
#9560 = DIRECTION('',(0.,0.,1.));
#9561 = DIRECTION('',(1.,0.,-0.));
#9562 = ( GEOMETRIC_REPRESENTATION_CONTEXT(3) 
GLOBAL_UNCERTAINTY_ASSIGNED_CONTEXT((#9566)) 
GLOBAL_UNIT_ASSIGNED_CONTEXT((#9563,#9564,#9565)) REPRESENTATION_CONTEXT
('Context #1','3D Context with UNIT and UNCERTAINTY') );
#9563 = ( LENGTH_UNIT() NAMED_UNIT(*) SI_UNIT(.MILLI.,.METRE.) );
#9564 = ( NAMED_UNIT(*) PLANE_ANGLE_UNIT() SI_UNIT($,.RADIAN.) );
#9565 = ( NAMED_UNIT(*) SI_UNIT($,.STERADIAN.) SOLID_ANGLE_UNIT() );
#9566 = UNCERTAINTY_MEASURE_WITH_UNIT(LENGTH_MEASURE(1.E-07),#9563,
  'distance_accuracy_value','confusion accuracy');
#9567 = CONTEXT_DEPENDENT_SHAPE_REPRESENTATION(#9568,#9570);
#9568 = ( REPRESENTATION_RELATIONSHIP('','',#567,#10) 
REPRESENTATION_RELATIONSHIP_WITH_TRANSFORMATION(#9569) 
SHAPE_REPRESENTATION_RELATIONSHIP() );
#9569 = ITEM_DEFINED_TRANSFORMATION('','',#11,#23);
#9570 = PRODUCT_DEFINITION_SHAPE('Placement','Placement of an item',
  #9571);
#9571 = NEXT_ASSEMBLY_USAGE_OCCURRENCE('3','J2','',#5,#562,$);
#9572 = PRODUCT_RELATED_PRODUCT_CATEGORY('part',$,(#564));
#9573 = SHAPE_DEFINITION_REPRESENTATION(#9574,#9580);
#9574 = PRODUCT_DEFINITION_SHAPE('','',#9575);
#9575 = PRODUCT_DEFINITION('design','',#9576,#9579);
#9576 = PRODUCT_DEFINITION_FORMATION('','',#9577);
#9577 = PRODUCT('R_Axial_DIN0207_L6.3mm_D2.5mm_P7.62mm_Horizontal',
  'R_Axial_DIN0207_L6.3mm_D2.5mm_P7.62mm_Horizontal','',(#9578));
#9578 = PRODUCT_CONTEXT('',#2,'mechanical');
#9579 = PRODUCT_DEFINITION_CONTEXT('part definition',#2,'design');
#9580 = ADVANCED_BREP_SHAPE_REPRESENTATION('',(#11,#9581),#10244);
#9581 = MANIFOLD_SOLID_BREP('',#9582);
#9582 = CLOSED_SHELL('',(#9583,#9616,#9642,#9662,#9845,#9870,#9896,#9916
    ,#9941,#9966,#9975,#10001,#10184,#10210,#10235));
#9583 = ADVANCED_FACE('',(#9584),#9611,.T.);
#9584 = FACE_BOUND('',#9585,.T.);
#9585 = EDGE_LOOP('',(#9586,#9595,#9603,#9610));
#9586 = ORIENTED_EDGE('',*,*,#9587,.T.);
#9587 = EDGE_CURVE('',#9588,#9588,#9590,.T.);
#9588 = VERTEX_POINT('',#9589);
#9589 = CARTESIAN_POINT('',(1.285,1.25,1.25));
#9590 = CIRCLE('',#9591,1.25);
#9591 = AXIS2_PLACEMENT_3D('',#9592,#9593,#9594);
#9592 = CARTESIAN_POINT('',(1.285,0.,1.25));
#9593 = DIRECTION('',(1.,0.,0.));
#9594 = DIRECTION('',(-0.,1.,0.));
#9595 = ORIENTED_EDGE('',*,*,#9596,.T.);
#9596 = EDGE_CURVE('',#9588,#9597,#9599,.T.);
#9597 = VERTEX_POINT('',#9598);
#9598 = CARTESIAN_POINT('',(2.235,1.25,1.25));
#9599 = LINE('',#9600,#9601);
#9600 = CARTESIAN_POINT('',(0.66,1.25,1.25));
#9601 = VECTOR('',#9602,1.);
#9602 = DIRECTION('',(1.,0.,0.));
#9603 = ORIENTED_EDGE('',*,*,#9604,.F.);
#9604 = EDGE_CURVE('',#9597,#9597,#9605,.T.);
#9605 = CIRCLE('',#9606,1.25);
#9606 = AXIS2_PLACEMENT_3D('',#9607,#9608,#9609);
#9607 = CARTESIAN_POINT('',(2.235,0.,1.25));
#9608 = DIRECTION('',(1.,0.,0.));
#9609 = DIRECTION('',(-0.,1.,0.));
#9610 = ORIENTED_EDGE('',*,*,#9596,.F.);
#9611 = CYLINDRICAL_SURFACE('',#9612,1.25);
#9612 = AXIS2_PLACEMENT_3D('',#9613,#9614,#9615);
#9613 = CARTESIAN_POINT('',(0.66,0.,1.25));
#9614 = DIRECTION('',(-1.,-0.,-0.));
#9615 = DIRECTION('',(0.,1.,0.));
#9616 = ADVANCED_FACE('',(#9617),#9637,.T.);
#9617 = FACE_BOUND('',#9618,.T.);
#9618 = EDGE_LOOP('',(#9619,#9628,#9635,#9636));
#9619 = ORIENTED_EDGE('',*,*,#9620,.T.);
#9620 = EDGE_CURVE('',#9621,#9621,#9623,.T.);
#9621 = VERTEX_POINT('',#9622);
#9622 = CARTESIAN_POINT('',(0.66,0.625,1.25));
#9623 = CIRCLE('',#9624,0.625);
#9624 = AXIS2_PLACEMENT_3D('',#9625,#9626,#9627);
#9625 = CARTESIAN_POINT('',(0.66,0.,1.25));
#9626 = DIRECTION('',(1.,0.,0.));
#9627 = DIRECTION('',(-0.,1.,0.));
#9628 = ORIENTED_EDGE('',*,*,#9629,.F.);
#9629 = EDGE_CURVE('',#9588,#9621,#9630,.T.);
#9630 = CIRCLE('',#9631,0.625);
#9631 = AXIS2_PLACEMENT_3D('',#9632,#9633,#9634);
#9632 = CARTESIAN_POINT('',(1.285,0.625,1.25));
#9633 = DIRECTION('',(0.,-0.,1.));
#9634 = DIRECTION('',(0.,1.,0.));
#9635 = ORIENTED_EDGE('',*,*,#9587,.F.);
#9636 = ORIENTED_EDGE('',*,*,#9629,.T.);
#9637 = TOROIDAL_SURFACE('',#9638,0.625,0.625);
#9638 = AXIS2_PLACEMENT_3D('',#9639,#9640,#9641);
#9639 = CARTESIAN_POINT('',(1.285,0.,1.25));
#9640 = DIRECTION('',(-1.,0.,0.));
#9641 = DIRECTION('',(0.,1.,0.));
#9642 = ADVANCED_FACE('',(#9643,#9646),#9657,.F.);
#9643 = FACE_BOUND('',#9644,.F.);
#9644 = EDGE_LOOP('',(#9645));
#9645 = ORIENTED_EDGE('',*,*,#9604,.F.);
#9646 = FACE_BOUND('',#9647,.F.);
#9647 = EDGE_LOOP('',(#9648));
#9648 = ORIENTED_EDGE('',*,*,#9649,.F.);
#9649 = EDGE_CURVE('',#9650,#9650,#9652,.T.);
#9650 = VERTEX_POINT('',#9651);
#9651 = CARTESIAN_POINT('',(2.235,1.125,1.25));
#9652 = CIRCLE('',#9653,1.125);
#9653 = AXIS2_PLACEMENT_3D('',#9654,#9655,#9656);
#9654 = CARTESIAN_POINT('',(2.235,0.,1.25));
#9655 = DIRECTION('',(-1.,0.,0.));
#9656 = DIRECTION('',(0.,1.,0.));
#9657 = PLANE('',#9658);
#9658 = AXIS2_PLACEMENT_3D('',#9659,#9660,#9661);
#9659 = CARTESIAN_POINT('',(2.235,1.25,1.25));
#9660 = DIRECTION('',(-1.,0.,0.));
#9661 = DIRECTION('',(0.,0.,-1.));
#9662 = ADVANCED_FACE('',(#9663,#9666),#9840,.T.);
#9663 = FACE_BOUND('',#9664,.T.);
#9664 = EDGE_LOOP('',(#9665));
#9665 = ORIENTED_EDGE('',*,*,#9620,.F.);
#9666 = FACE_BOUND('',#9667,.T.);
#9667 = EDGE_LOOP('',(#9668));
#9668 = ORIENTED_EDGE('',*,*,#9669,.F.);
#9669 = EDGE_CURVE('',#9670,#9670,#9672,.T.);
#9670 = VERTEX_POINT('',#9671);
#9671 = CARTESIAN_POINT('',(0.66,1.102182119233E-16,0.899909083395));
#9672 = B_SPLINE_CURVE_WITH_KNOTS('',6,(#9673,#9674,#9675,#9676,#9677,
    #9678,#9679,#9680,#9681,#9682,#9683,#9684,#9685,#9686,#9687,#9688,
    #9689,#9690,#9691,#9692,#9693,#9694,#9695,#9696,#9697,#9698,#9699,
    #9700,#9701,#9702,#9703,#9704,#9705,#9706,#9707,#9708,#9709,#9710,
    #9711,#9712,#9713,#9714,#9715,#9716,#9717,#9718,#9719,#9720,#9721,
    #9722,#9723,#9724,#9725,#9726,#9727,#9728,#9729,#9730,#9731,#9732,
    #9733,#9734,#9735,#9736,#9737,#9738,#9739,#9740,#9741,#9742,#9743,
    #9744,#9745,#9746,#9747,#9748,#9749,#9750,#9751,#9752,#9753,#9754,
    #9755,#9756,#9757,#9758,#9759,#9760,#9761,#9762,#9763,#9764,#9765,
    #9766,#9767,#9768,#9769,#9770,#9771,#9772,#9773,#9774,#9775,#9776,
    #9777,#9778,#9779,#9780,#9781,#9782,#9783,#9784,#9785,#9786,#9787,
    #9788,#9789,#9790,#9791,#9792,#9793,#9794,#9795,#9796,#9797,#9798,
    #9799,#9800,#9801,#9802,#9803,#9804,#9805,#9806,#9807,#9808,#9809,
    #9810,#9811,#9812,#9813,#9814,#9815,#9816,#9817,#9818,#9819,#9820,
    #9821,#9822,#9823,#9824,#9825,#9826,#9827,#9828,#9829,#9830,#9831,
    #9832,#9833,#9834,#9835,#9836,#9837,#9838,#9839),.UNSPECIFIED.,.T.,
  .F.,(1,6,5,5,5,5,5,5,5,5,5,5,5,5,5,5,5,5,5,5,5,5,5,5,5,5,5,5,5,5,5,5,5
    ,5,6,1),(-3.7441643477E-02,0.,2.521870323933E-02,5.431496394384E-02,
    8.648919549843E-02,0.120700162351,0.155854554579,0.191019956077,
    0.22552099352,0.258944151729,0.291091798271,0.321919308947,
    0.351475044446,0.379851974729,0.407153625953,0.43347490921,
    0.458900868731,0.483545347382,0.505902822615,0.530283950565,
    0.555351989471,0.581274789002,0.608140584187,0.636038742308,
    0.665070462617,0.695336577837,0.72690990423,0.759792997252,
    0.79386262098,0.828806470397,0.864066503475,0.898816439436,
    0.932013287381,0.962558356523,1.,1.025218703239),.UNSPECIFIED.);
#9673 = CARTESIAN_POINT('',(0.66,0.,0.899909083395));
#9674 = CARTESIAN_POINT('',(0.66,-9.861963323296E-03,0.899909084471));
#9675 = CARTESIAN_POINT('',(0.66,-1.960383099012E-02,0.900333558971));
#9676 = CARTESIAN_POINT('',(0.66,-2.90667633729E-02,0.901163095205));
#9677 = CARTESIAN_POINT('',(0.66,-3.818473840012E-02,0.902336888075));
#9678 = CARTESIAN_POINT('',(0.66,-4.697555886318E-02,0.903805406252));
#9679 = CARTESIAN_POINT('',(0.66,-6.541217845247E-02,0.907588617289));
#9680 = CARTESIAN_POINT('',(0.66,-7.491989955217E-02,0.909985996381));
#9681 = CARTESIAN_POINT('',(0.66,-8.408858685729E-02,0.912709602459));
#9682 = CARTESIAN_POINT('',(0.66,-9.29431150905E-02,0.915726339128));
#9683 = CARTESIAN_POINT('',(0.66,-0.101504886237,0.919011492948));
#9684 = CARTESIAN_POINT('',(0.66,-0.118958160976,0.926453793498));
#9685 = CARTESIAN_POINT('',(0.66,-0.127787740677,0.930666021227));
#9686 = CARTESIAN_POINT('',(0.66,-0.136306213845,0.935155972835));
#9687 = CARTESIAN_POINT('',(0.66,-0.144532125259,0.939904061777));
#9688 = CARTESIAN_POINT('',(0.66,-0.152479834979,0.944895594586));
#9689 = CARTESIAN_POINT('',(0.66,-0.168328675181,0.955672717204));
#9690 = CARTESIAN_POINT('',(0.66,-0.176194628708,0.961488338811));
#9691 = CARTESIAN_POINT('',(0.66,-0.183772627725,0.967551590964));
#9692 = CARTESIAN_POINT('',(0.66,-0.191071921446,0.973851630909));
#9693 = CARTESIAN_POINT('',(0.66,-0.19809849539,0.980379998969));
#9694 = CARTESIAN_POINT('',(0.66,-0.211800252103,0.99406561399));
#9695 = CARTESIAN_POINT('',(0.66,-0.218460183619,1.001235038361));
#9696 = CARTESIAN_POINT('',(0.66,-0.224839916669,1.008630424477));
#9697 = CARTESIAN_POINT('',(0.66,-0.230940302033,1.016245317007));
#9698 = CARTESIAN_POINT('',(0.66,-0.236759778797,1.024074009311));
#9699 = CARTESIAN_POINT('',(0.66,-0.247832030244,1.040150827903));
#9700 = CARTESIAN_POINT('',(0.66,-0.253084597548,1.048398894868));
#9701 = CARTESIAN_POINT('',(0.66,-0.258049056373,1.056850063306));
#9702 = CARTESIAN_POINT('',(0.66,-0.262719990238,1.065498702059));
#9703 = CARTESIAN_POINT('',(0.66,-0.267090249501,1.07433884651));
#9704 = CARTESIAN_POINT('',(0.66,-0.275134936213,1.092219038761));
#9705 = CARTESIAN_POINT('',(0.66,-0.278821023102,1.101251941956));
#9706 = CARTESIAN_POINT('',(0.66,-0.282200792082,1.110456832947));
#9707 = CARTESIAN_POINT('',(0.66,-0.285264705632,1.119826546568));
#9708 = CARTESIAN_POINT('',(0.66,-0.288002108658,1.129352827713));
#9709 = CARTESIAN_POINT('',(0.66,-0.29272539517,1.148397615962));
#9710 = CARTESIAN_POINT('',(0.66,-0.29473218058,1.157906910826));
#9711 = CARTESIAN_POINT('',(0.66,-0.296410836061,1.167545600214));
#9712 = CARTESIAN_POINT('',(0.66,-0.297750151594,1.177303530334));
#9713 = CARTESIAN_POINT('',(0.66,-0.298738455802,1.187169009313));
#9714 = CARTESIAN_POINT('',(0.66,-0.299964918417,1.206708514181));
#9715 = CARTESIAN_POINT('',(0.66,-0.300230384291,1.216375379318));
#9716 = CARTESIAN_POINT('',(0.66,-0.300149186912,1.226117491764));
#9717 = CARTESIAN_POINT('',(0.66,-0.299710710819,1.235921272022));
#9718 = CARTESIAN_POINT('',(0.66,-0.298904551758,1.245771471938));
#9719 = CARTESIAN_POINT('',(0.66,-0.296585103724,1.265125169703));
#9720 = CARTESIAN_POINT('',(0.66,-0.295102339165,1.274626258325));
#9721 = CARTESIAN_POINT('',(0.66,-0.293263240337,1.284139377081));
#9722 = CARTESIAN_POINT('',(0.66,-0.291059628806,1.293647957516));
#9723 = CARTESIAN_POINT('',(0.66,-0.288484130363,1.303133926208));
#9724 = CARTESIAN_POINT('',(0.66,-0.282698083788,1.321631884472));
#9725 = CARTESIAN_POINT('',(0.66,-0.279518227914,1.330647303479));
#9726 = CARTESIAN_POINT('',(0.66,-0.275984860345,1.33960658093));
#9727 = CARTESIAN_POINT('',(0.66,-0.272093455342,1.348491200819));
#9728 = CARTESIAN_POINT('',(0.66,-0.267840708483,1.357281511993));
#9729 = CARTESIAN_POINT('',(0.66,-0.258792476906,1.374285940745));
#9730 = CARTESIAN_POINT('',(0.66,-0.254025481533,1.382509111114));
#9731 = CARTESIAN_POINT('',(0.66,-0.248921768643,1.390607755283));
#9732 = CARTESIAN_POINT('',(0.66,-0.243480982245,1.398562700734));
#9733 = CARTESIAN_POINT('',(0.66,-0.237704192262,1.406354086406));
#9734 = CARTESIAN_POINT('',(0.66,-0.22571513259,1.421280378602));
#9735 = CARTESIAN_POINT('',(0.66,-0.219527706492,1.428429037341));
#9736 = CARTESIAN_POINT('',(0.66,-0.213033892817,1.435388992124));
#9737 = CARTESIAN_POINT('',(0.66,-0.206237433156,1.442141613477));
#9738 = CARTESIAN_POINT('',(0.66,-0.199143534101,1.448667989237));
#9739 = CARTESIAN_POINT('',(0.66,-0.184639374507,1.46100431938));
#9740 = CARTESIAN_POINT('',(0.66,-0.177249666015,1.466831638372));
#9741 = CARTESIAN_POINT('',(0.66,-0.169595736209,1.472413656662));
#9742 = CARTESIAN_POINT('',(0.66,-0.161685054894,1.477733175901));
#9743 = CARTESIAN_POINT('',(0.66,-0.153526567249,1.482773024258));
#9744 = CARTESIAN_POINT('',(0.66,-0.137020407721,1.492097753386));
#9745 = CARTESIAN_POINT('',(0.66,-0.128688747003,1.496402530856));
#9746 = CARTESIAN_POINT('',(0.66,-0.12014499879,1.500414878928));
#9747 = CARTESIAN_POINT('',(0.66,-0.111400259626,1.504119593216));
#9748 = CARTESIAN_POINT('',(0.66,-0.102467435485,1.507501774849));
#9749 = CARTESIAN_POINT('',(0.66,-8.453493192811E-02,1.513498294635));
#9750 = CARTESIAN_POINT('',(0.66,-7.554639694304E-02,1.516132890753));
#9751 = CARTESIAN_POINT('',(0.66,-6.64085144705E-02,1.518437847791));
#9752 = CARTESIAN_POINT('',(0.66,-5.713783351899E-02,1.520400106432));
#9753 = CARTESIAN_POINT('',(0.66,-4.775488525608E-02,1.522007764907));
#9754 = CARTESIAN_POINT('',(0.66,-2.969295309097E-02,1.524379864025));
#9755 = CARTESIAN_POINT('',(0.66,-2.102888075484E-02,1.525208782901));
#9756 = CARTESIAN_POINT('',(0.66,-1.231401679426E-02,1.525730893697));
#9757 = CARTESIAN_POINT('',(0.66,-3.572675622322E-03,1.525941364018));
#9758 = CARTESIAN_POINT('',(0.66,5.168222805428E-03,1.525838983228));
#9759 = CARTESIAN_POINT('',(0.66,2.337847467049E-02,1.524978205181));
#9760 = CARTESIAN_POINT('',(0.66,3.284375814827E-02,1.524161190409));
#9761 = CARTESIAN_POINT('',(0.66,4.224166817951E-02,1.522980309203));
#9762 = CARTESIAN_POINT('',(0.66,5.154498116248E-02,1.52144453626));
#9763 = CARTESIAN_POINT('',(0.66,6.073223707979E-02,1.519565307122));
#9764 = CARTESIAN_POINT('',(0.66,7.909772773064E-02,1.515080653378));
#9765 = CARTESIAN_POINT('',(0.66,8.826753248322E-02,1.512456350085));
#9766 = CARTESIAN_POINT('',(0.66,9.727917108862E-02,1.509494369221));
#9767 = CARTESIAN_POINT('',(0.66,0.106117308319,1.506208374239));
#9768 = CARTESIAN_POINT('',(0.66,0.114768939441,1.502612541932));
#9769 = CARTESIAN_POINT('',(0.66,0.131966117695,1.494697909774));
#9770 = CARTESIAN_POINT('',(0.66,0.140497702999,1.490358571609));
#9771 = CARTESIAN_POINT('',(0.66,0.148806061897,1.485719660214));
#9772 = CARTESIAN_POINT('',(0.66,0.156880650792,1.480797427009));
#9773 = CARTESIAN_POINT('',(0.66,0.164712466725,1.47560826256));
#9774 = CARTESIAN_POINT('',(0.66,0.180151423764,1.464531255078));
#9775 = CARTESIAN_POINT('',(0.66,0.187739958872,1.458624810593));
#9776 = CARTESIAN_POINT('',(0.66,0.195051326582,1.452467732556));
#9777 = CARTESIAN_POINT('',(0.66,0.202078661493,1.446078253645));
#9778 = CARTESIAN_POINT('',(0.66,0.208816558921,1.439474469779));
#9779 = CARTESIAN_POINT('',(0.66,0.221953232148,1.425612904145));
#9780 = CARTESIAN_POINT('',(0.66,0.228328983313,1.41833967682));
#9781 = CARTESIAN_POINT('',(0.66,0.234383958936,1.410874731309));
#9782 = CARTESIAN_POINT('',(0.66,0.240115246881,1.403237638329));
#9783 = CARTESIAN_POINT('',(0.66,0.245521392347,1.395447466144));
#9784 = CARTESIAN_POINT('',(0.66,0.255889855564,1.379276097975));
#9785 = CARTESIAN_POINT('',(0.66,0.260825146013,1.370883681886));
#9786 = CARTESIAN_POINT('',(0.66,0.265408341569,1.362366377835));
#9787 = CARTESIAN_POINT('',(0.66,0.269640849736,1.353744088225));
#9788 = CARTESIAN_POINT('',(0.66,0.273525413156,1.345035772328));
#9789 = CARTESIAN_POINT('',(0.66,0.280757352367,1.327109961101));
#9790 = CARTESIAN_POINT('',(0.66,0.284074759274,1.317886517643));
#9791 = CARTESIAN_POINT('',(0.66,0.287023012024,1.308609403309));
#9792 = CARTESIAN_POINT('',(0.66,0.289607802772,1.299297542852));
#9793 = CARTESIAN_POINT('',(0.66,0.291835834134,1.289968498384));
#9794 = CARTESIAN_POINT('',(0.66,0.295674958709,1.270905470981));
#9795 = CARTESIAN_POINT('',(0.66,0.297255116553,1.261171411794));
#9796 = CARTESIAN_POINT('',(0.66,0.298464074992,1.251454521799));
#9797 = CARTESIAN_POINT('',(0.66,0.299311100714,1.241771401083));
#9798 = CARTESIAN_POINT('',(0.66,0.299805944827,1.232137019844));
#9799 = CARTESIAN_POINT('',(0.66,0.30011808361,1.212595326012));
#9800 = CARTESIAN_POINT('',(0.66,0.299906283631,1.202693348802));
#9801 = CARTESIAN_POINT('',(0.66,0.299334987113,1.192873693594));
#9802 = CARTESIAN_POINT('',(0.66,0.298415571185,1.183149633751));
#9803 = CARTESIAN_POINT('',(0.66,0.297159245916,1.173532809156));
#9804 = CARTESIAN_POINT('',(0.66,0.293937772017,1.154190866917));
#9805 = CARTESIAN_POINT('',(0.66,0.291948568133,1.144474505513));
#9806 = CARTESIAN_POINT('',(0.66,0.289621677512,1.134895129825));
#9807 = CARTESIAN_POINT('',(0.66,0.286968496105,1.125462405282));
#9808 = CARTESIAN_POINT('',(0.66,0.283999580964,1.116184674916));
#9809 = CARTESIAN_POINT('',(0.66,0.277365684897,1.097719334783));
#9810 = CARTESIAN_POINT('',(0.66,0.273684712853,1.08854034335));
#9811 = CARTESIAN_POINT('',(0.66,0.269692176119,1.079539433524));
#9812 = CARTESIAN_POINT('',(0.66,0.265397048483,1.07072335418));
#9813 = CARTESIAN_POINT('',(0.66,0.260806835513,1.062098154612));
#9814 = CARTESIAN_POINT('',(0.66,0.251004164416,1.045163946312));
#9815 = CARTESIAN_POINT('',(0.66,0.245786379559,1.036858764173));
#9816 = CARTESIAN_POINT('',(0.66,0.240280407048,1.028758964174));
#9817 = CARTESIAN_POINT('',(0.66,0.234490342534,1.020870115558));
#9818 = CARTESIAN_POINT('',(0.66,0.228418190257,1.013198030747));
#9819 = CARTESIAN_POINT('',(0.66,0.215801462132,0.998407266407));
#9820 = CARTESIAN_POINT('',(0.66,0.209265037039,0.991282398269));
#9821 = CARTESIAN_POINT('',(0.66,0.202454011648,0.98438004474));
#9822 = CARTESIAN_POINT('',(0.66,0.195365844133,0.977707070031));
#9823 = CARTESIAN_POINT('',(0.66,0.187995125017,0.971271927442));
#9824 = CARTESIAN_POINT('',(0.66,0.173012685338,0.959175110633));
#9825 = CARTESIAN_POINT('',(0.66,0.165426730288,0.953491920673));
#9826 = CARTESIAN_POINT('',(0.66,0.157566473117,0.948044968651));
#9827 = CARTESIAN_POINT('',(0.66,0.149421191466,0.9428457983));
#9828 = CARTESIAN_POINT('',(0.66,0.140976348171,0.937909629891));
#9829 = CARTESIAN_POINT('',(0.66,0.124148062588,0.928975570166));
#9830 = CARTESIAN_POINT('',(0.66,0.115814079383,0.924934455913));
#9831 = CARTESIAN_POINT('',(0.66,0.107194119667,0.921149233675));
#9832 = CARTESIAN_POINT('',(0.66,9.826941158436E-02,0.91763978502));
#9833 = CARTESIAN_POINT('',(0.66,8.901687105598E-02,0.914432779149));
#9834 = CARTESIAN_POINT('',(0.66,6.762842160337E-02,0.908048369916));
#9835 = CARTESIAN_POINT('',(0.66,5.540310162877E-02,0.905067930004));
#9836 = CARTESIAN_POINT('',(0.66,4.253150709481E-02,0.902628405907));
#9837 = CARTESIAN_POINT('',(0.66,2.893757304003E-02,0.900850137762));
#9838 = CARTESIAN_POINT('',(0.66,1.468319780375E-02,0.899909084997));
#9839 = CARTESIAN_POINT('',(0.66,0.,0.899909083395));
#9840 = PLANE('',#9841);
#9841 = AXIS2_PLACEMENT_3D('',#9842,#9843,#9844);
#9842 = CARTESIAN_POINT('',(0.66,1.25,1.25));
#9843 = DIRECTION('',(-1.,0.,0.));
#9844 = DIRECTION('',(0.,0.,-1.));
#9845 = ADVANCED_FACE('',(#9846),#9865,.T.);
#9846 = FACE_BOUND('',#9847,.T.);
#9847 = EDGE_LOOP('',(#9848,#9857,#9863,#9864));
#9848 = ORIENTED_EDGE('',*,*,#9849,.T.);
#9849 = EDGE_CURVE('',#9850,#9850,#9852,.T.);
#9850 = VERTEX_POINT('',#9851);
#9851 = CARTESIAN_POINT('',(5.385,1.125,1.25));
#9852 = CIRCLE('',#9853,1.125);
#9853 = AXIS2_PLACEMENT_3D('',#9854,#9855,#9856);
#9854 = CARTESIAN_POINT('',(5.385,0.,1.25));
#9855 = DIRECTION('',(-1.,0.,0.));
#9856 = DIRECTION('',(0.,1.,0.));
#9857 = ORIENTED_EDGE('',*,*,#9858,.F.);
#9858 = EDGE_CURVE('',#9650,#9850,#9859,.T.);
#9859 = LINE('',#9860,#9861);
#9860 = CARTESIAN_POINT('',(0.66,1.125,1.25));
#9861 = VECTOR('',#9862,1.);
#9862 = DIRECTION('',(1.,0.,0.));
#9863 = ORIENTED_EDGE('',*,*,#9649,.F.);
#9864 = ORIENTED_EDGE('',*,*,#9858,.T.);
#9865 = CYLINDRICAL_SURFACE('',#9866,1.125);
#9866 = AXIS2_PLACEMENT_3D('',#9867,#9868,#9869);
#9867 = CARTESIAN_POINT('',(0.66,0.,1.25));
#9868 = DIRECTION('',(-1.,-0.,-0.));
#9869 = DIRECTION('',(0.,1.,0.));
#9870 = ADVANCED_FACE('',(#9871),#9891,.T.);
#9871 = FACE_BOUND('',#9872,.T.);
#9872 = EDGE_LOOP('',(#9873,#9882,#9889,#9890));
#9873 = ORIENTED_EDGE('',*,*,#9874,.T.);
#9874 = EDGE_CURVE('',#9875,#9875,#9877,.T.);
#9875 = VERTEX_POINT('',#9876);
#9876 = CARTESIAN_POINT('',(0.3,0.,0.35));
#9877 = CIRCLE('',#9878,0.3);
#9878 = AXIS2_PLACEMENT_3D('',#9879,#9880,#9881);
#9879 = CARTESIAN_POINT('',(0.,0.,0.35));
#9880 = DIRECTION('',(0.,0.,1.));
#9881 = DIRECTION('',(1.,0.,-0.));
#9882 = ORIENTED_EDGE('',*,*,#9883,.T.);
#9883 = EDGE_CURVE('',#9875,#9670,#9884,.T.);
#9884 = CIRCLE('',#9885,0.6);
#9885 = AXIS2_PLACEMENT_3D('',#9886,#9887,#9888);
#9886 = CARTESIAN_POINT('',(0.9,1.102182119233E-16,0.35));
#9887 = DIRECTION('',(0.,1.,-0.));
#9888 = DIRECTION('',(-1.,0.,4.93432455389E-16));
#9889 = ORIENTED_EDGE('',*,*,#9669,.T.);
#9890 = ORIENTED_EDGE('',*,*,#9883,.F.);
#9891 = TOROIDAL_SURFACE('',#9892,0.9,0.3);
#9892 = AXIS2_PLACEMENT_3D('',#9893,#9894,#9895);
#9893 = CARTESIAN_POINT('',(0.9,0.,0.35));
#9894 = DIRECTION('',(0.,1.,0.));
#9895 = DIRECTION('',(-1.,0.,4.93432455389E-16));
#9896 = ADVANCED_FACE('',(#9897,#9908),#9911,.T.);
#9897 = FACE_BOUND('',#9898,.T.);
#9898 = EDGE_LOOP('',(#9899));
#9899 = ORIENTED_EDGE('',*,*,#9900,.F.);
#9900 = EDGE_CURVE('',#9901,#9901,#9903,.T.);
#9901 = VERTEX_POINT('',#9902);
#9902 = CARTESIAN_POINT('',(5.385,1.25,1.25));
#9903 = CIRCLE('',#9904,1.25);
#9904 = AXIS2_PLACEMENT_3D('',#9905,#9906,#9907);
#9905 = CARTESIAN_POINT('',(5.385,0.,1.25));
#9906 = DIRECTION('',(1.,0.,0.));
#9907 = DIRECTION('',(-0.,1.,0.));
#9908 = FACE_BOUND('',#9909,.T.);
#9909 = EDGE_LOOP('',(#9910));
#9910 = ORIENTED_EDGE('',*,*,#9849,.F.);
#9911 = PLANE('',#9912);
#9912 = AXIS2_PLACEMENT_3D('',#9913,#9914,#9915);
#9913 = CARTESIAN_POINT('',(5.385,1.25,1.25));
#9914 = DIRECTION('',(-1.,0.,0.));
#9915 = DIRECTION('',(0.,0.,-1.));
#9916 = ADVANCED_FACE('',(#9917),#9936,.T.);
#9917 = FACE_BOUND('',#9918,.T.);
#9918 = EDGE_LOOP('',(#9919,#9927,#9928,#9929));
#9919 = ORIENTED_EDGE('',*,*,#9920,.T.);
#9920 = EDGE_CURVE('',#9921,#9875,#9923,.T.);
#9921 = VERTEX_POINT('',#9922);
#9922 = CARTESIAN_POINT('',(0.3,-7.347880794884E-17,-3.));
#9923 = LINE('',#9924,#9925);
#9924 = CARTESIAN_POINT('',(0.3,0.,-3.));
#9925 = VECTOR('',#9926,1.);
#9926 = DIRECTION('',(0.,0.,1.));
#9927 = ORIENTED_EDGE('',*,*,#9874,.F.);
#9928 = ORIENTED_EDGE('',*,*,#9920,.F.);
#9929 = ORIENTED_EDGE('',*,*,#9930,.T.);
#9930 = EDGE_CURVE('',#9921,#9921,#9931,.T.);
#9931 = CIRCLE('',#9932,0.3);
#9932 = AXIS2_PLACEMENT_3D('',#9933,#9934,#9935);
#9933 = CARTESIAN_POINT('',(0.,0.,-3.));
#9934 = DIRECTION('',(0.,0.,1.));
#9935 = DIRECTION('',(1.,0.,-0.));
#9936 = CYLINDRICAL_SURFACE('',#9937,0.3);
#9937 = AXIS2_PLACEMENT_3D('',#9938,#9939,#9940);
#9938 = CARTESIAN_POINT('',(0.,0.,-3.));
#9939 = DIRECTION('',(0.,0.,1.));
#9940 = DIRECTION('',(1.,0.,-0.));
#9941 = ADVANCED_FACE('',(#9942),#9961,.T.);
#9942 = FACE_BOUND('',#9943,.T.);
#9943 = EDGE_LOOP('',(#9944,#9945,#9953,#9960));
#9944 = ORIENTED_EDGE('',*,*,#9900,.T.);
#9945 = ORIENTED_EDGE('',*,*,#9946,.T.);
#9946 = EDGE_CURVE('',#9901,#9947,#9949,.T.);
#9947 = VERTEX_POINT('',#9948);
#9948 = CARTESIAN_POINT('',(6.335,1.25,1.25));
#9949 = LINE('',#9950,#9951);
#9950 = CARTESIAN_POINT('',(5.385,1.25,1.25));
#9951 = VECTOR('',#9952,1.);
#9952 = DIRECTION('',(1.,0.,0.));
#9953 = ORIENTED_EDGE('',*,*,#9954,.F.);
#9954 = EDGE_CURVE('',#9947,#9947,#9955,.T.);
#9955 = CIRCLE('',#9956,1.25);
#9956 = AXIS2_PLACEMENT_3D('',#9957,#9958,#9959);
#9957 = CARTESIAN_POINT('',(6.335,0.,1.25));
#9958 = DIRECTION('',(1.,0.,0.));
#9959 = DIRECTION('',(-0.,1.,0.));
#9960 = ORIENTED_EDGE('',*,*,#9946,.F.);
#9961 = CYLINDRICAL_SURFACE('',#9962,1.25);
#9962 = AXIS2_PLACEMENT_3D('',#9963,#9964,#9965);
#9963 = CARTESIAN_POINT('',(5.385,0.,1.25));
#9964 = DIRECTION('',(-1.,-0.,-0.));
#9965 = DIRECTION('',(0.,1.,0.));
#9966 = ADVANCED_FACE('',(#9967),#9970,.T.);
#9967 = FACE_BOUND('',#9968,.F.);
#9968 = EDGE_LOOP('',(#9969));
#9969 = ORIENTED_EDGE('',*,*,#9930,.T.);
#9970 = PLANE('',#9971);
#9971 = AXIS2_PLACEMENT_3D('',#9972,#9973,#9974);
#9972 = CARTESIAN_POINT('',(0.3,0.,-3.));
#9973 = DIRECTION('',(0.,0.,-1.));
#9974 = DIRECTION('',(-1.,0.,0.));
#9975 = ADVANCED_FACE('',(#9976),#9996,.T.);
#9976 = FACE_BOUND('',#9977,.T.);
#9977 = EDGE_LOOP('',(#9978,#9987,#9988,#9989));
#9978 = ORIENTED_EDGE('',*,*,#9979,.F.);
#9979 = EDGE_CURVE('',#9947,#9980,#9982,.T.);
#9980 = VERTEX_POINT('',#9981);
#9981 = CARTESIAN_POINT('',(6.96,0.625,1.25));
#9982 = CIRCLE('',#9983,0.625);
#9983 = AXIS2_PLACEMENT_3D('',#9984,#9985,#9986);
#9984 = CARTESIAN_POINT('',(6.335,0.625,1.25));
#9985 = DIRECTION('',(0.,0.,-1.));
#9986 = DIRECTION('',(0.,1.,0.));
#9987 = ORIENTED_EDGE('',*,*,#9954,.T.);
#9988 = ORIENTED_EDGE('',*,*,#9979,.T.);
#9989 = ORIENTED_EDGE('',*,*,#9990,.F.);
#9990 = EDGE_CURVE('',#9980,#9980,#9991,.T.);
#9991 = CIRCLE('',#9992,0.625);
#9992 = AXIS2_PLACEMENT_3D('',#9993,#9994,#9995);
#9993 = CARTESIAN_POINT('',(6.96,0.,1.25));
#9994 = DIRECTION('',(1.,0.,0.));
#9995 = DIRECTION('',(-0.,1.,0.));
#9996 = TOROIDAL_SURFACE('',#9997,0.625,0.625);
#9997 = AXIS2_PLACEMENT_3D('',#9998,#9999,#10000);
#9998 = CARTESIAN_POINT('',(6.335,0.,1.25));
#9999 = DIRECTION('',(1.,0.,0.));
#10000 = DIRECTION('',(-0.,1.,0.));
#10001 = ADVANCED_FACE('',(#10002,#10005),#10179,.F.);
#10002 = FACE_BOUND('',#10003,.F.);
#10003 = EDGE_LOOP('',(#10004));
#10004 = ORIENTED_EDGE('',*,*,#9990,.F.);
#10005 = FACE_BOUND('',#10006,.F.);
#10006 = EDGE_LOOP('',(#10007));
#10007 = ORIENTED_EDGE('',*,*,#10008,.F.);
#10008 = EDGE_CURVE('',#10009,#10009,#10011,.T.);
#10009 = VERTEX_POINT('',#10010);
#10010 = CARTESIAN_POINT('',(6.96,1.102182119233E-16,0.899909083395));
#10011 = B_SPLINE_CURVE_WITH_KNOTS('',6,(#10012,#10013,#10014,#10015,
    #10016,#10017,#10018,#10019,#10020,#10021,#10022,#10023,#10024,
    #10025,#10026,#10027,#10028,#10029,#10030,#10031,#10032,#10033,
    #10034,#10035,#10036,#10037,#10038,#10039,#10040,#10041,#10042,
    #10043,#10044,#10045,#10046,#10047,#10048,#10049,#10050,#10051,
    #10052,#10053,#10054,#10055,#10056,#10057,#10058,#10059,#10060,
    #10061,#10062,#10063,#10064,#10065,#10066,#10067,#10068,#10069,
    #10070,#10071,#10072,#10073,#10074,#10075,#10076,#10077,#10078,
    #10079,#10080,#10081,#10082,#10083,#10084,#10085,#10086,#10087,
    #10088,#10089,#10090,#10091,#10092,#10093,#10094,#10095,#10096,
    #10097,#10098,#10099,#10100,#10101,#10102,#10103,#10104,#10105,
    #10106,#10107,#10108,#10109,#10110,#10111,#10112,#10113,#10114,
    #10115,#10116,#10117,#10118,#10119,#10120,#10121,#10122,#10123,
    #10124,#10125,#10126,#10127,#10128,#10129,#10130,#10131,#10132,
    #10133,#10134,#10135,#10136,#10137,#10138,#10139,#10140,#10141,
    #10142,#10143,#10144,#10145,#10146,#10147,#10148,#10149,#10150,
    #10151,#10152,#10153,#10154,#10155,#10156,#10157,#10158,#10159,
    #10160,#10161,#10162,#10163,#10164,#10165,#10166,#10167,#10168,
    #10169,#10170,#10171,#10172,#10173,#10174,#10175,#10176,#10177,
    #10178),.UNSPECIFIED.,.T.,.F.,(1,6,5,5,5,5,5,5,5,5,5,5,5,5,5,5,5,5,5
    ,5,5,5,5,5,5,5,5,5,5,5,5,5,5,5,6,1),(-3.7454922963E-02,0.,
    2.522151735631E-02,5.431626764274E-02,8.648932873413E-02,
    0.120698905604,0.15585219498,0.191016701755,0.225517033144,
    0.258939642143,0.291086884381,0.32191412294,0.351469698498,
    0.379846555914,0.407148198058,0.433469525493,0.458895614127,
    0.483540398702,0.505898369155,0.530279933853,0.555348100008,
    0.581270886766,0.608136607836,0.636034631737,0.665066137875,
    0.695331933304,0.726904811218,0.759787311372,0.793856187529,
    0.828799116201,0.864057997078,0.898806507422,0.932001552493,
    0.962545077037,1.,1.025221517356),.UNSPECIFIED.);
#10012 = CARTESIAN_POINT('',(6.96,0.,0.899909083395));
#10013 = CARTESIAN_POINT('',(6.96,-9.860167462582E-03,0.89990896861));
#10014 = CARTESIAN_POINT('',(6.96,-1.96044152314E-02,0.900333777569));
#10015 = CARTESIAN_POINT('',(6.96,-2.906856746895E-02,0.901162791225));
#10016 = CARTESIAN_POINT('',(6.96,-3.818494668051E-02,0.902337445313));
#10017 = CARTESIAN_POINT('',(6.96,-4.697397432956E-02,0.903804960014));
#10018 = CARTESIAN_POINT('',(6.96,-6.54122858756E-02,0.907588661461));
#10019 = CARTESIAN_POINT('',(6.96,-7.491985816654E-02,0.909985989386));
#10020 = CARTESIAN_POINT('',(6.96,-8.408849098391E-02,0.912709553602));
#10021 = CARTESIAN_POINT('',(6.96,-9.294310465939E-02,0.915726321464));
#10022 = CARTESIAN_POINT('',(6.96,-0.10150496885,0.919011549987));
#10023 = CARTESIAN_POINT('',(6.96,-0.118958221281,0.926453836747));
#10024 = CARTESIAN_POINT('',(6.96,-0.127787715696,0.930666010737));
#10025 = CARTESIAN_POINT('',(6.96,-0.136306161655,0.935155928941));
#10026 = CARTESIAN_POINT('',(6.96,-0.144532121634,0.939904049757));
#10027 = CARTESIAN_POINT('',(6.96,-0.152479877126,0.944895641374));
#10028 = CARTESIAN_POINT('',(6.96,-0.168328600516,0.955672815412));
#10029 = CARTESIAN_POINT('',(6.96,-0.176194773963,0.961488214941));
#10030 = CARTESIAN_POINT('',(6.96,-0.183772608747,0.967551566344));
#10031 = CARTESIAN_POINT('',(6.96,-0.191071765541,0.973851742068));
#10032 = CARTESIAN_POINT('',(6.96,-0.198098606692,0.980379951052));
#10033 = CARTESIAN_POINT('',(6.96,-0.211800202804,0.994065659178));
#10034 = CARTESIAN_POINT('',(6.96,-0.218460270558,1.001234983766));
#10035 = CARTESIAN_POINT('',(6.96,-0.224839910615,1.00863041136));
#10036 = CARTESIAN_POINT('',(6.96,-0.230940211566,1.016245364777));
#10037 = CARTESIAN_POINT('',(6.96,-0.236759839456,1.024073990789));
#10038 = CARTESIAN_POINT('',(6.96,-0.247832003876,1.040150861324));
#10039 = CARTESIAN_POINT('',(6.96,-0.253084568675,1.048398903269));
#10040 = CARTESIAN_POINT('',(6.96,-0.258049049185,1.05685004652));
#10041 = CARTESIAN_POINT('',(6.96,-0.2627200155,1.065498685566));
#10042 = CARTESIAN_POINT('',(6.96,-0.267090290802,1.074338848812));
#10043 = CARTESIAN_POINT('',(6.96,-0.275134913375,1.092219064394));
#10044 = CARTESIAN_POINT('',(6.96,-0.278821000575,1.10125194666));
#10045 = CARTESIAN_POINT('',(6.96,-0.282200788118,1.110456818481));
#10046 = CARTESIAN_POINT('',(6.96,-0.285264726102,1.119826534893));
#10047 = CARTESIAN_POINT('',(6.96,-0.288002139566,1.129352832871));
#10048 = CARTESIAN_POINT('',(6.96,-0.292725370416,1.148397637921));
#10049 = CARTESIAN_POINT('',(6.96,-0.29473215882,1.157906911838));
#10050 = CARTESIAN_POINT('',(6.96,-0.296410834199,1.16754558505));
#10051 = CARTESIAN_POINT('',(6.96,-0.297750172302,1.177303521997));
#10052 = CARTESIAN_POINT('',(6.96,-0.298738484134,1.187169019587));
#10053 = CARTESIAN_POINT('',(6.96,-0.29996489055,1.20670853133));
#10054 = CARTESIAN_POINT('',(6.96,-0.300230362775,1.216375375657));
#10055 = CARTESIAN_POINT('',(6.96,-0.300149187552,1.22611747583));
#10056 = CARTESIAN_POINT('',(6.96,-0.299710732489,1.235921267953));
#10057 = CARTESIAN_POINT('',(6.96,-0.298904577874,1.245771488577));
#10058 = CARTESIAN_POINT('',(6.96,-0.296585075031,1.265125180201));
#10059 = CARTESIAN_POINT('',(6.96,-0.295102319855,1.27462625024));
#10060 = CARTESIAN_POINT('',(6.96,-0.293263243612,1.284139361954));
#10061 = CARTESIAN_POINT('',(6.96,-0.29105964956,1.293647958229));
#10062 = CARTESIAN_POINT('',(6.96,-0.288484151749,1.303133947704));
#10063 = CARTESIAN_POINT('',(6.96,-0.282698057797,1.321631888118));
#10064 = CARTESIAN_POINT('',(6.96,-0.279518212828,1.330647292743));
#10065 = CARTESIAN_POINT('',(6.96,-0.275984865526,1.339606568389));
#10066 = CARTESIAN_POINT('',(6.96,-0.27209347283,1.348491205415));
#10067 = CARTESIAN_POINT('',(6.96,-0.26784072321,1.357281534804));
#10068 = CARTESIAN_POINT('',(6.96,-0.258792456003,1.374285939199));
#10069 = CARTESIAN_POINT('',(6.96,-0.254025471274,1.382509099941));
#10070 = CARTESIAN_POINT('',(6.96,-0.248921774536,1.390607746147));
#10071 = CARTESIAN_POINT('',(6.96,-0.24348099529,1.398562707415));
#10072 = CARTESIAN_POINT('',(6.96,-0.237704200488,1.406354107177));
#10073 = CARTESIAN_POINT('',(6.96,-0.225715116467,1.421280374005));
#10074 = CARTESIAN_POINT('',(6.96,-0.219527700064,1.428429026844));
#10075 = CARTESIAN_POINT('',(6.96,-0.213033898729,1.435388985848));
#10076 = CARTESIAN_POINT('',(6.96,-0.206237442407,1.442141620875));
#10077 = CARTESIAN_POINT('',(6.96,-0.199143537578,1.448668007007));
#10078 = CARTESIAN_POINT('',(6.96,-0.184639358866,1.461004311837));
#10079 = CARTESIAN_POINT('',(6.96,-0.177249661366,1.46683162664));
#10080 = CARTESIAN_POINT('',(6.96,-0.169595743404,1.472413651413));
#10081 = CARTESIAN_POINT('',(6.96,-0.161685063001,1.477733185029));
#10082 = CARTESIAN_POINT('',(6.96,-0.153526567552,1.482773042789));
#10083 = CARTESIAN_POINT('',(6.96,-0.137020377957,1.492097733275));
#10084 = CARTESIAN_POINT('',(6.96,-0.128688741655,1.496402506097));
#10085 = CARTESIAN_POINT('',(6.96,-0.120145015698,1.500414870926));
#10086 = CARTESIAN_POINT('',(6.96,-0.111400273136,1.504119613979));
#10087 = CARTESIAN_POINT('',(6.96,-0.102467429294,1.507501811642));
#10088 = CARTESIAN_POINT('',(6.96,-8.453487359643E-02,1.513498183633));
#10089 = CARTESIAN_POINT('',(6.96,-7.554644720911E-02,1.51613308184));
#10090 = CARTESIAN_POINT('',(6.96,-6.640854708582E-02,1.518437839156));
#10091 = CARTESIAN_POINT('',(6.96,-5.713780068804E-02,1.520399910874));
#10092 = CARTESIAN_POINT('',(6.96,-4.775487845774E-02,1.522007893513));
#10093 = CARTESIAN_POINT('',(6.96,-2.969292548283E-02,1.52437977876));
#10094 = CARTESIAN_POINT('',(6.96,-2.102889094976E-02,1.525208924822));
#10095 = CARTESIAN_POINT('',(6.96,-1.231404153143E-02,1.525730890851));
#10096 = CARTESIAN_POINT('',(6.96,-3.572679276074E-03,1.525941220805));
#10097 = CARTESIAN_POINT('',(6.96,5.168243033088E-03,1.52583907475));
#10098 = CARTESIAN_POINT('',(6.96,2.337844678287E-02,1.524978413229));
#10099 = CARTESIAN_POINT('',(6.96,3.284373024997E-02,1.524160868463));
#10100 = CARTESIAN_POINT('',(6.96,4.224172239025E-02,1.522980299422));
#10101 = CARTESIAN_POINT('',(6.96,5.154503802108E-02,1.521444853212));
#10102 = CARTESIAN_POINT('',(6.96,6.073215666605E-02,1.519565119195));
#10103 = CARTESIAN_POINT('',(6.96,7.909771199475E-02,1.515080715405));
#10104 = CARTESIAN_POINT('',(6.96,8.82675531125E-02,1.512456387335));
#10105 = CARTESIAN_POINT('',(6.96,9.727920151967E-02,1.509494357792));
#10106 = CARTESIAN_POINT('',(6.96,0.106117302403,1.506208331254));
#10107 = CARTESIAN_POINT('',(6.96,0.114768890523,1.502612503667));
#10108 = CARTESIAN_POINT('',(6.96,0.1319661163,1.494697932395));
#10109 = CARTESIAN_POINT('',(6.96,0.140497712216,1.490358583428));
#10110 = CARTESIAN_POINT('',(6.96,0.148806071355,1.485719654426));
#10111 = CARTESIAN_POINT('',(6.96,0.156880646133,1.480797412311));
#10112 = CARTESIAN_POINT('',(6.96,0.164712447986,1.475608252032));
#10113 = CARTESIAN_POINT('',(6.96,0.180151425777,1.46453127229));
#10114 = CARTESIAN_POINT('',(6.96,0.187739967164,1.45862481836));
#10115 = CARTESIAN_POINT('',(6.96,0.195051332691,1.452467727028));
#10116 = CARTESIAN_POINT('',(6.96,0.20207865613,1.446078243141));
#10117 = CARTESIAN_POINT('',(6.96,0.208816543867,1.439474464151));
#10118 = CARTESIAN_POINT('',(6.96,0.221953238059,1.425612923524));
#10119 = CARTESIAN_POINT('',(6.96,0.228328994524,1.418339683896));
#10120 = CARTESIAN_POINT('',(6.96,0.234383964852,1.410874723556));
#10121 = CARTESIAN_POINT('',(6.96,0.240115238483,1.403237627432));
#10122 = CARTESIAN_POINT('',(6.96,0.245521373748,1.395447463058));
#10123 = CARTESIAN_POINT('',(6.96,0.25588986733,1.379276120213));
#10124 = CARTESIAN_POINT('',(6.96,0.260825161615,1.370883687614));
#10125 = CARTESIAN_POINT('',(6.96,0.265408347201,1.362366366749));
#10126 = CARTESIAN_POINT('',(6.96,0.269640836772,1.353744077057));
#10127 = CARTESIAN_POINT('',(6.96,0.273525389215,1.345035773446));
#10128 = CARTESIAN_POINT('',(6.96,0.280757370989,1.327109983642));
#10129 = CARTESIAN_POINT('',(6.96,0.284074778857,1.317886520225));
#10130 = CARTESIAN_POINT('',(6.96,0.28702301626,1.308609389122));
#10131 = CARTESIAN_POINT('',(6.96,0.289607785113,1.29929753334));
#10132 = CARTESIAN_POINT('',(6.96,0.291835806202,1.289968505808));
#10133 = CARTESIAN_POINT('',(6.96,0.295674983107,1.270905490066));
#10134 = CARTESIAN_POINT('',(6.96,0.297255138129,1.261171409814));
#10135 = CARTESIAN_POINT('',(6.96,0.298464076807,1.251454505978));
#10136 = CARTESIAN_POINT('',(6.96,0.299311079865,1.241771395371));
#10137 = CARTESIAN_POINT('',(6.96,0.299805916194,1.232137034265));
#10138 = CARTESIAN_POINT('',(6.96,0.300118111197,1.212595339038));
#10139 = CARTESIAN_POINT('',(6.96,0.299906304864,1.202693342182));
#10140 = CARTESIAN_POINT('',(6.96,0.299334986276,1.192873677979));
#10141 = CARTESIAN_POINT('',(6.96,0.298415549391,1.183149632812));
#10142 = CARTESIAN_POINT('',(6.96,0.29715921972,1.173532829284));
#10143 = CARTESIAN_POINT('',(6.96,0.293937801394,1.154190874));
#10144 = CARTESIAN_POINT('',(6.96,0.291948588365,1.144474495238));
#10145 = CARTESIAN_POINT('',(6.96,0.28962167445,1.134895115228));
#10146 = CARTESIAN_POINT('',(6.96,0.286968474246,1.125462408515));
#10147 = CARTESIAN_POINT('',(6.96,0.283999557728,1.116184698885));
#10148 = CARTESIAN_POINT('',(6.96,0.277365720041,1.097719338125));
#10149 = CARTESIAN_POINT('',(6.96,0.273684735103,1.088540329457));
#10150 = CARTESIAN_POINT('',(6.96,0.269692170683,1.079539418357));
#10151 = CARTESIAN_POINT('',(6.96,0.265397023465,1.070723360764));
#10152 = CARTESIAN_POINT('',(6.96,0.260806811571,1.062098183552));
#10153 = CARTESIAN_POINT('',(6.96,0.251004219697,1.045163947022));
#10154 = CARTESIAN_POINT('',(6.96,0.245786411547,1.036858741787));
#10155 = CARTESIAN_POINT('',(6.96,0.240280395782,1.028758943151));
#10156 = CARTESIAN_POINT('',(6.96,0.234490304979,1.02087012779));
#10157 = CARTESIAN_POINT('',(6.96,0.22841815861,1.013198074729));
#10158 = CARTESIAN_POINT('',(6.96,0.215801547815,0.998407234883));
#10159 = CARTESIAN_POINT('',(6.96,0.209264913083,0.99128247471));
#10160 = CARTESIAN_POINT('',(6.96,0.202454000094,0.984380026053));
#10161 = CARTESIAN_POINT('',(6.96,0.195365961507,0.977706983911));
#10162 = CARTESIAN_POINT('',(6.96,0.187995061392,0.971271997058));
#10163 = CARTESIAN_POINT('',(6.96,0.173012837564,0.959175029375));
#10164 = CARTESIAN_POINT('',(6.96,0.165426529007,0.953492099376));
#10165 = CARTESIAN_POINT('',(6.96,0.157566437944,0.948044934321));
#10166 = CARTESIAN_POINT('',(6.96,0.149421373308,0.942845601948));
#10167 = CARTESIAN_POINT('',(6.96,0.140976264593,0.937909781461));
#10168 = CARTESIAN_POINT('',(6.96,0.124148131162,0.928975627958));
#10169 = CARTESIAN_POINT('',(6.96,0.115814071992,0.924934439518));
#10170 = CARTESIAN_POINT('',(6.96,0.107194037794,0.921149181784));
#10171 = CARTESIAN_POINT('',(6.96,9.826937450524E-02,0.917639774974));
#10172 = CARTESIAN_POINT('',(6.96,8.901696421491E-02,0.914432828225));
#10173 = CARTESIAN_POINT('',(6.96,6.762356037127E-02,0.908046964389));
#10174 = CARTESIAN_POINT('',(6.96,5.540377745077E-02,0.905068595899));
#10175 = CARTESIAN_POINT('',(6.96,4.253681255711E-02,0.902629529668));
#10176 = CARTESIAN_POINT('',(6.96,2.893994360873E-02,0.900849442899));
#10177 = CARTESIAN_POINT('',(6.96,1.46772221458E-02,0.899909046356));
#10178 = CARTESIAN_POINT('',(6.96,0.,0.899909083395));
#10179 = PLANE('',#10180);
#10180 = AXIS2_PLACEMENT_3D('',#10181,#10182,#10183);
#10181 = CARTESIAN_POINT('',(6.96,1.25,1.25));
#10182 = DIRECTION('',(-1.,0.,0.));
#10183 = DIRECTION('',(0.,0.,-1.));
#10184 = ADVANCED_FACE('',(#10185),#10205,.T.);
#10185 = FACE_BOUND('',#10186,.T.);
#10186 = EDGE_LOOP('',(#10187,#10188,#10197,#10204));
#10187 = ORIENTED_EDGE('',*,*,#10008,.F.);
#10188 = ORIENTED_EDGE('',*,*,#10189,.T.);
#10189 = EDGE_CURVE('',#10009,#10190,#10192,.T.);
#10190 = VERTEX_POINT('',#10191);
#10191 = CARTESIAN_POINT('',(7.32,0.,0.35));
#10192 = CIRCLE('',#10193,0.6);
#10193 = AXIS2_PLACEMENT_3D('',#10194,#10195,#10196);
#10194 = CARTESIAN_POINT('',(6.72,1.102182119233E-16,0.35));
#10195 = DIRECTION('',(0.,1.,0.));
#10196 = DIRECTION('',(0.,-0.,1.));
#10197 = ORIENTED_EDGE('',*,*,#10198,.T.);
#10198 = EDGE_CURVE('',#10190,#10190,#10199,.T.);
#10199 = CIRCLE('',#10200,0.3);
#10200 = AXIS2_PLACEMENT_3D('',#10201,#10202,#10203);
#10201 = CARTESIAN_POINT('',(7.62,0.,0.35));
#10202 = DIRECTION('',(3.828568698927E-16,-0.,1.));
#10203 = DIRECTION('',(1.,0.,-3.828568698927E-16));
#10204 = ORIENTED_EDGE('',*,*,#10189,.F.);
#10205 = TOROIDAL_SURFACE('',#10206,0.9,0.3);
#10206 = AXIS2_PLACEMENT_3D('',#10207,#10208,#10209);
#10207 = CARTESIAN_POINT('',(6.72,0.,0.35));
#10208 = DIRECTION('',(0.,1.,0.));
#10209 = DIRECTION('',(0.,-0.,1.));
#10210 = ADVANCED_FACE('',(#10211),#10230,.T.);
#10211 = FACE_BOUND('',#10212,.T.);
#10212 = EDGE_LOOP('',(#10213,#10221,#10228,#10229));
#10213 = ORIENTED_EDGE('',*,*,#10214,.T.);
#10214 = EDGE_CURVE('',#10190,#10215,#10217,.T.);
#10215 = VERTEX_POINT('',#10216);
#10216 = CARTESIAN_POINT('',(7.32,-7.347880794884E-17,-3.));
#10217 = LINE('',#10218,#10219);
#10218 = CARTESIAN_POINT('',(7.32,0.,0.35));
#10219 = VECTOR('',#10220,1.);
#10220 = DIRECTION('',(0.,0.,-1.));
#10221 = ORIENTED_EDGE('',*,*,#10222,.F.);
#10222 = EDGE_CURVE('',#10215,#10215,#10223,.T.);
#10223 = CIRCLE('',#10224,0.3);
#10224 = AXIS2_PLACEMENT_3D('',#10225,#10226,#10227);
#10225 = CARTESIAN_POINT('',(7.62,0.,-3.));
#10226 = DIRECTION('',(0.,0.,-1.));
#10227 = DIRECTION('',(-1.,0.,0.));
#10228 = ORIENTED_EDGE('',*,*,#10214,.F.);
#10229 = ORIENTED_EDGE('',*,*,#10198,.F.);
#10230 = CYLINDRICAL_SURFACE('',#10231,0.3);
#10231 = AXIS2_PLACEMENT_3D('',#10232,#10233,#10234);
#10232 = CARTESIAN_POINT('',(7.62,0.,0.35));
#10233 = DIRECTION('',(0.,0.,-1.));
#10234 = DIRECTION('',(-1.,0.,0.));
#10235 = ADVANCED_FACE('',(#10236),#10239,.F.);
#10236 = FACE_BOUND('',#10237,.T.);
#10237 = EDGE_LOOP('',(#10238));
#10238 = ORIENTED_EDGE('',*,*,#10222,.T.);
#10239 = PLANE('',#10240);
#10240 = AXIS2_PLACEMENT_3D('',#10241,#10242,#10243);
#10241 = CARTESIAN_POINT('',(7.32,0.,-3.));
#10242 = DIRECTION('',(0.,0.,1.));
#10243 = DIRECTION('',(1.,0.,-0.));
#10244 = ( GEOMETRIC_REPRESENTATION_CONTEXT(3) 
GLOBAL_UNCERTAINTY_ASSIGNED_CONTEXT((#10248)) 
GLOBAL_UNIT_ASSIGNED_CONTEXT((#10245,#10246,#10247)) 
REPRESENTATION_CONTEXT('Context #1',
  '3D Context with UNIT and UNCERTAINTY') );
#10245 = ( LENGTH_UNIT() NAMED_UNIT(*) SI_UNIT(.MILLI.,.METRE.) );
#10246 = ( NAMED_UNIT(*) PLANE_ANGLE_UNIT() SI_UNIT($,.RADIAN.) );
#10247 = ( NAMED_UNIT(*) SI_UNIT($,.STERADIAN.) SOLID_ANGLE_UNIT() );
#10248 = UNCERTAINTY_MEASURE_WITH_UNIT(LENGTH_MEASURE(1.E-07),#10245,
  'distance_accuracy_value','confusion accuracy');
#10249 = CONTEXT_DEPENDENT_SHAPE_REPRESENTATION(#10250,#10252);
#10250 = ( REPRESENTATION_RELATIONSHIP('','',#9580,#10) 
REPRESENTATION_RELATIONSHIP_WITH_TRANSFORMATION(#10251) 
SHAPE_REPRESENTATION_RELATIONSHIP() );
#10251 = ITEM_DEFINED_TRANSFORMATION('','',#11,#27);
#10252 = PRODUCT_DEFINITION_SHAPE('Placement','Placement of an item',
  #10253);
#10253 = NEXT_ASSEMBLY_USAGE_OCCURRENCE('4','R2','',#5,#9575,$);
#10254 = PRODUCT_RELATED_PRODUCT_CATEGORY('part',$,(#9577));
#10255 = CONTEXT_DEPENDENT_SHAPE_REPRESENTATION(#10256,#10258);
#10256 = ( REPRESENTATION_RELATIONSHIP('','',#567,#10) 
REPRESENTATION_RELATIONSHIP_WITH_TRANSFORMATION(#10257) 
SHAPE_REPRESENTATION_RELATIONSHIP() );
#10257 = ITEM_DEFINED_TRANSFORMATION('','',#11,#31);
#10258 = PRODUCT_DEFINITION_SHAPE('Placement','Placement of an item',
  #10259);
#10259 = NEXT_ASSEMBLY_USAGE_OCCURRENCE('5','J4','',#5,#562,$);
#10260 = CONTEXT_DEPENDENT_SHAPE_REPRESENTATION(#10261,#10263);
#10261 = ( REPRESENTATION_RELATIONSHIP('','',#567,#10) 
REPRESENTATION_RELATIONSHIP_WITH_TRANSFORMATION(#10262) 
SHAPE_REPRESENTATION_RELATIONSHIP() );
#10262 = ITEM_DEFINED_TRANSFORMATION('','',#11,#35);
#10263 = PRODUCT_DEFINITION_SHAPE('Placement','Placement of an item',
  #10264);
#10264 = NEXT_ASSEMBLY_USAGE_OCCURRENCE('6','J3','',#5,#562,$);
#10265 = CONTEXT_DEPENDENT_SHAPE_REPRESENTATION(#10266,#10268);
#10266 = ( REPRESENTATION_RELATIONSHIP('','',#567,#10) 
REPRESENTATION_RELATIONSHIP_WITH_TRANSFORMATION(#10267) 
SHAPE_REPRESENTATION_RELATIONSHIP() );
#10267 = ITEM_DEFINED_TRANSFORMATION('','',#11,#39);
#10268 = PRODUCT_DEFINITION_SHAPE('Placement','Placement of an item',
  #10269);
#10269 = NEXT_ASSEMBLY_USAGE_OCCURRENCE('7','J6','',#5,#562,$);
#10270 = CONTEXT_DEPENDENT_SHAPE_REPRESENTATION(#10271,#10273);
#10271 = ( REPRESENTATION_RELATIONSHIP('','',#80,#10) 
REPRESENTATION_RELATIONSHIP_WITH_TRANSFORMATION(#10272) 
SHAPE_REPRESENTATION_RELATIONSHIP() );
#10272 = ITEM_DEFINED_TRANSFORMATION('','',#11,#43);
#10273 = PRODUCT_DEFINITION_SHAPE('Placement','Placement of an item',
  #10274);
#10274 = NEXT_ASSEMBLY_USAGE_OCCURRENCE('8','D1','',#5,#75,$);
#10275 = CONTEXT_DEPENDENT_SHAPE_REPRESENTATION(#10276,#10278);
#10276 = ( REPRESENTATION_RELATIONSHIP('','',#567,#10) 
REPRESENTATION_RELATIONSHIP_WITH_TRANSFORMATION(#10277) 
SHAPE_REPRESENTATION_RELATIONSHIP() );
#10277 = ITEM_DEFINED_TRANSFORMATION('','',#11,#47);
#10278 = PRODUCT_DEFINITION_SHAPE('Placement','Placement of an item',
  #10279);
#10279 = NEXT_ASSEMBLY_USAGE_OCCURRENCE('9','J7','',#5,#562,$);
#10280 = CONTEXT_DEPENDENT_SHAPE_REPRESENTATION(#10281,#10283);
#10281 = ( REPRESENTATION_RELATIONSHIP('','',#567,#10) 
REPRESENTATION_RELATIONSHIP_WITH_TRANSFORMATION(#10282) 
SHAPE_REPRESENTATION_RELATIONSHIP() );
#10282 = ITEM_DEFINED_TRANSFORMATION('','',#11,#51);
#10283 = PRODUCT_DEFINITION_SHAPE('Placement','Placement of an item',
  #10284);
#10284 = NEXT_ASSEMBLY_USAGE_OCCURRENCE('10','J5','',#5,#562,$);
#10285 = CONTEXT_DEPENDENT_SHAPE_REPRESENTATION(#10286,#10288);
#10286 = ( REPRESENTATION_RELATIONSHIP('','',#9580,#10) 
REPRESENTATION_RELATIONSHIP_WITH_TRANSFORMATION(#10287) 
SHAPE_REPRESENTATION_RELATIONSHIP() );
#10287 = ITEM_DEFINED_TRANSFORMATION('','',#11,#55);
#10288 = PRODUCT_DEFINITION_SHAPE('Placement','Placement of an item',
  #10289);
#10289 = NEXT_ASSEMBLY_USAGE_OCCURRENCE('11','R3','',#5,#9575,$);
#10290 = CONTEXT_DEPENDENT_SHAPE_REPRESENTATION(#10291,#10293);
#10291 = ( REPRESENTATION_RELATIONSHIP('','',#9580,#10) 
REPRESENTATION_RELATIONSHIP_WITH_TRANSFORMATION(#10292) 
SHAPE_REPRESENTATION_RELATIONSHIP() );
#10292 = ITEM_DEFINED_TRANSFORMATION('','',#11,#59);
#10293 = PRODUCT_DEFINITION_SHAPE('Placement','Placement of an item',
  #10294);
#10294 = NEXT_ASSEMBLY_USAGE_OCCURRENCE('12','R1','',#5,#9575,$);
#10295 = SHAPE_DEFINITION_REPRESENTATION(#10296,#10302);
#10296 = PRODUCT_DEFINITION_SHAPE('','',#10297);
#10297 = PRODUCT_DEFINITION('design','',#10298,#10301);
#10298 = PRODUCT_DEFINITION_FORMATION('','',#10299);
#10299 = PRODUCT('power_rail_PCB','power_rail_PCB','',(#10300));
#10300 = PRODUCT_CONTEXT('',#2,'mechanical');
#10301 = PRODUCT_DEFINITION_CONTEXT('part definition',#2,'design');
#10302 = ADVANCED_BREP_SHAPE_REPRESENTATION('',(#11,#10303),#15429);
#10303 = MANIFOLD_SOLID_BREP('',#10304);
#10304 = CLOSED_SHELL('',(#10305,#10347,#10378,#10409,#11825,#13241,
    #13258,#13275,#13292,#13309,#13321,#13338,#13355,#13372,#13389,
    #13406,#13423,#13440,#13457,#13474,#13491,#13508,#13525,#13542,
    #13559,#13576,#13593,#13610,#13627,#13644,#13661,#13678,#13695,
    #13712,#13729,#13746,#13763,#13780,#13797,#13814,#13831,#13848,
    #13865,#13882,#13899,#13916,#13933,#13950,#13967,#13984,#14001,
    #14018,#14035,#14052,#14069,#14086,#14103,#14120,#14137,#14154,
    #14171,#14188,#14205,#14222,#14239,#14256,#14273,#14290,#14307,
    #14324,#14341,#14358,#14375,#14392,#14409,#14426,#14443,#14460,
    #14477,#14494,#14511,#14528,#14545,#14562,#14579,#14596,#14613,
    #14630,#14647,#14664,#14681,#14698,#14715,#14732,#14749,#14766,
    #14783,#14800,#14817,#14834,#14851,#14868,#14885,#14902,#14919,
    #14936,#14953,#14970,#14987,#15004,#15021,#15038,#15055,#15072,
    #15089,#15106,#15123,#15140,#15157,#15174,#15191,#15208,#15225,
    #15242,#15259,#15276,#15293,#15310,#15327,#15344,#15361,#15378,
    #15395,#15412));
#10305 = ADVANCED_FACE('',(#10306),#10342,.T.);
#10306 = FACE_BOUND('',#10307,.T.);
#10307 = EDGE_LOOP('',(#10308,#10318,#10327,#10335));
#10308 = ORIENTED_EDGE('',*,*,#10309,.T.);
#10309 = EDGE_CURVE('',#10310,#10312,#10314,.T.);
#10310 = VERTEX_POINT('',#10311);
#10311 = CARTESIAN_POINT('',(200.,-80.,0.));
#10312 = VERTEX_POINT('',#10313);
#10313 = CARTESIAN_POINT('',(200.,-80.,1.51));
#10314 = LINE('',#10315,#10316);
#10315 = CARTESIAN_POINT('',(200.,-80.,0.));
#10316 = VECTOR('',#10317,1.);
#10317 = DIRECTION('',(0.,0.,1.));
#10318 = ORIENTED_EDGE('',*,*,#10319,.T.);
#10319 = EDGE_CURVE('',#10312,#10320,#10322,.T.);
#10320 = VERTEX_POINT('',#10321);
#10321 = CARTESIAN_POINT('',(205.,-85.,1.51));
#10322 = CIRCLE('',#10323,4.999999678834);
#10323 = AXIS2_PLACEMENT_3D('',#10324,#10325,#10326);
#10324 = CARTESIAN_POINT('',(200.00000032116,-84.99999967883,1.51));
#10325 = DIRECTION('',(0.,0.,-1.));
#10326 = DIRECTION('',(-6.42331470194E-08,1.,0.));
#10327 = ORIENTED_EDGE('',*,*,#10328,.F.);
#10328 = EDGE_CURVE('',#10329,#10320,#10331,.T.);
#10329 = VERTEX_POINT('',#10330);
#10330 = CARTESIAN_POINT('',(205.,-85.,0.));
#10331 = LINE('',#10332,#10333);
#10332 = CARTESIAN_POINT('',(205.,-85.,0.));
#10333 = VECTOR('',#10334,1.);
#10334 = DIRECTION('',(0.,0.,1.));
#10335 = ORIENTED_EDGE('',*,*,#10336,.F.);
#10336 = EDGE_CURVE('',#10310,#10329,#10337,.T.);
#10337 = CIRCLE('',#10338,4.999999678834);
#10338 = AXIS2_PLACEMENT_3D('',#10339,#10340,#10341);
#10339 = CARTESIAN_POINT('',(200.00000032116,-84.99999967883,0.));
#10340 = DIRECTION('',(0.,0.,-1.));
#10341 = DIRECTION('',(-6.42331470194E-08,1.,0.));
#10342 = CYLINDRICAL_SURFACE('',#10343,4.999999678834);
#10343 = AXIS2_PLACEMENT_3D('',#10344,#10345,#10346);
#10344 = CARTESIAN_POINT('',(200.00000032116,-84.99999967883,0.));
#10345 = DIRECTION('',(0.,0.,-1.));
#10346 = DIRECTION('',(-6.42331470194E-08,1.,0.));
#10347 = ADVANCED_FACE('',(#10348),#10373,.T.);
#10348 = FACE_BOUND('',#10349,.T.);
#10349 = EDGE_LOOP('',(#10350,#10360,#10366,#10367));
#10350 = ORIENTED_EDGE('',*,*,#10351,.T.);
#10351 = EDGE_CURVE('',#10352,#10354,#10356,.T.);
#10352 = VERTEX_POINT('',#10353);
#10353 = CARTESIAN_POINT('',(110.,-80.,0.));
#10354 = VERTEX_POINT('',#10355);
#10355 = CARTESIAN_POINT('',(110.,-80.,1.51));
#10356 = LINE('',#10357,#10358);
#10357 = CARTESIAN_POINT('',(110.,-80.,0.));
#10358 = VECTOR('',#10359,1.);
#10359 = DIRECTION('',(0.,0.,1.));
#10360 = ORIENTED_EDGE('',*,*,#10361,.T.);
#10361 = EDGE_CURVE('',#10354,#10312,#10362,.T.);
#10362 = LINE('',#10363,#10364);
#10363 = CARTESIAN_POINT('',(110.,-80.,1.51));
#10364 = VECTOR('',#10365,1.);
#10365 = DIRECTION('',(1.,0.,0.));
#10366 = ORIENTED_EDGE('',*,*,#10309,.F.);
#10367 = ORIENTED_EDGE('',*,*,#10368,.F.);
#10368 = EDGE_CURVE('',#10352,#10310,#10369,.T.);
#10369 = LINE('',#10370,#10371);
#10370 = CARTESIAN_POINT('',(110.,-80.,0.));
#10371 = VECTOR('',#10372,1.);
#10372 = DIRECTION('',(1.,0.,0.));
#10373 = PLANE('',#10374);
#10374 = AXIS2_PLACEMENT_3D('',#10375,#10376,#10377);
#10375 = CARTESIAN_POINT('',(110.,-80.,0.));
#10376 = DIRECTION('',(0.,1.,0.));
#10377 = DIRECTION('',(1.,0.,0.));
#10378 = ADVANCED_FACE('',(#10379),#10404,.T.);
#10379 = FACE_BOUND('',#10380,.T.);
#10380 = EDGE_LOOP('',(#10381,#10382,#10390,#10398));
#10381 = ORIENTED_EDGE('',*,*,#10328,.T.);
#10382 = ORIENTED_EDGE('',*,*,#10383,.T.);
#10383 = EDGE_CURVE('',#10320,#10384,#10386,.T.);
#10384 = VERTEX_POINT('',#10385);
#10385 = CARTESIAN_POINT('',(205.,-125.,1.51));
#10386 = LINE('',#10387,#10388);
#10387 = CARTESIAN_POINT('',(205.,-85.,1.51));
#10388 = VECTOR('',#10389,1.);
#10389 = DIRECTION('',(0.,-1.,0.));
#10390 = ORIENTED_EDGE('',*,*,#10391,.F.);
#10391 = EDGE_CURVE('',#10392,#10384,#10394,.T.);
#10392 = VERTEX_POINT('',#10393);
#10393 = CARTESIAN_POINT('',(205.,-125.,0.));
#10394 = LINE('',#10395,#10396);
#10395 = CARTESIAN_POINT('',(205.,-125.,0.));
#10396 = VECTOR('',#10397,1.);
#10397 = DIRECTION('',(0.,0.,1.));
#10398 = ORIENTED_EDGE('',*,*,#10399,.F.);
#10399 = EDGE_CURVE('',#10329,#10392,#10400,.T.);
#10400 = LINE('',#10401,#10402);
#10401 = CARTESIAN_POINT('',(205.,-85.,0.));
#10402 = VECTOR('',#10403,1.);
#10403 = DIRECTION('',(0.,-1.,0.));
#10404 = PLANE('',#10405);
#10405 = AXIS2_PLACEMENT_3D('',#10406,#10407,#10408);
#10406 = CARTESIAN_POINT('',(205.,-85.,0.));
#10407 = DIRECTION('',(1.,0.,-0.));
#10408 = DIRECTION('',(0.,-1.,0.));
#10409 = ADVANCED_FACE('',(#10410,#10456,#10467,#10478,#10489,#10500,
    #10511,#10522,#10533,#10544,#10555,#10566,#10577,#10588,#10599,
    #10610,#10621,#10632,#10643,#10654,#10665,#10676,#10687,#10698,
    #10709,#10720,#10731,#10742,#10753,#10764,#10775,#10786,#10797,
    #10808,#10819,#10830,#10841,#10852,#10863,#10874,#10885,#10896,
    #10907,#10918,#10929,#10940,#10951,#10962,#10973,#10984,#10995,
    #11006,#11017,#11028,#11039,#11050,#11061,#11072,#11083,#11094,
    #11105,#11116,#11127,#11138,#11149,#11160,#11171,#11182,#11193,
    #11204,#11215,#11226,#11237,#11248,#11259,#11270,#11281,#11292,
    #11303,#11314,#11325,#11336,#11347,#11358,#11369,#11380,#11391,
    #11402,#11413,#11424,#11435,#11446,#11457,#11468,#11479,#11490,
    #11501,#11512,#11523,#11534,#11545,#11556,#11567,#11578,#11589,
    #11600,#11611,#11622,#11633,#11644,#11655,#11666,#11677,#11688,
    #11699,#11710,#11721,#11732,#11743,#11754,#11765,#11776,#11787,
    #11798,#11809),#11820,.F.);
#10410 = FACE_BOUND('',#10411,.F.);
#10411 = EDGE_LOOP('',(#10412,#10413,#10414,#10423,#10431,#10440,#10448,
    #10455));
#10412 = ORIENTED_EDGE('',*,*,#10336,.F.);
#10413 = ORIENTED_EDGE('',*,*,#10368,.F.);
#10414 = ORIENTED_EDGE('',*,*,#10415,.F.);
#10415 = EDGE_CURVE('',#10416,#10352,#10418,.T.);
#10416 = VERTEX_POINT('',#10417);
#10417 = CARTESIAN_POINT('',(105.,-85.,0.));
#10418 = CIRCLE('',#10419,4.999999678834);
#10419 = AXIS2_PLACEMENT_3D('',#10420,#10421,#10422);
#10420 = CARTESIAN_POINT('',(109.99999967883,-84.99999967883,0.));
#10421 = DIRECTION('',(0.,0.,-1.));
#10422 = DIRECTION('',(-1.,-6.423314133505E-08,-0.));
#10423 = ORIENTED_EDGE('',*,*,#10424,.F.);
#10424 = EDGE_CURVE('',#10425,#10416,#10427,.T.);
#10425 = VERTEX_POINT('',#10426);
#10426 = CARTESIAN_POINT('',(105.,-125.,0.));
#10427 = LINE('',#10428,#10429);
#10428 = CARTESIAN_POINT('',(105.,-125.,0.));
#10429 = VECTOR('',#10430,1.);
#10430 = DIRECTION('',(0.,1.,0.));
#10431 = ORIENTED_EDGE('',*,*,#10432,.F.);
#10432 = EDGE_CURVE('',#10433,#10425,#10435,.T.);
#10433 = VERTEX_POINT('',#10434);
#10434 = CARTESIAN_POINT('',(110.,-130.,0.));
#10435 = CIRCLE('',#10436,4.999999678834);
#10436 = AXIS2_PLACEMENT_3D('',#10437,#10438,#10439);
#10437 = CARTESIAN_POINT('',(109.99999967883,-125.0000003211,0.));
#10438 = DIRECTION('',(0.,0.,-1.));
#10439 = DIRECTION('',(6.42331470194E-08,-1.,0.));
#10440 = ORIENTED_EDGE('',*,*,#10441,.F.);
#10441 = EDGE_CURVE('',#10442,#10433,#10444,.T.);
#10442 = VERTEX_POINT('',#10443);
#10443 = CARTESIAN_POINT('',(200.,-130.,0.));
#10444 = LINE('',#10445,#10446);
#10445 = CARTESIAN_POINT('',(200.,-130.,0.));
#10446 = VECTOR('',#10447,1.);
#10447 = DIRECTION('',(-1.,0.,0.));
#10448 = ORIENTED_EDGE('',*,*,#10449,.F.);
#10449 = EDGE_CURVE('',#10392,#10442,#10450,.T.);
#10450 = CIRCLE('',#10451,4.999999678834);
#10451 = AXIS2_PLACEMENT_3D('',#10452,#10453,#10454);
#10452 = CARTESIAN_POINT('',(200.00000032116,-125.0000003211,0.));
#10453 = DIRECTION('',(0.,0.,-1.));
#10454 = DIRECTION('',(1.,6.423315270374E-08,0.));
#10455 = ORIENTED_EDGE('',*,*,#10399,.F.);
#10456 = FACE_BOUND('',#10457,.F.);
#10457 = EDGE_LOOP('',(#10458));
#10458 = ORIENTED_EDGE('',*,*,#10459,.T.);
#10459 = EDGE_CURVE('',#10460,#10460,#10462,.T.);
#10460 = VERTEX_POINT('',#10461);
#10461 = CARTESIAN_POINT('',(110.,-126.6,0.));
#10462 = CIRCLE('',#10463,1.6);
#10463 = AXIS2_PLACEMENT_3D('',#10464,#10465,#10466);
#10464 = CARTESIAN_POINT('',(110.,-125.,0.));
#10465 = DIRECTION('',(-0.,0.,-1.));
#10466 = DIRECTION('',(-0.,-1.,0.));
#10467 = FACE_BOUND('',#10468,.F.);
#10468 = EDGE_LOOP('',(#10469));
#10469 = ORIENTED_EDGE('',*,*,#10470,.T.);
#10470 = EDGE_CURVE('',#10471,#10471,#10473,.T.);
#10471 = VERTEX_POINT('',#10472);
#10472 = CARTESIAN_POINT('',(118.435,-119.78,0.));
#10473 = CIRCLE('',#10474,0.5);
#10474 = AXIS2_PLACEMENT_3D('',#10475,#10476,#10477);
#10475 = CARTESIAN_POINT('',(118.435,-119.28,0.));
#10476 = DIRECTION('',(-0.,0.,-1.));
#10477 = DIRECTION('',(-0.,-1.,0.));
#10478 = FACE_BOUND('',#10479,.F.);
#10479 = EDGE_LOOP('',(#10480));
#10480 = ORIENTED_EDGE('',*,*,#10481,.T.);
#10481 = EDGE_CURVE('',#10482,#10482,#10484,.T.);
#10482 = VERTEX_POINT('',#10483);
#10483 = CARTESIAN_POINT('',(108.,-117.8,0.));
#10484 = CIRCLE('',#10485,0.8);
#10485 = AXIS2_PLACEMENT_3D('',#10486,#10487,#10488);
#10486 = CARTESIAN_POINT('',(108.,-117.,0.));
#10487 = DIRECTION('',(-0.,0.,-1.));
#10488 = DIRECTION('',(-0.,-1.,0.));
#10489 = FACE_BOUND('',#10490,.F.);
#10490 = EDGE_LOOP('',(#10491));
#10491 = ORIENTED_EDGE('',*,*,#10492,.T.);
#10492 = EDGE_CURVE('',#10493,#10493,#10495,.T.);
#10493 = VERTEX_POINT('',#10494);
#10494 = CARTESIAN_POINT('',(118.435,-117.24,0.));
#10495 = CIRCLE('',#10496,0.5);
#10496 = AXIS2_PLACEMENT_3D('',#10497,#10498,#10499);
#10497 = CARTESIAN_POINT('',(118.435,-116.74,0.));
#10498 = DIRECTION('',(-0.,0.,-1.));
#10499 = DIRECTION('',(-0.,-1.,0.));
#10500 = FACE_BOUND('',#10501,.F.);
#10501 = EDGE_LOOP('',(#10502));
#10502 = ORIENTED_EDGE('',*,*,#10503,.T.);
#10503 = EDGE_CURVE('',#10504,#10504,#10506,.T.);
#10504 = VERTEX_POINT('',#10505);
#10505 = CARTESIAN_POINT('',(120.975,-119.78,0.));
#10506 = CIRCLE('',#10507,0.5);
#10507 = AXIS2_PLACEMENT_3D('',#10508,#10509,#10510);
#10508 = CARTESIAN_POINT('',(120.975,-119.28,0.));
#10509 = DIRECTION('',(-0.,0.,-1.));
#10510 = DIRECTION('',(-0.,-1.,0.));
#10511 = FACE_BOUND('',#10512,.F.);
#10512 = EDGE_LOOP('',(#10513));
#10513 = ORIENTED_EDGE('',*,*,#10514,.T.);
#10514 = EDGE_CURVE('',#10515,#10515,#10517,.T.);
#10515 = VERTEX_POINT('',#10516);
#10516 = CARTESIAN_POINT('',(120.975,-117.24,0.));
#10517 = CIRCLE('',#10518,0.5);
#10518 = AXIS2_PLACEMENT_3D('',#10519,#10520,#10521);
#10519 = CARTESIAN_POINT('',(120.975,-116.74,0.));
#10520 = DIRECTION('',(-0.,0.,-1.));
#10521 = DIRECTION('',(-0.,-1.,0.));
#10522 = FACE_BOUND('',#10523,.F.);
#10523 = EDGE_LOOP('',(#10524));
#10524 = ORIENTED_EDGE('',*,*,#10525,.T.);
#10525 = EDGE_CURVE('',#10526,#10526,#10528,.T.);
#10526 = VERTEX_POINT('',#10527);
#10527 = CARTESIAN_POINT('',(132.34,-119.78,0.));
#10528 = CIRCLE('',#10529,0.5);
#10529 = AXIS2_PLACEMENT_3D('',#10530,#10531,#10532);
#10530 = CARTESIAN_POINT('',(132.34,-119.28,0.));
#10531 = DIRECTION('',(-0.,0.,-1.));
#10532 = DIRECTION('',(-0.,-1.,0.));
#10533 = FACE_BOUND('',#10534,.F.);
#10534 = EDGE_LOOP('',(#10535));
#10535 = ORIENTED_EDGE('',*,*,#10536,.T.);
#10536 = EDGE_CURVE('',#10537,#10537,#10539,.T.);
#10537 = VERTEX_POINT('',#10538);
#10538 = CARTESIAN_POINT('',(134.88,-119.78,0.));
#10539 = CIRCLE('',#10540,0.5);
#10540 = AXIS2_PLACEMENT_3D('',#10541,#10542,#10543);
#10541 = CARTESIAN_POINT('',(134.88,-119.28,0.));
#10542 = DIRECTION('',(-0.,0.,-1.));
#10543 = DIRECTION('',(-0.,-1.,0.));
#10544 = FACE_BOUND('',#10545,.F.);
#10545 = EDGE_LOOP('',(#10546));
#10546 = ORIENTED_EDGE('',*,*,#10547,.T.);
#10547 = EDGE_CURVE('',#10548,#10548,#10550,.T.);
#10548 = VERTEX_POINT('',#10549);
#10549 = CARTESIAN_POINT('',(132.34,-117.24,0.));
#10550 = CIRCLE('',#10551,0.5);
#10551 = AXIS2_PLACEMENT_3D('',#10552,#10553,#10554);
#10552 = CARTESIAN_POINT('',(132.34,-116.74,0.));
#10553 = DIRECTION('',(-0.,0.,-1.));
#10554 = DIRECTION('',(-0.,-1.,0.));
#10555 = FACE_BOUND('',#10556,.F.);
#10556 = EDGE_LOOP('',(#10557));
#10557 = ORIENTED_EDGE('',*,*,#10558,.T.);
#10558 = EDGE_CURVE('',#10559,#10559,#10561,.T.);
#10559 = VERTEX_POINT('',#10560);
#10560 = CARTESIAN_POINT('',(134.88,-117.24,0.));
#10561 = CIRCLE('',#10562,0.5);
#10562 = AXIS2_PLACEMENT_3D('',#10563,#10564,#10565);
#10563 = CARTESIAN_POINT('',(134.88,-116.74,0.));
#10564 = DIRECTION('',(-0.,0.,-1.));
#10565 = DIRECTION('',(-0.,-1.,0.));
#10566 = FACE_BOUND('',#10567,.F.);
#10567 = EDGE_LOOP('',(#10568));
#10568 = ORIENTED_EDGE('',*,*,#10569,.T.);
#10569 = EDGE_CURVE('',#10570,#10570,#10572,.T.);
#10570 = VERTEX_POINT('',#10571);
#10571 = CARTESIAN_POINT('',(146.245,-119.78,0.));
#10572 = CIRCLE('',#10573,0.5);
#10573 = AXIS2_PLACEMENT_3D('',#10574,#10575,#10576);
#10574 = CARTESIAN_POINT('',(146.245,-119.28,0.));
#10575 = DIRECTION('',(-0.,0.,-1.));
#10576 = DIRECTION('',(-0.,-1.,0.));
#10577 = FACE_BOUND('',#10578,.F.);
#10578 = EDGE_LOOP('',(#10579));
#10579 = ORIENTED_EDGE('',*,*,#10580,.T.);
#10580 = EDGE_CURVE('',#10581,#10581,#10583,.T.);
#10581 = VERTEX_POINT('',#10582);
#10582 = CARTESIAN_POINT('',(148.785,-119.78,0.));
#10583 = CIRCLE('',#10584,0.5);
#10584 = AXIS2_PLACEMENT_3D('',#10585,#10586,#10587);
#10585 = CARTESIAN_POINT('',(148.785,-119.28,0.));
#10586 = DIRECTION('',(-0.,0.,-1.));
#10587 = DIRECTION('',(-0.,-1.,0.));
#10588 = FACE_BOUND('',#10589,.F.);
#10589 = EDGE_LOOP('',(#10590));
#10590 = ORIENTED_EDGE('',*,*,#10591,.T.);
#10591 = EDGE_CURVE('',#10592,#10592,#10594,.T.);
#10592 = VERTEX_POINT('',#10593);
#10593 = CARTESIAN_POINT('',(146.245,-117.24,0.));
#10594 = CIRCLE('',#10595,0.5);
#10595 = AXIS2_PLACEMENT_3D('',#10596,#10597,#10598);
#10596 = CARTESIAN_POINT('',(146.245,-116.74,0.));
#10597 = DIRECTION('',(-0.,0.,-1.));
#10598 = DIRECTION('',(-0.,-1.,0.));
#10599 = FACE_BOUND('',#10600,.F.);
#10600 = EDGE_LOOP('',(#10601));
#10601 = ORIENTED_EDGE('',*,*,#10602,.T.);
#10602 = EDGE_CURVE('',#10603,#10603,#10605,.T.);
#10603 = VERTEX_POINT('',#10604);
#10604 = CARTESIAN_POINT('',(148.785,-117.24,0.));
#10605 = CIRCLE('',#10606,0.5);
#10606 = AXIS2_PLACEMENT_3D('',#10607,#10608,#10609);
#10607 = CARTESIAN_POINT('',(148.785,-116.74,0.));
#10608 = DIRECTION('',(-0.,0.,-1.));
#10609 = DIRECTION('',(-0.,-1.,0.));
#10610 = FACE_BOUND('',#10611,.F.);
#10611 = EDGE_LOOP('',(#10612));
#10612 = ORIENTED_EDGE('',*,*,#10613,.T.);
#10613 = EDGE_CURVE('',#10614,#10614,#10616,.T.);
#10614 = VERTEX_POINT('',#10615);
#10615 = CARTESIAN_POINT('',(118.435,-114.7,0.));
#10616 = CIRCLE('',#10617,0.5);
#10617 = AXIS2_PLACEMENT_3D('',#10618,#10619,#10620);
#10618 = CARTESIAN_POINT('',(118.435,-114.2,0.));
#10619 = DIRECTION('',(-0.,0.,-1.));
#10620 = DIRECTION('',(-0.,-1.,0.));
#10621 = FACE_BOUND('',#10622,.F.);
#10622 = EDGE_LOOP('',(#10623));
#10623 = ORIENTED_EDGE('',*,*,#10624,.T.);
#10624 = EDGE_CURVE('',#10625,#10625,#10627,.T.);
#10625 = VERTEX_POINT('',#10626);
#10626 = CARTESIAN_POINT('',(108.,-113.,0.));
#10627 = CIRCLE('',#10628,0.8);
#10628 = AXIS2_PLACEMENT_3D('',#10629,#10630,#10631);
#10629 = CARTESIAN_POINT('',(108.,-112.2,0.));
#10630 = DIRECTION('',(-0.,0.,-1.));
#10631 = DIRECTION('',(-0.,-1.,0.));
#10632 = FACE_BOUND('',#10633,.F.);
#10633 = EDGE_LOOP('',(#10634));
#10634 = ORIENTED_EDGE('',*,*,#10635,.T.);
#10635 = EDGE_CURVE('',#10636,#10636,#10638,.T.);
#10636 = VERTEX_POINT('',#10637);
#10637 = CARTESIAN_POINT('',(118.435,-112.16,0.));
#10638 = CIRCLE('',#10639,0.5);
#10639 = AXIS2_PLACEMENT_3D('',#10640,#10641,#10642);
#10640 = CARTESIAN_POINT('',(118.435,-111.66,0.));
#10641 = DIRECTION('',(-0.,0.,-1.));
#10642 = DIRECTION('',(-0.,-1.,0.));
#10643 = FACE_BOUND('',#10644,.F.);
#10644 = EDGE_LOOP('',(#10645));
#10645 = ORIENTED_EDGE('',*,*,#10646,.T.);
#10646 = EDGE_CURVE('',#10647,#10647,#10649,.T.);
#10647 = VERTEX_POINT('',#10648);
#10648 = CARTESIAN_POINT('',(120.975,-114.7,0.));
#10649 = CIRCLE('',#10650,0.5);
#10650 = AXIS2_PLACEMENT_3D('',#10651,#10652,#10653);
#10651 = CARTESIAN_POINT('',(120.975,-114.2,0.));
#10652 = DIRECTION('',(-0.,0.,-1.));
#10653 = DIRECTION('',(-0.,-1.,0.));
#10654 = FACE_BOUND('',#10655,.F.);
#10655 = EDGE_LOOP('',(#10656));
#10656 = ORIENTED_EDGE('',*,*,#10657,.T.);
#10657 = EDGE_CURVE('',#10658,#10658,#10660,.T.);
#10658 = VERTEX_POINT('',#10659);
#10659 = CARTESIAN_POINT('',(120.975,-112.16,0.));
#10660 = CIRCLE('',#10661,0.5);
#10661 = AXIS2_PLACEMENT_3D('',#10662,#10663,#10664);
#10662 = CARTESIAN_POINT('',(120.975,-111.66,0.));
#10663 = DIRECTION('',(-0.,0.,-1.));
#10664 = DIRECTION('',(-0.,-1.,0.));
#10665 = FACE_BOUND('',#10666,.F.);
#10666 = EDGE_LOOP('',(#10667));
#10667 = ORIENTED_EDGE('',*,*,#10668,.T.);
#10668 = EDGE_CURVE('',#10669,#10669,#10671,.T.);
#10669 = VERTEX_POINT('',#10670);
#10670 = CARTESIAN_POINT('',(118.435,-109.62,0.));
#10671 = CIRCLE('',#10672,0.5);
#10672 = AXIS2_PLACEMENT_3D('',#10673,#10674,#10675);
#10673 = CARTESIAN_POINT('',(118.435,-109.12,0.));
#10674 = DIRECTION('',(-0.,0.,-1.));
#10675 = DIRECTION('',(-0.,-1.,0.));
#10676 = FACE_BOUND('',#10677,.F.);
#10677 = EDGE_LOOP('',(#10678));
#10678 = ORIENTED_EDGE('',*,*,#10679,.T.);
#10679 = EDGE_CURVE('',#10680,#10680,#10682,.T.);
#10680 = VERTEX_POINT('',#10681);
#10681 = CARTESIAN_POINT('',(108.,-108.2,0.));
#10682 = CIRCLE('',#10683,0.8);
#10683 = AXIS2_PLACEMENT_3D('',#10684,#10685,#10686);
#10684 = CARTESIAN_POINT('',(108.,-107.4,0.));
#10685 = DIRECTION('',(-0.,0.,-1.));
#10686 = DIRECTION('',(-0.,-1.,0.));
#10687 = FACE_BOUND('',#10688,.F.);
#10688 = EDGE_LOOP('',(#10689));
#10689 = ORIENTED_EDGE('',*,*,#10690,.T.);
#10690 = EDGE_CURVE('',#10691,#10691,#10693,.T.);
#10691 = VERTEX_POINT('',#10692);
#10692 = CARTESIAN_POINT('',(118.435,-107.08,0.));
#10693 = CIRCLE('',#10694,0.5);
#10694 = AXIS2_PLACEMENT_3D('',#10695,#10696,#10697);
#10695 = CARTESIAN_POINT('',(118.435,-106.58,0.));
#10696 = DIRECTION('',(-0.,0.,-1.));
#10697 = DIRECTION('',(-0.,-1.,0.));
#10698 = FACE_BOUND('',#10699,.F.);
#10699 = EDGE_LOOP('',(#10700));
#10700 = ORIENTED_EDGE('',*,*,#10701,.T.);
#10701 = EDGE_CURVE('',#10702,#10702,#10704,.T.);
#10702 = VERTEX_POINT('',#10703);
#10703 = CARTESIAN_POINT('',(120.975,-109.62,0.));
#10704 = CIRCLE('',#10705,0.5);
#10705 = AXIS2_PLACEMENT_3D('',#10706,#10707,#10708);
#10706 = CARTESIAN_POINT('',(120.975,-109.12,0.));
#10707 = DIRECTION('',(-0.,0.,-1.));
#10708 = DIRECTION('',(-0.,-1.,0.));
#10709 = FACE_BOUND('',#10710,.F.);
#10710 = EDGE_LOOP('',(#10711));
#10711 = ORIENTED_EDGE('',*,*,#10712,.T.);
#10712 = EDGE_CURVE('',#10713,#10713,#10715,.T.);
#10713 = VERTEX_POINT('',#10714);
#10714 = CARTESIAN_POINT('',(120.975,-107.08,0.));
#10715 = CIRCLE('',#10716,0.5);
#10716 = AXIS2_PLACEMENT_3D('',#10717,#10718,#10719);
#10717 = CARTESIAN_POINT('',(120.975,-106.58,0.));
#10718 = DIRECTION('',(-0.,0.,-1.));
#10719 = DIRECTION('',(-0.,-1.,0.));
#10720 = FACE_BOUND('',#10721,.F.);
#10721 = EDGE_LOOP('',(#10722));
#10722 = ORIENTED_EDGE('',*,*,#10723,.T.);
#10723 = EDGE_CURVE('',#10724,#10724,#10726,.T.);
#10724 = VERTEX_POINT('',#10725);
#10725 = CARTESIAN_POINT('',(132.34,-114.7,0.));
#10726 = CIRCLE('',#10727,0.5);
#10727 = AXIS2_PLACEMENT_3D('',#10728,#10729,#10730);
#10728 = CARTESIAN_POINT('',(132.34,-114.2,0.));
#10729 = DIRECTION('',(-0.,0.,-1.));
#10730 = DIRECTION('',(-0.,-1.,0.));
#10731 = FACE_BOUND('',#10732,.F.);
#10732 = EDGE_LOOP('',(#10733));
#10733 = ORIENTED_EDGE('',*,*,#10734,.T.);
#10734 = EDGE_CURVE('',#10735,#10735,#10737,.T.);
#10735 = VERTEX_POINT('',#10736);
#10736 = CARTESIAN_POINT('',(134.88,-114.7,0.));
#10737 = CIRCLE('',#10738,0.5);
#10738 = AXIS2_PLACEMENT_3D('',#10739,#10740,#10741);
#10739 = CARTESIAN_POINT('',(134.88,-114.2,0.));
#10740 = DIRECTION('',(-0.,0.,-1.));
#10741 = DIRECTION('',(-0.,-1.,0.));
#10742 = FACE_BOUND('',#10743,.F.);
#10743 = EDGE_LOOP('',(#10744));
#10744 = ORIENTED_EDGE('',*,*,#10745,.T.);
#10745 = EDGE_CURVE('',#10746,#10746,#10748,.T.);
#10746 = VERTEX_POINT('',#10747);
#10747 = CARTESIAN_POINT('',(132.34,-112.16,0.));
#10748 = CIRCLE('',#10749,0.5);
#10749 = AXIS2_PLACEMENT_3D('',#10750,#10751,#10752);
#10750 = CARTESIAN_POINT('',(132.34,-111.66,0.));
#10751 = DIRECTION('',(-0.,0.,-1.));
#10752 = DIRECTION('',(-0.,-1.,0.));
#10753 = FACE_BOUND('',#10754,.F.);
#10754 = EDGE_LOOP('',(#10755));
#10755 = ORIENTED_EDGE('',*,*,#10756,.T.);
#10756 = EDGE_CURVE('',#10757,#10757,#10759,.T.);
#10757 = VERTEX_POINT('',#10758);
#10758 = CARTESIAN_POINT('',(134.88,-112.16,0.));
#10759 = CIRCLE('',#10760,0.5);
#10760 = AXIS2_PLACEMENT_3D('',#10761,#10762,#10763);
#10761 = CARTESIAN_POINT('',(134.88,-111.66,0.));
#10762 = DIRECTION('',(-0.,0.,-1.));
#10763 = DIRECTION('',(-0.,-1.,0.));
#10764 = FACE_BOUND('',#10765,.F.);
#10765 = EDGE_LOOP('',(#10766));
#10766 = ORIENTED_EDGE('',*,*,#10767,.T.);
#10767 = EDGE_CURVE('',#10768,#10768,#10770,.T.);
#10768 = VERTEX_POINT('',#10769);
#10769 = CARTESIAN_POINT('',(146.245,-114.7,0.));
#10770 = CIRCLE('',#10771,0.5);
#10771 = AXIS2_PLACEMENT_3D('',#10772,#10773,#10774);
#10772 = CARTESIAN_POINT('',(146.245,-114.2,0.));
#10773 = DIRECTION('',(-0.,0.,-1.));
#10774 = DIRECTION('',(-0.,-1.,0.));
#10775 = FACE_BOUND('',#10776,.F.);
#10776 = EDGE_LOOP('',(#10777));
#10777 = ORIENTED_EDGE('',*,*,#10778,.T.);
#10778 = EDGE_CURVE('',#10779,#10779,#10781,.T.);
#10779 = VERTEX_POINT('',#10780);
#10780 = CARTESIAN_POINT('',(148.785,-114.7,0.));
#10781 = CIRCLE('',#10782,0.5);
#10782 = AXIS2_PLACEMENT_3D('',#10783,#10784,#10785);
#10783 = CARTESIAN_POINT('',(148.785,-114.2,0.));
#10784 = DIRECTION('',(-0.,0.,-1.));
#10785 = DIRECTION('',(-0.,-1.,0.));
#10786 = FACE_BOUND('',#10787,.F.);
#10787 = EDGE_LOOP('',(#10788));
#10788 = ORIENTED_EDGE('',*,*,#10789,.T.);
#10789 = EDGE_CURVE('',#10790,#10790,#10792,.T.);
#10790 = VERTEX_POINT('',#10791);
#10791 = CARTESIAN_POINT('',(146.245,-112.16,0.));
#10792 = CIRCLE('',#10793,0.5);
#10793 = AXIS2_PLACEMENT_3D('',#10794,#10795,#10796);
#10794 = CARTESIAN_POINT('',(146.245,-111.66,0.));
#10795 = DIRECTION('',(-0.,0.,-1.));
#10796 = DIRECTION('',(-0.,-1.,0.));
#10797 = FACE_BOUND('',#10798,.F.);
#10798 = EDGE_LOOP('',(#10799));
#10799 = ORIENTED_EDGE('',*,*,#10800,.T.);
#10800 = EDGE_CURVE('',#10801,#10801,#10803,.T.);
#10801 = VERTEX_POINT('',#10802);
#10802 = CARTESIAN_POINT('',(148.785,-112.16,0.));
#10803 = CIRCLE('',#10804,0.5);
#10804 = AXIS2_PLACEMENT_3D('',#10805,#10806,#10807);
#10805 = CARTESIAN_POINT('',(148.785,-111.66,0.));
#10806 = DIRECTION('',(-0.,0.,-1.));
#10807 = DIRECTION('',(-0.,-1.,0.));
#10808 = FACE_BOUND('',#10809,.F.);
#10809 = EDGE_LOOP('',(#10810));
#10810 = ORIENTED_EDGE('',*,*,#10811,.T.);
#10811 = EDGE_CURVE('',#10812,#10812,#10814,.T.);
#10812 = VERTEX_POINT('',#10813);
#10813 = CARTESIAN_POINT('',(132.34,-109.62,0.));
#10814 = CIRCLE('',#10815,0.5);
#10815 = AXIS2_PLACEMENT_3D('',#10816,#10817,#10818);
#10816 = CARTESIAN_POINT('',(132.34,-109.12,0.));
#10817 = DIRECTION('',(-0.,0.,-1.));
#10818 = DIRECTION('',(-0.,-1.,0.));
#10819 = FACE_BOUND('',#10820,.F.);
#10820 = EDGE_LOOP('',(#10821));
#10821 = ORIENTED_EDGE('',*,*,#10822,.T.);
#10822 = EDGE_CURVE('',#10823,#10823,#10825,.T.);
#10823 = VERTEX_POINT('',#10824);
#10824 = CARTESIAN_POINT('',(134.88,-109.62,0.));
#10825 = CIRCLE('',#10826,0.5);
#10826 = AXIS2_PLACEMENT_3D('',#10827,#10828,#10829);
#10827 = CARTESIAN_POINT('',(134.88,-109.12,0.));
#10828 = DIRECTION('',(-0.,0.,-1.));
#10829 = DIRECTION('',(-0.,-1.,0.));
#10830 = FACE_BOUND('',#10831,.F.);
#10831 = EDGE_LOOP('',(#10832));
#10832 = ORIENTED_EDGE('',*,*,#10833,.T.);
#10833 = EDGE_CURVE('',#10834,#10834,#10836,.T.);
#10834 = VERTEX_POINT('',#10835);
#10835 = CARTESIAN_POINT('',(132.34,-107.08,0.));
#10836 = CIRCLE('',#10837,0.5);
#10837 = AXIS2_PLACEMENT_3D('',#10838,#10839,#10840);
#10838 = CARTESIAN_POINT('',(132.34,-106.58,0.));
#10839 = DIRECTION('',(-0.,0.,-1.));
#10840 = DIRECTION('',(-0.,-1.,0.));
#10841 = FACE_BOUND('',#10842,.F.);
#10842 = EDGE_LOOP('',(#10843));
#10843 = ORIENTED_EDGE('',*,*,#10844,.T.);
#10844 = EDGE_CURVE('',#10845,#10845,#10847,.T.);
#10845 = VERTEX_POINT('',#10846);
#10846 = CARTESIAN_POINT('',(134.88,-107.08,0.));
#10847 = CIRCLE('',#10848,0.5);
#10848 = AXIS2_PLACEMENT_3D('',#10849,#10850,#10851);
#10849 = CARTESIAN_POINT('',(134.88,-106.58,0.));
#10850 = DIRECTION('',(-0.,0.,-1.));
#10851 = DIRECTION('',(-0.,-1.,0.));
#10852 = FACE_BOUND('',#10853,.F.);
#10853 = EDGE_LOOP('',(#10854));
#10854 = ORIENTED_EDGE('',*,*,#10855,.T.);
#10855 = EDGE_CURVE('',#10856,#10856,#10858,.T.);
#10856 = VERTEX_POINT('',#10857);
#10857 = CARTESIAN_POINT('',(146.245,-109.62,0.));
#10858 = CIRCLE('',#10859,0.5);
#10859 = AXIS2_PLACEMENT_3D('',#10860,#10861,#10862);
#10860 = CARTESIAN_POINT('',(146.245,-109.12,0.));
#10861 = DIRECTION('',(-0.,0.,-1.));
#10862 = DIRECTION('',(-0.,-1.,0.));
#10863 = FACE_BOUND('',#10864,.F.);
#10864 = EDGE_LOOP('',(#10865));
#10865 = ORIENTED_EDGE('',*,*,#10866,.T.);
#10866 = EDGE_CURVE('',#10867,#10867,#10869,.T.);
#10867 = VERTEX_POINT('',#10868);
#10868 = CARTESIAN_POINT('',(148.785,-109.62,0.));
#10869 = CIRCLE('',#10870,0.5);
#10870 = AXIS2_PLACEMENT_3D('',#10871,#10872,#10873);
#10871 = CARTESIAN_POINT('',(148.785,-109.12,0.));
#10872 = DIRECTION('',(-0.,0.,-1.));
#10873 = DIRECTION('',(-0.,-1.,0.));
#10874 = FACE_BOUND('',#10875,.F.);
#10875 = EDGE_LOOP('',(#10876));
#10876 = ORIENTED_EDGE('',*,*,#10877,.T.);
#10877 = EDGE_CURVE('',#10878,#10878,#10880,.T.);
#10878 = VERTEX_POINT('',#10879);
#10879 = CARTESIAN_POINT('',(146.245,-107.08,0.));
#10880 = CIRCLE('',#10881,0.5);
#10881 = AXIS2_PLACEMENT_3D('',#10882,#10883,#10884);
#10882 = CARTESIAN_POINT('',(146.245,-106.58,0.));
#10883 = DIRECTION('',(-0.,0.,-1.));
#10884 = DIRECTION('',(-0.,-1.,0.));
#10885 = FACE_BOUND('',#10886,.F.);
#10886 = EDGE_LOOP('',(#10887));
#10887 = ORIENTED_EDGE('',*,*,#10888,.T.);
#10888 = EDGE_CURVE('',#10889,#10889,#10891,.T.);
#10889 = VERTEX_POINT('',#10890);
#10890 = CARTESIAN_POINT('',(148.785,-107.08,0.));
#10891 = CIRCLE('',#10892,0.5);
#10892 = AXIS2_PLACEMENT_3D('',#10893,#10894,#10895);
#10893 = CARTESIAN_POINT('',(148.785,-106.58,0.));
#10894 = DIRECTION('',(-0.,0.,-1.));
#10895 = DIRECTION('',(-0.,-1.,0.));
#10896 = FACE_BOUND('',#10897,.F.);
#10897 = EDGE_LOOP('',(#10898));
#10898 = ORIENTED_EDGE('',*,*,#10899,.T.);
#10899 = EDGE_CURVE('',#10900,#10900,#10902,.T.);
#10900 = VERTEX_POINT('',#10901);
#10901 = CARTESIAN_POINT('',(160.15,-119.78,0.));
#10902 = CIRCLE('',#10903,0.5);
#10903 = AXIS2_PLACEMENT_3D('',#10904,#10905,#10906);
#10904 = CARTESIAN_POINT('',(160.15,-119.28,0.));
#10905 = DIRECTION('',(-0.,0.,-1.));
#10906 = DIRECTION('',(-0.,-1.,0.));
#10907 = FACE_BOUND('',#10908,.F.);
#10908 = EDGE_LOOP('',(#10909));
#10909 = ORIENTED_EDGE('',*,*,#10910,.T.);
#10910 = EDGE_CURVE('',#10911,#10911,#10913,.T.);
#10911 = VERTEX_POINT('',#10912);
#10912 = CARTESIAN_POINT('',(162.69,-119.78,0.));
#10913 = CIRCLE('',#10914,0.5);
#10914 = AXIS2_PLACEMENT_3D('',#10915,#10916,#10917);
#10915 = CARTESIAN_POINT('',(162.69,-119.28,0.));
#10916 = DIRECTION('',(-0.,0.,-1.));
#10917 = DIRECTION('',(-0.,-1.,0.));
#10918 = FACE_BOUND('',#10919,.F.);
#10919 = EDGE_LOOP('',(#10920));
#10920 = ORIENTED_EDGE('',*,*,#10921,.T.);
#10921 = EDGE_CURVE('',#10922,#10922,#10924,.T.);
#10922 = VERTEX_POINT('',#10923);
#10923 = CARTESIAN_POINT('',(160.15,-117.24,0.));
#10924 = CIRCLE('',#10925,0.5);
#10925 = AXIS2_PLACEMENT_3D('',#10926,#10927,#10928);
#10926 = CARTESIAN_POINT('',(160.15,-116.74,0.));
#10927 = DIRECTION('',(-0.,0.,-1.));
#10928 = DIRECTION('',(-0.,-1.,0.));
#10929 = FACE_BOUND('',#10930,.F.);
#10930 = EDGE_LOOP('',(#10931));
#10931 = ORIENTED_EDGE('',*,*,#10932,.T.);
#10932 = EDGE_CURVE('',#10933,#10933,#10935,.T.);
#10933 = VERTEX_POINT('',#10934);
#10934 = CARTESIAN_POINT('',(162.69,-117.24,0.));
#10935 = CIRCLE('',#10936,0.5);
#10936 = AXIS2_PLACEMENT_3D('',#10937,#10938,#10939);
#10937 = CARTESIAN_POINT('',(162.69,-116.74,0.));
#10938 = DIRECTION('',(-0.,0.,-1.));
#10939 = DIRECTION('',(-0.,-1.,0.));
#10940 = FACE_BOUND('',#10941,.F.);
#10941 = EDGE_LOOP('',(#10942));
#10942 = ORIENTED_EDGE('',*,*,#10943,.T.);
#10943 = EDGE_CURVE('',#10944,#10944,#10946,.T.);
#10944 = VERTEX_POINT('',#10945);
#10945 = CARTESIAN_POINT('',(174.055,-119.78,0.));
#10946 = CIRCLE('',#10947,0.5);
#10947 = AXIS2_PLACEMENT_3D('',#10948,#10949,#10950);
#10948 = CARTESIAN_POINT('',(174.055,-119.28,0.));
#10949 = DIRECTION('',(-0.,0.,-1.));
#10950 = DIRECTION('',(-0.,-1.,0.));
#10951 = FACE_BOUND('',#10952,.F.);
#10952 = EDGE_LOOP('',(#10953));
#10953 = ORIENTED_EDGE('',*,*,#10954,.T.);
#10954 = EDGE_CURVE('',#10955,#10955,#10957,.T.);
#10955 = VERTEX_POINT('',#10956);
#10956 = CARTESIAN_POINT('',(176.595,-119.78,0.));
#10957 = CIRCLE('',#10958,0.5);
#10958 = AXIS2_PLACEMENT_3D('',#10959,#10960,#10961);
#10959 = CARTESIAN_POINT('',(176.595,-119.28,0.));
#10960 = DIRECTION('',(-0.,0.,-1.));
#10961 = DIRECTION('',(-0.,-1.,0.));
#10962 = FACE_BOUND('',#10963,.F.);
#10963 = EDGE_LOOP('',(#10964));
#10964 = ORIENTED_EDGE('',*,*,#10965,.T.);
#10965 = EDGE_CURVE('',#10966,#10966,#10968,.T.);
#10966 = VERTEX_POINT('',#10967);
#10967 = CARTESIAN_POINT('',(174.055,-117.24,0.));
#10968 = CIRCLE('',#10969,0.5);
#10969 = AXIS2_PLACEMENT_3D('',#10970,#10971,#10972);
#10970 = CARTESIAN_POINT('',(174.055,-116.74,0.));
#10971 = DIRECTION('',(-0.,0.,-1.));
#10972 = DIRECTION('',(-0.,-1.,0.));
#10973 = FACE_BOUND('',#10974,.F.);
#10974 = EDGE_LOOP('',(#10975));
#10975 = ORIENTED_EDGE('',*,*,#10976,.T.);
#10976 = EDGE_CURVE('',#10977,#10977,#10979,.T.);
#10977 = VERTEX_POINT('',#10978);
#10978 = CARTESIAN_POINT('',(176.595,-117.24,0.));
#10979 = CIRCLE('',#10980,0.5);
#10980 = AXIS2_PLACEMENT_3D('',#10981,#10982,#10983);
#10981 = CARTESIAN_POINT('',(176.595,-116.74,0.));
#10982 = DIRECTION('',(-0.,0.,-1.));
#10983 = DIRECTION('',(-0.,-1.,0.));
#10984 = FACE_BOUND('',#10985,.F.);
#10985 = EDGE_LOOP('',(#10986));
#10986 = ORIENTED_EDGE('',*,*,#10987,.T.);
#10987 = EDGE_CURVE('',#10988,#10988,#10990,.T.);
#10988 = VERTEX_POINT('',#10989);
#10989 = CARTESIAN_POINT('',(200.,-126.6,0.));
#10990 = CIRCLE('',#10991,1.6);
#10991 = AXIS2_PLACEMENT_3D('',#10992,#10993,#10994);
#10992 = CARTESIAN_POINT('',(200.,-125.,0.));
#10993 = DIRECTION('',(-0.,0.,-1.));
#10994 = DIRECTION('',(-0.,-1.,0.));
#10995 = FACE_BOUND('',#10996,.F.);
#10996 = EDGE_LOOP('',(#10997));
#10997 = ORIENTED_EDGE('',*,*,#10998,.T.);
#10998 = EDGE_CURVE('',#10999,#10999,#11001,.T.);
#10999 = VERTEX_POINT('',#11000);
#11000 = CARTESIAN_POINT('',(187.96,-119.78,0.));
#11001 = CIRCLE('',#11002,0.5);
#11002 = AXIS2_PLACEMENT_3D('',#11003,#11004,#11005);
#11003 = CARTESIAN_POINT('',(187.96,-119.28,0.));
#11004 = DIRECTION('',(-0.,0.,-1.));
#11005 = DIRECTION('',(-0.,-1.,0.));
#11006 = FACE_BOUND('',#11007,.F.);
#11007 = EDGE_LOOP('',(#11008));
#11008 = ORIENTED_EDGE('',*,*,#11009,.T.);
#11009 = EDGE_CURVE('',#11010,#11010,#11012,.T.);
#11010 = VERTEX_POINT('',#11011);
#11011 = CARTESIAN_POINT('',(190.5,-119.78,0.));
#11012 = CIRCLE('',#11013,0.5);
#11013 = AXIS2_PLACEMENT_3D('',#11014,#11015,#11016);
#11014 = CARTESIAN_POINT('',(190.5,-119.28,0.));
#11015 = DIRECTION('',(-0.,0.,-1.));
#11016 = DIRECTION('',(-0.,-1.,0.));
#11017 = FACE_BOUND('',#11018,.F.);
#11018 = EDGE_LOOP('',(#11019));
#11019 = ORIENTED_EDGE('',*,*,#11020,.T.);
#11020 = EDGE_CURVE('',#11021,#11021,#11023,.T.);
#11021 = VERTEX_POINT('',#11022);
#11022 = CARTESIAN_POINT('',(187.96,-117.24,0.));
#11023 = CIRCLE('',#11024,0.5);
#11024 = AXIS2_PLACEMENT_3D('',#11025,#11026,#11027);
#11025 = CARTESIAN_POINT('',(187.96,-116.74,0.));
#11026 = DIRECTION('',(-0.,0.,-1.));
#11027 = DIRECTION('',(-0.,-1.,0.));
#11028 = FACE_BOUND('',#11029,.F.);
#11029 = EDGE_LOOP('',(#11030));
#11030 = ORIENTED_EDGE('',*,*,#11031,.T.);
#11031 = EDGE_CURVE('',#11032,#11032,#11034,.T.);
#11032 = VERTEX_POINT('',#11033);
#11033 = CARTESIAN_POINT('',(190.5,-117.24,0.));
#11034 = CIRCLE('',#11035,0.5);
#11035 = AXIS2_PLACEMENT_3D('',#11036,#11037,#11038);
#11036 = CARTESIAN_POINT('',(190.5,-116.74,0.));
#11037 = DIRECTION('',(-0.,0.,-1.));
#11038 = DIRECTION('',(-0.,-1.,0.));
#11039 = FACE_BOUND('',#11040,.F.);
#11040 = EDGE_LOOP('',(#11041));
#11041 = ORIENTED_EDGE('',*,*,#11042,.T.);
#11042 = EDGE_CURVE('',#11043,#11043,#11045,.T.);
#11043 = VERTEX_POINT('',#11044);
#11044 = CARTESIAN_POINT('',(201.75,-117.8,0.));
#11045 = CIRCLE('',#11046,0.8);
#11046 = AXIS2_PLACEMENT_3D('',#11047,#11048,#11049);
#11047 = CARTESIAN_POINT('',(201.75,-117.,0.));
#11048 = DIRECTION('',(-0.,0.,-1.));
#11049 = DIRECTION('',(-0.,-1.,0.));
#11050 = FACE_BOUND('',#11051,.F.);
#11051 = EDGE_LOOP('',(#11052));
#11052 = ORIENTED_EDGE('',*,*,#11053,.T.);
#11053 = EDGE_CURVE('',#11054,#11054,#11056,.T.);
#11054 = VERTEX_POINT('',#11055);
#11055 = CARTESIAN_POINT('',(160.15,-114.7,0.));
#11056 = CIRCLE('',#11057,0.5);
#11057 = AXIS2_PLACEMENT_3D('',#11058,#11059,#11060);
#11058 = CARTESIAN_POINT('',(160.15,-114.2,0.));
#11059 = DIRECTION('',(-0.,0.,-1.));
#11060 = DIRECTION('',(-0.,-1.,0.));
#11061 = FACE_BOUND('',#11062,.F.);
#11062 = EDGE_LOOP('',(#11063));
#11063 = ORIENTED_EDGE('',*,*,#11064,.T.);
#11064 = EDGE_CURVE('',#11065,#11065,#11067,.T.);
#11065 = VERTEX_POINT('',#11066);
#11066 = CARTESIAN_POINT('',(162.69,-114.7,0.));
#11067 = CIRCLE('',#11068,0.5);
#11068 = AXIS2_PLACEMENT_3D('',#11069,#11070,#11071);
#11069 = CARTESIAN_POINT('',(162.69,-114.2,0.));
#11070 = DIRECTION('',(-0.,0.,-1.));
#11071 = DIRECTION('',(-0.,-1.,0.));
#11072 = FACE_BOUND('',#11073,.F.);
#11073 = EDGE_LOOP('',(#11074));
#11074 = ORIENTED_EDGE('',*,*,#11075,.T.);
#11075 = EDGE_CURVE('',#11076,#11076,#11078,.T.);
#11076 = VERTEX_POINT('',#11077);
#11077 = CARTESIAN_POINT('',(160.15,-112.16,0.));
#11078 = CIRCLE('',#11079,0.5);
#11079 = AXIS2_PLACEMENT_3D('',#11080,#11081,#11082);
#11080 = CARTESIAN_POINT('',(160.15,-111.66,0.));
#11081 = DIRECTION('',(-0.,0.,-1.));
#11082 = DIRECTION('',(-0.,-1.,0.));
#11083 = FACE_BOUND('',#11084,.F.);
#11084 = EDGE_LOOP('',(#11085));
#11085 = ORIENTED_EDGE('',*,*,#11086,.T.);
#11086 = EDGE_CURVE('',#11087,#11087,#11089,.T.);
#11087 = VERTEX_POINT('',#11088);
#11088 = CARTESIAN_POINT('',(162.69,-112.16,0.));
#11089 = CIRCLE('',#11090,0.5);
#11090 = AXIS2_PLACEMENT_3D('',#11091,#11092,#11093);
#11091 = CARTESIAN_POINT('',(162.69,-111.66,0.));
#11092 = DIRECTION('',(-0.,0.,-1.));
#11093 = DIRECTION('',(-0.,-1.,0.));
#11094 = FACE_BOUND('',#11095,.F.);
#11095 = EDGE_LOOP('',(#11096));
#11096 = ORIENTED_EDGE('',*,*,#11097,.T.);
#11097 = EDGE_CURVE('',#11098,#11098,#11100,.T.);
#11098 = VERTEX_POINT('',#11099);
#11099 = CARTESIAN_POINT('',(174.055,-114.7,0.));
#11100 = CIRCLE('',#11101,0.5);
#11101 = AXIS2_PLACEMENT_3D('',#11102,#11103,#11104);
#11102 = CARTESIAN_POINT('',(174.055,-114.2,0.));
#11103 = DIRECTION('',(-0.,0.,-1.));
#11104 = DIRECTION('',(-0.,-1.,0.));
#11105 = FACE_BOUND('',#11106,.F.);
#11106 = EDGE_LOOP('',(#11107));
#11107 = ORIENTED_EDGE('',*,*,#11108,.T.);
#11108 = EDGE_CURVE('',#11109,#11109,#11111,.T.);
#11109 = VERTEX_POINT('',#11110);
#11110 = CARTESIAN_POINT('',(176.595,-114.7,0.));
#11111 = CIRCLE('',#11112,0.5);
#11112 = AXIS2_PLACEMENT_3D('',#11113,#11114,#11115);
#11113 = CARTESIAN_POINT('',(176.595,-114.2,0.));
#11114 = DIRECTION('',(-0.,0.,-1.));
#11115 = DIRECTION('',(-0.,-1.,0.));
#11116 = FACE_BOUND('',#11117,.F.);
#11117 = EDGE_LOOP('',(#11118));
#11118 = ORIENTED_EDGE('',*,*,#11119,.T.);
#11119 = EDGE_CURVE('',#11120,#11120,#11122,.T.);
#11120 = VERTEX_POINT('',#11121);
#11121 = CARTESIAN_POINT('',(174.055,-112.16,0.));
#11122 = CIRCLE('',#11123,0.5);
#11123 = AXIS2_PLACEMENT_3D('',#11124,#11125,#11126);
#11124 = CARTESIAN_POINT('',(174.055,-111.66,0.));
#11125 = DIRECTION('',(-0.,0.,-1.));
#11126 = DIRECTION('',(-0.,-1.,0.));
#11127 = FACE_BOUND('',#11128,.F.);
#11128 = EDGE_LOOP('',(#11129));
#11129 = ORIENTED_EDGE('',*,*,#11130,.T.);
#11130 = EDGE_CURVE('',#11131,#11131,#11133,.T.);
#11131 = VERTEX_POINT('',#11132);
#11132 = CARTESIAN_POINT('',(176.595,-112.16,0.));
#11133 = CIRCLE('',#11134,0.5);
#11134 = AXIS2_PLACEMENT_3D('',#11135,#11136,#11137);
#11135 = CARTESIAN_POINT('',(176.595,-111.66,0.));
#11136 = DIRECTION('',(-0.,0.,-1.));
#11137 = DIRECTION('',(-0.,-1.,0.));
#11138 = FACE_BOUND('',#11139,.F.);
#11139 = EDGE_LOOP('',(#11140));
#11140 = ORIENTED_EDGE('',*,*,#11141,.T.);
#11141 = EDGE_CURVE('',#11142,#11142,#11144,.T.);
#11142 = VERTEX_POINT('',#11143);
#11143 = CARTESIAN_POINT('',(160.15,-109.62,0.));
#11144 = CIRCLE('',#11145,0.5);
#11145 = AXIS2_PLACEMENT_3D('',#11146,#11147,#11148);
#11146 = CARTESIAN_POINT('',(160.15,-109.12,0.));
#11147 = DIRECTION('',(-0.,0.,-1.));
#11148 = DIRECTION('',(-0.,-1.,0.));
#11149 = FACE_BOUND('',#11150,.F.);
#11150 = EDGE_LOOP('',(#11151));
#11151 = ORIENTED_EDGE('',*,*,#11152,.T.);
#11152 = EDGE_CURVE('',#11153,#11153,#11155,.T.);
#11153 = VERTEX_POINT('',#11154);
#11154 = CARTESIAN_POINT('',(162.69,-109.62,0.));
#11155 = CIRCLE('',#11156,0.5);
#11156 = AXIS2_PLACEMENT_3D('',#11157,#11158,#11159);
#11157 = CARTESIAN_POINT('',(162.69,-109.12,0.));
#11158 = DIRECTION('',(-0.,0.,-1.));
#11159 = DIRECTION('',(-0.,-1.,0.));
#11160 = FACE_BOUND('',#11161,.F.);
#11161 = EDGE_LOOP('',(#11162));
#11162 = ORIENTED_EDGE('',*,*,#11163,.T.);
#11163 = EDGE_CURVE('',#11164,#11164,#11166,.T.);
#11164 = VERTEX_POINT('',#11165);
#11165 = CARTESIAN_POINT('',(160.15,-107.08,0.));
#11166 = CIRCLE('',#11167,0.5);
#11167 = AXIS2_PLACEMENT_3D('',#11168,#11169,#11170);
#11168 = CARTESIAN_POINT('',(160.15,-106.58,0.));
#11169 = DIRECTION('',(-0.,0.,-1.));
#11170 = DIRECTION('',(-0.,-1.,0.));
#11171 = FACE_BOUND('',#11172,.F.);
#11172 = EDGE_LOOP('',(#11173));
#11173 = ORIENTED_EDGE('',*,*,#11174,.T.);
#11174 = EDGE_CURVE('',#11175,#11175,#11177,.T.);
#11175 = VERTEX_POINT('',#11176);
#11176 = CARTESIAN_POINT('',(162.69,-107.08,0.));
#11177 = CIRCLE('',#11178,0.5);
#11178 = AXIS2_PLACEMENT_3D('',#11179,#11180,#11181);
#11179 = CARTESIAN_POINT('',(162.69,-106.58,0.));
#11180 = DIRECTION('',(-0.,0.,-1.));
#11181 = DIRECTION('',(-0.,-1.,0.));
#11182 = FACE_BOUND('',#11183,.F.);
#11183 = EDGE_LOOP('',(#11184));
#11184 = ORIENTED_EDGE('',*,*,#11185,.T.);
#11185 = EDGE_CURVE('',#11186,#11186,#11188,.T.);
#11186 = VERTEX_POINT('',#11187);
#11187 = CARTESIAN_POINT('',(174.055,-109.62,0.));
#11188 = CIRCLE('',#11189,0.5);
#11189 = AXIS2_PLACEMENT_3D('',#11190,#11191,#11192);
#11190 = CARTESIAN_POINT('',(174.055,-109.12,0.));
#11191 = DIRECTION('',(-0.,0.,-1.));
#11192 = DIRECTION('',(-0.,-1.,0.));
#11193 = FACE_BOUND('',#11194,.F.);
#11194 = EDGE_LOOP('',(#11195));
#11195 = ORIENTED_EDGE('',*,*,#11196,.T.);
#11196 = EDGE_CURVE('',#11197,#11197,#11199,.T.);
#11197 = VERTEX_POINT('',#11198);
#11198 = CARTESIAN_POINT('',(176.595,-109.62,0.));
#11199 = CIRCLE('',#11200,0.5);
#11200 = AXIS2_PLACEMENT_3D('',#11201,#11202,#11203);
#11201 = CARTESIAN_POINT('',(176.595,-109.12,0.));
#11202 = DIRECTION('',(-0.,0.,-1.));
#11203 = DIRECTION('',(-0.,-1.,0.));
#11204 = FACE_BOUND('',#11205,.F.);
#11205 = EDGE_LOOP('',(#11206));
#11206 = ORIENTED_EDGE('',*,*,#11207,.T.);
#11207 = EDGE_CURVE('',#11208,#11208,#11210,.T.);
#11208 = VERTEX_POINT('',#11209);
#11209 = CARTESIAN_POINT('',(174.055,-107.08,0.));
#11210 = CIRCLE('',#11211,0.5);
#11211 = AXIS2_PLACEMENT_3D('',#11212,#11213,#11214);
#11212 = CARTESIAN_POINT('',(174.055,-106.58,0.));
#11213 = DIRECTION('',(-0.,0.,-1.));
#11214 = DIRECTION('',(-0.,-1.,0.));
#11215 = FACE_BOUND('',#11216,.F.);
#11216 = EDGE_LOOP('',(#11217));
#11217 = ORIENTED_EDGE('',*,*,#11218,.T.);
#11218 = EDGE_CURVE('',#11219,#11219,#11221,.T.);
#11219 = VERTEX_POINT('',#11220);
#11220 = CARTESIAN_POINT('',(176.595,-107.08,0.));
#11221 = CIRCLE('',#11222,0.5);
#11222 = AXIS2_PLACEMENT_3D('',#11223,#11224,#11225);
#11223 = CARTESIAN_POINT('',(176.595,-106.58,0.));
#11224 = DIRECTION('',(-0.,0.,-1.));
#11225 = DIRECTION('',(-0.,-1.,0.));
#11226 = FACE_BOUND('',#11227,.F.);
#11227 = EDGE_LOOP('',(#11228));
#11228 = ORIENTED_EDGE('',*,*,#11229,.T.);
#11229 = EDGE_CURVE('',#11230,#11230,#11232,.T.);
#11230 = VERTEX_POINT('',#11231);
#11231 = CARTESIAN_POINT('',(187.96,-114.7,0.));
#11232 = CIRCLE('',#11233,0.5);
#11233 = AXIS2_PLACEMENT_3D('',#11234,#11235,#11236);
#11234 = CARTESIAN_POINT('',(187.96,-114.2,0.));
#11235 = DIRECTION('',(-0.,0.,-1.));
#11236 = DIRECTION('',(-0.,-1.,0.));
#11237 = FACE_BOUND('',#11238,.F.);
#11238 = EDGE_LOOP('',(#11239));
#11239 = ORIENTED_EDGE('',*,*,#11240,.T.);
#11240 = EDGE_CURVE('',#11241,#11241,#11243,.T.);
#11241 = VERTEX_POINT('',#11242);
#11242 = CARTESIAN_POINT('',(190.5,-114.7,0.));
#11243 = CIRCLE('',#11244,0.5);
#11244 = AXIS2_PLACEMENT_3D('',#11245,#11246,#11247);
#11245 = CARTESIAN_POINT('',(190.5,-114.2,0.));
#11246 = DIRECTION('',(-0.,0.,-1.));
#11247 = DIRECTION('',(-0.,-1.,0.));
#11248 = FACE_BOUND('',#11249,.F.);
#11249 = EDGE_LOOP('',(#11250));
#11250 = ORIENTED_EDGE('',*,*,#11251,.T.);
#11251 = EDGE_CURVE('',#11252,#11252,#11254,.T.);
#11252 = VERTEX_POINT('',#11253);
#11253 = CARTESIAN_POINT('',(187.96,-112.16,0.));
#11254 = CIRCLE('',#11255,0.5);
#11255 = AXIS2_PLACEMENT_3D('',#11256,#11257,#11258);
#11256 = CARTESIAN_POINT('',(187.96,-111.66,0.));
#11257 = DIRECTION('',(-0.,0.,-1.));
#11258 = DIRECTION('',(-0.,-1.,0.));
#11259 = FACE_BOUND('',#11260,.F.);
#11260 = EDGE_LOOP('',(#11261));
#11261 = ORIENTED_EDGE('',*,*,#11262,.T.);
#11262 = EDGE_CURVE('',#11263,#11263,#11265,.T.);
#11263 = VERTEX_POINT('',#11264);
#11264 = CARTESIAN_POINT('',(190.5,-112.16,0.));
#11265 = CIRCLE('',#11266,0.5);
#11266 = AXIS2_PLACEMENT_3D('',#11267,#11268,#11269);
#11267 = CARTESIAN_POINT('',(190.5,-111.66,0.));
#11268 = DIRECTION('',(-0.,0.,-1.));
#11269 = DIRECTION('',(-0.,-1.,0.));
#11270 = FACE_BOUND('',#11271,.F.);
#11271 = EDGE_LOOP('',(#11272));
#11272 = ORIENTED_EDGE('',*,*,#11273,.T.);
#11273 = EDGE_CURVE('',#11274,#11274,#11276,.T.);
#11274 = VERTEX_POINT('',#11275);
#11275 = CARTESIAN_POINT('',(201.75,-113.,0.));
#11276 = CIRCLE('',#11277,0.8);
#11277 = AXIS2_PLACEMENT_3D('',#11278,#11279,#11280);
#11278 = CARTESIAN_POINT('',(201.75,-112.2,0.));
#11279 = DIRECTION('',(-0.,0.,-1.));
#11280 = DIRECTION('',(-0.,-1.,0.));
#11281 = FACE_BOUND('',#11282,.F.);
#11282 = EDGE_LOOP('',(#11283));
#11283 = ORIENTED_EDGE('',*,*,#11284,.T.);
#11284 = EDGE_CURVE('',#11285,#11285,#11287,.T.);
#11285 = VERTEX_POINT('',#11286);
#11286 = CARTESIAN_POINT('',(187.96,-109.62,0.));
#11287 = CIRCLE('',#11288,0.5);
#11288 = AXIS2_PLACEMENT_3D('',#11289,#11290,#11291);
#11289 = CARTESIAN_POINT('',(187.96,-109.12,0.));
#11290 = DIRECTION('',(-0.,0.,-1.));
#11291 = DIRECTION('',(-0.,-1.,0.));
#11292 = FACE_BOUND('',#11293,.F.);
#11293 = EDGE_LOOP('',(#11294));
#11294 = ORIENTED_EDGE('',*,*,#11295,.T.);
#11295 = EDGE_CURVE('',#11296,#11296,#11298,.T.);
#11296 = VERTEX_POINT('',#11297);
#11297 = CARTESIAN_POINT('',(190.5,-109.62,0.));
#11298 = CIRCLE('',#11299,0.5);
#11299 = AXIS2_PLACEMENT_3D('',#11300,#11301,#11302);
#11300 = CARTESIAN_POINT('',(190.5,-109.12,0.));
#11301 = DIRECTION('',(-0.,0.,-1.));
#11302 = DIRECTION('',(-0.,-1.,0.));
#11303 = FACE_BOUND('',#11304,.F.);
#11304 = EDGE_LOOP('',(#11305));
#11305 = ORIENTED_EDGE('',*,*,#11306,.T.);
#11306 = EDGE_CURVE('',#11307,#11307,#11309,.T.);
#11307 = VERTEX_POINT('',#11308);
#11308 = CARTESIAN_POINT('',(187.96,-107.08,0.));
#11309 = CIRCLE('',#11310,0.5);
#11310 = AXIS2_PLACEMENT_3D('',#11311,#11312,#11313);
#11311 = CARTESIAN_POINT('',(187.96,-106.58,0.));
#11312 = DIRECTION('',(-0.,0.,-1.));
#11313 = DIRECTION('',(-0.,-1.,0.));
#11314 = FACE_BOUND('',#11315,.F.);
#11315 = EDGE_LOOP('',(#11316));
#11316 = ORIENTED_EDGE('',*,*,#11317,.T.);
#11317 = EDGE_CURVE('',#11318,#11318,#11320,.T.);
#11318 = VERTEX_POINT('',#11319);
#11319 = CARTESIAN_POINT('',(190.5,-107.08,0.));
#11320 = CIRCLE('',#11321,0.5);
#11321 = AXIS2_PLACEMENT_3D('',#11322,#11323,#11324);
#11322 = CARTESIAN_POINT('',(190.5,-106.58,0.));
#11323 = DIRECTION('',(-0.,0.,-1.));
#11324 = DIRECTION('',(-0.,-1.,0.));
#11325 = FACE_BOUND('',#11326,.F.);
#11326 = EDGE_LOOP('',(#11327));
#11327 = ORIENTED_EDGE('',*,*,#11328,.T.);
#11328 = EDGE_CURVE('',#11329,#11329,#11331,.T.);
#11329 = VERTEX_POINT('',#11330);
#11330 = CARTESIAN_POINT('',(201.75,-108.2,0.));
#11331 = CIRCLE('',#11332,0.8);
#11332 = AXIS2_PLACEMENT_3D('',#11333,#11334,#11335);
#11333 = CARTESIAN_POINT('',(201.75,-107.4,0.));
#11334 = DIRECTION('',(-0.,0.,-1.));
#11335 = DIRECTION('',(-0.,-1.,0.));
#11336 = FACE_BOUND('',#11337,.F.);
#11337 = EDGE_LOOP('',(#11338));
#11338 = ORIENTED_EDGE('',*,*,#11339,.T.);
#11339 = EDGE_CURVE('',#11340,#11340,#11342,.T.);
#11340 = VERTEX_POINT('',#11341);
#11341 = CARTESIAN_POINT('',(108.,-103.4,0.));
#11342 = CIRCLE('',#11343,0.8);
#11343 = AXIS2_PLACEMENT_3D('',#11344,#11345,#11346);
#11344 = CARTESIAN_POINT('',(108.,-102.6,0.));
#11345 = DIRECTION('',(-0.,0.,-1.));
#11346 = DIRECTION('',(-0.,-1.,0.));
#11347 = FACE_BOUND('',#11348,.F.);
#11348 = EDGE_LOOP('',(#11349));
#11349 = ORIENTED_EDGE('',*,*,#11350,.T.);
#11350 = EDGE_CURVE('',#11351,#11351,#11353,.T.);
#11351 = VERTEX_POINT('',#11352);
#11352 = CARTESIAN_POINT('',(118.435,-104.54,0.));
#11353 = CIRCLE('',#11354,0.5);
#11354 = AXIS2_PLACEMENT_3D('',#11355,#11356,#11357);
#11355 = CARTESIAN_POINT('',(118.435,-104.04,0.));
#11356 = DIRECTION('',(-0.,0.,-1.));
#11357 = DIRECTION('',(-0.,-1.,0.));
#11358 = FACE_BOUND('',#11359,.F.);
#11359 = EDGE_LOOP('',(#11360));
#11360 = ORIENTED_EDGE('',*,*,#11361,.T.);
#11361 = EDGE_CURVE('',#11362,#11362,#11364,.T.);
#11362 = VERTEX_POINT('',#11363);
#11363 = CARTESIAN_POINT('',(118.435,-102.,0.));
#11364 = CIRCLE('',#11365,0.5);
#11365 = AXIS2_PLACEMENT_3D('',#11366,#11367,#11368);
#11366 = CARTESIAN_POINT('',(118.435,-101.5,0.));
#11367 = DIRECTION('',(-0.,0.,-1.));
#11368 = DIRECTION('',(-0.,-1.,0.));
#11369 = FACE_BOUND('',#11370,.F.);
#11370 = EDGE_LOOP('',(#11371));
#11371 = ORIENTED_EDGE('',*,*,#11372,.T.);
#11372 = EDGE_CURVE('',#11373,#11373,#11375,.T.);
#11373 = VERTEX_POINT('',#11374);
#11374 = CARTESIAN_POINT('',(120.975,-104.54,0.));
#11375 = CIRCLE('',#11376,0.5);
#11376 = AXIS2_PLACEMENT_3D('',#11377,#11378,#11379);
#11377 = CARTESIAN_POINT('',(120.975,-104.04,0.));
#11378 = DIRECTION('',(-0.,0.,-1.));
#11379 = DIRECTION('',(-0.,-1.,0.));
#11380 = FACE_BOUND('',#11381,.F.);
#11381 = EDGE_LOOP('',(#11382));
#11382 = ORIENTED_EDGE('',*,*,#11383,.T.);
#11383 = EDGE_CURVE('',#11384,#11384,#11386,.T.);
#11384 = VERTEX_POINT('',#11385);
#11385 = CARTESIAN_POINT('',(120.975,-102.,0.));
#11386 = CIRCLE('',#11387,0.5);
#11387 = AXIS2_PLACEMENT_3D('',#11388,#11389,#11390);
#11388 = CARTESIAN_POINT('',(120.975,-101.5,0.));
#11389 = DIRECTION('',(-0.,0.,-1.));
#11390 = DIRECTION('',(-0.,-1.,0.));
#11391 = FACE_BOUND('',#11392,.F.);
#11392 = EDGE_LOOP('',(#11393));
#11393 = ORIENTED_EDGE('',*,*,#11394,.T.);
#11394 = EDGE_CURVE('',#11395,#11395,#11397,.T.);
#11395 = VERTEX_POINT('',#11396);
#11396 = CARTESIAN_POINT('',(108.,-98.6,0.));
#11397 = CIRCLE('',#11398,0.8);
#11398 = AXIS2_PLACEMENT_3D('',#11399,#11400,#11401);
#11399 = CARTESIAN_POINT('',(108.,-97.8,0.));
#11400 = DIRECTION('',(-0.,0.,-1.));
#11401 = DIRECTION('',(-0.,-1.,0.));
#11402 = FACE_BOUND('',#11403,.F.);
#11403 = EDGE_LOOP('',(#11404));
#11404 = ORIENTED_EDGE('',*,*,#11405,.T.);
#11405 = EDGE_CURVE('',#11406,#11406,#11408,.T.);
#11406 = VERTEX_POINT('',#11407);
#11407 = CARTESIAN_POINT('',(132.34,-104.54,0.));
#11408 = CIRCLE('',#11409,0.5);
#11409 = AXIS2_PLACEMENT_3D('',#11410,#11411,#11412);
#11410 = CARTESIAN_POINT('',(132.34,-104.04,0.));
#11411 = DIRECTION('',(-0.,0.,-1.));
#11412 = DIRECTION('',(-0.,-1.,0.));
#11413 = FACE_BOUND('',#11414,.F.);
#11414 = EDGE_LOOP('',(#11415));
#11415 = ORIENTED_EDGE('',*,*,#11416,.T.);
#11416 = EDGE_CURVE('',#11417,#11417,#11419,.T.);
#11417 = VERTEX_POINT('',#11418);
#11418 = CARTESIAN_POINT('',(134.88,-104.54,0.));
#11419 = CIRCLE('',#11420,0.5);
#11420 = AXIS2_PLACEMENT_3D('',#11421,#11422,#11423);
#11421 = CARTESIAN_POINT('',(134.88,-104.04,0.));
#11422 = DIRECTION('',(-0.,0.,-1.));
#11423 = DIRECTION('',(-0.,-1.,0.));
#11424 = FACE_BOUND('',#11425,.F.);
#11425 = EDGE_LOOP('',(#11426));
#11426 = ORIENTED_EDGE('',*,*,#11427,.T.);
#11427 = EDGE_CURVE('',#11428,#11428,#11430,.T.);
#11428 = VERTEX_POINT('',#11429);
#11429 = CARTESIAN_POINT('',(132.34,-102.,0.));
#11430 = CIRCLE('',#11431,0.5);
#11431 = AXIS2_PLACEMENT_3D('',#11432,#11433,#11434);
#11432 = CARTESIAN_POINT('',(132.34,-101.5,0.));
#11433 = DIRECTION('',(-0.,0.,-1.));
#11434 = DIRECTION('',(-0.,-1.,0.));
#11435 = FACE_BOUND('',#11436,.F.);
#11436 = EDGE_LOOP('',(#11437));
#11437 = ORIENTED_EDGE('',*,*,#11438,.T.);
#11438 = EDGE_CURVE('',#11439,#11439,#11441,.T.);
#11439 = VERTEX_POINT('',#11440);
#11440 = CARTESIAN_POINT('',(134.88,-102.,0.));
#11441 = CIRCLE('',#11442,0.5);
#11442 = AXIS2_PLACEMENT_3D('',#11443,#11444,#11445);
#11443 = CARTESIAN_POINT('',(134.88,-101.5,0.));
#11444 = DIRECTION('',(-0.,0.,-1.));
#11445 = DIRECTION('',(-0.,-1.,0.));
#11446 = FACE_BOUND('',#11447,.F.);
#11447 = EDGE_LOOP('',(#11448));
#11448 = ORIENTED_EDGE('',*,*,#11449,.T.);
#11449 = EDGE_CURVE('',#11450,#11450,#11452,.T.);
#11450 = VERTEX_POINT('',#11451);
#11451 = CARTESIAN_POINT('',(146.245,-104.54,0.));
#11452 = CIRCLE('',#11453,0.5);
#11453 = AXIS2_PLACEMENT_3D('',#11454,#11455,#11456);
#11454 = CARTESIAN_POINT('',(146.245,-104.04,0.));
#11455 = DIRECTION('',(-0.,0.,-1.));
#11456 = DIRECTION('',(-0.,-1.,0.));
#11457 = FACE_BOUND('',#11458,.F.);
#11458 = EDGE_LOOP('',(#11459));
#11459 = ORIENTED_EDGE('',*,*,#11460,.T.);
#11460 = EDGE_CURVE('',#11461,#11461,#11463,.T.);
#11461 = VERTEX_POINT('',#11462);
#11462 = CARTESIAN_POINT('',(148.785,-104.54,0.));
#11463 = CIRCLE('',#11464,0.5);
#11464 = AXIS2_PLACEMENT_3D('',#11465,#11466,#11467);
#11465 = CARTESIAN_POINT('',(148.785,-104.04,0.));
#11466 = DIRECTION('',(-0.,0.,-1.));
#11467 = DIRECTION('',(-0.,-1.,0.));
#11468 = FACE_BOUND('',#11469,.F.);
#11469 = EDGE_LOOP('',(#11470));
#11470 = ORIENTED_EDGE('',*,*,#11471,.T.);
#11471 = EDGE_CURVE('',#11472,#11472,#11474,.T.);
#11472 = VERTEX_POINT('',#11473);
#11473 = CARTESIAN_POINT('',(146.245,-102.,0.));
#11474 = CIRCLE('',#11475,0.5);
#11475 = AXIS2_PLACEMENT_3D('',#11476,#11477,#11478);
#11476 = CARTESIAN_POINT('',(146.245,-101.5,0.));
#11477 = DIRECTION('',(-0.,0.,-1.));
#11478 = DIRECTION('',(-0.,-1.,0.));
#11479 = FACE_BOUND('',#11480,.F.);
#11480 = EDGE_LOOP('',(#11481));
#11481 = ORIENTED_EDGE('',*,*,#11482,.T.);
#11482 = EDGE_CURVE('',#11483,#11483,#11485,.T.);
#11483 = VERTEX_POINT('',#11484);
#11484 = CARTESIAN_POINT('',(148.785,-102.,0.));
#11485 = CIRCLE('',#11486,0.5);
#11486 = AXIS2_PLACEMENT_3D('',#11487,#11488,#11489);
#11487 = CARTESIAN_POINT('',(148.785,-101.5,0.));
#11488 = DIRECTION('',(-0.,0.,-1.));
#11489 = DIRECTION('',(-0.,-1.,0.));
#11490 = FACE_BOUND('',#11491,.F.);
#11491 = EDGE_LOOP('',(#11492));
#11492 = ORIENTED_EDGE('',*,*,#11493,.T.);
#11493 = EDGE_CURVE('',#11494,#11494,#11496,.T.);
#11494 = VERTEX_POINT('',#11495);
#11495 = CARTESIAN_POINT('',(108.,-93.8,0.));
#11496 = CIRCLE('',#11497,0.8);
#11497 = AXIS2_PLACEMENT_3D('',#11498,#11499,#11500);
#11498 = CARTESIAN_POINT('',(108.,-93.,0.));
#11499 = DIRECTION('',(-0.,0.,-1.));
#11500 = DIRECTION('',(-0.,-1.,0.));
#11501 = FACE_BOUND('',#11502,.F.);
#11502 = EDGE_LOOP('',(#11503));
#11503 = ORIENTED_EDGE('',*,*,#11504,.T.);
#11504 = EDGE_CURVE('',#11505,#11505,#11507,.T.);
#11505 = VERTEX_POINT('',#11506);
#11506 = CARTESIAN_POINT('',(118.336,-91.57,0.));
#11507 = CIRCLE('',#11508,0.4);
#11508 = AXIS2_PLACEMENT_3D('',#11509,#11510,#11511);
#11509 = CARTESIAN_POINT('',(118.336,-91.17,0.));
#11510 = DIRECTION('',(-0.,0.,-1.));
#11511 = DIRECTION('',(-3.552713678801E-14,-1.,0.));
#11512 = FACE_BOUND('',#11513,.F.);
#11513 = EDGE_LOOP('',(#11514));
#11514 = ORIENTED_EDGE('',*,*,#11515,.T.);
#11515 = EDGE_CURVE('',#11516,#11516,#11518,.T.);
#11516 = VERTEX_POINT('',#11517);
#11517 = CARTESIAN_POINT('',(125.956,-91.57,0.));
#11518 = CIRCLE('',#11519,0.4);
#11519 = AXIS2_PLACEMENT_3D('',#11520,#11521,#11522);
#11520 = CARTESIAN_POINT('',(125.956,-91.17,0.));
#11521 = DIRECTION('',(-0.,0.,-1.));
#11522 = DIRECTION('',(3.5527136788E-14,-1.,-0.));
#11523 = FACE_BOUND('',#11524,.F.);
#11524 = EDGE_LOOP('',(#11525));
#11525 = ORIENTED_EDGE('',*,*,#11526,.T.);
#11526 = EDGE_CURVE('',#11527,#11527,#11529,.T.);
#11527 = VERTEX_POINT('',#11528);
#11528 = CARTESIAN_POINT('',(110.,-86.6,0.));
#11529 = CIRCLE('',#11530,1.6);
#11530 = AXIS2_PLACEMENT_3D('',#11531,#11532,#11533);
#11531 = CARTESIAN_POINT('',(110.,-85.,0.));
#11532 = DIRECTION('',(-0.,0.,-1.));
#11533 = DIRECTION('',(-0.,-1.,0.));
#11534 = FACE_BOUND('',#11535,.F.);
#11535 = EDGE_LOOP('',(#11536));
#11536 = ORIENTED_EDGE('',*,*,#11537,.T.);
#11537 = EDGE_CURVE('',#11538,#11538,#11540,.T.);
#11538 = VERTEX_POINT('',#11539);
#11539 = CARTESIAN_POINT('',(131.25,-92.245,0.));
#11540 = CIRCLE('',#11541,0.45);
#11541 = AXIS2_PLACEMENT_3D('',#11542,#11543,#11544);
#11542 = CARTESIAN_POINT('',(131.25,-91.795,0.));
#11543 = DIRECTION('',(-0.,0.,-1.));
#11544 = DIRECTION('',(-0.,-1.,0.));
#11545 = FACE_BOUND('',#11546,.F.);
#11546 = EDGE_LOOP('',(#11547));
#11547 = ORIENTED_EDGE('',*,*,#11548,.T.);
#11548 = EDGE_CURVE('',#11549,#11549,#11551,.T.);
#11549 = VERTEX_POINT('',#11550);
#11550 = CARTESIAN_POINT('',(131.25,-89.705,0.));
#11551 = CIRCLE('',#11552,0.45);
#11552 = AXIS2_PLACEMENT_3D('',#11553,#11554,#11555);
#11553 = CARTESIAN_POINT('',(131.25,-89.255,0.));
#11554 = DIRECTION('',(-0.,0.,-1.));
#11555 = DIRECTION('',(-0.,-1.,0.));
#11556 = FACE_BOUND('',#11557,.F.);
#11557 = EDGE_LOOP('',(#11558));
#11558 = ORIENTED_EDGE('',*,*,#11559,.T.);
#11559 = EDGE_CURVE('',#11560,#11560,#11562,.T.);
#11560 = VERTEX_POINT('',#11561);
#11561 = CARTESIAN_POINT('',(141.63,-91.57,0.));
#11562 = CIRCLE('',#11563,0.4);
#11563 = AXIS2_PLACEMENT_3D('',#11564,#11565,#11566);
#11564 = CARTESIAN_POINT('',(141.63,-91.17,0.));
#11565 = DIRECTION('',(-0.,0.,-1.));
#11566 = DIRECTION('',(-0.,-1.,0.));
#11567 = FACE_BOUND('',#11568,.F.);
#11568 = EDGE_LOOP('',(#11569));
#11569 = ORIENTED_EDGE('',*,*,#11570,.T.);
#11570 = EDGE_CURVE('',#11571,#11571,#11573,.T.);
#11571 = VERTEX_POINT('',#11572);
#11572 = CARTESIAN_POINT('',(154.752,-91.97,0.));
#11573 = CIRCLE('',#11574,0.45);
#11574 = AXIS2_PLACEMENT_3D('',#11575,#11576,#11577);
#11575 = CARTESIAN_POINT('',(154.752,-91.52,0.));
#11576 = DIRECTION('',(-0.,0.,-1.));
#11577 = DIRECTION('',(-0.,-1.,0.));
#11578 = FACE_BOUND('',#11579,.F.);
#11579 = EDGE_LOOP('',(#11580));
#11580 = ORIENTED_EDGE('',*,*,#11581,.T.);
#11581 = EDGE_CURVE('',#11582,#11582,#11584,.T.);
#11582 = VERTEX_POINT('',#11583);
#11583 = CARTESIAN_POINT('',(149.25,-91.57,0.));
#11584 = CIRCLE('',#11585,0.4);
#11585 = AXIS2_PLACEMENT_3D('',#11586,#11587,#11588);
#11586 = CARTESIAN_POINT('',(149.25,-91.17,0.));
#11587 = DIRECTION('',(-0.,0.,-1.));
#11588 = DIRECTION('',(-0.,-1.,0.));
#11589 = FACE_BOUND('',#11590,.F.);
#11590 = EDGE_LOOP('',(#11591));
#11591 = ORIENTED_EDGE('',*,*,#11592,.T.);
#11592 = EDGE_CURVE('',#11593,#11593,#11595,.T.);
#11593 = VERTEX_POINT('',#11594);
#11594 = CARTESIAN_POINT('',(154.752,-89.43,0.));
#11595 = CIRCLE('',#11596,0.45);
#11596 = AXIS2_PLACEMENT_3D('',#11597,#11598,#11599);
#11597 = CARTESIAN_POINT('',(154.752,-88.98,0.));
#11598 = DIRECTION('',(-0.,0.,-1.));
#11599 = DIRECTION('',(-0.,-1.,0.));
#11600 = FACE_BOUND('',#11601,.F.);
#11601 = EDGE_LOOP('',(#11602));
#11602 = ORIENTED_EDGE('',*,*,#11603,.T.);
#11603 = EDGE_CURVE('',#11604,#11604,#11606,.T.);
#11604 = VERTEX_POINT('',#11605);
#11605 = CARTESIAN_POINT('',(160.15,-104.54,0.));
#11606 = CIRCLE('',#11607,0.5);
#11607 = AXIS2_PLACEMENT_3D('',#11608,#11609,#11610);
#11608 = CARTESIAN_POINT('',(160.15,-104.04,0.));
#11609 = DIRECTION('',(-0.,0.,-1.));
#11610 = DIRECTION('',(-0.,-1.,0.));
#11611 = FACE_BOUND('',#11612,.F.);
#11612 = EDGE_LOOP('',(#11613));
#11613 = ORIENTED_EDGE('',*,*,#11614,.T.);
#11614 = EDGE_CURVE('',#11615,#11615,#11617,.T.);
#11615 = VERTEX_POINT('',#11616);
#11616 = CARTESIAN_POINT('',(162.69,-104.54,0.));
#11617 = CIRCLE('',#11618,0.5);
#11618 = AXIS2_PLACEMENT_3D('',#11619,#11620,#11621);
#11619 = CARTESIAN_POINT('',(162.69,-104.04,0.));
#11620 = DIRECTION('',(-0.,0.,-1.));
#11621 = DIRECTION('',(-0.,-1.,0.));
#11622 = FACE_BOUND('',#11623,.F.);
#11623 = EDGE_LOOP('',(#11624));
#11624 = ORIENTED_EDGE('',*,*,#11625,.T.);
#11625 = EDGE_CURVE('',#11626,#11626,#11628,.T.);
#11626 = VERTEX_POINT('',#11627);
#11627 = CARTESIAN_POINT('',(160.15,-102.,0.));
#11628 = CIRCLE('',#11629,0.5);
#11629 = AXIS2_PLACEMENT_3D('',#11630,#11631,#11632);
#11630 = CARTESIAN_POINT('',(160.15,-101.5,0.));
#11631 = DIRECTION('',(-0.,0.,-1.));
#11632 = DIRECTION('',(-0.,-1.,0.));
#11633 = FACE_BOUND('',#11634,.F.);
#11634 = EDGE_LOOP('',(#11635));
#11635 = ORIENTED_EDGE('',*,*,#11636,.T.);
#11636 = EDGE_CURVE('',#11637,#11637,#11639,.T.);
#11637 = VERTEX_POINT('',#11638);
#11638 = CARTESIAN_POINT('',(162.69,-102.,0.));
#11639 = CIRCLE('',#11640,0.5);
#11640 = AXIS2_PLACEMENT_3D('',#11641,#11642,#11643);
#11641 = CARTESIAN_POINT('',(162.69,-101.5,0.));
#11642 = DIRECTION('',(-0.,0.,-1.));
#11643 = DIRECTION('',(-0.,-1.,0.));
#11644 = FACE_BOUND('',#11645,.F.);
#11645 = EDGE_LOOP('',(#11646));
#11646 = ORIENTED_EDGE('',*,*,#11647,.T.);
#11647 = EDGE_CURVE('',#11648,#11648,#11650,.T.);
#11648 = VERTEX_POINT('',#11649);
#11649 = CARTESIAN_POINT('',(174.055,-104.54,0.));
#11650 = CIRCLE('',#11651,0.5);
#11651 = AXIS2_PLACEMENT_3D('',#11652,#11653,#11654);
#11652 = CARTESIAN_POINT('',(174.055,-104.04,0.));
#11653 = DIRECTION('',(-0.,0.,-1.));
#11654 = DIRECTION('',(-0.,-1.,0.));
#11655 = FACE_BOUND('',#11656,.F.);
#11656 = EDGE_LOOP('',(#11657));
#11657 = ORIENTED_EDGE('',*,*,#11658,.T.);
#11658 = EDGE_CURVE('',#11659,#11659,#11661,.T.);
#11659 = VERTEX_POINT('',#11660);
#11660 = CARTESIAN_POINT('',(176.595,-104.54,0.));
#11661 = CIRCLE('',#11662,0.5);
#11662 = AXIS2_PLACEMENT_3D('',#11663,#11664,#11665);
#11663 = CARTESIAN_POINT('',(176.595,-104.04,0.));
#11664 = DIRECTION('',(-0.,0.,-1.));
#11665 = DIRECTION('',(-0.,-1.,0.));
#11666 = FACE_BOUND('',#11667,.F.);
#11667 = EDGE_LOOP('',(#11668));
#11668 = ORIENTED_EDGE('',*,*,#11669,.T.);
#11669 = EDGE_CURVE('',#11670,#11670,#11672,.T.);
#11670 = VERTEX_POINT('',#11671);
#11671 = CARTESIAN_POINT('',(174.055,-102.,0.));
#11672 = CIRCLE('',#11673,0.5);
#11673 = AXIS2_PLACEMENT_3D('',#11674,#11675,#11676);
#11674 = CARTESIAN_POINT('',(174.055,-101.5,0.));
#11675 = DIRECTION('',(-0.,0.,-1.));
#11676 = DIRECTION('',(-0.,-1.,0.));
#11677 = FACE_BOUND('',#11678,.F.);
#11678 = EDGE_LOOP('',(#11679));
#11679 = ORIENTED_EDGE('',*,*,#11680,.T.);
#11680 = EDGE_CURVE('',#11681,#11681,#11683,.T.);
#11681 = VERTEX_POINT('',#11682);
#11682 = CARTESIAN_POINT('',(176.595,-102.,0.));
#11683 = CIRCLE('',#11684,0.5);
#11684 = AXIS2_PLACEMENT_3D('',#11685,#11686,#11687);
#11685 = CARTESIAN_POINT('',(176.595,-101.5,0.));
#11686 = DIRECTION('',(-0.,0.,-1.));
#11687 = DIRECTION('',(-0.,-1.,0.));
#11688 = FACE_BOUND('',#11689,.F.);
#11689 = EDGE_LOOP('',(#11690));
#11690 = ORIENTED_EDGE('',*,*,#11691,.T.);
#11691 = EDGE_CURVE('',#11692,#11692,#11694,.T.);
#11692 = VERTEX_POINT('',#11693);
#11693 = CARTESIAN_POINT('',(187.96,-104.54,0.));
#11694 = CIRCLE('',#11695,0.5);
#11695 = AXIS2_PLACEMENT_3D('',#11696,#11697,#11698);
#11696 = CARTESIAN_POINT('',(187.96,-104.04,0.));
#11697 = DIRECTION('',(-0.,0.,-1.));
#11698 = DIRECTION('',(-0.,-1.,0.));
#11699 = FACE_BOUND('',#11700,.F.);
#11700 = EDGE_LOOP('',(#11701));
#11701 = ORIENTED_EDGE('',*,*,#11702,.T.);
#11702 = EDGE_CURVE('',#11703,#11703,#11705,.T.);
#11703 = VERTEX_POINT('',#11704);
#11704 = CARTESIAN_POINT('',(190.5,-104.54,0.));
#11705 = CIRCLE('',#11706,0.5);
#11706 = AXIS2_PLACEMENT_3D('',#11707,#11708,#11709);
#11707 = CARTESIAN_POINT('',(190.5,-104.04,0.));
#11708 = DIRECTION('',(-0.,0.,-1.));
#11709 = DIRECTION('',(-0.,-1.,0.));
#11710 = FACE_BOUND('',#11711,.F.);
#11711 = EDGE_LOOP('',(#11712));
#11712 = ORIENTED_EDGE('',*,*,#11713,.T.);
#11713 = EDGE_CURVE('',#11714,#11714,#11716,.T.);
#11714 = VERTEX_POINT('',#11715);
#11715 = CARTESIAN_POINT('',(187.96,-102.,0.));
#11716 = CIRCLE('',#11717,0.5);
#11717 = AXIS2_PLACEMENT_3D('',#11718,#11719,#11720);
#11718 = CARTESIAN_POINT('',(187.96,-101.5,0.));
#11719 = DIRECTION('',(-0.,0.,-1.));
#11720 = DIRECTION('',(-0.,-1.,0.));
#11721 = FACE_BOUND('',#11722,.F.);
#11722 = EDGE_LOOP('',(#11723));
#11723 = ORIENTED_EDGE('',*,*,#11724,.T.);
#11724 = EDGE_CURVE('',#11725,#11725,#11727,.T.);
#11725 = VERTEX_POINT('',#11726);
#11726 = CARTESIAN_POINT('',(190.5,-102.,0.));
#11727 = CIRCLE('',#11728,0.5);
#11728 = AXIS2_PLACEMENT_3D('',#11729,#11730,#11731);
#11729 = CARTESIAN_POINT('',(190.5,-101.5,0.));
#11730 = DIRECTION('',(-0.,0.,-1.));
#11731 = DIRECTION('',(-0.,-1.,0.));
#11732 = FACE_BOUND('',#11733,.F.);
#11733 = EDGE_LOOP('',(#11734));
#11734 = ORIENTED_EDGE('',*,*,#11735,.T.);
#11735 = EDGE_CURVE('',#11736,#11736,#11738,.T.);
#11736 = VERTEX_POINT('',#11737);
#11737 = CARTESIAN_POINT('',(201.75,-103.4,0.));
#11738 = CIRCLE('',#11739,0.8);
#11739 = AXIS2_PLACEMENT_3D('',#11740,#11741,#11742);
#11740 = CARTESIAN_POINT('',(201.75,-102.6,0.));
#11741 = DIRECTION('',(-0.,0.,-1.));
#11742 = DIRECTION('',(-0.,-1.,0.));
#11743 = FACE_BOUND('',#11744,.F.);
#11744 = EDGE_LOOP('',(#11745));
#11745 = ORIENTED_EDGE('',*,*,#11746,.T.);
#11746 = EDGE_CURVE('',#11747,#11747,#11749,.T.);
#11747 = VERTEX_POINT('',#11748);
#11748 = CARTESIAN_POINT('',(201.75,-98.6,0.));
#11749 = CIRCLE('',#11750,0.8);
#11750 = AXIS2_PLACEMENT_3D('',#11751,#11752,#11753);
#11751 = CARTESIAN_POINT('',(201.75,-97.8,0.));
#11752 = DIRECTION('',(-0.,0.,-1.));
#11753 = DIRECTION('',(-0.,-1.,0.));
#11754 = FACE_BOUND('',#11755,.F.);
#11755 = EDGE_LOOP('',(#11756));
#11756 = ORIENTED_EDGE('',*,*,#11757,.T.);
#11757 = EDGE_CURVE('',#11758,#11758,#11760,.T.);
#11758 = VERTEX_POINT('',#11759);
#11759 = CARTESIAN_POINT('',(167.38,-91.57,0.));
#11760 = CIRCLE('',#11761,0.4);
#11761 = AXIS2_PLACEMENT_3D('',#11762,#11763,#11764);
#11762 = CARTESIAN_POINT('',(167.38,-91.17,0.));
#11763 = DIRECTION('',(-0.,0.,-1.));
#11764 = DIRECTION('',(-0.,-1.,0.));
#11765 = FACE_BOUND('',#11766,.F.);
#11766 = EDGE_LOOP('',(#11767));
#11767 = ORIENTED_EDGE('',*,*,#11768,.T.);
#11768 = EDGE_CURVE('',#11769,#11769,#11771,.T.);
#11769 = VERTEX_POINT('',#11770);
#11770 = CARTESIAN_POINT('',(175.,-91.57,0.));
#11771 = CIRCLE('',#11772,0.4);
#11772 = AXIS2_PLACEMENT_3D('',#11773,#11774,#11775);
#11773 = CARTESIAN_POINT('',(175.,-91.17,0.));
#11774 = DIRECTION('',(-0.,0.,-1.));
#11775 = DIRECTION('',(-0.,-1.,0.));
#11776 = FACE_BOUND('',#11777,.F.);
#11777 = EDGE_LOOP('',(#11778));
#11778 = ORIENTED_EDGE('',*,*,#11779,.T.);
#11779 = EDGE_CURVE('',#11780,#11780,#11782,.T.);
#11780 = VERTEX_POINT('',#11781);
#11781 = CARTESIAN_POINT('',(180.46,-91.97,0.));
#11782 = CIRCLE('',#11783,0.45);
#11783 = AXIS2_PLACEMENT_3D('',#11784,#11785,#11786);
#11784 = CARTESIAN_POINT('',(180.46,-91.52,0.));
#11785 = DIRECTION('',(-0.,0.,-1.));
#11786 = DIRECTION('',(6.315935428978E-14,-1.,-0.));
#11787 = FACE_BOUND('',#11788,.F.);
#11788 = EDGE_LOOP('',(#11789));
#11789 = ORIENTED_EDGE('',*,*,#11790,.T.);
#11790 = EDGE_CURVE('',#11791,#11791,#11793,.T.);
#11791 = VERTEX_POINT('',#11792);
#11792 = CARTESIAN_POINT('',(180.46,-89.43,0.));
#11793 = CIRCLE('',#11794,0.45);
#11794 = AXIS2_PLACEMENT_3D('',#11795,#11796,#11797);
#11795 = CARTESIAN_POINT('',(180.46,-88.98,0.));
#11796 = DIRECTION('',(-0.,0.,-1.));
#11797 = DIRECTION('',(6.315935428978E-14,-1.,-0.));
#11798 = FACE_BOUND('',#11799,.F.);
#11799 = EDGE_LOOP('',(#11800));
#11800 = ORIENTED_EDGE('',*,*,#11801,.T.);
#11801 = EDGE_CURVE('',#11802,#11802,#11804,.T.);
#11802 = VERTEX_POINT('',#11803);
#11803 = CARTESIAN_POINT('',(201.75,-93.8,0.));
#11804 = CIRCLE('',#11805,0.8);
#11805 = AXIS2_PLACEMENT_3D('',#11806,#11807,#11808);
#11806 = CARTESIAN_POINT('',(201.75,-93.,0.));
#11807 = DIRECTION('',(-0.,0.,-1.));
#11808 = DIRECTION('',(-0.,-1.,0.));
#11809 = FACE_BOUND('',#11810,.F.);
#11810 = EDGE_LOOP('',(#11811));
#11811 = ORIENTED_EDGE('',*,*,#11812,.T.);
#11812 = EDGE_CURVE('',#11813,#11813,#11815,.T.);
#11813 = VERTEX_POINT('',#11814);
#11814 = CARTESIAN_POINT('',(200.,-86.6,0.));
#11815 = CIRCLE('',#11816,1.6);
#11816 = AXIS2_PLACEMENT_3D('',#11817,#11818,#11819);
#11817 = CARTESIAN_POINT('',(200.,-85.,0.));
#11818 = DIRECTION('',(-0.,0.,-1.));
#11819 = DIRECTION('',(-0.,-1.,0.));
#11820 = PLANE('',#11821);
#11821 = AXIS2_PLACEMENT_3D('',#11822,#11823,#11824);
#11822 = CARTESIAN_POINT('',(0.,0.,0.));
#11823 = DIRECTION('',(0.,0.,1.));
#11824 = DIRECTION('',(1.,0.,-0.));
#11825 = ADVANCED_FACE('',(#11826,#11872,#11883,#11894,#11905,#11916,
    #11927,#11938,#11949,#11960,#11971,#11982,#11993,#12004,#12015,
    #12026,#12037,#12048,#12059,#12070,#12081,#12092,#12103,#12114,
    #12125,#12136,#12147,#12158,#12169,#12180,#12191,#12202,#12213,
    #12224,#12235,#12246,#12257,#12268,#12279,#12290,#12301,#12312,
    #12323,#12334,#12345,#12356,#12367,#12378,#12389,#12400,#12411,
    #12422,#12433,#12444,#12455,#12466,#12477,#12488,#12499,#12510,
    #12521,#12532,#12543,#12554,#12565,#12576,#12587,#12598,#12609,
    #12620,#12631,#12642,#12653,#12664,#12675,#12686,#12697,#12708,
    #12719,#12730,#12741,#12752,#12763,#12774,#12785,#12796,#12807,
    #12818,#12829,#12840,#12851,#12862,#12873,#12884,#12895,#12906,
    #12917,#12928,#12939,#12950,#12961,#12972,#12983,#12994,#13005,
    #13016,#13027,#13038,#13049,#13060,#13071,#13082,#13093,#13104,
    #13115,#13126,#13137,#13148,#13159,#13170,#13181,#13192,#13203,
    #13214,#13225),#13236,.T.);
#11826 = FACE_BOUND('',#11827,.T.);
#11827 = EDGE_LOOP('',(#11828,#11829,#11830,#11839,#11847,#11856,#11864,
    #11871));
#11828 = ORIENTED_EDGE('',*,*,#10319,.F.);
#11829 = ORIENTED_EDGE('',*,*,#10361,.F.);
#11830 = ORIENTED_EDGE('',*,*,#11831,.F.);
#11831 = EDGE_CURVE('',#11832,#10354,#11834,.T.);
#11832 = VERTEX_POINT('',#11833);
#11833 = CARTESIAN_POINT('',(105.,-85.,1.51));
#11834 = CIRCLE('',#11835,4.999999678834);
#11835 = AXIS2_PLACEMENT_3D('',#11836,#11837,#11838);
#11836 = CARTESIAN_POINT('',(109.99999967883,-84.99999967883,1.51));
#11837 = DIRECTION('',(0.,0.,-1.));
#11838 = DIRECTION('',(-1.,-6.423314133505E-08,-0.));
#11839 = ORIENTED_EDGE('',*,*,#11840,.F.);
#11840 = EDGE_CURVE('',#11841,#11832,#11843,.T.);
#11841 = VERTEX_POINT('',#11842);
#11842 = CARTESIAN_POINT('',(105.,-125.,1.51));
#11843 = LINE('',#11844,#11845);
#11844 = CARTESIAN_POINT('',(105.,-125.,1.51));
#11845 = VECTOR('',#11846,1.);
#11846 = DIRECTION('',(0.,1.,0.));
#11847 = ORIENTED_EDGE('',*,*,#11848,.F.);
#11848 = EDGE_CURVE('',#11849,#11841,#11851,.T.);
#11849 = VERTEX_POINT('',#11850);
#11850 = CARTESIAN_POINT('',(110.,-130.,1.51));
#11851 = CIRCLE('',#11852,4.999999678834);
#11852 = AXIS2_PLACEMENT_3D('',#11853,#11854,#11855);
#11853 = CARTESIAN_POINT('',(109.99999967883,-125.0000003211,1.51));
#11854 = DIRECTION('',(0.,0.,-1.));
#11855 = DIRECTION('',(6.42331470194E-08,-1.,0.));
#11856 = ORIENTED_EDGE('',*,*,#11857,.F.);
#11857 = EDGE_CURVE('',#11858,#11849,#11860,.T.);
#11858 = VERTEX_POINT('',#11859);
#11859 = CARTESIAN_POINT('',(200.,-130.,1.51));
#11860 = LINE('',#11861,#11862);
#11861 = CARTESIAN_POINT('',(200.,-130.,1.51));
#11862 = VECTOR('',#11863,1.);
#11863 = DIRECTION('',(-1.,0.,0.));
#11864 = ORIENTED_EDGE('',*,*,#11865,.F.);
#11865 = EDGE_CURVE('',#10384,#11858,#11866,.T.);
#11866 = CIRCLE('',#11867,4.999999678834);
#11867 = AXIS2_PLACEMENT_3D('',#11868,#11869,#11870);
#11868 = CARTESIAN_POINT('',(200.00000032116,-125.0000003211,1.51));
#11869 = DIRECTION('',(0.,0.,-1.));
#11870 = DIRECTION('',(1.,6.423315270374E-08,0.));
#11871 = ORIENTED_EDGE('',*,*,#10383,.F.);
#11872 = FACE_BOUND('',#11873,.T.);
#11873 = EDGE_LOOP('',(#11874));
#11874 = ORIENTED_EDGE('',*,*,#11875,.T.);
#11875 = EDGE_CURVE('',#11876,#11876,#11878,.T.);
#11876 = VERTEX_POINT('',#11877);
#11877 = CARTESIAN_POINT('',(110.,-126.6,1.51));
#11878 = CIRCLE('',#11879,1.6);
#11879 = AXIS2_PLACEMENT_3D('',#11880,#11881,#11882);
#11880 = CARTESIAN_POINT('',(110.,-125.,1.51));
#11881 = DIRECTION('',(-0.,0.,-1.));
#11882 = DIRECTION('',(-0.,-1.,0.));
#11883 = FACE_BOUND('',#11884,.T.);
#11884 = EDGE_LOOP('',(#11885));
#11885 = ORIENTED_EDGE('',*,*,#11886,.T.);
#11886 = EDGE_CURVE('',#11887,#11887,#11889,.T.);
#11887 = VERTEX_POINT('',#11888);
#11888 = CARTESIAN_POINT('',(118.435,-119.78,1.51));
#11889 = CIRCLE('',#11890,0.5);
#11890 = AXIS2_PLACEMENT_3D('',#11891,#11892,#11893);
#11891 = CARTESIAN_POINT('',(118.435,-119.28,1.51));
#11892 = DIRECTION('',(-0.,0.,-1.));
#11893 = DIRECTION('',(-0.,-1.,0.));
#11894 = FACE_BOUND('',#11895,.T.);
#11895 = EDGE_LOOP('',(#11896));
#11896 = ORIENTED_EDGE('',*,*,#11897,.T.);
#11897 = EDGE_CURVE('',#11898,#11898,#11900,.T.);
#11898 = VERTEX_POINT('',#11899);
#11899 = CARTESIAN_POINT('',(108.,-117.8,1.51));
#11900 = CIRCLE('',#11901,0.8);
#11901 = AXIS2_PLACEMENT_3D('',#11902,#11903,#11904);
#11902 = CARTESIAN_POINT('',(108.,-117.,1.51));
#11903 = DIRECTION('',(-0.,0.,-1.));
#11904 = DIRECTION('',(-0.,-1.,0.));
#11905 = FACE_BOUND('',#11906,.T.);
#11906 = EDGE_LOOP('',(#11907));
#11907 = ORIENTED_EDGE('',*,*,#11908,.T.);
#11908 = EDGE_CURVE('',#11909,#11909,#11911,.T.);
#11909 = VERTEX_POINT('',#11910);
#11910 = CARTESIAN_POINT('',(118.435,-117.24,1.51));
#11911 = CIRCLE('',#11912,0.5);
#11912 = AXIS2_PLACEMENT_3D('',#11913,#11914,#11915);
#11913 = CARTESIAN_POINT('',(118.435,-116.74,1.51));
#11914 = DIRECTION('',(-0.,0.,-1.));
#11915 = DIRECTION('',(-0.,-1.,0.));
#11916 = FACE_BOUND('',#11917,.T.);
#11917 = EDGE_LOOP('',(#11918));
#11918 = ORIENTED_EDGE('',*,*,#11919,.T.);
#11919 = EDGE_CURVE('',#11920,#11920,#11922,.T.);
#11920 = VERTEX_POINT('',#11921);
#11921 = CARTESIAN_POINT('',(120.975,-119.78,1.51));
#11922 = CIRCLE('',#11923,0.5);
#11923 = AXIS2_PLACEMENT_3D('',#11924,#11925,#11926);
#11924 = CARTESIAN_POINT('',(120.975,-119.28,1.51));
#11925 = DIRECTION('',(-0.,0.,-1.));
#11926 = DIRECTION('',(-0.,-1.,0.));
#11927 = FACE_BOUND('',#11928,.T.);
#11928 = EDGE_LOOP('',(#11929));
#11929 = ORIENTED_EDGE('',*,*,#11930,.T.);
#11930 = EDGE_CURVE('',#11931,#11931,#11933,.T.);
#11931 = VERTEX_POINT('',#11932);
#11932 = CARTESIAN_POINT('',(120.975,-117.24,1.51));
#11933 = CIRCLE('',#11934,0.5);
#11934 = AXIS2_PLACEMENT_3D('',#11935,#11936,#11937);
#11935 = CARTESIAN_POINT('',(120.975,-116.74,1.51));
#11936 = DIRECTION('',(-0.,0.,-1.));
#11937 = DIRECTION('',(-0.,-1.,0.));
#11938 = FACE_BOUND('',#11939,.T.);
#11939 = EDGE_LOOP('',(#11940));
#11940 = ORIENTED_EDGE('',*,*,#11941,.T.);
#11941 = EDGE_CURVE('',#11942,#11942,#11944,.T.);
#11942 = VERTEX_POINT('',#11943);
#11943 = CARTESIAN_POINT('',(132.34,-119.78,1.51));
#11944 = CIRCLE('',#11945,0.5);
#11945 = AXIS2_PLACEMENT_3D('',#11946,#11947,#11948);
#11946 = CARTESIAN_POINT('',(132.34,-119.28,1.51));
#11947 = DIRECTION('',(-0.,0.,-1.));
#11948 = DIRECTION('',(-0.,-1.,0.));
#11949 = FACE_BOUND('',#11950,.T.);
#11950 = EDGE_LOOP('',(#11951));
#11951 = ORIENTED_EDGE('',*,*,#11952,.T.);
#11952 = EDGE_CURVE('',#11953,#11953,#11955,.T.);
#11953 = VERTEX_POINT('',#11954);
#11954 = CARTESIAN_POINT('',(134.88,-119.78,1.51));
#11955 = CIRCLE('',#11956,0.5);
#11956 = AXIS2_PLACEMENT_3D('',#11957,#11958,#11959);
#11957 = CARTESIAN_POINT('',(134.88,-119.28,1.51));
#11958 = DIRECTION('',(-0.,0.,-1.));
#11959 = DIRECTION('',(-0.,-1.,0.));
#11960 = FACE_BOUND('',#11961,.T.);
#11961 = EDGE_LOOP('',(#11962));
#11962 = ORIENTED_EDGE('',*,*,#11963,.T.);
#11963 = EDGE_CURVE('',#11964,#11964,#11966,.T.);
#11964 = VERTEX_POINT('',#11965);
#11965 = CARTESIAN_POINT('',(132.34,-117.24,1.51));
#11966 = CIRCLE('',#11967,0.5);
#11967 = AXIS2_PLACEMENT_3D('',#11968,#11969,#11970);
#11968 = CARTESIAN_POINT('',(132.34,-116.74,1.51));
#11969 = DIRECTION('',(-0.,0.,-1.));
#11970 = DIRECTION('',(-0.,-1.,0.));
#11971 = FACE_BOUND('',#11972,.T.);
#11972 = EDGE_LOOP('',(#11973));
#11973 = ORIENTED_EDGE('',*,*,#11974,.T.);
#11974 = EDGE_CURVE('',#11975,#11975,#11977,.T.);
#11975 = VERTEX_POINT('',#11976);
#11976 = CARTESIAN_POINT('',(134.88,-117.24,1.51));
#11977 = CIRCLE('',#11978,0.5);
#11978 = AXIS2_PLACEMENT_3D('',#11979,#11980,#11981);
#11979 = CARTESIAN_POINT('',(134.88,-116.74,1.51));
#11980 = DIRECTION('',(-0.,0.,-1.));
#11981 = DIRECTION('',(-0.,-1.,0.));
#11982 = FACE_BOUND('',#11983,.T.);
#11983 = EDGE_LOOP('',(#11984));
#11984 = ORIENTED_EDGE('',*,*,#11985,.T.);
#11985 = EDGE_CURVE('',#11986,#11986,#11988,.T.);
#11986 = VERTEX_POINT('',#11987);
#11987 = CARTESIAN_POINT('',(146.245,-119.78,1.51));
#11988 = CIRCLE('',#11989,0.5);
#11989 = AXIS2_PLACEMENT_3D('',#11990,#11991,#11992);
#11990 = CARTESIAN_POINT('',(146.245,-119.28,1.51));
#11991 = DIRECTION('',(-0.,0.,-1.));
#11992 = DIRECTION('',(-0.,-1.,0.));
#11993 = FACE_BOUND('',#11994,.T.);
#11994 = EDGE_LOOP('',(#11995));
#11995 = ORIENTED_EDGE('',*,*,#11996,.T.);
#11996 = EDGE_CURVE('',#11997,#11997,#11999,.T.);
#11997 = VERTEX_POINT('',#11998);
#11998 = CARTESIAN_POINT('',(148.785,-119.78,1.51));
#11999 = CIRCLE('',#12000,0.5);
#12000 = AXIS2_PLACEMENT_3D('',#12001,#12002,#12003);
#12001 = CARTESIAN_POINT('',(148.785,-119.28,1.51));
#12002 = DIRECTION('',(-0.,0.,-1.));
#12003 = DIRECTION('',(-0.,-1.,0.));
#12004 = FACE_BOUND('',#12005,.T.);
#12005 = EDGE_LOOP('',(#12006));
#12006 = ORIENTED_EDGE('',*,*,#12007,.T.);
#12007 = EDGE_CURVE('',#12008,#12008,#12010,.T.);
#12008 = VERTEX_POINT('',#12009);
#12009 = CARTESIAN_POINT('',(146.245,-117.24,1.51));
#12010 = CIRCLE('',#12011,0.5);
#12011 = AXIS2_PLACEMENT_3D('',#12012,#12013,#12014);
#12012 = CARTESIAN_POINT('',(146.245,-116.74,1.51));
#12013 = DIRECTION('',(-0.,0.,-1.));
#12014 = DIRECTION('',(-0.,-1.,0.));
#12015 = FACE_BOUND('',#12016,.T.);
#12016 = EDGE_LOOP('',(#12017));
#12017 = ORIENTED_EDGE('',*,*,#12018,.T.);
#12018 = EDGE_CURVE('',#12019,#12019,#12021,.T.);
#12019 = VERTEX_POINT('',#12020);
#12020 = CARTESIAN_POINT('',(148.785,-117.24,1.51));
#12021 = CIRCLE('',#12022,0.5);
#12022 = AXIS2_PLACEMENT_3D('',#12023,#12024,#12025);
#12023 = CARTESIAN_POINT('',(148.785,-116.74,1.51));
#12024 = DIRECTION('',(-0.,0.,-1.));
#12025 = DIRECTION('',(-0.,-1.,0.));
#12026 = FACE_BOUND('',#12027,.T.);
#12027 = EDGE_LOOP('',(#12028));
#12028 = ORIENTED_EDGE('',*,*,#12029,.T.);
#12029 = EDGE_CURVE('',#12030,#12030,#12032,.T.);
#12030 = VERTEX_POINT('',#12031);
#12031 = CARTESIAN_POINT('',(118.435,-114.7,1.51));
#12032 = CIRCLE('',#12033,0.5);
#12033 = AXIS2_PLACEMENT_3D('',#12034,#12035,#12036);
#12034 = CARTESIAN_POINT('',(118.435,-114.2,1.51));
#12035 = DIRECTION('',(-0.,0.,-1.));
#12036 = DIRECTION('',(-0.,-1.,0.));
#12037 = FACE_BOUND('',#12038,.T.);
#12038 = EDGE_LOOP('',(#12039));
#12039 = ORIENTED_EDGE('',*,*,#12040,.T.);
#12040 = EDGE_CURVE('',#12041,#12041,#12043,.T.);
#12041 = VERTEX_POINT('',#12042);
#12042 = CARTESIAN_POINT('',(108.,-113.,1.51));
#12043 = CIRCLE('',#12044,0.8);
#12044 = AXIS2_PLACEMENT_3D('',#12045,#12046,#12047);
#12045 = CARTESIAN_POINT('',(108.,-112.2,1.51));
#12046 = DIRECTION('',(-0.,0.,-1.));
#12047 = DIRECTION('',(-0.,-1.,0.));
#12048 = FACE_BOUND('',#12049,.T.);
#12049 = EDGE_LOOP('',(#12050));
#12050 = ORIENTED_EDGE('',*,*,#12051,.T.);
#12051 = EDGE_CURVE('',#12052,#12052,#12054,.T.);
#12052 = VERTEX_POINT('',#12053);
#12053 = CARTESIAN_POINT('',(118.435,-112.16,1.51));
#12054 = CIRCLE('',#12055,0.5);
#12055 = AXIS2_PLACEMENT_3D('',#12056,#12057,#12058);
#12056 = CARTESIAN_POINT('',(118.435,-111.66,1.51));
#12057 = DIRECTION('',(-0.,0.,-1.));
#12058 = DIRECTION('',(-0.,-1.,0.));
#12059 = FACE_BOUND('',#12060,.T.);
#12060 = EDGE_LOOP('',(#12061));
#12061 = ORIENTED_EDGE('',*,*,#12062,.T.);
#12062 = EDGE_CURVE('',#12063,#12063,#12065,.T.);
#12063 = VERTEX_POINT('',#12064);
#12064 = CARTESIAN_POINT('',(120.975,-114.7,1.51));
#12065 = CIRCLE('',#12066,0.5);
#12066 = AXIS2_PLACEMENT_3D('',#12067,#12068,#12069);
#12067 = CARTESIAN_POINT('',(120.975,-114.2,1.51));
#12068 = DIRECTION('',(-0.,0.,-1.));
#12069 = DIRECTION('',(-0.,-1.,0.));
#12070 = FACE_BOUND('',#12071,.T.);
#12071 = EDGE_LOOP('',(#12072));
#12072 = ORIENTED_EDGE('',*,*,#12073,.T.);
#12073 = EDGE_CURVE('',#12074,#12074,#12076,.T.);
#12074 = VERTEX_POINT('',#12075);
#12075 = CARTESIAN_POINT('',(120.975,-112.16,1.51));
#12076 = CIRCLE('',#12077,0.5);
#12077 = AXIS2_PLACEMENT_3D('',#12078,#12079,#12080);
#12078 = CARTESIAN_POINT('',(120.975,-111.66,1.51));
#12079 = DIRECTION('',(-0.,0.,-1.));
#12080 = DIRECTION('',(-0.,-1.,0.));
#12081 = FACE_BOUND('',#12082,.T.);
#12082 = EDGE_LOOP('',(#12083));
#12083 = ORIENTED_EDGE('',*,*,#12084,.T.);
#12084 = EDGE_CURVE('',#12085,#12085,#12087,.T.);
#12085 = VERTEX_POINT('',#12086);
#12086 = CARTESIAN_POINT('',(118.435,-109.62,1.51));
#12087 = CIRCLE('',#12088,0.5);
#12088 = AXIS2_PLACEMENT_3D('',#12089,#12090,#12091);
#12089 = CARTESIAN_POINT('',(118.435,-109.12,1.51));
#12090 = DIRECTION('',(-0.,0.,-1.));
#12091 = DIRECTION('',(-0.,-1.,0.));
#12092 = FACE_BOUND('',#12093,.T.);
#12093 = EDGE_LOOP('',(#12094));
#12094 = ORIENTED_EDGE('',*,*,#12095,.T.);
#12095 = EDGE_CURVE('',#12096,#12096,#12098,.T.);
#12096 = VERTEX_POINT('',#12097);
#12097 = CARTESIAN_POINT('',(108.,-108.2,1.51));
#12098 = CIRCLE('',#12099,0.8);
#12099 = AXIS2_PLACEMENT_3D('',#12100,#12101,#12102);
#12100 = CARTESIAN_POINT('',(108.,-107.4,1.51));
#12101 = DIRECTION('',(-0.,0.,-1.));
#12102 = DIRECTION('',(-0.,-1.,0.));
#12103 = FACE_BOUND('',#12104,.T.);
#12104 = EDGE_LOOP('',(#12105));
#12105 = ORIENTED_EDGE('',*,*,#12106,.T.);
#12106 = EDGE_CURVE('',#12107,#12107,#12109,.T.);
#12107 = VERTEX_POINT('',#12108);
#12108 = CARTESIAN_POINT('',(118.435,-107.08,1.51));
#12109 = CIRCLE('',#12110,0.5);
#12110 = AXIS2_PLACEMENT_3D('',#12111,#12112,#12113);
#12111 = CARTESIAN_POINT('',(118.435,-106.58,1.51));
#12112 = DIRECTION('',(-0.,0.,-1.));
#12113 = DIRECTION('',(-0.,-1.,0.));
#12114 = FACE_BOUND('',#12115,.T.);
#12115 = EDGE_LOOP('',(#12116));
#12116 = ORIENTED_EDGE('',*,*,#12117,.T.);
#12117 = EDGE_CURVE('',#12118,#12118,#12120,.T.);
#12118 = VERTEX_POINT('',#12119);
#12119 = CARTESIAN_POINT('',(120.975,-109.62,1.51));
#12120 = CIRCLE('',#12121,0.5);
#12121 = AXIS2_PLACEMENT_3D('',#12122,#12123,#12124);
#12122 = CARTESIAN_POINT('',(120.975,-109.12,1.51));
#12123 = DIRECTION('',(-0.,0.,-1.));
#12124 = DIRECTION('',(-0.,-1.,0.));
#12125 = FACE_BOUND('',#12126,.T.);
#12126 = EDGE_LOOP('',(#12127));
#12127 = ORIENTED_EDGE('',*,*,#12128,.T.);
#12128 = EDGE_CURVE('',#12129,#12129,#12131,.T.);
#12129 = VERTEX_POINT('',#12130);
#12130 = CARTESIAN_POINT('',(120.975,-107.08,1.51));
#12131 = CIRCLE('',#12132,0.5);
#12132 = AXIS2_PLACEMENT_3D('',#12133,#12134,#12135);
#12133 = CARTESIAN_POINT('',(120.975,-106.58,1.51));
#12134 = DIRECTION('',(-0.,0.,-1.));
#12135 = DIRECTION('',(-0.,-1.,0.));
#12136 = FACE_BOUND('',#12137,.T.);
#12137 = EDGE_LOOP('',(#12138));
#12138 = ORIENTED_EDGE('',*,*,#12139,.T.);
#12139 = EDGE_CURVE('',#12140,#12140,#12142,.T.);
#12140 = VERTEX_POINT('',#12141);
#12141 = CARTESIAN_POINT('',(132.34,-114.7,1.51));
#12142 = CIRCLE('',#12143,0.5);
#12143 = AXIS2_PLACEMENT_3D('',#12144,#12145,#12146);
#12144 = CARTESIAN_POINT('',(132.34,-114.2,1.51));
#12145 = DIRECTION('',(-0.,0.,-1.));
#12146 = DIRECTION('',(-0.,-1.,0.));
#12147 = FACE_BOUND('',#12148,.T.);
#12148 = EDGE_LOOP('',(#12149));
#12149 = ORIENTED_EDGE('',*,*,#12150,.T.);
#12150 = EDGE_CURVE('',#12151,#12151,#12153,.T.);
#12151 = VERTEX_POINT('',#12152);
#12152 = CARTESIAN_POINT('',(134.88,-114.7,1.51));
#12153 = CIRCLE('',#12154,0.5);
#12154 = AXIS2_PLACEMENT_3D('',#12155,#12156,#12157);
#12155 = CARTESIAN_POINT('',(134.88,-114.2,1.51));
#12156 = DIRECTION('',(-0.,0.,-1.));
#12157 = DIRECTION('',(-0.,-1.,0.));
#12158 = FACE_BOUND('',#12159,.T.);
#12159 = EDGE_LOOP('',(#12160));
#12160 = ORIENTED_EDGE('',*,*,#12161,.T.);
#12161 = EDGE_CURVE('',#12162,#12162,#12164,.T.);
#12162 = VERTEX_POINT('',#12163);
#12163 = CARTESIAN_POINT('',(132.34,-112.16,1.51));
#12164 = CIRCLE('',#12165,0.5);
#12165 = AXIS2_PLACEMENT_3D('',#12166,#12167,#12168);
#12166 = CARTESIAN_POINT('',(132.34,-111.66,1.51));
#12167 = DIRECTION('',(-0.,0.,-1.));
#12168 = DIRECTION('',(-0.,-1.,0.));
#12169 = FACE_BOUND('',#12170,.T.);
#12170 = EDGE_LOOP('',(#12171));
#12171 = ORIENTED_EDGE('',*,*,#12172,.T.);
#12172 = EDGE_CURVE('',#12173,#12173,#12175,.T.);
#12173 = VERTEX_POINT('',#12174);
#12174 = CARTESIAN_POINT('',(134.88,-112.16,1.51));
#12175 = CIRCLE('',#12176,0.5);
#12176 = AXIS2_PLACEMENT_3D('',#12177,#12178,#12179);
#12177 = CARTESIAN_POINT('',(134.88,-111.66,1.51));
#12178 = DIRECTION('',(-0.,0.,-1.));
#12179 = DIRECTION('',(-0.,-1.,0.));
#12180 = FACE_BOUND('',#12181,.T.);
#12181 = EDGE_LOOP('',(#12182));
#12182 = ORIENTED_EDGE('',*,*,#12183,.T.);
#12183 = EDGE_CURVE('',#12184,#12184,#12186,.T.);
#12184 = VERTEX_POINT('',#12185);
#12185 = CARTESIAN_POINT('',(146.245,-114.7,1.51));
#12186 = CIRCLE('',#12187,0.5);
#12187 = AXIS2_PLACEMENT_3D('',#12188,#12189,#12190);
#12188 = CARTESIAN_POINT('',(146.245,-114.2,1.51));
#12189 = DIRECTION('',(-0.,0.,-1.));
#12190 = DIRECTION('',(-0.,-1.,0.));
#12191 = FACE_BOUND('',#12192,.T.);
#12192 = EDGE_LOOP('',(#12193));
#12193 = ORIENTED_EDGE('',*,*,#12194,.T.);
#12194 = EDGE_CURVE('',#12195,#12195,#12197,.T.);
#12195 = VERTEX_POINT('',#12196);
#12196 = CARTESIAN_POINT('',(148.785,-114.7,1.51));
#12197 = CIRCLE('',#12198,0.5);
#12198 = AXIS2_PLACEMENT_3D('',#12199,#12200,#12201);
#12199 = CARTESIAN_POINT('',(148.785,-114.2,1.51));
#12200 = DIRECTION('',(-0.,0.,-1.));
#12201 = DIRECTION('',(-0.,-1.,0.));
#12202 = FACE_BOUND('',#12203,.T.);
#12203 = EDGE_LOOP('',(#12204));
#12204 = ORIENTED_EDGE('',*,*,#12205,.T.);
#12205 = EDGE_CURVE('',#12206,#12206,#12208,.T.);
#12206 = VERTEX_POINT('',#12207);
#12207 = CARTESIAN_POINT('',(146.245,-112.16,1.51));
#12208 = CIRCLE('',#12209,0.5);
#12209 = AXIS2_PLACEMENT_3D('',#12210,#12211,#12212);
#12210 = CARTESIAN_POINT('',(146.245,-111.66,1.51));
#12211 = DIRECTION('',(-0.,0.,-1.));
#12212 = DIRECTION('',(-0.,-1.,0.));
#12213 = FACE_BOUND('',#12214,.T.);
#12214 = EDGE_LOOP('',(#12215));
#12215 = ORIENTED_EDGE('',*,*,#12216,.T.);
#12216 = EDGE_CURVE('',#12217,#12217,#12219,.T.);
#12217 = VERTEX_POINT('',#12218);
#12218 = CARTESIAN_POINT('',(148.785,-112.16,1.51));
#12219 = CIRCLE('',#12220,0.5);
#12220 = AXIS2_PLACEMENT_3D('',#12221,#12222,#12223);
#12221 = CARTESIAN_POINT('',(148.785,-111.66,1.51));
#12222 = DIRECTION('',(-0.,0.,-1.));
#12223 = DIRECTION('',(-0.,-1.,0.));
#12224 = FACE_BOUND('',#12225,.T.);
#12225 = EDGE_LOOP('',(#12226));
#12226 = ORIENTED_EDGE('',*,*,#12227,.T.);
#12227 = EDGE_CURVE('',#12228,#12228,#12230,.T.);
#12228 = VERTEX_POINT('',#12229);
#12229 = CARTESIAN_POINT('',(132.34,-109.62,1.51));
#12230 = CIRCLE('',#12231,0.5);
#12231 = AXIS2_PLACEMENT_3D('',#12232,#12233,#12234);
#12232 = CARTESIAN_POINT('',(132.34,-109.12,1.51));
#12233 = DIRECTION('',(-0.,0.,-1.));
#12234 = DIRECTION('',(-0.,-1.,0.));
#12235 = FACE_BOUND('',#12236,.T.);
#12236 = EDGE_LOOP('',(#12237));
#12237 = ORIENTED_EDGE('',*,*,#12238,.T.);
#12238 = EDGE_CURVE('',#12239,#12239,#12241,.T.);
#12239 = VERTEX_POINT('',#12240);
#12240 = CARTESIAN_POINT('',(134.88,-109.62,1.51));
#12241 = CIRCLE('',#12242,0.5);
#12242 = AXIS2_PLACEMENT_3D('',#12243,#12244,#12245);
#12243 = CARTESIAN_POINT('',(134.88,-109.12,1.51));
#12244 = DIRECTION('',(-0.,0.,-1.));
#12245 = DIRECTION('',(-0.,-1.,0.));
#12246 = FACE_BOUND('',#12247,.T.);
#12247 = EDGE_LOOP('',(#12248));
#12248 = ORIENTED_EDGE('',*,*,#12249,.T.);
#12249 = EDGE_CURVE('',#12250,#12250,#12252,.T.);
#12250 = VERTEX_POINT('',#12251);
#12251 = CARTESIAN_POINT('',(132.34,-107.08,1.51));
#12252 = CIRCLE('',#12253,0.5);
#12253 = AXIS2_PLACEMENT_3D('',#12254,#12255,#12256);
#12254 = CARTESIAN_POINT('',(132.34,-106.58,1.51));
#12255 = DIRECTION('',(-0.,0.,-1.));
#12256 = DIRECTION('',(-0.,-1.,0.));
#12257 = FACE_BOUND('',#12258,.T.);
#12258 = EDGE_LOOP('',(#12259));
#12259 = ORIENTED_EDGE('',*,*,#12260,.T.);
#12260 = EDGE_CURVE('',#12261,#12261,#12263,.T.);
#12261 = VERTEX_POINT('',#12262);
#12262 = CARTESIAN_POINT('',(134.88,-107.08,1.51));
#12263 = CIRCLE('',#12264,0.5);
#12264 = AXIS2_PLACEMENT_3D('',#12265,#12266,#12267);
#12265 = CARTESIAN_POINT('',(134.88,-106.58,1.51));
#12266 = DIRECTION('',(-0.,0.,-1.));
#12267 = DIRECTION('',(-0.,-1.,0.));
#12268 = FACE_BOUND('',#12269,.T.);
#12269 = EDGE_LOOP('',(#12270));
#12270 = ORIENTED_EDGE('',*,*,#12271,.T.);
#12271 = EDGE_CURVE('',#12272,#12272,#12274,.T.);
#12272 = VERTEX_POINT('',#12273);
#12273 = CARTESIAN_POINT('',(146.245,-109.62,1.51));
#12274 = CIRCLE('',#12275,0.5);
#12275 = AXIS2_PLACEMENT_3D('',#12276,#12277,#12278);
#12276 = CARTESIAN_POINT('',(146.245,-109.12,1.51));
#12277 = DIRECTION('',(-0.,0.,-1.));
#12278 = DIRECTION('',(-0.,-1.,0.));
#12279 = FACE_BOUND('',#12280,.T.);
#12280 = EDGE_LOOP('',(#12281));
#12281 = ORIENTED_EDGE('',*,*,#12282,.T.);
#12282 = EDGE_CURVE('',#12283,#12283,#12285,.T.);
#12283 = VERTEX_POINT('',#12284);
#12284 = CARTESIAN_POINT('',(148.785,-109.62,1.51));
#12285 = CIRCLE('',#12286,0.5);
#12286 = AXIS2_PLACEMENT_3D('',#12287,#12288,#12289);
#12287 = CARTESIAN_POINT('',(148.785,-109.12,1.51));
#12288 = DIRECTION('',(-0.,0.,-1.));
#12289 = DIRECTION('',(-0.,-1.,0.));
#12290 = FACE_BOUND('',#12291,.T.);
#12291 = EDGE_LOOP('',(#12292));
#12292 = ORIENTED_EDGE('',*,*,#12293,.T.);
#12293 = EDGE_CURVE('',#12294,#12294,#12296,.T.);
#12294 = VERTEX_POINT('',#12295);
#12295 = CARTESIAN_POINT('',(146.245,-107.08,1.51));
#12296 = CIRCLE('',#12297,0.5);
#12297 = AXIS2_PLACEMENT_3D('',#12298,#12299,#12300);
#12298 = CARTESIAN_POINT('',(146.245,-106.58,1.51));
#12299 = DIRECTION('',(-0.,0.,-1.));
#12300 = DIRECTION('',(-0.,-1.,0.));
#12301 = FACE_BOUND('',#12302,.T.);
#12302 = EDGE_LOOP('',(#12303));
#12303 = ORIENTED_EDGE('',*,*,#12304,.T.);
#12304 = EDGE_CURVE('',#12305,#12305,#12307,.T.);
#12305 = VERTEX_POINT('',#12306);
#12306 = CARTESIAN_POINT('',(148.785,-107.08,1.51));
#12307 = CIRCLE('',#12308,0.5);
#12308 = AXIS2_PLACEMENT_3D('',#12309,#12310,#12311);
#12309 = CARTESIAN_POINT('',(148.785,-106.58,1.51));
#12310 = DIRECTION('',(-0.,0.,-1.));
#12311 = DIRECTION('',(-0.,-1.,0.));
#12312 = FACE_BOUND('',#12313,.T.);
#12313 = EDGE_LOOP('',(#12314));
#12314 = ORIENTED_EDGE('',*,*,#12315,.T.);
#12315 = EDGE_CURVE('',#12316,#12316,#12318,.T.);
#12316 = VERTEX_POINT('',#12317);
#12317 = CARTESIAN_POINT('',(160.15,-119.78,1.51));
#12318 = CIRCLE('',#12319,0.5);
#12319 = AXIS2_PLACEMENT_3D('',#12320,#12321,#12322);
#12320 = CARTESIAN_POINT('',(160.15,-119.28,1.51));
#12321 = DIRECTION('',(-0.,0.,-1.));
#12322 = DIRECTION('',(-0.,-1.,0.));
#12323 = FACE_BOUND('',#12324,.T.);
#12324 = EDGE_LOOP('',(#12325));
#12325 = ORIENTED_EDGE('',*,*,#12326,.T.);
#12326 = EDGE_CURVE('',#12327,#12327,#12329,.T.);
#12327 = VERTEX_POINT('',#12328);
#12328 = CARTESIAN_POINT('',(162.69,-119.78,1.51));
#12329 = CIRCLE('',#12330,0.5);
#12330 = AXIS2_PLACEMENT_3D('',#12331,#12332,#12333);
#12331 = CARTESIAN_POINT('',(162.69,-119.28,1.51));
#12332 = DIRECTION('',(-0.,0.,-1.));
#12333 = DIRECTION('',(-0.,-1.,0.));
#12334 = FACE_BOUND('',#12335,.T.);
#12335 = EDGE_LOOP('',(#12336));
#12336 = ORIENTED_EDGE('',*,*,#12337,.T.);
#12337 = EDGE_CURVE('',#12338,#12338,#12340,.T.);
#12338 = VERTEX_POINT('',#12339);
#12339 = CARTESIAN_POINT('',(160.15,-117.24,1.51));
#12340 = CIRCLE('',#12341,0.5);
#12341 = AXIS2_PLACEMENT_3D('',#12342,#12343,#12344);
#12342 = CARTESIAN_POINT('',(160.15,-116.74,1.51));
#12343 = DIRECTION('',(-0.,0.,-1.));
#12344 = DIRECTION('',(-0.,-1.,0.));
#12345 = FACE_BOUND('',#12346,.T.);
#12346 = EDGE_LOOP('',(#12347));
#12347 = ORIENTED_EDGE('',*,*,#12348,.T.);
#12348 = EDGE_CURVE('',#12349,#12349,#12351,.T.);
#12349 = VERTEX_POINT('',#12350);
#12350 = CARTESIAN_POINT('',(162.69,-117.24,1.51));
#12351 = CIRCLE('',#12352,0.5);
#12352 = AXIS2_PLACEMENT_3D('',#12353,#12354,#12355);
#12353 = CARTESIAN_POINT('',(162.69,-116.74,1.51));
#12354 = DIRECTION('',(-0.,0.,-1.));
#12355 = DIRECTION('',(-0.,-1.,0.));
#12356 = FACE_BOUND('',#12357,.T.);
#12357 = EDGE_LOOP('',(#12358));
#12358 = ORIENTED_EDGE('',*,*,#12359,.T.);
#12359 = EDGE_CURVE('',#12360,#12360,#12362,.T.);
#12360 = VERTEX_POINT('',#12361);
#12361 = CARTESIAN_POINT('',(174.055,-119.78,1.51));
#12362 = CIRCLE('',#12363,0.5);
#12363 = AXIS2_PLACEMENT_3D('',#12364,#12365,#12366);
#12364 = CARTESIAN_POINT('',(174.055,-119.28,1.51));
#12365 = DIRECTION('',(-0.,0.,-1.));
#12366 = DIRECTION('',(-0.,-1.,0.));
#12367 = FACE_BOUND('',#12368,.T.);
#12368 = EDGE_LOOP('',(#12369));
#12369 = ORIENTED_EDGE('',*,*,#12370,.T.);
#12370 = EDGE_CURVE('',#12371,#12371,#12373,.T.);
#12371 = VERTEX_POINT('',#12372);
#12372 = CARTESIAN_POINT('',(176.595,-119.78,1.51));
#12373 = CIRCLE('',#12374,0.5);
#12374 = AXIS2_PLACEMENT_3D('',#12375,#12376,#12377);
#12375 = CARTESIAN_POINT('',(176.595,-119.28,1.51));
#12376 = DIRECTION('',(-0.,0.,-1.));
#12377 = DIRECTION('',(-0.,-1.,0.));
#12378 = FACE_BOUND('',#12379,.T.);
#12379 = EDGE_LOOP('',(#12380));
#12380 = ORIENTED_EDGE('',*,*,#12381,.T.);
#12381 = EDGE_CURVE('',#12382,#12382,#12384,.T.);
#12382 = VERTEX_POINT('',#12383);
#12383 = CARTESIAN_POINT('',(174.055,-117.24,1.51));
#12384 = CIRCLE('',#12385,0.5);
#12385 = AXIS2_PLACEMENT_3D('',#12386,#12387,#12388);
#12386 = CARTESIAN_POINT('',(174.055,-116.74,1.51));
#12387 = DIRECTION('',(-0.,0.,-1.));
#12388 = DIRECTION('',(-0.,-1.,0.));
#12389 = FACE_BOUND('',#12390,.T.);
#12390 = EDGE_LOOP('',(#12391));
#12391 = ORIENTED_EDGE('',*,*,#12392,.T.);
#12392 = EDGE_CURVE('',#12393,#12393,#12395,.T.);
#12393 = VERTEX_POINT('',#12394);
#12394 = CARTESIAN_POINT('',(176.595,-117.24,1.51));
#12395 = CIRCLE('',#12396,0.5);
#12396 = AXIS2_PLACEMENT_3D('',#12397,#12398,#12399);
#12397 = CARTESIAN_POINT('',(176.595,-116.74,1.51));
#12398 = DIRECTION('',(-0.,0.,-1.));
#12399 = DIRECTION('',(-0.,-1.,0.));
#12400 = FACE_BOUND('',#12401,.T.);
#12401 = EDGE_LOOP('',(#12402));
#12402 = ORIENTED_EDGE('',*,*,#12403,.T.);
#12403 = EDGE_CURVE('',#12404,#12404,#12406,.T.);
#12404 = VERTEX_POINT('',#12405);
#12405 = CARTESIAN_POINT('',(200.,-126.6,1.51));
#12406 = CIRCLE('',#12407,1.6);
#12407 = AXIS2_PLACEMENT_3D('',#12408,#12409,#12410);
#12408 = CARTESIAN_POINT('',(200.,-125.,1.51));
#12409 = DIRECTION('',(-0.,0.,-1.));
#12410 = DIRECTION('',(-0.,-1.,0.));
#12411 = FACE_BOUND('',#12412,.T.);
#12412 = EDGE_LOOP('',(#12413));
#12413 = ORIENTED_EDGE('',*,*,#12414,.T.);
#12414 = EDGE_CURVE('',#12415,#12415,#12417,.T.);
#12415 = VERTEX_POINT('',#12416);
#12416 = CARTESIAN_POINT('',(187.96,-119.78,1.51));
#12417 = CIRCLE('',#12418,0.5);
#12418 = AXIS2_PLACEMENT_3D('',#12419,#12420,#12421);
#12419 = CARTESIAN_POINT('',(187.96,-119.28,1.51));
#12420 = DIRECTION('',(-0.,0.,-1.));
#12421 = DIRECTION('',(-0.,-1.,0.));
#12422 = FACE_BOUND('',#12423,.T.);
#12423 = EDGE_LOOP('',(#12424));
#12424 = ORIENTED_EDGE('',*,*,#12425,.T.);
#12425 = EDGE_CURVE('',#12426,#12426,#12428,.T.);
#12426 = VERTEX_POINT('',#12427);
#12427 = CARTESIAN_POINT('',(190.5,-119.78,1.51));
#12428 = CIRCLE('',#12429,0.5);
#12429 = AXIS2_PLACEMENT_3D('',#12430,#12431,#12432);
#12430 = CARTESIAN_POINT('',(190.5,-119.28,1.51));
#12431 = DIRECTION('',(-0.,0.,-1.));
#12432 = DIRECTION('',(-0.,-1.,0.));
#12433 = FACE_BOUND('',#12434,.T.);
#12434 = EDGE_LOOP('',(#12435));
#12435 = ORIENTED_EDGE('',*,*,#12436,.T.);
#12436 = EDGE_CURVE('',#12437,#12437,#12439,.T.);
#12437 = VERTEX_POINT('',#12438);
#12438 = CARTESIAN_POINT('',(187.96,-117.24,1.51));
#12439 = CIRCLE('',#12440,0.5);
#12440 = AXIS2_PLACEMENT_3D('',#12441,#12442,#12443);
#12441 = CARTESIAN_POINT('',(187.96,-116.74,1.51));
#12442 = DIRECTION('',(-0.,0.,-1.));
#12443 = DIRECTION('',(-0.,-1.,0.));
#12444 = FACE_BOUND('',#12445,.T.);
#12445 = EDGE_LOOP('',(#12446));
#12446 = ORIENTED_EDGE('',*,*,#12447,.T.);
#12447 = EDGE_CURVE('',#12448,#12448,#12450,.T.);
#12448 = VERTEX_POINT('',#12449);
#12449 = CARTESIAN_POINT('',(190.5,-117.24,1.51));
#12450 = CIRCLE('',#12451,0.5);
#12451 = AXIS2_PLACEMENT_3D('',#12452,#12453,#12454);
#12452 = CARTESIAN_POINT('',(190.5,-116.74,1.51));
#12453 = DIRECTION('',(-0.,0.,-1.));
#12454 = DIRECTION('',(-0.,-1.,0.));
#12455 = FACE_BOUND('',#12456,.T.);
#12456 = EDGE_LOOP('',(#12457));
#12457 = ORIENTED_EDGE('',*,*,#12458,.T.);
#12458 = EDGE_CURVE('',#12459,#12459,#12461,.T.);
#12459 = VERTEX_POINT('',#12460);
#12460 = CARTESIAN_POINT('',(201.75,-117.8,1.51));
#12461 = CIRCLE('',#12462,0.8);
#12462 = AXIS2_PLACEMENT_3D('',#12463,#12464,#12465);
#12463 = CARTESIAN_POINT('',(201.75,-117.,1.51));
#12464 = DIRECTION('',(-0.,0.,-1.));
#12465 = DIRECTION('',(-0.,-1.,0.));
#12466 = FACE_BOUND('',#12467,.T.);
#12467 = EDGE_LOOP('',(#12468));
#12468 = ORIENTED_EDGE('',*,*,#12469,.T.);
#12469 = EDGE_CURVE('',#12470,#12470,#12472,.T.);
#12470 = VERTEX_POINT('',#12471);
#12471 = CARTESIAN_POINT('',(160.15,-114.7,1.51));
#12472 = CIRCLE('',#12473,0.5);
#12473 = AXIS2_PLACEMENT_3D('',#12474,#12475,#12476);
#12474 = CARTESIAN_POINT('',(160.15,-114.2,1.51));
#12475 = DIRECTION('',(-0.,0.,-1.));
#12476 = DIRECTION('',(-0.,-1.,0.));
#12477 = FACE_BOUND('',#12478,.T.);
#12478 = EDGE_LOOP('',(#12479));
#12479 = ORIENTED_EDGE('',*,*,#12480,.T.);
#12480 = EDGE_CURVE('',#12481,#12481,#12483,.T.);
#12481 = VERTEX_POINT('',#12482);
#12482 = CARTESIAN_POINT('',(162.69,-114.7,1.51));
#12483 = CIRCLE('',#12484,0.5);
#12484 = AXIS2_PLACEMENT_3D('',#12485,#12486,#12487);
#12485 = CARTESIAN_POINT('',(162.69,-114.2,1.51));
#12486 = DIRECTION('',(-0.,0.,-1.));
#12487 = DIRECTION('',(-0.,-1.,0.));
#12488 = FACE_BOUND('',#12489,.T.);
#12489 = EDGE_LOOP('',(#12490));
#12490 = ORIENTED_EDGE('',*,*,#12491,.T.);
#12491 = EDGE_CURVE('',#12492,#12492,#12494,.T.);
#12492 = VERTEX_POINT('',#12493);
#12493 = CARTESIAN_POINT('',(160.15,-112.16,1.51));
#12494 = CIRCLE('',#12495,0.5);
#12495 = AXIS2_PLACEMENT_3D('',#12496,#12497,#12498);
#12496 = CARTESIAN_POINT('',(160.15,-111.66,1.51));
#12497 = DIRECTION('',(-0.,0.,-1.));
#12498 = DIRECTION('',(-0.,-1.,0.));
#12499 = FACE_BOUND('',#12500,.T.);
#12500 = EDGE_LOOP('',(#12501));
#12501 = ORIENTED_EDGE('',*,*,#12502,.T.);
#12502 = EDGE_CURVE('',#12503,#12503,#12505,.T.);
#12503 = VERTEX_POINT('',#12504);
#12504 = CARTESIAN_POINT('',(162.69,-112.16,1.51));
#12505 = CIRCLE('',#12506,0.5);
#12506 = AXIS2_PLACEMENT_3D('',#12507,#12508,#12509);
#12507 = CARTESIAN_POINT('',(162.69,-111.66,1.51));
#12508 = DIRECTION('',(-0.,0.,-1.));
#12509 = DIRECTION('',(-0.,-1.,0.));
#12510 = FACE_BOUND('',#12511,.T.);
#12511 = EDGE_LOOP('',(#12512));
#12512 = ORIENTED_EDGE('',*,*,#12513,.T.);
#12513 = EDGE_CURVE('',#12514,#12514,#12516,.T.);
#12514 = VERTEX_POINT('',#12515);
#12515 = CARTESIAN_POINT('',(174.055,-114.7,1.51));
#12516 = CIRCLE('',#12517,0.5);
#12517 = AXIS2_PLACEMENT_3D('',#12518,#12519,#12520);
#12518 = CARTESIAN_POINT('',(174.055,-114.2,1.51));
#12519 = DIRECTION('',(-0.,0.,-1.));
#12520 = DIRECTION('',(-0.,-1.,0.));
#12521 = FACE_BOUND('',#12522,.T.);
#12522 = EDGE_LOOP('',(#12523));
#12523 = ORIENTED_EDGE('',*,*,#12524,.T.);
#12524 = EDGE_CURVE('',#12525,#12525,#12527,.T.);
#12525 = VERTEX_POINT('',#12526);
#12526 = CARTESIAN_POINT('',(176.595,-114.7,1.51));
#12527 = CIRCLE('',#12528,0.5);
#12528 = AXIS2_PLACEMENT_3D('',#12529,#12530,#12531);
#12529 = CARTESIAN_POINT('',(176.595,-114.2,1.51));
#12530 = DIRECTION('',(-0.,0.,-1.));
#12531 = DIRECTION('',(-0.,-1.,0.));
#12532 = FACE_BOUND('',#12533,.T.);
#12533 = EDGE_LOOP('',(#12534));
#12534 = ORIENTED_EDGE('',*,*,#12535,.T.);
#12535 = EDGE_CURVE('',#12536,#12536,#12538,.T.);
#12536 = VERTEX_POINT('',#12537);
#12537 = CARTESIAN_POINT('',(174.055,-112.16,1.51));
#12538 = CIRCLE('',#12539,0.5);
#12539 = AXIS2_PLACEMENT_3D('',#12540,#12541,#12542);
#12540 = CARTESIAN_POINT('',(174.055,-111.66,1.51));
#12541 = DIRECTION('',(-0.,0.,-1.));
#12542 = DIRECTION('',(-0.,-1.,0.));
#12543 = FACE_BOUND('',#12544,.T.);
#12544 = EDGE_LOOP('',(#12545));
#12545 = ORIENTED_EDGE('',*,*,#12546,.T.);
#12546 = EDGE_CURVE('',#12547,#12547,#12549,.T.);
#12547 = VERTEX_POINT('',#12548);
#12548 = CARTESIAN_POINT('',(176.595,-112.16,1.51));
#12549 = CIRCLE('',#12550,0.5);
#12550 = AXIS2_PLACEMENT_3D('',#12551,#12552,#12553);
#12551 = CARTESIAN_POINT('',(176.595,-111.66,1.51));
#12552 = DIRECTION('',(-0.,0.,-1.));
#12553 = DIRECTION('',(-0.,-1.,0.));
#12554 = FACE_BOUND('',#12555,.T.);
#12555 = EDGE_LOOP('',(#12556));
#12556 = ORIENTED_EDGE('',*,*,#12557,.T.);
#12557 = EDGE_CURVE('',#12558,#12558,#12560,.T.);
#12558 = VERTEX_POINT('',#12559);
#12559 = CARTESIAN_POINT('',(160.15,-109.62,1.51));
#12560 = CIRCLE('',#12561,0.5);
#12561 = AXIS2_PLACEMENT_3D('',#12562,#12563,#12564);
#12562 = CARTESIAN_POINT('',(160.15,-109.12,1.51));
#12563 = DIRECTION('',(-0.,0.,-1.));
#12564 = DIRECTION('',(-0.,-1.,0.));
#12565 = FACE_BOUND('',#12566,.T.);
#12566 = EDGE_LOOP('',(#12567));
#12567 = ORIENTED_EDGE('',*,*,#12568,.T.);
#12568 = EDGE_CURVE('',#12569,#12569,#12571,.T.);
#12569 = VERTEX_POINT('',#12570);
#12570 = CARTESIAN_POINT('',(162.69,-109.62,1.51));
#12571 = CIRCLE('',#12572,0.5);
#12572 = AXIS2_PLACEMENT_3D('',#12573,#12574,#12575);
#12573 = CARTESIAN_POINT('',(162.69,-109.12,1.51));
#12574 = DIRECTION('',(-0.,0.,-1.));
#12575 = DIRECTION('',(-0.,-1.,0.));
#12576 = FACE_BOUND('',#12577,.T.);
#12577 = EDGE_LOOP('',(#12578));
#12578 = ORIENTED_EDGE('',*,*,#12579,.T.);
#12579 = EDGE_CURVE('',#12580,#12580,#12582,.T.);
#12580 = VERTEX_POINT('',#12581);
#12581 = CARTESIAN_POINT('',(160.15,-107.08,1.51));
#12582 = CIRCLE('',#12583,0.5);
#12583 = AXIS2_PLACEMENT_3D('',#12584,#12585,#12586);
#12584 = CARTESIAN_POINT('',(160.15,-106.58,1.51));
#12585 = DIRECTION('',(-0.,0.,-1.));
#12586 = DIRECTION('',(-0.,-1.,0.));
#12587 = FACE_BOUND('',#12588,.T.);
#12588 = EDGE_LOOP('',(#12589));
#12589 = ORIENTED_EDGE('',*,*,#12590,.T.);
#12590 = EDGE_CURVE('',#12591,#12591,#12593,.T.);
#12591 = VERTEX_POINT('',#12592);
#12592 = CARTESIAN_POINT('',(162.69,-107.08,1.51));
#12593 = CIRCLE('',#12594,0.5);
#12594 = AXIS2_PLACEMENT_3D('',#12595,#12596,#12597);
#12595 = CARTESIAN_POINT('',(162.69,-106.58,1.51));
#12596 = DIRECTION('',(-0.,0.,-1.));
#12597 = DIRECTION('',(-0.,-1.,0.));
#12598 = FACE_BOUND('',#12599,.T.);
#12599 = EDGE_LOOP('',(#12600));
#12600 = ORIENTED_EDGE('',*,*,#12601,.T.);
#12601 = EDGE_CURVE('',#12602,#12602,#12604,.T.);
#12602 = VERTEX_POINT('',#12603);
#12603 = CARTESIAN_POINT('',(174.055,-109.62,1.51));
#12604 = CIRCLE('',#12605,0.5);
#12605 = AXIS2_PLACEMENT_3D('',#12606,#12607,#12608);
#12606 = CARTESIAN_POINT('',(174.055,-109.12,1.51));
#12607 = DIRECTION('',(-0.,0.,-1.));
#12608 = DIRECTION('',(-0.,-1.,0.));
#12609 = FACE_BOUND('',#12610,.T.);
#12610 = EDGE_LOOP('',(#12611));
#12611 = ORIENTED_EDGE('',*,*,#12612,.T.);
#12612 = EDGE_CURVE('',#12613,#12613,#12615,.T.);
#12613 = VERTEX_POINT('',#12614);
#12614 = CARTESIAN_POINT('',(176.595,-109.62,1.51));
#12615 = CIRCLE('',#12616,0.5);
#12616 = AXIS2_PLACEMENT_3D('',#12617,#12618,#12619);
#12617 = CARTESIAN_POINT('',(176.595,-109.12,1.51));
#12618 = DIRECTION('',(-0.,0.,-1.));
#12619 = DIRECTION('',(-0.,-1.,0.));
#12620 = FACE_BOUND('',#12621,.T.);
#12621 = EDGE_LOOP('',(#12622));
#12622 = ORIENTED_EDGE('',*,*,#12623,.T.);
#12623 = EDGE_CURVE('',#12624,#12624,#12626,.T.);
#12624 = VERTEX_POINT('',#12625);
#12625 = CARTESIAN_POINT('',(174.055,-107.08,1.51));
#12626 = CIRCLE('',#12627,0.5);
#12627 = AXIS2_PLACEMENT_3D('',#12628,#12629,#12630);
#12628 = CARTESIAN_POINT('',(174.055,-106.58,1.51));
#12629 = DIRECTION('',(-0.,0.,-1.));
#12630 = DIRECTION('',(-0.,-1.,0.));
#12631 = FACE_BOUND('',#12632,.T.);
#12632 = EDGE_LOOP('',(#12633));
#12633 = ORIENTED_EDGE('',*,*,#12634,.T.);
#12634 = EDGE_CURVE('',#12635,#12635,#12637,.T.);
#12635 = VERTEX_POINT('',#12636);
#12636 = CARTESIAN_POINT('',(176.595,-107.08,1.51));
#12637 = CIRCLE('',#12638,0.5);
#12638 = AXIS2_PLACEMENT_3D('',#12639,#12640,#12641);
#12639 = CARTESIAN_POINT('',(176.595,-106.58,1.51));
#12640 = DIRECTION('',(-0.,0.,-1.));
#12641 = DIRECTION('',(-0.,-1.,0.));
#12642 = FACE_BOUND('',#12643,.T.);
#12643 = EDGE_LOOP('',(#12644));
#12644 = ORIENTED_EDGE('',*,*,#12645,.T.);
#12645 = EDGE_CURVE('',#12646,#12646,#12648,.T.);
#12646 = VERTEX_POINT('',#12647);
#12647 = CARTESIAN_POINT('',(187.96,-114.7,1.51));
#12648 = CIRCLE('',#12649,0.5);
#12649 = AXIS2_PLACEMENT_3D('',#12650,#12651,#12652);
#12650 = CARTESIAN_POINT('',(187.96,-114.2,1.51));
#12651 = DIRECTION('',(-0.,0.,-1.));
#12652 = DIRECTION('',(-0.,-1.,0.));
#12653 = FACE_BOUND('',#12654,.T.);
#12654 = EDGE_LOOP('',(#12655));
#12655 = ORIENTED_EDGE('',*,*,#12656,.T.);
#12656 = EDGE_CURVE('',#12657,#12657,#12659,.T.);
#12657 = VERTEX_POINT('',#12658);
#12658 = CARTESIAN_POINT('',(190.5,-114.7,1.51));
#12659 = CIRCLE('',#12660,0.5);
#12660 = AXIS2_PLACEMENT_3D('',#12661,#12662,#12663);
#12661 = CARTESIAN_POINT('',(190.5,-114.2,1.51));
#12662 = DIRECTION('',(-0.,0.,-1.));
#12663 = DIRECTION('',(-0.,-1.,0.));
#12664 = FACE_BOUND('',#12665,.T.);
#12665 = EDGE_LOOP('',(#12666));
#12666 = ORIENTED_EDGE('',*,*,#12667,.T.);
#12667 = EDGE_CURVE('',#12668,#12668,#12670,.T.);
#12668 = VERTEX_POINT('',#12669);
#12669 = CARTESIAN_POINT('',(187.96,-112.16,1.51));
#12670 = CIRCLE('',#12671,0.5);
#12671 = AXIS2_PLACEMENT_3D('',#12672,#12673,#12674);
#12672 = CARTESIAN_POINT('',(187.96,-111.66,1.51));
#12673 = DIRECTION('',(-0.,0.,-1.));
#12674 = DIRECTION('',(-0.,-1.,0.));
#12675 = FACE_BOUND('',#12676,.T.);
#12676 = EDGE_LOOP('',(#12677));
#12677 = ORIENTED_EDGE('',*,*,#12678,.T.);
#12678 = EDGE_CURVE('',#12679,#12679,#12681,.T.);
#12679 = VERTEX_POINT('',#12680);
#12680 = CARTESIAN_POINT('',(190.5,-112.16,1.51));
#12681 = CIRCLE('',#12682,0.5);
#12682 = AXIS2_PLACEMENT_3D('',#12683,#12684,#12685);
#12683 = CARTESIAN_POINT('',(190.5,-111.66,1.51));
#12684 = DIRECTION('',(-0.,0.,-1.));
#12685 = DIRECTION('',(-0.,-1.,0.));
#12686 = FACE_BOUND('',#12687,.T.);
#12687 = EDGE_LOOP('',(#12688));
#12688 = ORIENTED_EDGE('',*,*,#12689,.T.);
#12689 = EDGE_CURVE('',#12690,#12690,#12692,.T.);
#12690 = VERTEX_POINT('',#12691);
#12691 = CARTESIAN_POINT('',(201.75,-113.,1.51));
#12692 = CIRCLE('',#12693,0.8);
#12693 = AXIS2_PLACEMENT_3D('',#12694,#12695,#12696);
#12694 = CARTESIAN_POINT('',(201.75,-112.2,1.51));
#12695 = DIRECTION('',(-0.,0.,-1.));
#12696 = DIRECTION('',(-0.,-1.,0.));
#12697 = FACE_BOUND('',#12698,.T.);
#12698 = EDGE_LOOP('',(#12699));
#12699 = ORIENTED_EDGE('',*,*,#12700,.T.);
#12700 = EDGE_CURVE('',#12701,#12701,#12703,.T.);
#12701 = VERTEX_POINT('',#12702);
#12702 = CARTESIAN_POINT('',(187.96,-109.62,1.51));
#12703 = CIRCLE('',#12704,0.5);
#12704 = AXIS2_PLACEMENT_3D('',#12705,#12706,#12707);
#12705 = CARTESIAN_POINT('',(187.96,-109.12,1.51));
#12706 = DIRECTION('',(-0.,0.,-1.));
#12707 = DIRECTION('',(-0.,-1.,0.));
#12708 = FACE_BOUND('',#12709,.T.);
#12709 = EDGE_LOOP('',(#12710));
#12710 = ORIENTED_EDGE('',*,*,#12711,.T.);
#12711 = EDGE_CURVE('',#12712,#12712,#12714,.T.);
#12712 = VERTEX_POINT('',#12713);
#12713 = CARTESIAN_POINT('',(190.5,-109.62,1.51));
#12714 = CIRCLE('',#12715,0.5);
#12715 = AXIS2_PLACEMENT_3D('',#12716,#12717,#12718);
#12716 = CARTESIAN_POINT('',(190.5,-109.12,1.51));
#12717 = DIRECTION('',(-0.,0.,-1.));
#12718 = DIRECTION('',(-0.,-1.,0.));
#12719 = FACE_BOUND('',#12720,.T.);
#12720 = EDGE_LOOP('',(#12721));
#12721 = ORIENTED_EDGE('',*,*,#12722,.T.);
#12722 = EDGE_CURVE('',#12723,#12723,#12725,.T.);
#12723 = VERTEX_POINT('',#12724);
#12724 = CARTESIAN_POINT('',(187.96,-107.08,1.51));
#12725 = CIRCLE('',#12726,0.5);
#12726 = AXIS2_PLACEMENT_3D('',#12727,#12728,#12729);
#12727 = CARTESIAN_POINT('',(187.96,-106.58,1.51));
#12728 = DIRECTION('',(-0.,0.,-1.));
#12729 = DIRECTION('',(-0.,-1.,0.));
#12730 = FACE_BOUND('',#12731,.T.);
#12731 = EDGE_LOOP('',(#12732));
#12732 = ORIENTED_EDGE('',*,*,#12733,.T.);
#12733 = EDGE_CURVE('',#12734,#12734,#12736,.T.);
#12734 = VERTEX_POINT('',#12735);
#12735 = CARTESIAN_POINT('',(190.5,-107.08,1.51));
#12736 = CIRCLE('',#12737,0.5);
#12737 = AXIS2_PLACEMENT_3D('',#12738,#12739,#12740);
#12738 = CARTESIAN_POINT('',(190.5,-106.58,1.51));
#12739 = DIRECTION('',(-0.,0.,-1.));
#12740 = DIRECTION('',(-0.,-1.,0.));
#12741 = FACE_BOUND('',#12742,.T.);
#12742 = EDGE_LOOP('',(#12743));
#12743 = ORIENTED_EDGE('',*,*,#12744,.T.);
#12744 = EDGE_CURVE('',#12745,#12745,#12747,.T.);
#12745 = VERTEX_POINT('',#12746);
#12746 = CARTESIAN_POINT('',(201.75,-108.2,1.51));
#12747 = CIRCLE('',#12748,0.8);
#12748 = AXIS2_PLACEMENT_3D('',#12749,#12750,#12751);
#12749 = CARTESIAN_POINT('',(201.75,-107.4,1.51));
#12750 = DIRECTION('',(-0.,0.,-1.));
#12751 = DIRECTION('',(-0.,-1.,0.));
#12752 = FACE_BOUND('',#12753,.T.);
#12753 = EDGE_LOOP('',(#12754));
#12754 = ORIENTED_EDGE('',*,*,#12755,.T.);
#12755 = EDGE_CURVE('',#12756,#12756,#12758,.T.);
#12756 = VERTEX_POINT('',#12757);
#12757 = CARTESIAN_POINT('',(108.,-103.4,1.51));
#12758 = CIRCLE('',#12759,0.8);
#12759 = AXIS2_PLACEMENT_3D('',#12760,#12761,#12762);
#12760 = CARTESIAN_POINT('',(108.,-102.6,1.51));
#12761 = DIRECTION('',(-0.,0.,-1.));
#12762 = DIRECTION('',(-0.,-1.,0.));
#12763 = FACE_BOUND('',#12764,.T.);
#12764 = EDGE_LOOP('',(#12765));
#12765 = ORIENTED_EDGE('',*,*,#12766,.T.);
#12766 = EDGE_CURVE('',#12767,#12767,#12769,.T.);
#12767 = VERTEX_POINT('',#12768);
#12768 = CARTESIAN_POINT('',(118.435,-104.54,1.51));
#12769 = CIRCLE('',#12770,0.5);
#12770 = AXIS2_PLACEMENT_3D('',#12771,#12772,#12773);
#12771 = CARTESIAN_POINT('',(118.435,-104.04,1.51));
#12772 = DIRECTION('',(-0.,0.,-1.));
#12773 = DIRECTION('',(-0.,-1.,0.));
#12774 = FACE_BOUND('',#12775,.T.);
#12775 = EDGE_LOOP('',(#12776));
#12776 = ORIENTED_EDGE('',*,*,#12777,.T.);
#12777 = EDGE_CURVE('',#12778,#12778,#12780,.T.);
#12778 = VERTEX_POINT('',#12779);
#12779 = CARTESIAN_POINT('',(118.435,-102.,1.51));
#12780 = CIRCLE('',#12781,0.5);
#12781 = AXIS2_PLACEMENT_3D('',#12782,#12783,#12784);
#12782 = CARTESIAN_POINT('',(118.435,-101.5,1.51));
#12783 = DIRECTION('',(-0.,0.,-1.));
#12784 = DIRECTION('',(-0.,-1.,0.));
#12785 = FACE_BOUND('',#12786,.T.);
#12786 = EDGE_LOOP('',(#12787));
#12787 = ORIENTED_EDGE('',*,*,#12788,.T.);
#12788 = EDGE_CURVE('',#12789,#12789,#12791,.T.);
#12789 = VERTEX_POINT('',#12790);
#12790 = CARTESIAN_POINT('',(120.975,-104.54,1.51));
#12791 = CIRCLE('',#12792,0.5);
#12792 = AXIS2_PLACEMENT_3D('',#12793,#12794,#12795);
#12793 = CARTESIAN_POINT('',(120.975,-104.04,1.51));
#12794 = DIRECTION('',(-0.,0.,-1.));
#12795 = DIRECTION('',(-0.,-1.,0.));
#12796 = FACE_BOUND('',#12797,.T.);
#12797 = EDGE_LOOP('',(#12798));
#12798 = ORIENTED_EDGE('',*,*,#12799,.T.);
#12799 = EDGE_CURVE('',#12800,#12800,#12802,.T.);
#12800 = VERTEX_POINT('',#12801);
#12801 = CARTESIAN_POINT('',(120.975,-102.,1.51));
#12802 = CIRCLE('',#12803,0.5);
#12803 = AXIS2_PLACEMENT_3D('',#12804,#12805,#12806);
#12804 = CARTESIAN_POINT('',(120.975,-101.5,1.51));
#12805 = DIRECTION('',(-0.,0.,-1.));
#12806 = DIRECTION('',(-0.,-1.,0.));
#12807 = FACE_BOUND('',#12808,.T.);
#12808 = EDGE_LOOP('',(#12809));
#12809 = ORIENTED_EDGE('',*,*,#12810,.T.);
#12810 = EDGE_CURVE('',#12811,#12811,#12813,.T.);
#12811 = VERTEX_POINT('',#12812);
#12812 = CARTESIAN_POINT('',(108.,-98.6,1.51));
#12813 = CIRCLE('',#12814,0.8);
#12814 = AXIS2_PLACEMENT_3D('',#12815,#12816,#12817);
#12815 = CARTESIAN_POINT('',(108.,-97.8,1.51));
#12816 = DIRECTION('',(-0.,0.,-1.));
#12817 = DIRECTION('',(-0.,-1.,0.));
#12818 = FACE_BOUND('',#12819,.T.);
#12819 = EDGE_LOOP('',(#12820));
#12820 = ORIENTED_EDGE('',*,*,#12821,.T.);
#12821 = EDGE_CURVE('',#12822,#12822,#12824,.T.);
#12822 = VERTEX_POINT('',#12823);
#12823 = CARTESIAN_POINT('',(132.34,-104.54,1.51));
#12824 = CIRCLE('',#12825,0.5);
#12825 = AXIS2_PLACEMENT_3D('',#12826,#12827,#12828);
#12826 = CARTESIAN_POINT('',(132.34,-104.04,1.51));
#12827 = DIRECTION('',(-0.,0.,-1.));
#12828 = DIRECTION('',(-0.,-1.,0.));
#12829 = FACE_BOUND('',#12830,.T.);
#12830 = EDGE_LOOP('',(#12831));
#12831 = ORIENTED_EDGE('',*,*,#12832,.T.);
#12832 = EDGE_CURVE('',#12833,#12833,#12835,.T.);
#12833 = VERTEX_POINT('',#12834);
#12834 = CARTESIAN_POINT('',(134.88,-104.54,1.51));
#12835 = CIRCLE('',#12836,0.5);
#12836 = AXIS2_PLACEMENT_3D('',#12837,#12838,#12839);
#12837 = CARTESIAN_POINT('',(134.88,-104.04,1.51));
#12838 = DIRECTION('',(-0.,0.,-1.));
#12839 = DIRECTION('',(-0.,-1.,0.));
#12840 = FACE_BOUND('',#12841,.T.);
#12841 = EDGE_LOOP('',(#12842));
#12842 = ORIENTED_EDGE('',*,*,#12843,.T.);
#12843 = EDGE_CURVE('',#12844,#12844,#12846,.T.);
#12844 = VERTEX_POINT('',#12845);
#12845 = CARTESIAN_POINT('',(132.34,-102.,1.51));
#12846 = CIRCLE('',#12847,0.5);
#12847 = AXIS2_PLACEMENT_3D('',#12848,#12849,#12850);
#12848 = CARTESIAN_POINT('',(132.34,-101.5,1.51));
#12849 = DIRECTION('',(-0.,0.,-1.));
#12850 = DIRECTION('',(-0.,-1.,0.));
#12851 = FACE_BOUND('',#12852,.T.);
#12852 = EDGE_LOOP('',(#12853));
#12853 = ORIENTED_EDGE('',*,*,#12854,.T.);
#12854 = EDGE_CURVE('',#12855,#12855,#12857,.T.);
#12855 = VERTEX_POINT('',#12856);
#12856 = CARTESIAN_POINT('',(134.88,-102.,1.51));
#12857 = CIRCLE('',#12858,0.5);
#12858 = AXIS2_PLACEMENT_3D('',#12859,#12860,#12861);
#12859 = CARTESIAN_POINT('',(134.88,-101.5,1.51));
#12860 = DIRECTION('',(-0.,0.,-1.));
#12861 = DIRECTION('',(-0.,-1.,0.));
#12862 = FACE_BOUND('',#12863,.T.);
#12863 = EDGE_LOOP('',(#12864));
#12864 = ORIENTED_EDGE('',*,*,#12865,.T.);
#12865 = EDGE_CURVE('',#12866,#12866,#12868,.T.);
#12866 = VERTEX_POINT('',#12867);
#12867 = CARTESIAN_POINT('',(146.245,-104.54,1.51));
#12868 = CIRCLE('',#12869,0.5);
#12869 = AXIS2_PLACEMENT_3D('',#12870,#12871,#12872);
#12870 = CARTESIAN_POINT('',(146.245,-104.04,1.51));
#12871 = DIRECTION('',(-0.,0.,-1.));
#12872 = DIRECTION('',(-0.,-1.,0.));
#12873 = FACE_BOUND('',#12874,.T.);
#12874 = EDGE_LOOP('',(#12875));
#12875 = ORIENTED_EDGE('',*,*,#12876,.T.);
#12876 = EDGE_CURVE('',#12877,#12877,#12879,.T.);
#12877 = VERTEX_POINT('',#12878);
#12878 = CARTESIAN_POINT('',(148.785,-104.54,1.51));
#12879 = CIRCLE('',#12880,0.5);
#12880 = AXIS2_PLACEMENT_3D('',#12881,#12882,#12883);
#12881 = CARTESIAN_POINT('',(148.785,-104.04,1.51));
#12882 = DIRECTION('',(-0.,0.,-1.));
#12883 = DIRECTION('',(-0.,-1.,0.));
#12884 = FACE_BOUND('',#12885,.T.);
#12885 = EDGE_LOOP('',(#12886));
#12886 = ORIENTED_EDGE('',*,*,#12887,.T.);
#12887 = EDGE_CURVE('',#12888,#12888,#12890,.T.);
#12888 = VERTEX_POINT('',#12889);
#12889 = CARTESIAN_POINT('',(146.245,-102.,1.51));
#12890 = CIRCLE('',#12891,0.5);
#12891 = AXIS2_PLACEMENT_3D('',#12892,#12893,#12894);
#12892 = CARTESIAN_POINT('',(146.245,-101.5,1.51));
#12893 = DIRECTION('',(-0.,0.,-1.));
#12894 = DIRECTION('',(-0.,-1.,0.));
#12895 = FACE_BOUND('',#12896,.T.);
#12896 = EDGE_LOOP('',(#12897));
#12897 = ORIENTED_EDGE('',*,*,#12898,.T.);
#12898 = EDGE_CURVE('',#12899,#12899,#12901,.T.);
#12899 = VERTEX_POINT('',#12900);
#12900 = CARTESIAN_POINT('',(148.785,-102.,1.51));
#12901 = CIRCLE('',#12902,0.5);
#12902 = AXIS2_PLACEMENT_3D('',#12903,#12904,#12905);
#12903 = CARTESIAN_POINT('',(148.785,-101.5,1.51));
#12904 = DIRECTION('',(-0.,0.,-1.));
#12905 = DIRECTION('',(-0.,-1.,0.));
#12906 = FACE_BOUND('',#12907,.T.);
#12907 = EDGE_LOOP('',(#12908));
#12908 = ORIENTED_EDGE('',*,*,#12909,.T.);
#12909 = EDGE_CURVE('',#12910,#12910,#12912,.T.);
#12910 = VERTEX_POINT('',#12911);
#12911 = CARTESIAN_POINT('',(108.,-93.8,1.51));
#12912 = CIRCLE('',#12913,0.8);
#12913 = AXIS2_PLACEMENT_3D('',#12914,#12915,#12916);
#12914 = CARTESIAN_POINT('',(108.,-93.,1.51));
#12915 = DIRECTION('',(-0.,0.,-1.));
#12916 = DIRECTION('',(-0.,-1.,0.));
#12917 = FACE_BOUND('',#12918,.T.);
#12918 = EDGE_LOOP('',(#12919));
#12919 = ORIENTED_EDGE('',*,*,#12920,.T.);
#12920 = EDGE_CURVE('',#12921,#12921,#12923,.T.);
#12921 = VERTEX_POINT('',#12922);
#12922 = CARTESIAN_POINT('',(118.336,-91.57,1.51));
#12923 = CIRCLE('',#12924,0.4);
#12924 = AXIS2_PLACEMENT_3D('',#12925,#12926,#12927);
#12925 = CARTESIAN_POINT('',(118.336,-91.17,1.51));
#12926 = DIRECTION('',(-0.,0.,-1.));
#12927 = DIRECTION('',(-3.552713678801E-14,-1.,0.));
#12928 = FACE_BOUND('',#12929,.T.);
#12929 = EDGE_LOOP('',(#12930));
#12930 = ORIENTED_EDGE('',*,*,#12931,.T.);
#12931 = EDGE_CURVE('',#12932,#12932,#12934,.T.);
#12932 = VERTEX_POINT('',#12933);
#12933 = CARTESIAN_POINT('',(125.956,-91.57,1.51));
#12934 = CIRCLE('',#12935,0.4);
#12935 = AXIS2_PLACEMENT_3D('',#12936,#12937,#12938);
#12936 = CARTESIAN_POINT('',(125.956,-91.17,1.51));
#12937 = DIRECTION('',(-0.,0.,-1.));
#12938 = DIRECTION('',(3.5527136788E-14,-1.,-0.));
#12939 = FACE_BOUND('',#12940,.T.);
#12940 = EDGE_LOOP('',(#12941));
#12941 = ORIENTED_EDGE('',*,*,#12942,.T.);
#12942 = EDGE_CURVE('',#12943,#12943,#12945,.T.);
#12943 = VERTEX_POINT('',#12944);
#12944 = CARTESIAN_POINT('',(110.,-86.6,1.51));
#12945 = CIRCLE('',#12946,1.6);
#12946 = AXIS2_PLACEMENT_3D('',#12947,#12948,#12949);
#12947 = CARTESIAN_POINT('',(110.,-85.,1.51));
#12948 = DIRECTION('',(-0.,0.,-1.));
#12949 = DIRECTION('',(-0.,-1.,0.));
#12950 = FACE_BOUND('',#12951,.T.);
#12951 = EDGE_LOOP('',(#12952));
#12952 = ORIENTED_EDGE('',*,*,#12953,.T.);
#12953 = EDGE_CURVE('',#12954,#12954,#12956,.T.);
#12954 = VERTEX_POINT('',#12955);
#12955 = CARTESIAN_POINT('',(131.25,-92.245,1.51));
#12956 = CIRCLE('',#12957,0.45);
#12957 = AXIS2_PLACEMENT_3D('',#12958,#12959,#12960);
#12958 = CARTESIAN_POINT('',(131.25,-91.795,1.51));
#12959 = DIRECTION('',(-0.,0.,-1.));
#12960 = DIRECTION('',(-0.,-1.,0.));
#12961 = FACE_BOUND('',#12962,.T.);
#12962 = EDGE_LOOP('',(#12963));
#12963 = ORIENTED_EDGE('',*,*,#12964,.T.);
#12964 = EDGE_CURVE('',#12965,#12965,#12967,.T.);
#12965 = VERTEX_POINT('',#12966);
#12966 = CARTESIAN_POINT('',(131.25,-89.705,1.51));
#12967 = CIRCLE('',#12968,0.45);
#12968 = AXIS2_PLACEMENT_3D('',#12969,#12970,#12971);
#12969 = CARTESIAN_POINT('',(131.25,-89.255,1.51));
#12970 = DIRECTION('',(-0.,0.,-1.));
#12971 = DIRECTION('',(-0.,-1.,0.));
#12972 = FACE_BOUND('',#12973,.T.);
#12973 = EDGE_LOOP('',(#12974));
#12974 = ORIENTED_EDGE('',*,*,#12975,.T.);
#12975 = EDGE_CURVE('',#12976,#12976,#12978,.T.);
#12976 = VERTEX_POINT('',#12977);
#12977 = CARTESIAN_POINT('',(141.63,-91.57,1.51));
#12978 = CIRCLE('',#12979,0.4);
#12979 = AXIS2_PLACEMENT_3D('',#12980,#12981,#12982);
#12980 = CARTESIAN_POINT('',(141.63,-91.17,1.51));
#12981 = DIRECTION('',(-0.,0.,-1.));
#12982 = DIRECTION('',(-0.,-1.,0.));
#12983 = FACE_BOUND('',#12984,.T.);
#12984 = EDGE_LOOP('',(#12985));
#12985 = ORIENTED_EDGE('',*,*,#12986,.T.);
#12986 = EDGE_CURVE('',#12987,#12987,#12989,.T.);
#12987 = VERTEX_POINT('',#12988);
#12988 = CARTESIAN_POINT('',(154.752,-91.97,1.51));
#12989 = CIRCLE('',#12990,0.45);
#12990 = AXIS2_PLACEMENT_3D('',#12991,#12992,#12993);
#12991 = CARTESIAN_POINT('',(154.752,-91.52,1.51));
#12992 = DIRECTION('',(-0.,0.,-1.));
#12993 = DIRECTION('',(-0.,-1.,0.));
#12994 = FACE_BOUND('',#12995,.T.);
#12995 = EDGE_LOOP('',(#12996));
#12996 = ORIENTED_EDGE('',*,*,#12997,.T.);
#12997 = EDGE_CURVE('',#12998,#12998,#13000,.T.);
#12998 = VERTEX_POINT('',#12999);
#12999 = CARTESIAN_POINT('',(149.25,-91.57,1.51));
#13000 = CIRCLE('',#13001,0.4);
#13001 = AXIS2_PLACEMENT_3D('',#13002,#13003,#13004);
#13002 = CARTESIAN_POINT('',(149.25,-91.17,1.51));
#13003 = DIRECTION('',(-0.,0.,-1.));
#13004 = DIRECTION('',(-0.,-1.,0.));
#13005 = FACE_BOUND('',#13006,.T.);
#13006 = EDGE_LOOP('',(#13007));
#13007 = ORIENTED_EDGE('',*,*,#13008,.T.);
#13008 = EDGE_CURVE('',#13009,#13009,#13011,.T.);
#13009 = VERTEX_POINT('',#13010);
#13010 = CARTESIAN_POINT('',(154.752,-89.43,1.51));
#13011 = CIRCLE('',#13012,0.45);
#13012 = AXIS2_PLACEMENT_3D('',#13013,#13014,#13015);
#13013 = CARTESIAN_POINT('',(154.752,-88.98,1.51));
#13014 = DIRECTION('',(-0.,0.,-1.));
#13015 = DIRECTION('',(-0.,-1.,0.));
#13016 = FACE_BOUND('',#13017,.T.);
#13017 = EDGE_LOOP('',(#13018));
#13018 = ORIENTED_EDGE('',*,*,#13019,.T.);
#13019 = EDGE_CURVE('',#13020,#13020,#13022,.T.);
#13020 = VERTEX_POINT('',#13021);
#13021 = CARTESIAN_POINT('',(160.15,-104.54,1.51));
#13022 = CIRCLE('',#13023,0.5);
#13023 = AXIS2_PLACEMENT_3D('',#13024,#13025,#13026);
#13024 = CARTESIAN_POINT('',(160.15,-104.04,1.51));
#13025 = DIRECTION('',(-0.,0.,-1.));
#13026 = DIRECTION('',(-0.,-1.,0.));
#13027 = FACE_BOUND('',#13028,.T.);
#13028 = EDGE_LOOP('',(#13029));
#13029 = ORIENTED_EDGE('',*,*,#13030,.T.);
#13030 = EDGE_CURVE('',#13031,#13031,#13033,.T.);
#13031 = VERTEX_POINT('',#13032);
#13032 = CARTESIAN_POINT('',(162.69,-104.54,1.51));
#13033 = CIRCLE('',#13034,0.5);
#13034 = AXIS2_PLACEMENT_3D('',#13035,#13036,#13037);
#13035 = CARTESIAN_POINT('',(162.69,-104.04,1.51));
#13036 = DIRECTION('',(-0.,0.,-1.));
#13037 = DIRECTION('',(-0.,-1.,0.));
#13038 = FACE_BOUND('',#13039,.T.);
#13039 = EDGE_LOOP('',(#13040));
#13040 = ORIENTED_EDGE('',*,*,#13041,.T.);
#13041 = EDGE_CURVE('',#13042,#13042,#13044,.T.);
#13042 = VERTEX_POINT('',#13043);
#13043 = CARTESIAN_POINT('',(160.15,-102.,1.51));
#13044 = CIRCLE('',#13045,0.5);
#13045 = AXIS2_PLACEMENT_3D('',#13046,#13047,#13048);
#13046 = CARTESIAN_POINT('',(160.15,-101.5,1.51));
#13047 = DIRECTION('',(-0.,0.,-1.));
#13048 = DIRECTION('',(-0.,-1.,0.));
#13049 = FACE_BOUND('',#13050,.T.);
#13050 = EDGE_LOOP('',(#13051));
#13051 = ORIENTED_EDGE('',*,*,#13052,.T.);
#13052 = EDGE_CURVE('',#13053,#13053,#13055,.T.);
#13053 = VERTEX_POINT('',#13054);
#13054 = CARTESIAN_POINT('',(162.69,-102.,1.51));
#13055 = CIRCLE('',#13056,0.5);
#13056 = AXIS2_PLACEMENT_3D('',#13057,#13058,#13059);
#13057 = CARTESIAN_POINT('',(162.69,-101.5,1.51));
#13058 = DIRECTION('',(-0.,0.,-1.));
#13059 = DIRECTION('',(-0.,-1.,0.));
#13060 = FACE_BOUND('',#13061,.T.);
#13061 = EDGE_LOOP('',(#13062));
#13062 = ORIENTED_EDGE('',*,*,#13063,.T.);
#13063 = EDGE_CURVE('',#13064,#13064,#13066,.T.);
#13064 = VERTEX_POINT('',#13065);
#13065 = CARTESIAN_POINT('',(174.055,-104.54,1.51));
#13066 = CIRCLE('',#13067,0.5);
#13067 = AXIS2_PLACEMENT_3D('',#13068,#13069,#13070);
#13068 = CARTESIAN_POINT('',(174.055,-104.04,1.51));
#13069 = DIRECTION('',(-0.,0.,-1.));
#13070 = DIRECTION('',(-0.,-1.,0.));
#13071 = FACE_BOUND('',#13072,.T.);
#13072 = EDGE_LOOP('',(#13073));
#13073 = ORIENTED_EDGE('',*,*,#13074,.T.);
#13074 = EDGE_CURVE('',#13075,#13075,#13077,.T.);
#13075 = VERTEX_POINT('',#13076);
#13076 = CARTESIAN_POINT('',(176.595,-104.54,1.51));
#13077 = CIRCLE('',#13078,0.5);
#13078 = AXIS2_PLACEMENT_3D('',#13079,#13080,#13081);
#13079 = CARTESIAN_POINT('',(176.595,-104.04,1.51));
#13080 = DIRECTION('',(-0.,0.,-1.));
#13081 = DIRECTION('',(-0.,-1.,0.));
#13082 = FACE_BOUND('',#13083,.T.);
#13083 = EDGE_LOOP('',(#13084));
#13084 = ORIENTED_EDGE('',*,*,#13085,.T.);
#13085 = EDGE_CURVE('',#13086,#13086,#13088,.T.);
#13086 = VERTEX_POINT('',#13087);
#13087 = CARTESIAN_POINT('',(174.055,-102.,1.51));
#13088 = CIRCLE('',#13089,0.5);
#13089 = AXIS2_PLACEMENT_3D('',#13090,#13091,#13092);
#13090 = CARTESIAN_POINT('',(174.055,-101.5,1.51));
#13091 = DIRECTION('',(-0.,0.,-1.));
#13092 = DIRECTION('',(-0.,-1.,0.));
#13093 = FACE_BOUND('',#13094,.T.);
#13094 = EDGE_LOOP('',(#13095));
#13095 = ORIENTED_EDGE('',*,*,#13096,.T.);
#13096 = EDGE_CURVE('',#13097,#13097,#13099,.T.);
#13097 = VERTEX_POINT('',#13098);
#13098 = CARTESIAN_POINT('',(176.595,-102.,1.51));
#13099 = CIRCLE('',#13100,0.5);
#13100 = AXIS2_PLACEMENT_3D('',#13101,#13102,#13103);
#13101 = CARTESIAN_POINT('',(176.595,-101.5,1.51));
#13102 = DIRECTION('',(-0.,0.,-1.));
#13103 = DIRECTION('',(-0.,-1.,0.));
#13104 = FACE_BOUND('',#13105,.T.);
#13105 = EDGE_LOOP('',(#13106));
#13106 = ORIENTED_EDGE('',*,*,#13107,.T.);
#13107 = EDGE_CURVE('',#13108,#13108,#13110,.T.);
#13108 = VERTEX_POINT('',#13109);
#13109 = CARTESIAN_POINT('',(187.96,-104.54,1.51));
#13110 = CIRCLE('',#13111,0.5);
#13111 = AXIS2_PLACEMENT_3D('',#13112,#13113,#13114);
#13112 = CARTESIAN_POINT('',(187.96,-104.04,1.51));
#13113 = DIRECTION('',(-0.,0.,-1.));
#13114 = DIRECTION('',(-0.,-1.,0.));
#13115 = FACE_BOUND('',#13116,.T.);
#13116 = EDGE_LOOP('',(#13117));
#13117 = ORIENTED_EDGE('',*,*,#13118,.T.);
#13118 = EDGE_CURVE('',#13119,#13119,#13121,.T.);
#13119 = VERTEX_POINT('',#13120);
#13120 = CARTESIAN_POINT('',(190.5,-104.54,1.51));
#13121 = CIRCLE('',#13122,0.5);
#13122 = AXIS2_PLACEMENT_3D('',#13123,#13124,#13125);
#13123 = CARTESIAN_POINT('',(190.5,-104.04,1.51));
#13124 = DIRECTION('',(-0.,0.,-1.));
#13125 = DIRECTION('',(-0.,-1.,0.));
#13126 = FACE_BOUND('',#13127,.T.);
#13127 = EDGE_LOOP('',(#13128));
#13128 = ORIENTED_EDGE('',*,*,#13129,.T.);
#13129 = EDGE_CURVE('',#13130,#13130,#13132,.T.);
#13130 = VERTEX_POINT('',#13131);
#13131 = CARTESIAN_POINT('',(187.96,-102.,1.51));
#13132 = CIRCLE('',#13133,0.5);
#13133 = AXIS2_PLACEMENT_3D('',#13134,#13135,#13136);
#13134 = CARTESIAN_POINT('',(187.96,-101.5,1.51));
#13135 = DIRECTION('',(-0.,0.,-1.));
#13136 = DIRECTION('',(-0.,-1.,0.));
#13137 = FACE_BOUND('',#13138,.T.);
#13138 = EDGE_LOOP('',(#13139));
#13139 = ORIENTED_EDGE('',*,*,#13140,.T.);
#13140 = EDGE_CURVE('',#13141,#13141,#13143,.T.);
#13141 = VERTEX_POINT('',#13142);
#13142 = CARTESIAN_POINT('',(190.5,-102.,1.51));
#13143 = CIRCLE('',#13144,0.5);
#13144 = AXIS2_PLACEMENT_3D('',#13145,#13146,#13147);
#13145 = CARTESIAN_POINT('',(190.5,-101.5,1.51));
#13146 = DIRECTION('',(-0.,0.,-1.));
#13147 = DIRECTION('',(-0.,-1.,0.));
#13148 = FACE_BOUND('',#13149,.T.);
#13149 = EDGE_LOOP('',(#13150));
#13150 = ORIENTED_EDGE('',*,*,#13151,.T.);
#13151 = EDGE_CURVE('',#13152,#13152,#13154,.T.);
#13152 = VERTEX_POINT('',#13153);
#13153 = CARTESIAN_POINT('',(201.75,-103.4,1.51));
#13154 = CIRCLE('',#13155,0.8);
#13155 = AXIS2_PLACEMENT_3D('',#13156,#13157,#13158);
#13156 = CARTESIAN_POINT('',(201.75,-102.6,1.51));
#13157 = DIRECTION('',(-0.,0.,-1.));
#13158 = DIRECTION('',(-0.,-1.,0.));
#13159 = FACE_BOUND('',#13160,.T.);
#13160 = EDGE_LOOP('',(#13161));
#13161 = ORIENTED_EDGE('',*,*,#13162,.T.);
#13162 = EDGE_CURVE('',#13163,#13163,#13165,.T.);
#13163 = VERTEX_POINT('',#13164);
#13164 = CARTESIAN_POINT('',(201.75,-98.6,1.51));
#13165 = CIRCLE('',#13166,0.8);
#13166 = AXIS2_PLACEMENT_3D('',#13167,#13168,#13169);
#13167 = CARTESIAN_POINT('',(201.75,-97.8,1.51));
#13168 = DIRECTION('',(-0.,0.,-1.));
#13169 = DIRECTION('',(-0.,-1.,0.));
#13170 = FACE_BOUND('',#13171,.T.);
#13171 = EDGE_LOOP('',(#13172));
#13172 = ORIENTED_EDGE('',*,*,#13173,.T.);
#13173 = EDGE_CURVE('',#13174,#13174,#13176,.T.);
#13174 = VERTEX_POINT('',#13175);
#13175 = CARTESIAN_POINT('',(167.38,-91.57,1.51));
#13176 = CIRCLE('',#13177,0.4);
#13177 = AXIS2_PLACEMENT_3D('',#13178,#13179,#13180);
#13178 = CARTESIAN_POINT('',(167.38,-91.17,1.51));
#13179 = DIRECTION('',(-0.,0.,-1.));
#13180 = DIRECTION('',(-0.,-1.,0.));
#13181 = FACE_BOUND('',#13182,.T.);
#13182 = EDGE_LOOP('',(#13183));
#13183 = ORIENTED_EDGE('',*,*,#13184,.T.);
#13184 = EDGE_CURVE('',#13185,#13185,#13187,.T.);
#13185 = VERTEX_POINT('',#13186);
#13186 = CARTESIAN_POINT('',(175.,-91.57,1.51));
#13187 = CIRCLE('',#13188,0.4);
#13188 = AXIS2_PLACEMENT_3D('',#13189,#13190,#13191);
#13189 = CARTESIAN_POINT('',(175.,-91.17,1.51));
#13190 = DIRECTION('',(-0.,0.,-1.));
#13191 = DIRECTION('',(-0.,-1.,0.));
#13192 = FACE_BOUND('',#13193,.T.);
#13193 = EDGE_LOOP('',(#13194));
#13194 = ORIENTED_EDGE('',*,*,#13195,.T.);
#13195 = EDGE_CURVE('',#13196,#13196,#13198,.T.);
#13196 = VERTEX_POINT('',#13197);
#13197 = CARTESIAN_POINT('',(180.46,-91.97,1.51));
#13198 = CIRCLE('',#13199,0.45);
#13199 = AXIS2_PLACEMENT_3D('',#13200,#13201,#13202);
#13200 = CARTESIAN_POINT('',(180.46,-91.52,1.51));
#13201 = DIRECTION('',(-0.,0.,-1.));
#13202 = DIRECTION('',(6.315935428978E-14,-1.,-0.));
#13203 = FACE_BOUND('',#13204,.T.);
#13204 = EDGE_LOOP('',(#13205));
#13205 = ORIENTED_EDGE('',*,*,#13206,.T.);
#13206 = EDGE_CURVE('',#13207,#13207,#13209,.T.);
#13207 = VERTEX_POINT('',#13208);
#13208 = CARTESIAN_POINT('',(180.46,-89.43,1.51));
#13209 = CIRCLE('',#13210,0.45);
#13210 = AXIS2_PLACEMENT_3D('',#13211,#13212,#13213);
#13211 = CARTESIAN_POINT('',(180.46,-88.98,1.51));
#13212 = DIRECTION('',(-0.,0.,-1.));
#13213 = DIRECTION('',(6.315935428978E-14,-1.,-0.));
#13214 = FACE_BOUND('',#13215,.T.);
#13215 = EDGE_LOOP('',(#13216));
#13216 = ORIENTED_EDGE('',*,*,#13217,.T.);
#13217 = EDGE_CURVE('',#13218,#13218,#13220,.T.);
#13218 = VERTEX_POINT('',#13219);
#13219 = CARTESIAN_POINT('',(201.75,-93.8,1.51));
#13220 = CIRCLE('',#13221,0.8);
#13221 = AXIS2_PLACEMENT_3D('',#13222,#13223,#13224);
#13222 = CARTESIAN_POINT('',(201.75,-93.,1.51));
#13223 = DIRECTION('',(-0.,0.,-1.));
#13224 = DIRECTION('',(-0.,-1.,0.));
#13225 = FACE_BOUND('',#13226,.T.);
#13226 = EDGE_LOOP('',(#13227));
#13227 = ORIENTED_EDGE('',*,*,#13228,.T.);
#13228 = EDGE_CURVE('',#13229,#13229,#13231,.T.);
#13229 = VERTEX_POINT('',#13230);
#13230 = CARTESIAN_POINT('',(200.,-86.6,1.51));
#13231 = CIRCLE('',#13232,1.6);
#13232 = AXIS2_PLACEMENT_3D('',#13233,#13234,#13235);
#13233 = CARTESIAN_POINT('',(200.,-85.,1.51));
#13234 = DIRECTION('',(-0.,0.,-1.));
#13235 = DIRECTION('',(-0.,-1.,0.));
#13236 = PLANE('',#13237);
#13237 = AXIS2_PLACEMENT_3D('',#13238,#13239,#13240);
#13238 = CARTESIAN_POINT('',(0.,0.,1.51));
#13239 = DIRECTION('',(0.,0.,1.));
#13240 = DIRECTION('',(1.,0.,-0.));
#13241 = ADVANCED_FACE('',(#13242),#13253,.T.);
#13242 = FACE_BOUND('',#13243,.T.);
#13243 = EDGE_LOOP('',(#13244,#13250,#13251,#13252));
#13244 = ORIENTED_EDGE('',*,*,#13245,.T.);
#13245 = EDGE_CURVE('',#10416,#11832,#13246,.T.);
#13246 = LINE('',#13247,#13248);
#13247 = CARTESIAN_POINT('',(105.,-85.,0.));
#13248 = VECTOR('',#13249,1.);
#13249 = DIRECTION('',(0.,0.,1.));
#13250 = ORIENTED_EDGE('',*,*,#11831,.T.);
#13251 = ORIENTED_EDGE('',*,*,#10351,.F.);
#13252 = ORIENTED_EDGE('',*,*,#10415,.F.);
#13253 = CYLINDRICAL_SURFACE('',#13254,4.999999678834);
#13254 = AXIS2_PLACEMENT_3D('',#13255,#13256,#13257);
#13255 = CARTESIAN_POINT('',(109.99999967883,-84.99999967883,0.));
#13256 = DIRECTION('',(0.,0.,-1.));
#13257 = DIRECTION('',(-1.,-6.423314133505E-08,-0.));
#13258 = ADVANCED_FACE('',(#13259),#13270,.T.);
#13259 = FACE_BOUND('',#13260,.T.);
#13260 = EDGE_LOOP('',(#13261,#13262,#13263,#13269));
#13261 = ORIENTED_EDGE('',*,*,#10391,.T.);
#13262 = ORIENTED_EDGE('',*,*,#11865,.T.);
#13263 = ORIENTED_EDGE('',*,*,#13264,.F.);
#13264 = EDGE_CURVE('',#10442,#11858,#13265,.T.);
#13265 = LINE('',#13266,#13267);
#13266 = CARTESIAN_POINT('',(200.,-130.,0.));
#13267 = VECTOR('',#13268,1.);
#13268 = DIRECTION('',(0.,0.,1.));
#13269 = ORIENTED_EDGE('',*,*,#10449,.F.);
#13270 = CYLINDRICAL_SURFACE('',#13271,4.999999678834);
#13271 = AXIS2_PLACEMENT_3D('',#13272,#13273,#13274);
#13272 = CARTESIAN_POINT('',(200.00000032116,-125.0000003211,0.));
#13273 = DIRECTION('',(0.,0.,-1.));
#13274 = DIRECTION('',(1.,6.423315270374E-08,0.));
#13275 = ADVANCED_FACE('',(#13276),#13287,.T.);
#13276 = FACE_BOUND('',#13277,.T.);
#13277 = EDGE_LOOP('',(#13278,#13284,#13285,#13286));
#13278 = ORIENTED_EDGE('',*,*,#13279,.T.);
#13279 = EDGE_CURVE('',#10425,#11841,#13280,.T.);
#13280 = LINE('',#13281,#13282);
#13281 = CARTESIAN_POINT('',(105.,-125.,0.));
#13282 = VECTOR('',#13283,1.);
#13283 = DIRECTION('',(0.,0.,1.));
#13284 = ORIENTED_EDGE('',*,*,#11840,.T.);
#13285 = ORIENTED_EDGE('',*,*,#13245,.F.);
#13286 = ORIENTED_EDGE('',*,*,#10424,.F.);
#13287 = PLANE('',#13288);
#13288 = AXIS2_PLACEMENT_3D('',#13289,#13290,#13291);
#13289 = CARTESIAN_POINT('',(105.,-125.,0.));
#13290 = DIRECTION('',(-1.,0.,0.));
#13291 = DIRECTION('',(0.,1.,0.));
#13292 = ADVANCED_FACE('',(#13293),#13304,.T.);
#13293 = FACE_BOUND('',#13294,.T.);
#13294 = EDGE_LOOP('',(#13295,#13296,#13297,#13303));
#13295 = ORIENTED_EDGE('',*,*,#13264,.T.);
#13296 = ORIENTED_EDGE('',*,*,#11857,.T.);
#13297 = ORIENTED_EDGE('',*,*,#13298,.F.);
#13298 = EDGE_CURVE('',#10433,#11849,#13299,.T.);
#13299 = LINE('',#13300,#13301);
#13300 = CARTESIAN_POINT('',(110.,-130.,0.));
#13301 = VECTOR('',#13302,1.);
#13302 = DIRECTION('',(0.,0.,1.));
#13303 = ORIENTED_EDGE('',*,*,#10441,.F.);
#13304 = PLANE('',#13305);
#13305 = AXIS2_PLACEMENT_3D('',#13306,#13307,#13308);
#13306 = CARTESIAN_POINT('',(200.,-130.,0.));
#13307 = DIRECTION('',(0.,-1.,0.));
#13308 = DIRECTION('',(-1.,0.,0.));
#13309 = ADVANCED_FACE('',(#13310),#13316,.T.);
#13310 = FACE_BOUND('',#13311,.T.);
#13311 = EDGE_LOOP('',(#13312,#13313,#13314,#13315));
#13312 = ORIENTED_EDGE('',*,*,#13298,.T.);
#13313 = ORIENTED_EDGE('',*,*,#11848,.T.);
#13314 = ORIENTED_EDGE('',*,*,#13279,.F.);
#13315 = ORIENTED_EDGE('',*,*,#10432,.F.);
#13316 = CYLINDRICAL_SURFACE('',#13317,4.999999678834);
#13317 = AXIS2_PLACEMENT_3D('',#13318,#13319,#13320);
#13318 = CARTESIAN_POINT('',(109.99999967883,-125.0000003211,0.));
#13319 = DIRECTION('',(0.,0.,-1.));
#13320 = DIRECTION('',(6.42331470194E-08,-1.,0.));
#13321 = ADVANCED_FACE('',(#13322),#13333,.F.);
#13322 = FACE_BOUND('',#13323,.T.);
#13323 = EDGE_LOOP('',(#13324,#13325,#13331,#13332));
#13324 = ORIENTED_EDGE('',*,*,#10459,.T.);
#13325 = ORIENTED_EDGE('',*,*,#13326,.T.);
#13326 = EDGE_CURVE('',#10460,#11876,#13327,.T.);
#13327 = LINE('',#13328,#13329);
#13328 = CARTESIAN_POINT('',(110.,-126.6,-4.6E-02));
#13329 = VECTOR('',#13330,1.);
#13330 = DIRECTION('',(0.,0.,1.));
#13331 = ORIENTED_EDGE('',*,*,#11875,.F.);
#13332 = ORIENTED_EDGE('',*,*,#13326,.F.);
#13333 = CYLINDRICAL_SURFACE('',#13334,1.6);
#13334 = AXIS2_PLACEMENT_3D('',#13335,#13336,#13337);
#13335 = CARTESIAN_POINT('',(110.,-125.,-4.6E-02));
#13336 = DIRECTION('',(-0.,-0.,-1.));
#13337 = DIRECTION('',(-0.,-1.,0.));
#13338 = ADVANCED_FACE('',(#13339),#13350,.F.);
#13339 = FACE_BOUND('',#13340,.T.);
#13340 = EDGE_LOOP('',(#13341,#13342,#13348,#13349));
#13341 = ORIENTED_EDGE('',*,*,#10470,.T.);
#13342 = ORIENTED_EDGE('',*,*,#13343,.T.);
#13343 = EDGE_CURVE('',#10471,#11887,#13344,.T.);
#13344 = LINE('',#13345,#13346);
#13345 = CARTESIAN_POINT('',(118.435,-119.78,-4.6E-02));
#13346 = VECTOR('',#13347,1.);
#13347 = DIRECTION('',(0.,0.,1.));
#13348 = ORIENTED_EDGE('',*,*,#11886,.F.);
#13349 = ORIENTED_EDGE('',*,*,#13343,.F.);
#13350 = CYLINDRICAL_SURFACE('',#13351,0.5);
#13351 = AXIS2_PLACEMENT_3D('',#13352,#13353,#13354);
#13352 = CARTESIAN_POINT('',(118.435,-119.28,-4.6E-02));
#13353 = DIRECTION('',(-0.,-0.,-1.));
#13354 = DIRECTION('',(-0.,-1.,0.));
#13355 = ADVANCED_FACE('',(#13356),#13367,.F.);
#13356 = FACE_BOUND('',#13357,.T.);
#13357 = EDGE_LOOP('',(#13358,#13359,#13365,#13366));
#13358 = ORIENTED_EDGE('',*,*,#10481,.T.);
#13359 = ORIENTED_EDGE('',*,*,#13360,.T.);
#13360 = EDGE_CURVE('',#10482,#11898,#13361,.T.);
#13361 = LINE('',#13362,#13363);
#13362 = CARTESIAN_POINT('',(108.,-117.8,-4.6E-02));
#13363 = VECTOR('',#13364,1.);
#13364 = DIRECTION('',(0.,0.,1.));
#13365 = ORIENTED_EDGE('',*,*,#11897,.F.);
#13366 = ORIENTED_EDGE('',*,*,#13360,.F.);
#13367 = CYLINDRICAL_SURFACE('',#13368,0.8);
#13368 = AXIS2_PLACEMENT_3D('',#13369,#13370,#13371);
#13369 = CARTESIAN_POINT('',(108.,-117.,-4.6E-02));
#13370 = DIRECTION('',(-0.,-0.,-1.));
#13371 = DIRECTION('',(-0.,-1.,0.));
#13372 = ADVANCED_FACE('',(#13373),#13384,.F.);
#13373 = FACE_BOUND('',#13374,.T.);
#13374 = EDGE_LOOP('',(#13375,#13376,#13382,#13383));
#13375 = ORIENTED_EDGE('',*,*,#10492,.T.);
#13376 = ORIENTED_EDGE('',*,*,#13377,.T.);
#13377 = EDGE_CURVE('',#10493,#11909,#13378,.T.);
#13378 = LINE('',#13379,#13380);
#13379 = CARTESIAN_POINT('',(118.435,-117.24,-4.6E-02));
#13380 = VECTOR('',#13381,1.);
#13381 = DIRECTION('',(0.,0.,1.));
#13382 = ORIENTED_EDGE('',*,*,#11908,.F.);
#13383 = ORIENTED_EDGE('',*,*,#13377,.F.);
#13384 = CYLINDRICAL_SURFACE('',#13385,0.5);
#13385 = AXIS2_PLACEMENT_3D('',#13386,#13387,#13388);
#13386 = CARTESIAN_POINT('',(118.435,-116.74,-4.6E-02));
#13387 = DIRECTION('',(-0.,-0.,-1.));
#13388 = DIRECTION('',(-0.,-1.,0.));
#13389 = ADVANCED_FACE('',(#13390),#13401,.F.);
#13390 = FACE_BOUND('',#13391,.T.);
#13391 = EDGE_LOOP('',(#13392,#13393,#13399,#13400));
#13392 = ORIENTED_EDGE('',*,*,#10503,.T.);
#13393 = ORIENTED_EDGE('',*,*,#13394,.T.);
#13394 = EDGE_CURVE('',#10504,#11920,#13395,.T.);
#13395 = LINE('',#13396,#13397);
#13396 = CARTESIAN_POINT('',(120.975,-119.78,-4.6E-02));
#13397 = VECTOR('',#13398,1.);
#13398 = DIRECTION('',(0.,0.,1.));
#13399 = ORIENTED_EDGE('',*,*,#11919,.F.);
#13400 = ORIENTED_EDGE('',*,*,#13394,.F.);
#13401 = CYLINDRICAL_SURFACE('',#13402,0.5);
#13402 = AXIS2_PLACEMENT_3D('',#13403,#13404,#13405);
#13403 = CARTESIAN_POINT('',(120.975,-119.28,-4.6E-02));
#13404 = DIRECTION('',(-0.,-0.,-1.));
#13405 = DIRECTION('',(-0.,-1.,0.));
#13406 = ADVANCED_FACE('',(#13407),#13418,.F.);
#13407 = FACE_BOUND('',#13408,.T.);
#13408 = EDGE_LOOP('',(#13409,#13410,#13416,#13417));
#13409 = ORIENTED_EDGE('',*,*,#10514,.T.);
#13410 = ORIENTED_EDGE('',*,*,#13411,.T.);
#13411 = EDGE_CURVE('',#10515,#11931,#13412,.T.);
#13412 = LINE('',#13413,#13414);
#13413 = CARTESIAN_POINT('',(120.975,-117.24,-4.6E-02));
#13414 = VECTOR('',#13415,1.);
#13415 = DIRECTION('',(0.,0.,1.));
#13416 = ORIENTED_EDGE('',*,*,#11930,.F.);
#13417 = ORIENTED_EDGE('',*,*,#13411,.F.);
#13418 = CYLINDRICAL_SURFACE('',#13419,0.5);
#13419 = AXIS2_PLACEMENT_3D('',#13420,#13421,#13422);
#13420 = CARTESIAN_POINT('',(120.975,-116.74,-4.6E-02));
#13421 = DIRECTION('',(-0.,-0.,-1.));
#13422 = DIRECTION('',(-0.,-1.,0.));
#13423 = ADVANCED_FACE('',(#13424),#13435,.F.);
#13424 = FACE_BOUND('',#13425,.T.);
#13425 = EDGE_LOOP('',(#13426,#13427,#13433,#13434));
#13426 = ORIENTED_EDGE('',*,*,#10525,.T.);
#13427 = ORIENTED_EDGE('',*,*,#13428,.T.);
#13428 = EDGE_CURVE('',#10526,#11942,#13429,.T.);
#13429 = LINE('',#13430,#13431);
#13430 = CARTESIAN_POINT('',(132.34,-119.78,-4.6E-02));
#13431 = VECTOR('',#13432,1.);
#13432 = DIRECTION('',(0.,0.,1.));
#13433 = ORIENTED_EDGE('',*,*,#11941,.F.);
#13434 = ORIENTED_EDGE('',*,*,#13428,.F.);
#13435 = CYLINDRICAL_SURFACE('',#13436,0.5);
#13436 = AXIS2_PLACEMENT_3D('',#13437,#13438,#13439);
#13437 = CARTESIAN_POINT('',(132.34,-119.28,-4.6E-02));
#13438 = DIRECTION('',(-0.,-0.,-1.));
#13439 = DIRECTION('',(-0.,-1.,0.));
#13440 = ADVANCED_FACE('',(#13441),#13452,.F.);
#13441 = FACE_BOUND('',#13442,.T.);
#13442 = EDGE_LOOP('',(#13443,#13444,#13450,#13451));
#13443 = ORIENTED_EDGE('',*,*,#10536,.T.);
#13444 = ORIENTED_EDGE('',*,*,#13445,.T.);
#13445 = EDGE_CURVE('',#10537,#11953,#13446,.T.);
#13446 = LINE('',#13447,#13448);
#13447 = CARTESIAN_POINT('',(134.88,-119.78,-4.6E-02));
#13448 = VECTOR('',#13449,1.);
#13449 = DIRECTION('',(0.,0.,1.));
#13450 = ORIENTED_EDGE('',*,*,#11952,.F.);
#13451 = ORIENTED_EDGE('',*,*,#13445,.F.);
#13452 = CYLINDRICAL_SURFACE('',#13453,0.5);
#13453 = AXIS2_PLACEMENT_3D('',#13454,#13455,#13456);
#13454 = CARTESIAN_POINT('',(134.88,-119.28,-4.6E-02));
#13455 = DIRECTION('',(-0.,-0.,-1.));
#13456 = DIRECTION('',(-0.,-1.,0.));
#13457 = ADVANCED_FACE('',(#13458),#13469,.F.);
#13458 = FACE_BOUND('',#13459,.T.);
#13459 = EDGE_LOOP('',(#13460,#13461,#13467,#13468));
#13460 = ORIENTED_EDGE('',*,*,#10547,.T.);
#13461 = ORIENTED_EDGE('',*,*,#13462,.T.);
#13462 = EDGE_CURVE('',#10548,#11964,#13463,.T.);
#13463 = LINE('',#13464,#13465);
#13464 = CARTESIAN_POINT('',(132.34,-117.24,-4.6E-02));
#13465 = VECTOR('',#13466,1.);
#13466 = DIRECTION('',(0.,0.,1.));
#13467 = ORIENTED_EDGE('',*,*,#11963,.F.);
#13468 = ORIENTED_EDGE('',*,*,#13462,.F.);
#13469 = CYLINDRICAL_SURFACE('',#13470,0.5);
#13470 = AXIS2_PLACEMENT_3D('',#13471,#13472,#13473);
#13471 = CARTESIAN_POINT('',(132.34,-116.74,-4.6E-02));
#13472 = DIRECTION('',(-0.,-0.,-1.));
#13473 = DIRECTION('',(-0.,-1.,0.));
#13474 = ADVANCED_FACE('',(#13475),#13486,.F.);
#13475 = FACE_BOUND('',#13476,.T.);
#13476 = EDGE_LOOP('',(#13477,#13478,#13484,#13485));
#13477 = ORIENTED_EDGE('',*,*,#10558,.T.);
#13478 = ORIENTED_EDGE('',*,*,#13479,.T.);
#13479 = EDGE_CURVE('',#10559,#11975,#13480,.T.);
#13480 = LINE('',#13481,#13482);
#13481 = CARTESIAN_POINT('',(134.88,-117.24,-4.6E-02));
#13482 = VECTOR('',#13483,1.);
#13483 = DIRECTION('',(0.,0.,1.));
#13484 = ORIENTED_EDGE('',*,*,#11974,.F.);
#13485 = ORIENTED_EDGE('',*,*,#13479,.F.);
#13486 = CYLINDRICAL_SURFACE('',#13487,0.5);
#13487 = AXIS2_PLACEMENT_3D('',#13488,#13489,#13490);
#13488 = CARTESIAN_POINT('',(134.88,-116.74,-4.6E-02));
#13489 = DIRECTION('',(-0.,-0.,-1.));
#13490 = DIRECTION('',(-0.,-1.,0.));
#13491 = ADVANCED_FACE('',(#13492),#13503,.F.);
#13492 = FACE_BOUND('',#13493,.T.);
#13493 = EDGE_LOOP('',(#13494,#13495,#13501,#13502));
#13494 = ORIENTED_EDGE('',*,*,#10569,.T.);
#13495 = ORIENTED_EDGE('',*,*,#13496,.T.);
#13496 = EDGE_CURVE('',#10570,#11986,#13497,.T.);
#13497 = LINE('',#13498,#13499);
#13498 = CARTESIAN_POINT('',(146.245,-119.78,-4.6E-02));
#13499 = VECTOR('',#13500,1.);
#13500 = DIRECTION('',(0.,0.,1.));
#13501 = ORIENTED_EDGE('',*,*,#11985,.F.);
#13502 = ORIENTED_EDGE('',*,*,#13496,.F.);
#13503 = CYLINDRICAL_SURFACE('',#13504,0.5);
#13504 = AXIS2_PLACEMENT_3D('',#13505,#13506,#13507);
#13505 = CARTESIAN_POINT('',(146.245,-119.28,-4.6E-02));
#13506 = DIRECTION('',(-0.,-0.,-1.));
#13507 = DIRECTION('',(-0.,-1.,0.));
#13508 = ADVANCED_FACE('',(#13509),#13520,.F.);
#13509 = FACE_BOUND('',#13510,.T.);
#13510 = EDGE_LOOP('',(#13511,#13512,#13518,#13519));
#13511 = ORIENTED_EDGE('',*,*,#10580,.T.);
#13512 = ORIENTED_EDGE('',*,*,#13513,.T.);
#13513 = EDGE_CURVE('',#10581,#11997,#13514,.T.);
#13514 = LINE('',#13515,#13516);
#13515 = CARTESIAN_POINT('',(148.785,-119.78,-4.6E-02));
#13516 = VECTOR('',#13517,1.);
#13517 = DIRECTION('',(0.,0.,1.));
#13518 = ORIENTED_EDGE('',*,*,#11996,.F.);
#13519 = ORIENTED_EDGE('',*,*,#13513,.F.);
#13520 = CYLINDRICAL_SURFACE('',#13521,0.5);
#13521 = AXIS2_PLACEMENT_3D('',#13522,#13523,#13524);
#13522 = CARTESIAN_POINT('',(148.785,-119.28,-4.6E-02));
#13523 = DIRECTION('',(-0.,-0.,-1.));
#13524 = DIRECTION('',(-0.,-1.,0.));
#13525 = ADVANCED_FACE('',(#13526),#13537,.F.);
#13526 = FACE_BOUND('',#13527,.T.);
#13527 = EDGE_LOOP('',(#13528,#13529,#13535,#13536));
#13528 = ORIENTED_EDGE('',*,*,#10591,.T.);
#13529 = ORIENTED_EDGE('',*,*,#13530,.T.);
#13530 = EDGE_CURVE('',#10592,#12008,#13531,.T.);
#13531 = LINE('',#13532,#13533);
#13532 = CARTESIAN_POINT('',(146.245,-117.24,-4.6E-02));
#13533 = VECTOR('',#13534,1.);
#13534 = DIRECTION('',(0.,0.,1.));
#13535 = ORIENTED_EDGE('',*,*,#12007,.F.);
#13536 = ORIENTED_EDGE('',*,*,#13530,.F.);
#13537 = CYLINDRICAL_SURFACE('',#13538,0.5);
#13538 = AXIS2_PLACEMENT_3D('',#13539,#13540,#13541);
#13539 = CARTESIAN_POINT('',(146.245,-116.74,-4.6E-02));
#13540 = DIRECTION('',(-0.,-0.,-1.));
#13541 = DIRECTION('',(-0.,-1.,0.));
#13542 = ADVANCED_FACE('',(#13543),#13554,.F.);
#13543 = FACE_BOUND('',#13544,.T.);
#13544 = EDGE_LOOP('',(#13545,#13546,#13552,#13553));
#13545 = ORIENTED_EDGE('',*,*,#10602,.T.);
#13546 = ORIENTED_EDGE('',*,*,#13547,.T.);
#13547 = EDGE_CURVE('',#10603,#12019,#13548,.T.);
#13548 = LINE('',#13549,#13550);
#13549 = CARTESIAN_POINT('',(148.785,-117.24,-4.6E-02));
#13550 = VECTOR('',#13551,1.);
#13551 = DIRECTION('',(0.,0.,1.));
#13552 = ORIENTED_EDGE('',*,*,#12018,.F.);
#13553 = ORIENTED_EDGE('',*,*,#13547,.F.);
#13554 = CYLINDRICAL_SURFACE('',#13555,0.5);
#13555 = AXIS2_PLACEMENT_3D('',#13556,#13557,#13558);
#13556 = CARTESIAN_POINT('',(148.785,-116.74,-4.6E-02));
#13557 = DIRECTION('',(-0.,-0.,-1.));
#13558 = DIRECTION('',(-0.,-1.,0.));
#13559 = ADVANCED_FACE('',(#13560),#13571,.F.);
#13560 = FACE_BOUND('',#13561,.T.);
#13561 = EDGE_LOOP('',(#13562,#13563,#13569,#13570));
#13562 = ORIENTED_EDGE('',*,*,#10613,.T.);
#13563 = ORIENTED_EDGE('',*,*,#13564,.T.);
#13564 = EDGE_CURVE('',#10614,#12030,#13565,.T.);
#13565 = LINE('',#13566,#13567);
#13566 = CARTESIAN_POINT('',(118.435,-114.7,-4.6E-02));
#13567 = VECTOR('',#13568,1.);
#13568 = DIRECTION('',(0.,0.,1.));
#13569 = ORIENTED_EDGE('',*,*,#12029,.F.);
#13570 = ORIENTED_EDGE('',*,*,#13564,.F.);
#13571 = CYLINDRICAL_SURFACE('',#13572,0.5);
#13572 = AXIS2_PLACEMENT_3D('',#13573,#13574,#13575);
#13573 = CARTESIAN_POINT('',(118.435,-114.2,-4.6E-02));
#13574 = DIRECTION('',(-0.,-0.,-1.));
#13575 = DIRECTION('',(-0.,-1.,0.));
#13576 = ADVANCED_FACE('',(#13577),#13588,.F.);
#13577 = FACE_BOUND('',#13578,.T.);
#13578 = EDGE_LOOP('',(#13579,#13580,#13586,#13587));
#13579 = ORIENTED_EDGE('',*,*,#10624,.T.);
#13580 = ORIENTED_EDGE('',*,*,#13581,.T.);
#13581 = EDGE_CURVE('',#10625,#12041,#13582,.T.);
#13582 = LINE('',#13583,#13584);
#13583 = CARTESIAN_POINT('',(108.,-113.,-4.6E-02));
#13584 = VECTOR('',#13585,1.);
#13585 = DIRECTION('',(0.,0.,1.));
#13586 = ORIENTED_EDGE('',*,*,#12040,.F.);
#13587 = ORIENTED_EDGE('',*,*,#13581,.F.);
#13588 = CYLINDRICAL_SURFACE('',#13589,0.8);
#13589 = AXIS2_PLACEMENT_3D('',#13590,#13591,#13592);
#13590 = CARTESIAN_POINT('',(108.,-112.2,-4.6E-02));
#13591 = DIRECTION('',(-0.,-0.,-1.));
#13592 = DIRECTION('',(-0.,-1.,0.));
#13593 = ADVANCED_FACE('',(#13594),#13605,.F.);
#13594 = FACE_BOUND('',#13595,.T.);
#13595 = EDGE_LOOP('',(#13596,#13597,#13603,#13604));
#13596 = ORIENTED_EDGE('',*,*,#10635,.T.);
#13597 = ORIENTED_EDGE('',*,*,#13598,.T.);
#13598 = EDGE_CURVE('',#10636,#12052,#13599,.T.);
#13599 = LINE('',#13600,#13601);
#13600 = CARTESIAN_POINT('',(118.435,-112.16,-4.6E-02));
#13601 = VECTOR('',#13602,1.);
#13602 = DIRECTION('',(0.,0.,1.));
#13603 = ORIENTED_EDGE('',*,*,#12051,.F.);
#13604 = ORIENTED_EDGE('',*,*,#13598,.F.);
#13605 = CYLINDRICAL_SURFACE('',#13606,0.5);
#13606 = AXIS2_PLACEMENT_3D('',#13607,#13608,#13609);
#13607 = CARTESIAN_POINT('',(118.435,-111.66,-4.6E-02));
#13608 = DIRECTION('',(-0.,-0.,-1.));
#13609 = DIRECTION('',(-0.,-1.,0.));
#13610 = ADVANCED_FACE('',(#13611),#13622,.F.);
#13611 = FACE_BOUND('',#13612,.T.);
#13612 = EDGE_LOOP('',(#13613,#13614,#13620,#13621));
#13613 = ORIENTED_EDGE('',*,*,#10646,.T.);
#13614 = ORIENTED_EDGE('',*,*,#13615,.T.);
#13615 = EDGE_CURVE('',#10647,#12063,#13616,.T.);
#13616 = LINE('',#13617,#13618);
#13617 = CARTESIAN_POINT('',(120.975,-114.7,-4.6E-02));
#13618 = VECTOR('',#13619,1.);
#13619 = DIRECTION('',(0.,0.,1.));
#13620 = ORIENTED_EDGE('',*,*,#12062,.F.);
#13621 = ORIENTED_EDGE('',*,*,#13615,.F.);
#13622 = CYLINDRICAL_SURFACE('',#13623,0.5);
#13623 = AXIS2_PLACEMENT_3D('',#13624,#13625,#13626);
#13624 = CARTESIAN_POINT('',(120.975,-114.2,-4.6E-02));
#13625 = DIRECTION('',(-0.,-0.,-1.));
#13626 = DIRECTION('',(-0.,-1.,0.));
#13627 = ADVANCED_FACE('',(#13628),#13639,.F.);
#13628 = FACE_BOUND('',#13629,.T.);
#13629 = EDGE_LOOP('',(#13630,#13631,#13637,#13638));
#13630 = ORIENTED_EDGE('',*,*,#10657,.T.);
#13631 = ORIENTED_EDGE('',*,*,#13632,.T.);
#13632 = EDGE_CURVE('',#10658,#12074,#13633,.T.);
#13633 = LINE('',#13634,#13635);
#13634 = CARTESIAN_POINT('',(120.975,-112.16,-4.6E-02));
#13635 = VECTOR('',#13636,1.);
#13636 = DIRECTION('',(0.,0.,1.));
#13637 = ORIENTED_EDGE('',*,*,#12073,.F.);
#13638 = ORIENTED_EDGE('',*,*,#13632,.F.);
#13639 = CYLINDRICAL_SURFACE('',#13640,0.5);
#13640 = AXIS2_PLACEMENT_3D('',#13641,#13642,#13643);
#13641 = CARTESIAN_POINT('',(120.975,-111.66,-4.6E-02));
#13642 = DIRECTION('',(-0.,-0.,-1.));
#13643 = DIRECTION('',(-0.,-1.,0.));
#13644 = ADVANCED_FACE('',(#13645),#13656,.F.);
#13645 = FACE_BOUND('',#13646,.T.);
#13646 = EDGE_LOOP('',(#13647,#13648,#13654,#13655));
#13647 = ORIENTED_EDGE('',*,*,#10668,.T.);
#13648 = ORIENTED_EDGE('',*,*,#13649,.T.);
#13649 = EDGE_CURVE('',#10669,#12085,#13650,.T.);
#13650 = LINE('',#13651,#13652);
#13651 = CARTESIAN_POINT('',(118.435,-109.62,-4.6E-02));
#13652 = VECTOR('',#13653,1.);
#13653 = DIRECTION('',(0.,0.,1.));
#13654 = ORIENTED_EDGE('',*,*,#12084,.F.);
#13655 = ORIENTED_EDGE('',*,*,#13649,.F.);
#13656 = CYLINDRICAL_SURFACE('',#13657,0.5);
#13657 = AXIS2_PLACEMENT_3D('',#13658,#13659,#13660);
#13658 = CARTESIAN_POINT('',(118.435,-109.12,-4.6E-02));
#13659 = DIRECTION('',(-0.,-0.,-1.));
#13660 = DIRECTION('',(-0.,-1.,0.));
#13661 = ADVANCED_FACE('',(#13662),#13673,.F.);
#13662 = FACE_BOUND('',#13663,.T.);
#13663 = EDGE_LOOP('',(#13664,#13665,#13671,#13672));
#13664 = ORIENTED_EDGE('',*,*,#10679,.T.);
#13665 = ORIENTED_EDGE('',*,*,#13666,.T.);
#13666 = EDGE_CURVE('',#10680,#12096,#13667,.T.);
#13667 = LINE('',#13668,#13669);
#13668 = CARTESIAN_POINT('',(108.,-108.2,-4.6E-02));
#13669 = VECTOR('',#13670,1.);
#13670 = DIRECTION('',(0.,0.,1.));
#13671 = ORIENTED_EDGE('',*,*,#12095,.F.);
#13672 = ORIENTED_EDGE('',*,*,#13666,.F.);
#13673 = CYLINDRICAL_SURFACE('',#13674,0.8);
#13674 = AXIS2_PLACEMENT_3D('',#13675,#13676,#13677);
#13675 = CARTESIAN_POINT('',(108.,-107.4,-4.6E-02));
#13676 = DIRECTION('',(-0.,-0.,-1.));
#13677 = DIRECTION('',(-0.,-1.,0.));
#13678 = ADVANCED_FACE('',(#13679),#13690,.F.);
#13679 = FACE_BOUND('',#13680,.T.);
#13680 = EDGE_LOOP('',(#13681,#13682,#13688,#13689));
#13681 = ORIENTED_EDGE('',*,*,#10690,.T.);
#13682 = ORIENTED_EDGE('',*,*,#13683,.T.);
#13683 = EDGE_CURVE('',#10691,#12107,#13684,.T.);
#13684 = LINE('',#13685,#13686);
#13685 = CARTESIAN_POINT('',(118.435,-107.08,-4.6E-02));
#13686 = VECTOR('',#13687,1.);
#13687 = DIRECTION('',(0.,0.,1.));
#13688 = ORIENTED_EDGE('',*,*,#12106,.F.);
#13689 = ORIENTED_EDGE('',*,*,#13683,.F.);
#13690 = CYLINDRICAL_SURFACE('',#13691,0.5);
#13691 = AXIS2_PLACEMENT_3D('',#13692,#13693,#13694);
#13692 = CARTESIAN_POINT('',(118.435,-106.58,-4.6E-02));
#13693 = DIRECTION('',(-0.,-0.,-1.));
#13694 = DIRECTION('',(-0.,-1.,0.));
#13695 = ADVANCED_FACE('',(#13696),#13707,.F.);
#13696 = FACE_BOUND('',#13697,.T.);
#13697 = EDGE_LOOP('',(#13698,#13699,#13705,#13706));
#13698 = ORIENTED_EDGE('',*,*,#10701,.T.);
#13699 = ORIENTED_EDGE('',*,*,#13700,.T.);
#13700 = EDGE_CURVE('',#10702,#12118,#13701,.T.);
#13701 = LINE('',#13702,#13703);
#13702 = CARTESIAN_POINT('',(120.975,-109.62,-4.6E-02));
#13703 = VECTOR('',#13704,1.);
#13704 = DIRECTION('',(0.,0.,1.));
#13705 = ORIENTED_EDGE('',*,*,#12117,.F.);
#13706 = ORIENTED_EDGE('',*,*,#13700,.F.);
#13707 = CYLINDRICAL_SURFACE('',#13708,0.5);
#13708 = AXIS2_PLACEMENT_3D('',#13709,#13710,#13711);
#13709 = CARTESIAN_POINT('',(120.975,-109.12,-4.6E-02));
#13710 = DIRECTION('',(-0.,-0.,-1.));
#13711 = DIRECTION('',(-0.,-1.,0.));
#13712 = ADVANCED_FACE('',(#13713),#13724,.F.);
#13713 = FACE_BOUND('',#13714,.T.);
#13714 = EDGE_LOOP('',(#13715,#13716,#13722,#13723));
#13715 = ORIENTED_EDGE('',*,*,#10712,.T.);
#13716 = ORIENTED_EDGE('',*,*,#13717,.T.);
#13717 = EDGE_CURVE('',#10713,#12129,#13718,.T.);
#13718 = LINE('',#13719,#13720);
#13719 = CARTESIAN_POINT('',(120.975,-107.08,-4.6E-02));
#13720 = VECTOR('',#13721,1.);
#13721 = DIRECTION('',(0.,0.,1.));
#13722 = ORIENTED_EDGE('',*,*,#12128,.F.);
#13723 = ORIENTED_EDGE('',*,*,#13717,.F.);
#13724 = CYLINDRICAL_SURFACE('',#13725,0.5);
#13725 = AXIS2_PLACEMENT_3D('',#13726,#13727,#13728);
#13726 = CARTESIAN_POINT('',(120.975,-106.58,-4.6E-02));
#13727 = DIRECTION('',(-0.,-0.,-1.));
#13728 = DIRECTION('',(-0.,-1.,0.));
#13729 = ADVANCED_FACE('',(#13730),#13741,.F.);
#13730 = FACE_BOUND('',#13731,.T.);
#13731 = EDGE_LOOP('',(#13732,#13733,#13739,#13740));
#13732 = ORIENTED_EDGE('',*,*,#10723,.T.);
#13733 = ORIENTED_EDGE('',*,*,#13734,.T.);
#13734 = EDGE_CURVE('',#10724,#12140,#13735,.T.);
#13735 = LINE('',#13736,#13737);
#13736 = CARTESIAN_POINT('',(132.34,-114.7,-4.6E-02));
#13737 = VECTOR('',#13738,1.);
#13738 = DIRECTION('',(0.,0.,1.));
#13739 = ORIENTED_EDGE('',*,*,#12139,.F.);
#13740 = ORIENTED_EDGE('',*,*,#13734,.F.);
#13741 = CYLINDRICAL_SURFACE('',#13742,0.5);
#13742 = AXIS2_PLACEMENT_3D('',#13743,#13744,#13745);
#13743 = CARTESIAN_POINT('',(132.34,-114.2,-4.6E-02));
#13744 = DIRECTION('',(-0.,-0.,-1.));
#13745 = DIRECTION('',(-0.,-1.,0.));
#13746 = ADVANCED_FACE('',(#13747),#13758,.F.);
#13747 = FACE_BOUND('',#13748,.T.);
#13748 = EDGE_LOOP('',(#13749,#13750,#13756,#13757));
#13749 = ORIENTED_EDGE('',*,*,#10734,.T.);
#13750 = ORIENTED_EDGE('',*,*,#13751,.T.);
#13751 = EDGE_CURVE('',#10735,#12151,#13752,.T.);
#13752 = LINE('',#13753,#13754);
#13753 = CARTESIAN_POINT('',(134.88,-114.7,-4.6E-02));
#13754 = VECTOR('',#13755,1.);
#13755 = DIRECTION('',(0.,0.,1.));
#13756 = ORIENTED_EDGE('',*,*,#12150,.F.);
#13757 = ORIENTED_EDGE('',*,*,#13751,.F.);
#13758 = CYLINDRICAL_SURFACE('',#13759,0.5);
#13759 = AXIS2_PLACEMENT_3D('',#13760,#13761,#13762);
#13760 = CARTESIAN_POINT('',(134.88,-114.2,-4.6E-02));
#13761 = DIRECTION('',(-0.,-0.,-1.));
#13762 = DIRECTION('',(-0.,-1.,0.));
#13763 = ADVANCED_FACE('',(#13764),#13775,.F.);
#13764 = FACE_BOUND('',#13765,.T.);
#13765 = EDGE_LOOP('',(#13766,#13767,#13773,#13774));
#13766 = ORIENTED_EDGE('',*,*,#10745,.T.);
#13767 = ORIENTED_EDGE('',*,*,#13768,.T.);
#13768 = EDGE_CURVE('',#10746,#12162,#13769,.T.);
#13769 = LINE('',#13770,#13771);
#13770 = CARTESIAN_POINT('',(132.34,-112.16,-4.6E-02));
#13771 = VECTOR('',#13772,1.);
#13772 = DIRECTION('',(0.,0.,1.));
#13773 = ORIENTED_EDGE('',*,*,#12161,.F.);
#13774 = ORIENTED_EDGE('',*,*,#13768,.F.);
#13775 = CYLINDRICAL_SURFACE('',#13776,0.5);
#13776 = AXIS2_PLACEMENT_3D('',#13777,#13778,#13779);
#13777 = CARTESIAN_POINT('',(132.34,-111.66,-4.6E-02));
#13778 = DIRECTION('',(-0.,-0.,-1.));
#13779 = DIRECTION('',(-0.,-1.,0.));
#13780 = ADVANCED_FACE('',(#13781),#13792,.F.);
#13781 = FACE_BOUND('',#13782,.T.);
#13782 = EDGE_LOOP('',(#13783,#13784,#13790,#13791));
#13783 = ORIENTED_EDGE('',*,*,#10756,.T.);
#13784 = ORIENTED_EDGE('',*,*,#13785,.T.);
#13785 = EDGE_CURVE('',#10757,#12173,#13786,.T.);
#13786 = LINE('',#13787,#13788);
#13787 = CARTESIAN_POINT('',(134.88,-112.16,-4.6E-02));
#13788 = VECTOR('',#13789,1.);
#13789 = DIRECTION('',(0.,0.,1.));
#13790 = ORIENTED_EDGE('',*,*,#12172,.F.);
#13791 = ORIENTED_EDGE('',*,*,#13785,.F.);
#13792 = CYLINDRICAL_SURFACE('',#13793,0.5);
#13793 = AXIS2_PLACEMENT_3D('',#13794,#13795,#13796);
#13794 = CARTESIAN_POINT('',(134.88,-111.66,-4.6E-02));
#13795 = DIRECTION('',(-0.,-0.,-1.));
#13796 = DIRECTION('',(-0.,-1.,0.));
#13797 = ADVANCED_FACE('',(#13798),#13809,.F.);
#13798 = FACE_BOUND('',#13799,.T.);
#13799 = EDGE_LOOP('',(#13800,#13801,#13807,#13808));
#13800 = ORIENTED_EDGE('',*,*,#10767,.T.);
#13801 = ORIENTED_EDGE('',*,*,#13802,.T.);
#13802 = EDGE_CURVE('',#10768,#12184,#13803,.T.);
#13803 = LINE('',#13804,#13805);
#13804 = CARTESIAN_POINT('',(146.245,-114.7,-4.6E-02));
#13805 = VECTOR('',#13806,1.);
#13806 = DIRECTION('',(0.,0.,1.));
#13807 = ORIENTED_EDGE('',*,*,#12183,.F.);
#13808 = ORIENTED_EDGE('',*,*,#13802,.F.);
#13809 = CYLINDRICAL_SURFACE('',#13810,0.5);
#13810 = AXIS2_PLACEMENT_3D('',#13811,#13812,#13813);
#13811 = CARTESIAN_POINT('',(146.245,-114.2,-4.6E-02));
#13812 = DIRECTION('',(-0.,-0.,-1.));
#13813 = DIRECTION('',(-0.,-1.,0.));
#13814 = ADVANCED_FACE('',(#13815),#13826,.F.);
#13815 = FACE_BOUND('',#13816,.T.);
#13816 = EDGE_LOOP('',(#13817,#13818,#13824,#13825));
#13817 = ORIENTED_EDGE('',*,*,#10778,.T.);
#13818 = ORIENTED_EDGE('',*,*,#13819,.T.);
#13819 = EDGE_CURVE('',#10779,#12195,#13820,.T.);
#13820 = LINE('',#13821,#13822);
#13821 = CARTESIAN_POINT('',(148.785,-114.7,-4.6E-02));
#13822 = VECTOR('',#13823,1.);
#13823 = DIRECTION('',(0.,0.,1.));
#13824 = ORIENTED_EDGE('',*,*,#12194,.F.);
#13825 = ORIENTED_EDGE('',*,*,#13819,.F.);
#13826 = CYLINDRICAL_SURFACE('',#13827,0.5);
#13827 = AXIS2_PLACEMENT_3D('',#13828,#13829,#13830);
#13828 = CARTESIAN_POINT('',(148.785,-114.2,-4.6E-02));
#13829 = DIRECTION('',(-0.,-0.,-1.));
#13830 = DIRECTION('',(-0.,-1.,0.));
#13831 = ADVANCED_FACE('',(#13832),#13843,.F.);
#13832 = FACE_BOUND('',#13833,.T.);
#13833 = EDGE_LOOP('',(#13834,#13835,#13841,#13842));
#13834 = ORIENTED_EDGE('',*,*,#10789,.T.);
#13835 = ORIENTED_EDGE('',*,*,#13836,.T.);
#13836 = EDGE_CURVE('',#10790,#12206,#13837,.T.);
#13837 = LINE('',#13838,#13839);
#13838 = CARTESIAN_POINT('',(146.245,-112.16,-4.6E-02));
#13839 = VECTOR('',#13840,1.);
#13840 = DIRECTION('',(0.,0.,1.));
#13841 = ORIENTED_EDGE('',*,*,#12205,.F.);
#13842 = ORIENTED_EDGE('',*,*,#13836,.F.);
#13843 = CYLINDRICAL_SURFACE('',#13844,0.5);
#13844 = AXIS2_PLACEMENT_3D('',#13845,#13846,#13847);
#13845 = CARTESIAN_POINT('',(146.245,-111.66,-4.6E-02));
#13846 = DIRECTION('',(-0.,-0.,-1.));
#13847 = DIRECTION('',(-0.,-1.,0.));
#13848 = ADVANCED_FACE('',(#13849),#13860,.F.);
#13849 = FACE_BOUND('',#13850,.T.);
#13850 = EDGE_LOOP('',(#13851,#13852,#13858,#13859));
#13851 = ORIENTED_EDGE('',*,*,#10800,.T.);
#13852 = ORIENTED_EDGE('',*,*,#13853,.T.);
#13853 = EDGE_CURVE('',#10801,#12217,#13854,.T.);
#13854 = LINE('',#13855,#13856);
#13855 = CARTESIAN_POINT('',(148.785,-112.16,-4.6E-02));
#13856 = VECTOR('',#13857,1.);
#13857 = DIRECTION('',(0.,0.,1.));
#13858 = ORIENTED_EDGE('',*,*,#12216,.F.);
#13859 = ORIENTED_EDGE('',*,*,#13853,.F.);
#13860 = CYLINDRICAL_SURFACE('',#13861,0.5);
#13861 = AXIS2_PLACEMENT_3D('',#13862,#13863,#13864);
#13862 = CARTESIAN_POINT('',(148.785,-111.66,-4.6E-02));
#13863 = DIRECTION('',(-0.,-0.,-1.));
#13864 = DIRECTION('',(-0.,-1.,0.));
#13865 = ADVANCED_FACE('',(#13866),#13877,.F.);
#13866 = FACE_BOUND('',#13867,.T.);
#13867 = EDGE_LOOP('',(#13868,#13869,#13875,#13876));
#13868 = ORIENTED_EDGE('',*,*,#10811,.T.);
#13869 = ORIENTED_EDGE('',*,*,#13870,.T.);
#13870 = EDGE_CURVE('',#10812,#12228,#13871,.T.);
#13871 = LINE('',#13872,#13873);
#13872 = CARTESIAN_POINT('',(132.34,-109.62,-4.6E-02));
#13873 = VECTOR('',#13874,1.);
#13874 = DIRECTION('',(0.,0.,1.));
#13875 = ORIENTED_EDGE('',*,*,#12227,.F.);
#13876 = ORIENTED_EDGE('',*,*,#13870,.F.);
#13877 = CYLINDRICAL_SURFACE('',#13878,0.5);
#13878 = AXIS2_PLACEMENT_3D('',#13879,#13880,#13881);
#13879 = CARTESIAN_POINT('',(132.34,-109.12,-4.6E-02));
#13880 = DIRECTION('',(-0.,-0.,-1.));
#13881 = DIRECTION('',(-0.,-1.,0.));
#13882 = ADVANCED_FACE('',(#13883),#13894,.F.);
#13883 = FACE_BOUND('',#13884,.T.);
#13884 = EDGE_LOOP('',(#13885,#13886,#13892,#13893));
#13885 = ORIENTED_EDGE('',*,*,#10822,.T.);
#13886 = ORIENTED_EDGE('',*,*,#13887,.T.);
#13887 = EDGE_CURVE('',#10823,#12239,#13888,.T.);
#13888 = LINE('',#13889,#13890);
#13889 = CARTESIAN_POINT('',(134.88,-109.62,-4.6E-02));
#13890 = VECTOR('',#13891,1.);
#13891 = DIRECTION('',(0.,0.,1.));
#13892 = ORIENTED_EDGE('',*,*,#12238,.F.);
#13893 = ORIENTED_EDGE('',*,*,#13887,.F.);
#13894 = CYLINDRICAL_SURFACE('',#13895,0.5);
#13895 = AXIS2_PLACEMENT_3D('',#13896,#13897,#13898);
#13896 = CARTESIAN_POINT('',(134.88,-109.12,-4.6E-02));
#13897 = DIRECTION('',(-0.,-0.,-1.));
#13898 = DIRECTION('',(-0.,-1.,0.));
#13899 = ADVANCED_FACE('',(#13900),#13911,.F.);
#13900 = FACE_BOUND('',#13901,.T.);
#13901 = EDGE_LOOP('',(#13902,#13903,#13909,#13910));
#13902 = ORIENTED_EDGE('',*,*,#10833,.T.);
#13903 = ORIENTED_EDGE('',*,*,#13904,.T.);
#13904 = EDGE_CURVE('',#10834,#12250,#13905,.T.);
#13905 = LINE('',#13906,#13907);
#13906 = CARTESIAN_POINT('',(132.34,-107.08,-4.6E-02));
#13907 = VECTOR('',#13908,1.);
#13908 = DIRECTION('',(0.,0.,1.));
#13909 = ORIENTED_EDGE('',*,*,#12249,.F.);
#13910 = ORIENTED_EDGE('',*,*,#13904,.F.);
#13911 = CYLINDRICAL_SURFACE('',#13912,0.5);
#13912 = AXIS2_PLACEMENT_3D('',#13913,#13914,#13915);
#13913 = CARTESIAN_POINT('',(132.34,-106.58,-4.6E-02));
#13914 = DIRECTION('',(-0.,-0.,-1.));
#13915 = DIRECTION('',(-0.,-1.,0.));
#13916 = ADVANCED_FACE('',(#13917),#13928,.F.);
#13917 = FACE_BOUND('',#13918,.T.);
#13918 = EDGE_LOOP('',(#13919,#13920,#13926,#13927));
#13919 = ORIENTED_EDGE('',*,*,#10844,.T.);
#13920 = ORIENTED_EDGE('',*,*,#13921,.T.);
#13921 = EDGE_CURVE('',#10845,#12261,#13922,.T.);
#13922 = LINE('',#13923,#13924);
#13923 = CARTESIAN_POINT('',(134.88,-107.08,-4.6E-02));
#13924 = VECTOR('',#13925,1.);
#13925 = DIRECTION('',(0.,0.,1.));
#13926 = ORIENTED_EDGE('',*,*,#12260,.F.);
#13927 = ORIENTED_EDGE('',*,*,#13921,.F.);
#13928 = CYLINDRICAL_SURFACE('',#13929,0.5);
#13929 = AXIS2_PLACEMENT_3D('',#13930,#13931,#13932);
#13930 = CARTESIAN_POINT('',(134.88,-106.58,-4.6E-02));
#13931 = DIRECTION('',(-0.,-0.,-1.));
#13932 = DIRECTION('',(-0.,-1.,0.));
#13933 = ADVANCED_FACE('',(#13934),#13945,.F.);
#13934 = FACE_BOUND('',#13935,.T.);
#13935 = EDGE_LOOP('',(#13936,#13937,#13943,#13944));
#13936 = ORIENTED_EDGE('',*,*,#10855,.T.);
#13937 = ORIENTED_EDGE('',*,*,#13938,.T.);
#13938 = EDGE_CURVE('',#10856,#12272,#13939,.T.);
#13939 = LINE('',#13940,#13941);
#13940 = CARTESIAN_POINT('',(146.245,-109.62,-4.6E-02));
#13941 = VECTOR('',#13942,1.);
#13942 = DIRECTION('',(0.,0.,1.));
#13943 = ORIENTED_EDGE('',*,*,#12271,.F.);
#13944 = ORIENTED_EDGE('',*,*,#13938,.F.);
#13945 = CYLINDRICAL_SURFACE('',#13946,0.5);
#13946 = AXIS2_PLACEMENT_3D('',#13947,#13948,#13949);
#13947 = CARTESIAN_POINT('',(146.245,-109.12,-4.6E-02));
#13948 = DIRECTION('',(-0.,-0.,-1.));
#13949 = DIRECTION('',(-0.,-1.,0.));
#13950 = ADVANCED_FACE('',(#13951),#13962,.F.);
#13951 = FACE_BOUND('',#13952,.T.);
#13952 = EDGE_LOOP('',(#13953,#13954,#13960,#13961));
#13953 = ORIENTED_EDGE('',*,*,#10866,.T.);
#13954 = ORIENTED_EDGE('',*,*,#13955,.T.);
#13955 = EDGE_CURVE('',#10867,#12283,#13956,.T.);
#13956 = LINE('',#13957,#13958);
#13957 = CARTESIAN_POINT('',(148.785,-109.62,-4.6E-02));
#13958 = VECTOR('',#13959,1.);
#13959 = DIRECTION('',(0.,0.,1.));
#13960 = ORIENTED_EDGE('',*,*,#12282,.F.);
#13961 = ORIENTED_EDGE('',*,*,#13955,.F.);
#13962 = CYLINDRICAL_SURFACE('',#13963,0.5);
#13963 = AXIS2_PLACEMENT_3D('',#13964,#13965,#13966);
#13964 = CARTESIAN_POINT('',(148.785,-109.12,-4.6E-02));
#13965 = DIRECTION('',(-0.,-0.,-1.));
#13966 = DIRECTION('',(-0.,-1.,0.));
#13967 = ADVANCED_FACE('',(#13968),#13979,.F.);
#13968 = FACE_BOUND('',#13969,.T.);
#13969 = EDGE_LOOP('',(#13970,#13971,#13977,#13978));
#13970 = ORIENTED_EDGE('',*,*,#10877,.T.);
#13971 = ORIENTED_EDGE('',*,*,#13972,.T.);
#13972 = EDGE_CURVE('',#10878,#12294,#13973,.T.);
#13973 = LINE('',#13974,#13975);
#13974 = CARTESIAN_POINT('',(146.245,-107.08,-4.6E-02));
#13975 = VECTOR('',#13976,1.);
#13976 = DIRECTION('',(0.,0.,1.));
#13977 = ORIENTED_EDGE('',*,*,#12293,.F.);
#13978 = ORIENTED_EDGE('',*,*,#13972,.F.);
#13979 = CYLINDRICAL_SURFACE('',#13980,0.5);
#13980 = AXIS2_PLACEMENT_3D('',#13981,#13982,#13983);
#13981 = CARTESIAN_POINT('',(146.245,-106.58,-4.6E-02));
#13982 = DIRECTION('',(-0.,-0.,-1.));
#13983 = DIRECTION('',(-0.,-1.,0.));
#13984 = ADVANCED_FACE('',(#13985),#13996,.F.);
#13985 = FACE_BOUND('',#13986,.T.);
#13986 = EDGE_LOOP('',(#13987,#13988,#13994,#13995));
#13987 = ORIENTED_EDGE('',*,*,#10888,.T.);
#13988 = ORIENTED_EDGE('',*,*,#13989,.T.);
#13989 = EDGE_CURVE('',#10889,#12305,#13990,.T.);
#13990 = LINE('',#13991,#13992);
#13991 = CARTESIAN_POINT('',(148.785,-107.08,-4.6E-02));
#13992 = VECTOR('',#13993,1.);
#13993 = DIRECTION('',(0.,0.,1.));
#13994 = ORIENTED_EDGE('',*,*,#12304,.F.);
#13995 = ORIENTED_EDGE('',*,*,#13989,.F.);
#13996 = CYLINDRICAL_SURFACE('',#13997,0.5);
#13997 = AXIS2_PLACEMENT_3D('',#13998,#13999,#14000);
#13998 = CARTESIAN_POINT('',(148.785,-106.58,-4.6E-02));
#13999 = DIRECTION('',(-0.,-0.,-1.));
#14000 = DIRECTION('',(-0.,-1.,0.));
#14001 = ADVANCED_FACE('',(#14002),#14013,.F.);
#14002 = FACE_BOUND('',#14003,.T.);
#14003 = EDGE_LOOP('',(#14004,#14005,#14011,#14012));
#14004 = ORIENTED_EDGE('',*,*,#10899,.T.);
#14005 = ORIENTED_EDGE('',*,*,#14006,.T.);
#14006 = EDGE_CURVE('',#10900,#12316,#14007,.T.);
#14007 = LINE('',#14008,#14009);
#14008 = CARTESIAN_POINT('',(160.15,-119.78,-4.6E-02));
#14009 = VECTOR('',#14010,1.);
#14010 = DIRECTION('',(0.,0.,1.));
#14011 = ORIENTED_EDGE('',*,*,#12315,.F.);
#14012 = ORIENTED_EDGE('',*,*,#14006,.F.);
#14013 = CYLINDRICAL_SURFACE('',#14014,0.5);
#14014 = AXIS2_PLACEMENT_3D('',#14015,#14016,#14017);
#14015 = CARTESIAN_POINT('',(160.15,-119.28,-4.6E-02));
#14016 = DIRECTION('',(-0.,-0.,-1.));
#14017 = DIRECTION('',(-0.,-1.,0.));
#14018 = ADVANCED_FACE('',(#14019),#14030,.F.);
#14019 = FACE_BOUND('',#14020,.T.);
#14020 = EDGE_LOOP('',(#14021,#14022,#14028,#14029));
#14021 = ORIENTED_EDGE('',*,*,#10910,.T.);
#14022 = ORIENTED_EDGE('',*,*,#14023,.T.);
#14023 = EDGE_CURVE('',#10911,#12327,#14024,.T.);
#14024 = LINE('',#14025,#14026);
#14025 = CARTESIAN_POINT('',(162.69,-119.78,-4.6E-02));
#14026 = VECTOR('',#14027,1.);
#14027 = DIRECTION('',(0.,0.,1.));
#14028 = ORIENTED_EDGE('',*,*,#12326,.F.);
#14029 = ORIENTED_EDGE('',*,*,#14023,.F.);
#14030 = CYLINDRICAL_SURFACE('',#14031,0.5);
#14031 = AXIS2_PLACEMENT_3D('',#14032,#14033,#14034);
#14032 = CARTESIAN_POINT('',(162.69,-119.28,-4.6E-02));
#14033 = DIRECTION('',(-0.,-0.,-1.));
#14034 = DIRECTION('',(-0.,-1.,0.));
#14035 = ADVANCED_FACE('',(#14036),#14047,.F.);
#14036 = FACE_BOUND('',#14037,.T.);
#14037 = EDGE_LOOP('',(#14038,#14039,#14045,#14046));
#14038 = ORIENTED_EDGE('',*,*,#10921,.T.);
#14039 = ORIENTED_EDGE('',*,*,#14040,.T.);
#14040 = EDGE_CURVE('',#10922,#12338,#14041,.T.);
#14041 = LINE('',#14042,#14043);
#14042 = CARTESIAN_POINT('',(160.15,-117.24,-4.6E-02));
#14043 = VECTOR('',#14044,1.);
#14044 = DIRECTION('',(0.,0.,1.));
#14045 = ORIENTED_EDGE('',*,*,#12337,.F.);
#14046 = ORIENTED_EDGE('',*,*,#14040,.F.);
#14047 = CYLINDRICAL_SURFACE('',#14048,0.5);
#14048 = AXIS2_PLACEMENT_3D('',#14049,#14050,#14051);
#14049 = CARTESIAN_POINT('',(160.15,-116.74,-4.6E-02));
#14050 = DIRECTION('',(-0.,-0.,-1.));
#14051 = DIRECTION('',(-0.,-1.,0.));
#14052 = ADVANCED_FACE('',(#14053),#14064,.F.);
#14053 = FACE_BOUND('',#14054,.T.);
#14054 = EDGE_LOOP('',(#14055,#14056,#14062,#14063));
#14055 = ORIENTED_EDGE('',*,*,#10932,.T.);
#14056 = ORIENTED_EDGE('',*,*,#14057,.T.);
#14057 = EDGE_CURVE('',#10933,#12349,#14058,.T.);
#14058 = LINE('',#14059,#14060);
#14059 = CARTESIAN_POINT('',(162.69,-117.24,-4.6E-02));
#14060 = VECTOR('',#14061,1.);
#14061 = DIRECTION('',(0.,0.,1.));
#14062 = ORIENTED_EDGE('',*,*,#12348,.F.);
#14063 = ORIENTED_EDGE('',*,*,#14057,.F.);
#14064 = CYLINDRICAL_SURFACE('',#14065,0.5);
#14065 = AXIS2_PLACEMENT_3D('',#14066,#14067,#14068);
#14066 = CARTESIAN_POINT('',(162.69,-116.74,-4.6E-02));
#14067 = DIRECTION('',(-0.,-0.,-1.));
#14068 = DIRECTION('',(-0.,-1.,0.));
#14069 = ADVANCED_FACE('',(#14070),#14081,.F.);
#14070 = FACE_BOUND('',#14071,.T.);
#14071 = EDGE_LOOP('',(#14072,#14073,#14079,#14080));
#14072 = ORIENTED_EDGE('',*,*,#10943,.T.);
#14073 = ORIENTED_EDGE('',*,*,#14074,.T.);
#14074 = EDGE_CURVE('',#10944,#12360,#14075,.T.);
#14075 = LINE('',#14076,#14077);
#14076 = CARTESIAN_POINT('',(174.055,-119.78,-4.6E-02));
#14077 = VECTOR('',#14078,1.);
#14078 = DIRECTION('',(0.,0.,1.));
#14079 = ORIENTED_EDGE('',*,*,#12359,.F.);
#14080 = ORIENTED_EDGE('',*,*,#14074,.F.);
#14081 = CYLINDRICAL_SURFACE('',#14082,0.5);
#14082 = AXIS2_PLACEMENT_3D('',#14083,#14084,#14085);
#14083 = CARTESIAN_POINT('',(174.055,-119.28,-4.6E-02));
#14084 = DIRECTION('',(-0.,-0.,-1.));
#14085 = DIRECTION('',(-0.,-1.,0.));
#14086 = ADVANCED_FACE('',(#14087),#14098,.F.);
#14087 = FACE_BOUND('',#14088,.T.);
#14088 = EDGE_LOOP('',(#14089,#14090,#14096,#14097));
#14089 = ORIENTED_EDGE('',*,*,#10954,.T.);
#14090 = ORIENTED_EDGE('',*,*,#14091,.T.);
#14091 = EDGE_CURVE('',#10955,#12371,#14092,.T.);
#14092 = LINE('',#14093,#14094);
#14093 = CARTESIAN_POINT('',(176.595,-119.78,-4.6E-02));
#14094 = VECTOR('',#14095,1.);
#14095 = DIRECTION('',(0.,0.,1.));
#14096 = ORIENTED_EDGE('',*,*,#12370,.F.);
#14097 = ORIENTED_EDGE('',*,*,#14091,.F.);
#14098 = CYLINDRICAL_SURFACE('',#14099,0.5);
#14099 = AXIS2_PLACEMENT_3D('',#14100,#14101,#14102);
#14100 = CARTESIAN_POINT('',(176.595,-119.28,-4.6E-02));
#14101 = DIRECTION('',(-0.,-0.,-1.));
#14102 = DIRECTION('',(-0.,-1.,0.));
#14103 = ADVANCED_FACE('',(#14104),#14115,.F.);
#14104 = FACE_BOUND('',#14105,.T.);
#14105 = EDGE_LOOP('',(#14106,#14107,#14113,#14114));
#14106 = ORIENTED_EDGE('',*,*,#10965,.T.);
#14107 = ORIENTED_EDGE('',*,*,#14108,.T.);
#14108 = EDGE_CURVE('',#10966,#12382,#14109,.T.);
#14109 = LINE('',#14110,#14111);
#14110 = CARTESIAN_POINT('',(174.055,-117.24,-4.6E-02));
#14111 = VECTOR('',#14112,1.);
#14112 = DIRECTION('',(0.,0.,1.));
#14113 = ORIENTED_EDGE('',*,*,#12381,.F.);
#14114 = ORIENTED_EDGE('',*,*,#14108,.F.);
#14115 = CYLINDRICAL_SURFACE('',#14116,0.5);
#14116 = AXIS2_PLACEMENT_3D('',#14117,#14118,#14119);
#14117 = CARTESIAN_POINT('',(174.055,-116.74,-4.6E-02));
#14118 = DIRECTION('',(-0.,-0.,-1.));
#14119 = DIRECTION('',(-0.,-1.,0.));
#14120 = ADVANCED_FACE('',(#14121),#14132,.F.);
#14121 = FACE_BOUND('',#14122,.T.);
#14122 = EDGE_LOOP('',(#14123,#14124,#14130,#14131));
#14123 = ORIENTED_EDGE('',*,*,#10976,.T.);
#14124 = ORIENTED_EDGE('',*,*,#14125,.T.);
#14125 = EDGE_CURVE('',#10977,#12393,#14126,.T.);
#14126 = LINE('',#14127,#14128);
#14127 = CARTESIAN_POINT('',(176.595,-117.24,-4.6E-02));
#14128 = VECTOR('',#14129,1.);
#14129 = DIRECTION('',(0.,0.,1.));
#14130 = ORIENTED_EDGE('',*,*,#12392,.F.);
#14131 = ORIENTED_EDGE('',*,*,#14125,.F.);
#14132 = CYLINDRICAL_SURFACE('',#14133,0.5);
#14133 = AXIS2_PLACEMENT_3D('',#14134,#14135,#14136);
#14134 = CARTESIAN_POINT('',(176.595,-116.74,-4.6E-02));
#14135 = DIRECTION('',(-0.,-0.,-1.));
#14136 = DIRECTION('',(-0.,-1.,0.));
#14137 = ADVANCED_FACE('',(#14138),#14149,.F.);
#14138 = FACE_BOUND('',#14139,.T.);
#14139 = EDGE_LOOP('',(#14140,#14141,#14147,#14148));
#14140 = ORIENTED_EDGE('',*,*,#10987,.T.);
#14141 = ORIENTED_EDGE('',*,*,#14142,.T.);
#14142 = EDGE_CURVE('',#10988,#12404,#14143,.T.);
#14143 = LINE('',#14144,#14145);
#14144 = CARTESIAN_POINT('',(200.,-126.6,-4.6E-02));
#14145 = VECTOR('',#14146,1.);
#14146 = DIRECTION('',(0.,0.,1.));
#14147 = ORIENTED_EDGE('',*,*,#12403,.F.);
#14148 = ORIENTED_EDGE('',*,*,#14142,.F.);
#14149 = CYLINDRICAL_SURFACE('',#14150,1.6);
#14150 = AXIS2_PLACEMENT_3D('',#14151,#14152,#14153);
#14151 = CARTESIAN_POINT('',(200.,-125.,-4.6E-02));
#14152 = DIRECTION('',(-0.,-0.,-1.));
#14153 = DIRECTION('',(-0.,-1.,0.));
#14154 = ADVANCED_FACE('',(#14155),#14166,.F.);
#14155 = FACE_BOUND('',#14156,.T.);
#14156 = EDGE_LOOP('',(#14157,#14158,#14164,#14165));
#14157 = ORIENTED_EDGE('',*,*,#10998,.T.);
#14158 = ORIENTED_EDGE('',*,*,#14159,.T.);
#14159 = EDGE_CURVE('',#10999,#12415,#14160,.T.);
#14160 = LINE('',#14161,#14162);
#14161 = CARTESIAN_POINT('',(187.96,-119.78,-4.6E-02));
#14162 = VECTOR('',#14163,1.);
#14163 = DIRECTION('',(0.,0.,1.));
#14164 = ORIENTED_EDGE('',*,*,#12414,.F.);
#14165 = ORIENTED_EDGE('',*,*,#14159,.F.);
#14166 = CYLINDRICAL_SURFACE('',#14167,0.5);
#14167 = AXIS2_PLACEMENT_3D('',#14168,#14169,#14170);
#14168 = CARTESIAN_POINT('',(187.96,-119.28,-4.6E-02));
#14169 = DIRECTION('',(-0.,-0.,-1.));
#14170 = DIRECTION('',(-0.,-1.,0.));
#14171 = ADVANCED_FACE('',(#14172),#14183,.F.);
#14172 = FACE_BOUND('',#14173,.T.);
#14173 = EDGE_LOOP('',(#14174,#14175,#14181,#14182));
#14174 = ORIENTED_EDGE('',*,*,#11009,.T.);
#14175 = ORIENTED_EDGE('',*,*,#14176,.T.);
#14176 = EDGE_CURVE('',#11010,#12426,#14177,.T.);
#14177 = LINE('',#14178,#14179);
#14178 = CARTESIAN_POINT('',(190.5,-119.78,-4.6E-02));
#14179 = VECTOR('',#14180,1.);
#14180 = DIRECTION('',(0.,0.,1.));
#14181 = ORIENTED_EDGE('',*,*,#12425,.F.);
#14182 = ORIENTED_EDGE('',*,*,#14176,.F.);
#14183 = CYLINDRICAL_SURFACE('',#14184,0.5);
#14184 = AXIS2_PLACEMENT_3D('',#14185,#14186,#14187);
#14185 = CARTESIAN_POINT('',(190.5,-119.28,-4.6E-02));
#14186 = DIRECTION('',(-0.,-0.,-1.));
#14187 = DIRECTION('',(-0.,-1.,0.));
#14188 = ADVANCED_FACE('',(#14189),#14200,.F.);
#14189 = FACE_BOUND('',#14190,.T.);
#14190 = EDGE_LOOP('',(#14191,#14192,#14198,#14199));
#14191 = ORIENTED_EDGE('',*,*,#11020,.T.);
#14192 = ORIENTED_EDGE('',*,*,#14193,.T.);
#14193 = EDGE_CURVE('',#11021,#12437,#14194,.T.);
#14194 = LINE('',#14195,#14196);
#14195 = CARTESIAN_POINT('',(187.96,-117.24,-4.6E-02));
#14196 = VECTOR('',#14197,1.);
#14197 = DIRECTION('',(0.,0.,1.));
#14198 = ORIENTED_EDGE('',*,*,#12436,.F.);
#14199 = ORIENTED_EDGE('',*,*,#14193,.F.);
#14200 = CYLINDRICAL_SURFACE('',#14201,0.5);
#14201 = AXIS2_PLACEMENT_3D('',#14202,#14203,#14204);
#14202 = CARTESIAN_POINT('',(187.96,-116.74,-4.6E-02));
#14203 = DIRECTION('',(-0.,-0.,-1.));
#14204 = DIRECTION('',(-0.,-1.,0.));
#14205 = ADVANCED_FACE('',(#14206),#14217,.F.);
#14206 = FACE_BOUND('',#14207,.T.);
#14207 = EDGE_LOOP('',(#14208,#14209,#14215,#14216));
#14208 = ORIENTED_EDGE('',*,*,#11031,.T.);
#14209 = ORIENTED_EDGE('',*,*,#14210,.T.);
#14210 = EDGE_CURVE('',#11032,#12448,#14211,.T.);
#14211 = LINE('',#14212,#14213);
#14212 = CARTESIAN_POINT('',(190.5,-117.24,-4.6E-02));
#14213 = VECTOR('',#14214,1.);
#14214 = DIRECTION('',(0.,0.,1.));
#14215 = ORIENTED_EDGE('',*,*,#12447,.F.);
#14216 = ORIENTED_EDGE('',*,*,#14210,.F.);
#14217 = CYLINDRICAL_SURFACE('',#14218,0.5);
#14218 = AXIS2_PLACEMENT_3D('',#14219,#14220,#14221);
#14219 = CARTESIAN_POINT('',(190.5,-116.74,-4.6E-02));
#14220 = DIRECTION('',(-0.,-0.,-1.));
#14221 = DIRECTION('',(-0.,-1.,0.));
#14222 = ADVANCED_FACE('',(#14223),#14234,.F.);
#14223 = FACE_BOUND('',#14224,.T.);
#14224 = EDGE_LOOP('',(#14225,#14226,#14232,#14233));
#14225 = ORIENTED_EDGE('',*,*,#11042,.T.);
#14226 = ORIENTED_EDGE('',*,*,#14227,.T.);
#14227 = EDGE_CURVE('',#11043,#12459,#14228,.T.);
#14228 = LINE('',#14229,#14230);
#14229 = CARTESIAN_POINT('',(201.75,-117.8,-4.6E-02));
#14230 = VECTOR('',#14231,1.);
#14231 = DIRECTION('',(0.,0.,1.));
#14232 = ORIENTED_EDGE('',*,*,#12458,.F.);
#14233 = ORIENTED_EDGE('',*,*,#14227,.F.);
#14234 = CYLINDRICAL_SURFACE('',#14235,0.8);
#14235 = AXIS2_PLACEMENT_3D('',#14236,#14237,#14238);
#14236 = CARTESIAN_POINT('',(201.75,-117.,-4.6E-02));
#14237 = DIRECTION('',(-0.,-0.,-1.));
#14238 = DIRECTION('',(-0.,-1.,0.));
#14239 = ADVANCED_FACE('',(#14240),#14251,.F.);
#14240 = FACE_BOUND('',#14241,.T.);
#14241 = EDGE_LOOP('',(#14242,#14243,#14249,#14250));
#14242 = ORIENTED_EDGE('',*,*,#11053,.T.);
#14243 = ORIENTED_EDGE('',*,*,#14244,.T.);
#14244 = EDGE_CURVE('',#11054,#12470,#14245,.T.);
#14245 = LINE('',#14246,#14247);
#14246 = CARTESIAN_POINT('',(160.15,-114.7,-4.6E-02));
#14247 = VECTOR('',#14248,1.);
#14248 = DIRECTION('',(0.,0.,1.));
#14249 = ORIENTED_EDGE('',*,*,#12469,.F.);
#14250 = ORIENTED_EDGE('',*,*,#14244,.F.);
#14251 = CYLINDRICAL_SURFACE('',#14252,0.5);
#14252 = AXIS2_PLACEMENT_3D('',#14253,#14254,#14255);
#14253 = CARTESIAN_POINT('',(160.15,-114.2,-4.6E-02));
#14254 = DIRECTION('',(-0.,-0.,-1.));
#14255 = DIRECTION('',(-0.,-1.,0.));
#14256 = ADVANCED_FACE('',(#14257),#14268,.F.);
#14257 = FACE_BOUND('',#14258,.T.);
#14258 = EDGE_LOOP('',(#14259,#14260,#14266,#14267));
#14259 = ORIENTED_EDGE('',*,*,#11064,.T.);
#14260 = ORIENTED_EDGE('',*,*,#14261,.T.);
#14261 = EDGE_CURVE('',#11065,#12481,#14262,.T.);
#14262 = LINE('',#14263,#14264);
#14263 = CARTESIAN_POINT('',(162.69,-114.7,-4.6E-02));
#14264 = VECTOR('',#14265,1.);
#14265 = DIRECTION('',(0.,0.,1.));
#14266 = ORIENTED_EDGE('',*,*,#12480,.F.);
#14267 = ORIENTED_EDGE('',*,*,#14261,.F.);
#14268 = CYLINDRICAL_SURFACE('',#14269,0.5);
#14269 = AXIS2_PLACEMENT_3D('',#14270,#14271,#14272);
#14270 = CARTESIAN_POINT('',(162.69,-114.2,-4.6E-02));
#14271 = DIRECTION('',(-0.,-0.,-1.));
#14272 = DIRECTION('',(-0.,-1.,0.));
#14273 = ADVANCED_FACE('',(#14274),#14285,.F.);
#14274 = FACE_BOUND('',#14275,.T.);
#14275 = EDGE_LOOP('',(#14276,#14277,#14283,#14284));
#14276 = ORIENTED_EDGE('',*,*,#11075,.T.);
#14277 = ORIENTED_EDGE('',*,*,#14278,.T.);
#14278 = EDGE_CURVE('',#11076,#12492,#14279,.T.);
#14279 = LINE('',#14280,#14281);
#14280 = CARTESIAN_POINT('',(160.15,-112.16,-4.6E-02));
#14281 = VECTOR('',#14282,1.);
#14282 = DIRECTION('',(0.,0.,1.));
#14283 = ORIENTED_EDGE('',*,*,#12491,.F.);
#14284 = ORIENTED_EDGE('',*,*,#14278,.F.);
#14285 = CYLINDRICAL_SURFACE('',#14286,0.5);
#14286 = AXIS2_PLACEMENT_3D('',#14287,#14288,#14289);
#14287 = CARTESIAN_POINT('',(160.15,-111.66,-4.6E-02));
#14288 = DIRECTION('',(-0.,-0.,-1.));
#14289 = DIRECTION('',(-0.,-1.,0.));
#14290 = ADVANCED_FACE('',(#14291),#14302,.F.);
#14291 = FACE_BOUND('',#14292,.T.);
#14292 = EDGE_LOOP('',(#14293,#14294,#14300,#14301));
#14293 = ORIENTED_EDGE('',*,*,#11086,.T.);
#14294 = ORIENTED_EDGE('',*,*,#14295,.T.);
#14295 = EDGE_CURVE('',#11087,#12503,#14296,.T.);
#14296 = LINE('',#14297,#14298);
#14297 = CARTESIAN_POINT('',(162.69,-112.16,-4.6E-02));
#14298 = VECTOR('',#14299,1.);
#14299 = DIRECTION('',(0.,0.,1.));
#14300 = ORIENTED_EDGE('',*,*,#12502,.F.);
#14301 = ORIENTED_EDGE('',*,*,#14295,.F.);
#14302 = CYLINDRICAL_SURFACE('',#14303,0.5);
#14303 = AXIS2_PLACEMENT_3D('',#14304,#14305,#14306);
#14304 = CARTESIAN_POINT('',(162.69,-111.66,-4.6E-02));
#14305 = DIRECTION('',(-0.,-0.,-1.));
#14306 = DIRECTION('',(-0.,-1.,0.));
#14307 = ADVANCED_FACE('',(#14308),#14319,.F.);
#14308 = FACE_BOUND('',#14309,.T.);
#14309 = EDGE_LOOP('',(#14310,#14311,#14317,#14318));
#14310 = ORIENTED_EDGE('',*,*,#11097,.T.);
#14311 = ORIENTED_EDGE('',*,*,#14312,.T.);
#14312 = EDGE_CURVE('',#11098,#12514,#14313,.T.);
#14313 = LINE('',#14314,#14315);
#14314 = CARTESIAN_POINT('',(174.055,-114.7,-4.6E-02));
#14315 = VECTOR('',#14316,1.);
#14316 = DIRECTION('',(0.,0.,1.));
#14317 = ORIENTED_EDGE('',*,*,#12513,.F.);
#14318 = ORIENTED_EDGE('',*,*,#14312,.F.);
#14319 = CYLINDRICAL_SURFACE('',#14320,0.5);
#14320 = AXIS2_PLACEMENT_3D('',#14321,#14322,#14323);
#14321 = CARTESIAN_POINT('',(174.055,-114.2,-4.6E-02));
#14322 = DIRECTION('',(-0.,-0.,-1.));
#14323 = DIRECTION('',(-0.,-1.,0.));
#14324 = ADVANCED_FACE('',(#14325),#14336,.F.);
#14325 = FACE_BOUND('',#14326,.T.);
#14326 = EDGE_LOOP('',(#14327,#14328,#14334,#14335));
#14327 = ORIENTED_EDGE('',*,*,#11108,.T.);
#14328 = ORIENTED_EDGE('',*,*,#14329,.T.);
#14329 = EDGE_CURVE('',#11109,#12525,#14330,.T.);
#14330 = LINE('',#14331,#14332);
#14331 = CARTESIAN_POINT('',(176.595,-114.7,-4.6E-02));
#14332 = VECTOR('',#14333,1.);
#14333 = DIRECTION('',(0.,0.,1.));
#14334 = ORIENTED_EDGE('',*,*,#12524,.F.);
#14335 = ORIENTED_EDGE('',*,*,#14329,.F.);
#14336 = CYLINDRICAL_SURFACE('',#14337,0.5);
#14337 = AXIS2_PLACEMENT_3D('',#14338,#14339,#14340);
#14338 = CARTESIAN_POINT('',(176.595,-114.2,-4.6E-02));
#14339 = DIRECTION('',(-0.,-0.,-1.));
#14340 = DIRECTION('',(-0.,-1.,0.));
#14341 = ADVANCED_FACE('',(#14342),#14353,.F.);
#14342 = FACE_BOUND('',#14343,.T.);
#14343 = EDGE_LOOP('',(#14344,#14345,#14351,#14352));
#14344 = ORIENTED_EDGE('',*,*,#11119,.T.);
#14345 = ORIENTED_EDGE('',*,*,#14346,.T.);
#14346 = EDGE_CURVE('',#11120,#12536,#14347,.T.);
#14347 = LINE('',#14348,#14349);
#14348 = CARTESIAN_POINT('',(174.055,-112.16,-4.6E-02));
#14349 = VECTOR('',#14350,1.);
#14350 = DIRECTION('',(0.,0.,1.));
#14351 = ORIENTED_EDGE('',*,*,#12535,.F.);
#14352 = ORIENTED_EDGE('',*,*,#14346,.F.);
#14353 = CYLINDRICAL_SURFACE('',#14354,0.5);
#14354 = AXIS2_PLACEMENT_3D('',#14355,#14356,#14357);
#14355 = CARTESIAN_POINT('',(174.055,-111.66,-4.6E-02));
#14356 = DIRECTION('',(-0.,-0.,-1.));
#14357 = DIRECTION('',(-0.,-1.,0.));
#14358 = ADVANCED_FACE('',(#14359),#14370,.F.);
#14359 = FACE_BOUND('',#14360,.T.);
#14360 = EDGE_LOOP('',(#14361,#14362,#14368,#14369));
#14361 = ORIENTED_EDGE('',*,*,#11130,.T.);
#14362 = ORIENTED_EDGE('',*,*,#14363,.T.);
#14363 = EDGE_CURVE('',#11131,#12547,#14364,.T.);
#14364 = LINE('',#14365,#14366);
#14365 = CARTESIAN_POINT('',(176.595,-112.16,-4.6E-02));
#14366 = VECTOR('',#14367,1.);
#14367 = DIRECTION('',(0.,0.,1.));
#14368 = ORIENTED_EDGE('',*,*,#12546,.F.);
#14369 = ORIENTED_EDGE('',*,*,#14363,.F.);
#14370 = CYLINDRICAL_SURFACE('',#14371,0.5);
#14371 = AXIS2_PLACEMENT_3D('',#14372,#14373,#14374);
#14372 = CARTESIAN_POINT('',(176.595,-111.66,-4.6E-02));
#14373 = DIRECTION('',(-0.,-0.,-1.));
#14374 = DIRECTION('',(-0.,-1.,0.));
#14375 = ADVANCED_FACE('',(#14376),#14387,.F.);
#14376 = FACE_BOUND('',#14377,.T.);
#14377 = EDGE_LOOP('',(#14378,#14379,#14385,#14386));
#14378 = ORIENTED_EDGE('',*,*,#11141,.T.);
#14379 = ORIENTED_EDGE('',*,*,#14380,.T.);
#14380 = EDGE_CURVE('',#11142,#12558,#14381,.T.);
#14381 = LINE('',#14382,#14383);
#14382 = CARTESIAN_POINT('',(160.15,-109.62,-4.6E-02));
#14383 = VECTOR('',#14384,1.);
#14384 = DIRECTION('',(0.,0.,1.));
#14385 = ORIENTED_EDGE('',*,*,#12557,.F.);
#14386 = ORIENTED_EDGE('',*,*,#14380,.F.);
#14387 = CYLINDRICAL_SURFACE('',#14388,0.5);
#14388 = AXIS2_PLACEMENT_3D('',#14389,#14390,#14391);
#14389 = CARTESIAN_POINT('',(160.15,-109.12,-4.6E-02));
#14390 = DIRECTION('',(-0.,-0.,-1.));
#14391 = DIRECTION('',(-0.,-1.,0.));
#14392 = ADVANCED_FACE('',(#14393),#14404,.F.);
#14393 = FACE_BOUND('',#14394,.T.);
#14394 = EDGE_LOOP('',(#14395,#14396,#14402,#14403));
#14395 = ORIENTED_EDGE('',*,*,#11152,.T.);
#14396 = ORIENTED_EDGE('',*,*,#14397,.T.);
#14397 = EDGE_CURVE('',#11153,#12569,#14398,.T.);
#14398 = LINE('',#14399,#14400);
#14399 = CARTESIAN_POINT('',(162.69,-109.62,-4.6E-02));
#14400 = VECTOR('',#14401,1.);
#14401 = DIRECTION('',(0.,0.,1.));
#14402 = ORIENTED_EDGE('',*,*,#12568,.F.);
#14403 = ORIENTED_EDGE('',*,*,#14397,.F.);
#14404 = CYLINDRICAL_SURFACE('',#14405,0.5);
#14405 = AXIS2_PLACEMENT_3D('',#14406,#14407,#14408);
#14406 = CARTESIAN_POINT('',(162.69,-109.12,-4.6E-02));
#14407 = DIRECTION('',(-0.,-0.,-1.));
#14408 = DIRECTION('',(-0.,-1.,0.));
#14409 = ADVANCED_FACE('',(#14410),#14421,.F.);
#14410 = FACE_BOUND('',#14411,.T.);
#14411 = EDGE_LOOP('',(#14412,#14413,#14419,#14420));
#14412 = ORIENTED_EDGE('',*,*,#11163,.T.);
#14413 = ORIENTED_EDGE('',*,*,#14414,.T.);
#14414 = EDGE_CURVE('',#11164,#12580,#14415,.T.);
#14415 = LINE('',#14416,#14417);
#14416 = CARTESIAN_POINT('',(160.15,-107.08,-4.6E-02));
#14417 = VECTOR('',#14418,1.);
#14418 = DIRECTION('',(0.,0.,1.));
#14419 = ORIENTED_EDGE('',*,*,#12579,.F.);
#14420 = ORIENTED_EDGE('',*,*,#14414,.F.);
#14421 = CYLINDRICAL_SURFACE('',#14422,0.5);
#14422 = AXIS2_PLACEMENT_3D('',#14423,#14424,#14425);
#14423 = CARTESIAN_POINT('',(160.15,-106.58,-4.6E-02));
#14424 = DIRECTION('',(-0.,-0.,-1.));
#14425 = DIRECTION('',(-0.,-1.,0.));
#14426 = ADVANCED_FACE('',(#14427),#14438,.F.);
#14427 = FACE_BOUND('',#14428,.T.);
#14428 = EDGE_LOOP('',(#14429,#14430,#14436,#14437));
#14429 = ORIENTED_EDGE('',*,*,#11174,.T.);
#14430 = ORIENTED_EDGE('',*,*,#14431,.T.);
#14431 = EDGE_CURVE('',#11175,#12591,#14432,.T.);
#14432 = LINE('',#14433,#14434);
#14433 = CARTESIAN_POINT('',(162.69,-107.08,-4.6E-02));
#14434 = VECTOR('',#14435,1.);
#14435 = DIRECTION('',(0.,0.,1.));
#14436 = ORIENTED_EDGE('',*,*,#12590,.F.);
#14437 = ORIENTED_EDGE('',*,*,#14431,.F.);
#14438 = CYLINDRICAL_SURFACE('',#14439,0.5);
#14439 = AXIS2_PLACEMENT_3D('',#14440,#14441,#14442);
#14440 = CARTESIAN_POINT('',(162.69,-106.58,-4.6E-02));
#14441 = DIRECTION('',(-0.,-0.,-1.));
#14442 = DIRECTION('',(-0.,-1.,0.));
#14443 = ADVANCED_FACE('',(#14444),#14455,.F.);
#14444 = FACE_BOUND('',#14445,.T.);
#14445 = EDGE_LOOP('',(#14446,#14447,#14453,#14454));
#14446 = ORIENTED_EDGE('',*,*,#11185,.T.);
#14447 = ORIENTED_EDGE('',*,*,#14448,.T.);
#14448 = EDGE_CURVE('',#11186,#12602,#14449,.T.);
#14449 = LINE('',#14450,#14451);
#14450 = CARTESIAN_POINT('',(174.055,-109.62,-4.6E-02));
#14451 = VECTOR('',#14452,1.);
#14452 = DIRECTION('',(0.,0.,1.));
#14453 = ORIENTED_EDGE('',*,*,#12601,.F.);
#14454 = ORIENTED_EDGE('',*,*,#14448,.F.);
#14455 = CYLINDRICAL_SURFACE('',#14456,0.5);
#14456 = AXIS2_PLACEMENT_3D('',#14457,#14458,#14459);
#14457 = CARTESIAN_POINT('',(174.055,-109.12,-4.6E-02));
#14458 = DIRECTION('',(-0.,-0.,-1.));
#14459 = DIRECTION('',(-0.,-1.,0.));
#14460 = ADVANCED_FACE('',(#14461),#14472,.F.);
#14461 = FACE_BOUND('',#14462,.T.);
#14462 = EDGE_LOOP('',(#14463,#14464,#14470,#14471));
#14463 = ORIENTED_EDGE('',*,*,#11196,.T.);
#14464 = ORIENTED_EDGE('',*,*,#14465,.T.);
#14465 = EDGE_CURVE('',#11197,#12613,#14466,.T.);
#14466 = LINE('',#14467,#14468);
#14467 = CARTESIAN_POINT('',(176.595,-109.62,-4.6E-02));
#14468 = VECTOR('',#14469,1.);
#14469 = DIRECTION('',(0.,0.,1.));
#14470 = ORIENTED_EDGE('',*,*,#12612,.F.);
#14471 = ORIENTED_EDGE('',*,*,#14465,.F.);
#14472 = CYLINDRICAL_SURFACE('',#14473,0.5);
#14473 = AXIS2_PLACEMENT_3D('',#14474,#14475,#14476);
#14474 = CARTESIAN_POINT('',(176.595,-109.12,-4.6E-02));
#14475 = DIRECTION('',(-0.,-0.,-1.));
#14476 = DIRECTION('',(-0.,-1.,0.));
#14477 = ADVANCED_FACE('',(#14478),#14489,.F.);
#14478 = FACE_BOUND('',#14479,.T.);
#14479 = EDGE_LOOP('',(#14480,#14481,#14487,#14488));
#14480 = ORIENTED_EDGE('',*,*,#11207,.T.);
#14481 = ORIENTED_EDGE('',*,*,#14482,.T.);
#14482 = EDGE_CURVE('',#11208,#12624,#14483,.T.);
#14483 = LINE('',#14484,#14485);
#14484 = CARTESIAN_POINT('',(174.055,-107.08,-4.6E-02));
#14485 = VECTOR('',#14486,1.);
#14486 = DIRECTION('',(0.,0.,1.));
#14487 = ORIENTED_EDGE('',*,*,#12623,.F.);
#14488 = ORIENTED_EDGE('',*,*,#14482,.F.);
#14489 = CYLINDRICAL_SURFACE('',#14490,0.5);
#14490 = AXIS2_PLACEMENT_3D('',#14491,#14492,#14493);
#14491 = CARTESIAN_POINT('',(174.055,-106.58,-4.6E-02));
#14492 = DIRECTION('',(-0.,-0.,-1.));
#14493 = DIRECTION('',(-0.,-1.,0.));
#14494 = ADVANCED_FACE('',(#14495),#14506,.F.);
#14495 = FACE_BOUND('',#14496,.T.);
#14496 = EDGE_LOOP('',(#14497,#14498,#14504,#14505));
#14497 = ORIENTED_EDGE('',*,*,#11218,.T.);
#14498 = ORIENTED_EDGE('',*,*,#14499,.T.);
#14499 = EDGE_CURVE('',#11219,#12635,#14500,.T.);
#14500 = LINE('',#14501,#14502);
#14501 = CARTESIAN_POINT('',(176.595,-107.08,-4.6E-02));
#14502 = VECTOR('',#14503,1.);
#14503 = DIRECTION('',(0.,0.,1.));
#14504 = ORIENTED_EDGE('',*,*,#12634,.F.);
#14505 = ORIENTED_EDGE('',*,*,#14499,.F.);
#14506 = CYLINDRICAL_SURFACE('',#14507,0.5);
#14507 = AXIS2_PLACEMENT_3D('',#14508,#14509,#14510);
#14508 = CARTESIAN_POINT('',(176.595,-106.58,-4.6E-02));
#14509 = DIRECTION('',(-0.,-0.,-1.));
#14510 = DIRECTION('',(-0.,-1.,0.));
#14511 = ADVANCED_FACE('',(#14512),#14523,.F.);
#14512 = FACE_BOUND('',#14513,.T.);
#14513 = EDGE_LOOP('',(#14514,#14515,#14521,#14522));
#14514 = ORIENTED_EDGE('',*,*,#11229,.T.);
#14515 = ORIENTED_EDGE('',*,*,#14516,.T.);
#14516 = EDGE_CURVE('',#11230,#12646,#14517,.T.);
#14517 = LINE('',#14518,#14519);
#14518 = CARTESIAN_POINT('',(187.96,-114.7,-4.6E-02));
#14519 = VECTOR('',#14520,1.);
#14520 = DIRECTION('',(0.,0.,1.));
#14521 = ORIENTED_EDGE('',*,*,#12645,.F.);
#14522 = ORIENTED_EDGE('',*,*,#14516,.F.);
#14523 = CYLINDRICAL_SURFACE('',#14524,0.5);
#14524 = AXIS2_PLACEMENT_3D('',#14525,#14526,#14527);
#14525 = CARTESIAN_POINT('',(187.96,-114.2,-4.6E-02));
#14526 = DIRECTION('',(-0.,-0.,-1.));
#14527 = DIRECTION('',(-0.,-1.,0.));
#14528 = ADVANCED_FACE('',(#14529),#14540,.F.);
#14529 = FACE_BOUND('',#14530,.T.);
#14530 = EDGE_LOOP('',(#14531,#14532,#14538,#14539));
#14531 = ORIENTED_EDGE('',*,*,#11240,.T.);
#14532 = ORIENTED_EDGE('',*,*,#14533,.T.);
#14533 = EDGE_CURVE('',#11241,#12657,#14534,.T.);
#14534 = LINE('',#14535,#14536);
#14535 = CARTESIAN_POINT('',(190.5,-114.7,-4.6E-02));
#14536 = VECTOR('',#14537,1.);
#14537 = DIRECTION('',(0.,0.,1.));
#14538 = ORIENTED_EDGE('',*,*,#12656,.F.);
#14539 = ORIENTED_EDGE('',*,*,#14533,.F.);
#14540 = CYLINDRICAL_SURFACE('',#14541,0.5);
#14541 = AXIS2_PLACEMENT_3D('',#14542,#14543,#14544);
#14542 = CARTESIAN_POINT('',(190.5,-114.2,-4.6E-02));
#14543 = DIRECTION('',(-0.,-0.,-1.));
#14544 = DIRECTION('',(-0.,-1.,0.));
#14545 = ADVANCED_FACE('',(#14546),#14557,.F.);
#14546 = FACE_BOUND('',#14547,.T.);
#14547 = EDGE_LOOP('',(#14548,#14549,#14555,#14556));
#14548 = ORIENTED_EDGE('',*,*,#11251,.T.);
#14549 = ORIENTED_EDGE('',*,*,#14550,.T.);
#14550 = EDGE_CURVE('',#11252,#12668,#14551,.T.);
#14551 = LINE('',#14552,#14553);
#14552 = CARTESIAN_POINT('',(187.96,-112.16,-4.6E-02));
#14553 = VECTOR('',#14554,1.);
#14554 = DIRECTION('',(0.,0.,1.));
#14555 = ORIENTED_EDGE('',*,*,#12667,.F.);
#14556 = ORIENTED_EDGE('',*,*,#14550,.F.);
#14557 = CYLINDRICAL_SURFACE('',#14558,0.5);
#14558 = AXIS2_PLACEMENT_3D('',#14559,#14560,#14561);
#14559 = CARTESIAN_POINT('',(187.96,-111.66,-4.6E-02));
#14560 = DIRECTION('',(-0.,-0.,-1.));
#14561 = DIRECTION('',(-0.,-1.,0.));
#14562 = ADVANCED_FACE('',(#14563),#14574,.F.);
#14563 = FACE_BOUND('',#14564,.T.);
#14564 = EDGE_LOOP('',(#14565,#14566,#14572,#14573));
#14565 = ORIENTED_EDGE('',*,*,#11262,.T.);
#14566 = ORIENTED_EDGE('',*,*,#14567,.T.);
#14567 = EDGE_CURVE('',#11263,#12679,#14568,.T.);
#14568 = LINE('',#14569,#14570);
#14569 = CARTESIAN_POINT('',(190.5,-112.16,-4.6E-02));
#14570 = VECTOR('',#14571,1.);
#14571 = DIRECTION('',(0.,0.,1.));
#14572 = ORIENTED_EDGE('',*,*,#12678,.F.);
#14573 = ORIENTED_EDGE('',*,*,#14567,.F.);
#14574 = CYLINDRICAL_SURFACE('',#14575,0.5);
#14575 = AXIS2_PLACEMENT_3D('',#14576,#14577,#14578);
#14576 = CARTESIAN_POINT('',(190.5,-111.66,-4.6E-02));
#14577 = DIRECTION('',(-0.,-0.,-1.));
#14578 = DIRECTION('',(-0.,-1.,0.));
#14579 = ADVANCED_FACE('',(#14580),#14591,.F.);
#14580 = FACE_BOUND('',#14581,.T.);
#14581 = EDGE_LOOP('',(#14582,#14583,#14589,#14590));
#14582 = ORIENTED_EDGE('',*,*,#11273,.T.);
#14583 = ORIENTED_EDGE('',*,*,#14584,.T.);
#14584 = EDGE_CURVE('',#11274,#12690,#14585,.T.);
#14585 = LINE('',#14586,#14587);
#14586 = CARTESIAN_POINT('',(201.75,-113.,-4.6E-02));
#14587 = VECTOR('',#14588,1.);
#14588 = DIRECTION('',(0.,0.,1.));
#14589 = ORIENTED_EDGE('',*,*,#12689,.F.);
#14590 = ORIENTED_EDGE('',*,*,#14584,.F.);
#14591 = CYLINDRICAL_SURFACE('',#14592,0.8);
#14592 = AXIS2_PLACEMENT_3D('',#14593,#14594,#14595);
#14593 = CARTESIAN_POINT('',(201.75,-112.2,-4.6E-02));
#14594 = DIRECTION('',(-0.,-0.,-1.));
#14595 = DIRECTION('',(-0.,-1.,0.));
#14596 = ADVANCED_FACE('',(#14597),#14608,.F.);
#14597 = FACE_BOUND('',#14598,.T.);
#14598 = EDGE_LOOP('',(#14599,#14600,#14606,#14607));
#14599 = ORIENTED_EDGE('',*,*,#11284,.T.);
#14600 = ORIENTED_EDGE('',*,*,#14601,.T.);
#14601 = EDGE_CURVE('',#11285,#12701,#14602,.T.);
#14602 = LINE('',#14603,#14604);
#14603 = CARTESIAN_POINT('',(187.96,-109.62,-4.6E-02));
#14604 = VECTOR('',#14605,1.);
#14605 = DIRECTION('',(0.,0.,1.));
#14606 = ORIENTED_EDGE('',*,*,#12700,.F.);
#14607 = ORIENTED_EDGE('',*,*,#14601,.F.);
#14608 = CYLINDRICAL_SURFACE('',#14609,0.5);
#14609 = AXIS2_PLACEMENT_3D('',#14610,#14611,#14612);
#14610 = CARTESIAN_POINT('',(187.96,-109.12,-4.6E-02));
#14611 = DIRECTION('',(-0.,-0.,-1.));
#14612 = DIRECTION('',(-0.,-1.,0.));
#14613 = ADVANCED_FACE('',(#14614),#14625,.F.);
#14614 = FACE_BOUND('',#14615,.T.);
#14615 = EDGE_LOOP('',(#14616,#14617,#14623,#14624));
#14616 = ORIENTED_EDGE('',*,*,#11295,.T.);
#14617 = ORIENTED_EDGE('',*,*,#14618,.T.);
#14618 = EDGE_CURVE('',#11296,#12712,#14619,.T.);
#14619 = LINE('',#14620,#14621);
#14620 = CARTESIAN_POINT('',(190.5,-109.62,-4.6E-02));
#14621 = VECTOR('',#14622,1.);
#14622 = DIRECTION('',(0.,0.,1.));
#14623 = ORIENTED_EDGE('',*,*,#12711,.F.);
#14624 = ORIENTED_EDGE('',*,*,#14618,.F.);
#14625 = CYLINDRICAL_SURFACE('',#14626,0.5);
#14626 = AXIS2_PLACEMENT_3D('',#14627,#14628,#14629);
#14627 = CARTESIAN_POINT('',(190.5,-109.12,-4.6E-02));
#14628 = DIRECTION('',(-0.,-0.,-1.));
#14629 = DIRECTION('',(-0.,-1.,0.));
#14630 = ADVANCED_FACE('',(#14631),#14642,.F.);
#14631 = FACE_BOUND('',#14632,.T.);
#14632 = EDGE_LOOP('',(#14633,#14634,#14640,#14641));
#14633 = ORIENTED_EDGE('',*,*,#11306,.T.);
#14634 = ORIENTED_EDGE('',*,*,#14635,.T.);
#14635 = EDGE_CURVE('',#11307,#12723,#14636,.T.);
#14636 = LINE('',#14637,#14638);
#14637 = CARTESIAN_POINT('',(187.96,-107.08,-4.6E-02));
#14638 = VECTOR('',#14639,1.);
#14639 = DIRECTION('',(0.,0.,1.));
#14640 = ORIENTED_EDGE('',*,*,#12722,.F.);
#14641 = ORIENTED_EDGE('',*,*,#14635,.F.);
#14642 = CYLINDRICAL_SURFACE('',#14643,0.5);
#14643 = AXIS2_PLACEMENT_3D('',#14644,#14645,#14646);
#14644 = CARTESIAN_POINT('',(187.96,-106.58,-4.6E-02));
#14645 = DIRECTION('',(-0.,-0.,-1.));
#14646 = DIRECTION('',(-0.,-1.,0.));
#14647 = ADVANCED_FACE('',(#14648),#14659,.F.);
#14648 = FACE_BOUND('',#14649,.T.);
#14649 = EDGE_LOOP('',(#14650,#14651,#14657,#14658));
#14650 = ORIENTED_EDGE('',*,*,#11317,.T.);
#14651 = ORIENTED_EDGE('',*,*,#14652,.T.);
#14652 = EDGE_CURVE('',#11318,#12734,#14653,.T.);
#14653 = LINE('',#14654,#14655);
#14654 = CARTESIAN_POINT('',(190.5,-107.08,-4.6E-02));
#14655 = VECTOR('',#14656,1.);
#14656 = DIRECTION('',(0.,0.,1.));
#14657 = ORIENTED_EDGE('',*,*,#12733,.F.);
#14658 = ORIENTED_EDGE('',*,*,#14652,.F.);
#14659 = CYLINDRICAL_SURFACE('',#14660,0.5);
#14660 = AXIS2_PLACEMENT_3D('',#14661,#14662,#14663);
#14661 = CARTESIAN_POINT('',(190.5,-106.58,-4.6E-02));
#14662 = DIRECTION('',(-0.,-0.,-1.));
#14663 = DIRECTION('',(-0.,-1.,0.));
#14664 = ADVANCED_FACE('',(#14665),#14676,.F.);
#14665 = FACE_BOUND('',#14666,.T.);
#14666 = EDGE_LOOP('',(#14667,#14668,#14674,#14675));
#14667 = ORIENTED_EDGE('',*,*,#11328,.T.);
#14668 = ORIENTED_EDGE('',*,*,#14669,.T.);
#14669 = EDGE_CURVE('',#11329,#12745,#14670,.T.);
#14670 = LINE('',#14671,#14672);
#14671 = CARTESIAN_POINT('',(201.75,-108.2,-4.6E-02));
#14672 = VECTOR('',#14673,1.);
#14673 = DIRECTION('',(0.,0.,1.));
#14674 = ORIENTED_EDGE('',*,*,#12744,.F.);
#14675 = ORIENTED_EDGE('',*,*,#14669,.F.);
#14676 = CYLINDRICAL_SURFACE('',#14677,0.8);
#14677 = AXIS2_PLACEMENT_3D('',#14678,#14679,#14680);
#14678 = CARTESIAN_POINT('',(201.75,-107.4,-4.6E-02));
#14679 = DIRECTION('',(-0.,-0.,-1.));
#14680 = DIRECTION('',(-0.,-1.,0.));
#14681 = ADVANCED_FACE('',(#14682),#14693,.F.);
#14682 = FACE_BOUND('',#14683,.T.);
#14683 = EDGE_LOOP('',(#14684,#14685,#14691,#14692));
#14684 = ORIENTED_EDGE('',*,*,#11339,.T.);
#14685 = ORIENTED_EDGE('',*,*,#14686,.T.);
#14686 = EDGE_CURVE('',#11340,#12756,#14687,.T.);
#14687 = LINE('',#14688,#14689);
#14688 = CARTESIAN_POINT('',(108.,-103.4,-4.6E-02));
#14689 = VECTOR('',#14690,1.);
#14690 = DIRECTION('',(0.,0.,1.));
#14691 = ORIENTED_EDGE('',*,*,#12755,.F.);
#14692 = ORIENTED_EDGE('',*,*,#14686,.F.);
#14693 = CYLINDRICAL_SURFACE('',#14694,0.8);
#14694 = AXIS2_PLACEMENT_3D('',#14695,#14696,#14697);
#14695 = CARTESIAN_POINT('',(108.,-102.6,-4.6E-02));
#14696 = DIRECTION('',(-0.,-0.,-1.));
#14697 = DIRECTION('',(-0.,-1.,0.));
#14698 = ADVANCED_FACE('',(#14699),#14710,.F.);
#14699 = FACE_BOUND('',#14700,.T.);
#14700 = EDGE_LOOP('',(#14701,#14702,#14708,#14709));
#14701 = ORIENTED_EDGE('',*,*,#11350,.T.);
#14702 = ORIENTED_EDGE('',*,*,#14703,.T.);
#14703 = EDGE_CURVE('',#11351,#12767,#14704,.T.);
#14704 = LINE('',#14705,#14706);
#14705 = CARTESIAN_POINT('',(118.435,-104.54,-4.6E-02));
#14706 = VECTOR('',#14707,1.);
#14707 = DIRECTION('',(0.,0.,1.));
#14708 = ORIENTED_EDGE('',*,*,#12766,.F.);
#14709 = ORIENTED_EDGE('',*,*,#14703,.F.);
#14710 = CYLINDRICAL_SURFACE('',#14711,0.5);
#14711 = AXIS2_PLACEMENT_3D('',#14712,#14713,#14714);
#14712 = CARTESIAN_POINT('',(118.435,-104.04,-4.6E-02));
#14713 = DIRECTION('',(-0.,-0.,-1.));
#14714 = DIRECTION('',(-0.,-1.,0.));
#14715 = ADVANCED_FACE('',(#14716),#14727,.F.);
#14716 = FACE_BOUND('',#14717,.T.);
#14717 = EDGE_LOOP('',(#14718,#14719,#14725,#14726));
#14718 = ORIENTED_EDGE('',*,*,#11361,.T.);
#14719 = ORIENTED_EDGE('',*,*,#14720,.T.);
#14720 = EDGE_CURVE('',#11362,#12778,#14721,.T.);
#14721 = LINE('',#14722,#14723);
#14722 = CARTESIAN_POINT('',(118.435,-102.,-4.6E-02));
#14723 = VECTOR('',#14724,1.);
#14724 = DIRECTION('',(0.,0.,1.));
#14725 = ORIENTED_EDGE('',*,*,#12777,.F.);
#14726 = ORIENTED_EDGE('',*,*,#14720,.F.);
#14727 = CYLINDRICAL_SURFACE('',#14728,0.5);
#14728 = AXIS2_PLACEMENT_3D('',#14729,#14730,#14731);
#14729 = CARTESIAN_POINT('',(118.435,-101.5,-4.6E-02));
#14730 = DIRECTION('',(-0.,-0.,-1.));
#14731 = DIRECTION('',(-0.,-1.,0.));
#14732 = ADVANCED_FACE('',(#14733),#14744,.F.);
#14733 = FACE_BOUND('',#14734,.T.);
#14734 = EDGE_LOOP('',(#14735,#14736,#14742,#14743));
#14735 = ORIENTED_EDGE('',*,*,#11372,.T.);
#14736 = ORIENTED_EDGE('',*,*,#14737,.T.);
#14737 = EDGE_CURVE('',#11373,#12789,#14738,.T.);
#14738 = LINE('',#14739,#14740);
#14739 = CARTESIAN_POINT('',(120.975,-104.54,-4.6E-02));
#14740 = VECTOR('',#14741,1.);
#14741 = DIRECTION('',(0.,0.,1.));
#14742 = ORIENTED_EDGE('',*,*,#12788,.F.);
#14743 = ORIENTED_EDGE('',*,*,#14737,.F.);
#14744 = CYLINDRICAL_SURFACE('',#14745,0.5);
#14745 = AXIS2_PLACEMENT_3D('',#14746,#14747,#14748);
#14746 = CARTESIAN_POINT('',(120.975,-104.04,-4.6E-02));
#14747 = DIRECTION('',(-0.,-0.,-1.));
#14748 = DIRECTION('',(-0.,-1.,0.));
#14749 = ADVANCED_FACE('',(#14750),#14761,.F.);
#14750 = FACE_BOUND('',#14751,.T.);
#14751 = EDGE_LOOP('',(#14752,#14753,#14759,#14760));
#14752 = ORIENTED_EDGE('',*,*,#11383,.T.);
#14753 = ORIENTED_EDGE('',*,*,#14754,.T.);
#14754 = EDGE_CURVE('',#11384,#12800,#14755,.T.);
#14755 = LINE('',#14756,#14757);
#14756 = CARTESIAN_POINT('',(120.975,-102.,-4.6E-02));
#14757 = VECTOR('',#14758,1.);
#14758 = DIRECTION('',(0.,0.,1.));
#14759 = ORIENTED_EDGE('',*,*,#12799,.F.);
#14760 = ORIENTED_EDGE('',*,*,#14754,.F.);
#14761 = CYLINDRICAL_SURFACE('',#14762,0.5);
#14762 = AXIS2_PLACEMENT_3D('',#14763,#14764,#14765);
#14763 = CARTESIAN_POINT('',(120.975,-101.5,-4.6E-02));
#14764 = DIRECTION('',(-0.,-0.,-1.));
#14765 = DIRECTION('',(-0.,-1.,0.));
#14766 = ADVANCED_FACE('',(#14767),#14778,.F.);
#14767 = FACE_BOUND('',#14768,.T.);
#14768 = EDGE_LOOP('',(#14769,#14770,#14776,#14777));
#14769 = ORIENTED_EDGE('',*,*,#11394,.T.);
#14770 = ORIENTED_EDGE('',*,*,#14771,.T.);
#14771 = EDGE_CURVE('',#11395,#12811,#14772,.T.);
#14772 = LINE('',#14773,#14774);
#14773 = CARTESIAN_POINT('',(108.,-98.6,-4.6E-02));
#14774 = VECTOR('',#14775,1.);
#14775 = DIRECTION('',(0.,0.,1.));
#14776 = ORIENTED_EDGE('',*,*,#12810,.F.);
#14777 = ORIENTED_EDGE('',*,*,#14771,.F.);
#14778 = CYLINDRICAL_SURFACE('',#14779,0.8);
#14779 = AXIS2_PLACEMENT_3D('',#14780,#14781,#14782);
#14780 = CARTESIAN_POINT('',(108.,-97.8,-4.6E-02));
#14781 = DIRECTION('',(-0.,-0.,-1.));
#14782 = DIRECTION('',(-0.,-1.,0.));
#14783 = ADVANCED_FACE('',(#14784),#14795,.F.);
#14784 = FACE_BOUND('',#14785,.T.);
#14785 = EDGE_LOOP('',(#14786,#14787,#14793,#14794));
#14786 = ORIENTED_EDGE('',*,*,#11405,.T.);
#14787 = ORIENTED_EDGE('',*,*,#14788,.T.);
#14788 = EDGE_CURVE('',#11406,#12822,#14789,.T.);
#14789 = LINE('',#14790,#14791);
#14790 = CARTESIAN_POINT('',(132.34,-104.54,-4.6E-02));
#14791 = VECTOR('',#14792,1.);
#14792 = DIRECTION('',(0.,0.,1.));
#14793 = ORIENTED_EDGE('',*,*,#12821,.F.);
#14794 = ORIENTED_EDGE('',*,*,#14788,.F.);
#14795 = CYLINDRICAL_SURFACE('',#14796,0.5);
#14796 = AXIS2_PLACEMENT_3D('',#14797,#14798,#14799);
#14797 = CARTESIAN_POINT('',(132.34,-104.04,-4.6E-02));
#14798 = DIRECTION('',(-0.,-0.,-1.));
#14799 = DIRECTION('',(-0.,-1.,0.));
#14800 = ADVANCED_FACE('',(#14801),#14812,.F.);
#14801 = FACE_BOUND('',#14802,.T.);
#14802 = EDGE_LOOP('',(#14803,#14804,#14810,#14811));
#14803 = ORIENTED_EDGE('',*,*,#11416,.T.);
#14804 = ORIENTED_EDGE('',*,*,#14805,.T.);
#14805 = EDGE_CURVE('',#11417,#12833,#14806,.T.);
#14806 = LINE('',#14807,#14808);
#14807 = CARTESIAN_POINT('',(134.88,-104.54,-4.6E-02));
#14808 = VECTOR('',#14809,1.);
#14809 = DIRECTION('',(0.,0.,1.));
#14810 = ORIENTED_EDGE('',*,*,#12832,.F.);
#14811 = ORIENTED_EDGE('',*,*,#14805,.F.);
#14812 = CYLINDRICAL_SURFACE('',#14813,0.5);
#14813 = AXIS2_PLACEMENT_3D('',#14814,#14815,#14816);
#14814 = CARTESIAN_POINT('',(134.88,-104.04,-4.6E-02));
#14815 = DIRECTION('',(-0.,-0.,-1.));
#14816 = DIRECTION('',(-0.,-1.,0.));
#14817 = ADVANCED_FACE('',(#14818),#14829,.F.);
#14818 = FACE_BOUND('',#14819,.T.);
#14819 = EDGE_LOOP('',(#14820,#14821,#14827,#14828));
#14820 = ORIENTED_EDGE('',*,*,#11427,.T.);
#14821 = ORIENTED_EDGE('',*,*,#14822,.T.);
#14822 = EDGE_CURVE('',#11428,#12844,#14823,.T.);
#14823 = LINE('',#14824,#14825);
#14824 = CARTESIAN_POINT('',(132.34,-102.,-4.6E-02));
#14825 = VECTOR('',#14826,1.);
#14826 = DIRECTION('',(0.,0.,1.));
#14827 = ORIENTED_EDGE('',*,*,#12843,.F.);
#14828 = ORIENTED_EDGE('',*,*,#14822,.F.);
#14829 = CYLINDRICAL_SURFACE('',#14830,0.5);
#14830 = AXIS2_PLACEMENT_3D('',#14831,#14832,#14833);
#14831 = CARTESIAN_POINT('',(132.34,-101.5,-4.6E-02));
#14832 = DIRECTION('',(-0.,-0.,-1.));
#14833 = DIRECTION('',(-0.,-1.,0.));
#14834 = ADVANCED_FACE('',(#14835),#14846,.F.);
#14835 = FACE_BOUND('',#14836,.T.);
#14836 = EDGE_LOOP('',(#14837,#14838,#14844,#14845));
#14837 = ORIENTED_EDGE('',*,*,#11438,.T.);
#14838 = ORIENTED_EDGE('',*,*,#14839,.T.);
#14839 = EDGE_CURVE('',#11439,#12855,#14840,.T.);
#14840 = LINE('',#14841,#14842);
#14841 = CARTESIAN_POINT('',(134.88,-102.,-4.6E-02));
#14842 = VECTOR('',#14843,1.);
#14843 = DIRECTION('',(0.,0.,1.));
#14844 = ORIENTED_EDGE('',*,*,#12854,.F.);
#14845 = ORIENTED_EDGE('',*,*,#14839,.F.);
#14846 = CYLINDRICAL_SURFACE('',#14847,0.5);
#14847 = AXIS2_PLACEMENT_3D('',#14848,#14849,#14850);
#14848 = CARTESIAN_POINT('',(134.88,-101.5,-4.6E-02));
#14849 = DIRECTION('',(-0.,-0.,-1.));
#14850 = DIRECTION('',(-0.,-1.,0.));
#14851 = ADVANCED_FACE('',(#14852),#14863,.F.);
#14852 = FACE_BOUND('',#14853,.T.);
#14853 = EDGE_LOOP('',(#14854,#14855,#14861,#14862));
#14854 = ORIENTED_EDGE('',*,*,#11449,.T.);
#14855 = ORIENTED_EDGE('',*,*,#14856,.T.);
#14856 = EDGE_CURVE('',#11450,#12866,#14857,.T.);
#14857 = LINE('',#14858,#14859);
#14858 = CARTESIAN_POINT('',(146.245,-104.54,-4.6E-02));
#14859 = VECTOR('',#14860,1.);
#14860 = DIRECTION('',(0.,0.,1.));
#14861 = ORIENTED_EDGE('',*,*,#12865,.F.);
#14862 = ORIENTED_EDGE('',*,*,#14856,.F.);
#14863 = CYLINDRICAL_SURFACE('',#14864,0.5);
#14864 = AXIS2_PLACEMENT_3D('',#14865,#14866,#14867);
#14865 = CARTESIAN_POINT('',(146.245,-104.04,-4.6E-02));
#14866 = DIRECTION('',(-0.,-0.,-1.));
#14867 = DIRECTION('',(-0.,-1.,0.));
#14868 = ADVANCED_FACE('',(#14869),#14880,.F.);
#14869 = FACE_BOUND('',#14870,.T.);
#14870 = EDGE_LOOP('',(#14871,#14872,#14878,#14879));
#14871 = ORIENTED_EDGE('',*,*,#11460,.T.);
#14872 = ORIENTED_EDGE('',*,*,#14873,.T.);
#14873 = EDGE_CURVE('',#11461,#12877,#14874,.T.);
#14874 = LINE('',#14875,#14876);
#14875 = CARTESIAN_POINT('',(148.785,-104.54,-4.6E-02));
#14876 = VECTOR('',#14877,1.);
#14877 = DIRECTION('',(0.,0.,1.));
#14878 = ORIENTED_EDGE('',*,*,#12876,.F.);
#14879 = ORIENTED_EDGE('',*,*,#14873,.F.);
#14880 = CYLINDRICAL_SURFACE('',#14881,0.5);
#14881 = AXIS2_PLACEMENT_3D('',#14882,#14883,#14884);
#14882 = CARTESIAN_POINT('',(148.785,-104.04,-4.6E-02));
#14883 = DIRECTION('',(-0.,-0.,-1.));
#14884 = DIRECTION('',(-0.,-1.,0.));
#14885 = ADVANCED_FACE('',(#14886),#14897,.F.);
#14886 = FACE_BOUND('',#14887,.T.);
#14887 = EDGE_LOOP('',(#14888,#14889,#14895,#14896));
#14888 = ORIENTED_EDGE('',*,*,#11471,.T.);
#14889 = ORIENTED_EDGE('',*,*,#14890,.T.);
#14890 = EDGE_CURVE('',#11472,#12888,#14891,.T.);
#14891 = LINE('',#14892,#14893);
#14892 = CARTESIAN_POINT('',(146.245,-102.,-4.6E-02));
#14893 = VECTOR('',#14894,1.);
#14894 = DIRECTION('',(0.,0.,1.));
#14895 = ORIENTED_EDGE('',*,*,#12887,.F.);
#14896 = ORIENTED_EDGE('',*,*,#14890,.F.);
#14897 = CYLINDRICAL_SURFACE('',#14898,0.5);
#14898 = AXIS2_PLACEMENT_3D('',#14899,#14900,#14901);
#14899 = CARTESIAN_POINT('',(146.245,-101.5,-4.6E-02));
#14900 = DIRECTION('',(-0.,-0.,-1.));
#14901 = DIRECTION('',(-0.,-1.,0.));
#14902 = ADVANCED_FACE('',(#14903),#14914,.F.);
#14903 = FACE_BOUND('',#14904,.T.);
#14904 = EDGE_LOOP('',(#14905,#14906,#14912,#14913));
#14905 = ORIENTED_EDGE('',*,*,#11482,.T.);
#14906 = ORIENTED_EDGE('',*,*,#14907,.T.);
#14907 = EDGE_CURVE('',#11483,#12899,#14908,.T.);
#14908 = LINE('',#14909,#14910);
#14909 = CARTESIAN_POINT('',(148.785,-102.,-4.6E-02));
#14910 = VECTOR('',#14911,1.);
#14911 = DIRECTION('',(0.,0.,1.));
#14912 = ORIENTED_EDGE('',*,*,#12898,.F.);
#14913 = ORIENTED_EDGE('',*,*,#14907,.F.);
#14914 = CYLINDRICAL_SURFACE('',#14915,0.5);
#14915 = AXIS2_PLACEMENT_3D('',#14916,#14917,#14918);
#14916 = CARTESIAN_POINT('',(148.785,-101.5,-4.6E-02));
#14917 = DIRECTION('',(-0.,-0.,-1.));
#14918 = DIRECTION('',(-0.,-1.,0.));
#14919 = ADVANCED_FACE('',(#14920),#14931,.F.);
#14920 = FACE_BOUND('',#14921,.T.);
#14921 = EDGE_LOOP('',(#14922,#14923,#14929,#14930));
#14922 = ORIENTED_EDGE('',*,*,#11493,.T.);
#14923 = ORIENTED_EDGE('',*,*,#14924,.T.);
#14924 = EDGE_CURVE('',#11494,#12910,#14925,.T.);
#14925 = LINE('',#14926,#14927);
#14926 = CARTESIAN_POINT('',(108.,-93.8,-4.6E-02));
#14927 = VECTOR('',#14928,1.);
#14928 = DIRECTION('',(0.,0.,1.));
#14929 = ORIENTED_EDGE('',*,*,#12909,.F.);
#14930 = ORIENTED_EDGE('',*,*,#14924,.F.);
#14931 = CYLINDRICAL_SURFACE('',#14932,0.8);
#14932 = AXIS2_PLACEMENT_3D('',#14933,#14934,#14935);
#14933 = CARTESIAN_POINT('',(108.,-93.,-4.6E-02));
#14934 = DIRECTION('',(-0.,-0.,-1.));
#14935 = DIRECTION('',(-0.,-1.,0.));
#14936 = ADVANCED_FACE('',(#14937),#14948,.F.);
#14937 = FACE_BOUND('',#14938,.T.);
#14938 = EDGE_LOOP('',(#14939,#14940,#14946,#14947));
#14939 = ORIENTED_EDGE('',*,*,#11504,.T.);
#14940 = ORIENTED_EDGE('',*,*,#14941,.T.);
#14941 = EDGE_CURVE('',#11505,#12921,#14942,.T.);
#14942 = LINE('',#14943,#14944);
#14943 = CARTESIAN_POINT('',(118.336,-91.57,-4.6E-02));
#14944 = VECTOR('',#14945,1.);
#14945 = DIRECTION('',(0.,0.,1.));
#14946 = ORIENTED_EDGE('',*,*,#12920,.F.);
#14947 = ORIENTED_EDGE('',*,*,#14941,.F.);
#14948 = CYLINDRICAL_SURFACE('',#14949,0.4);
#14949 = AXIS2_PLACEMENT_3D('',#14950,#14951,#14952);
#14950 = CARTESIAN_POINT('',(118.336,-91.17,-4.6E-02));
#14951 = DIRECTION('',(-0.,-0.,-1.));
#14952 = DIRECTION('',(-3.552713678801E-14,-1.,0.));
#14953 = ADVANCED_FACE('',(#14954),#14965,.F.);
#14954 = FACE_BOUND('',#14955,.T.);
#14955 = EDGE_LOOP('',(#14956,#14957,#14963,#14964));
#14956 = ORIENTED_EDGE('',*,*,#11515,.T.);
#14957 = ORIENTED_EDGE('',*,*,#14958,.T.);
#14958 = EDGE_CURVE('',#11516,#12932,#14959,.T.);
#14959 = LINE('',#14960,#14961);
#14960 = CARTESIAN_POINT('',(125.956,-91.57,-4.6E-02));
#14961 = VECTOR('',#14962,1.);
#14962 = DIRECTION('',(0.,0.,1.));
#14963 = ORIENTED_EDGE('',*,*,#12931,.F.);
#14964 = ORIENTED_EDGE('',*,*,#14958,.F.);
#14965 = CYLINDRICAL_SURFACE('',#14966,0.4);
#14966 = AXIS2_PLACEMENT_3D('',#14967,#14968,#14969);
#14967 = CARTESIAN_POINT('',(125.956,-91.17,-4.6E-02));
#14968 = DIRECTION('',(-0.,0.,-1.));
#14969 = DIRECTION('',(3.5527136788E-14,-1.,-0.));
#14970 = ADVANCED_FACE('',(#14971),#14982,.F.);
#14971 = FACE_BOUND('',#14972,.T.);
#14972 = EDGE_LOOP('',(#14973,#14974,#14980,#14981));
#14973 = ORIENTED_EDGE('',*,*,#11526,.T.);
#14974 = ORIENTED_EDGE('',*,*,#14975,.T.);
#14975 = EDGE_CURVE('',#11527,#12943,#14976,.T.);
#14976 = LINE('',#14977,#14978);
#14977 = CARTESIAN_POINT('',(110.,-86.6,-4.6E-02));
#14978 = VECTOR('',#14979,1.);
#14979 = DIRECTION('',(0.,0.,1.));
#14980 = ORIENTED_EDGE('',*,*,#12942,.F.);
#14981 = ORIENTED_EDGE('',*,*,#14975,.F.);
#14982 = CYLINDRICAL_SURFACE('',#14983,1.6);
#14983 = AXIS2_PLACEMENT_3D('',#14984,#14985,#14986);
#14984 = CARTESIAN_POINT('',(110.,-85.,-4.6E-02));
#14985 = DIRECTION('',(-0.,-0.,-1.));
#14986 = DIRECTION('',(-0.,-1.,0.));
#14987 = ADVANCED_FACE('',(#14988),#14999,.F.);
#14988 = FACE_BOUND('',#14989,.T.);
#14989 = EDGE_LOOP('',(#14990,#14991,#14997,#14998));
#14990 = ORIENTED_EDGE('',*,*,#11537,.T.);
#14991 = ORIENTED_EDGE('',*,*,#14992,.T.);
#14992 = EDGE_CURVE('',#11538,#12954,#14993,.T.);
#14993 = LINE('',#14994,#14995);
#14994 = CARTESIAN_POINT('',(131.25,-92.245,-4.6E-02));
#14995 = VECTOR('',#14996,1.);
#14996 = DIRECTION('',(0.,0.,1.));
#14997 = ORIENTED_EDGE('',*,*,#12953,.F.);
#14998 = ORIENTED_EDGE('',*,*,#14992,.F.);
#14999 = CYLINDRICAL_SURFACE('',#15000,0.45);
#15000 = AXIS2_PLACEMENT_3D('',#15001,#15002,#15003);
#15001 = CARTESIAN_POINT('',(131.25,-91.795,-4.6E-02));
#15002 = DIRECTION('',(-0.,-0.,-1.));
#15003 = DIRECTION('',(-0.,-1.,0.));
#15004 = ADVANCED_FACE('',(#15005),#15016,.F.);
#15005 = FACE_BOUND('',#15006,.T.);
#15006 = EDGE_LOOP('',(#15007,#15008,#15014,#15015));
#15007 = ORIENTED_EDGE('',*,*,#11548,.T.);
#15008 = ORIENTED_EDGE('',*,*,#15009,.T.);
#15009 = EDGE_CURVE('',#11549,#12965,#15010,.T.);
#15010 = LINE('',#15011,#15012);
#15011 = CARTESIAN_POINT('',(131.25,-89.705,-4.6E-02));
#15012 = VECTOR('',#15013,1.);
#15013 = DIRECTION('',(0.,0.,1.));
#15014 = ORIENTED_EDGE('',*,*,#12964,.F.);
#15015 = ORIENTED_EDGE('',*,*,#15009,.F.);
#15016 = CYLINDRICAL_SURFACE('',#15017,0.45);
#15017 = AXIS2_PLACEMENT_3D('',#15018,#15019,#15020);
#15018 = CARTESIAN_POINT('',(131.25,-89.255,-4.6E-02));
#15019 = DIRECTION('',(-0.,-0.,-1.));
#15020 = DIRECTION('',(-0.,-1.,0.));
#15021 = ADVANCED_FACE('',(#15022),#15033,.F.);
#15022 = FACE_BOUND('',#15023,.T.);
#15023 = EDGE_LOOP('',(#15024,#15025,#15031,#15032));
#15024 = ORIENTED_EDGE('',*,*,#11559,.T.);
#15025 = ORIENTED_EDGE('',*,*,#15026,.T.);
#15026 = EDGE_CURVE('',#11560,#12976,#15027,.T.);
#15027 = LINE('',#15028,#15029);
#15028 = CARTESIAN_POINT('',(141.63,-91.57,-4.6E-02));
#15029 = VECTOR('',#15030,1.);
#15030 = DIRECTION('',(0.,0.,1.));
#15031 = ORIENTED_EDGE('',*,*,#12975,.F.);
#15032 = ORIENTED_EDGE('',*,*,#15026,.F.);
#15033 = CYLINDRICAL_SURFACE('',#15034,0.4);
#15034 = AXIS2_PLACEMENT_3D('',#15035,#15036,#15037);
#15035 = CARTESIAN_POINT('',(141.63,-91.17,-4.6E-02));
#15036 = DIRECTION('',(-0.,-0.,-1.));
#15037 = DIRECTION('',(-0.,-1.,0.));
#15038 = ADVANCED_FACE('',(#15039),#15050,.F.);
#15039 = FACE_BOUND('',#15040,.T.);
#15040 = EDGE_LOOP('',(#15041,#15042,#15048,#15049));
#15041 = ORIENTED_EDGE('',*,*,#11570,.T.);
#15042 = ORIENTED_EDGE('',*,*,#15043,.T.);
#15043 = EDGE_CURVE('',#11571,#12987,#15044,.T.);
#15044 = LINE('',#15045,#15046);
#15045 = CARTESIAN_POINT('',(154.752,-91.97,-4.6E-02));
#15046 = VECTOR('',#15047,1.);
#15047 = DIRECTION('',(0.,0.,1.));
#15048 = ORIENTED_EDGE('',*,*,#12986,.F.);
#15049 = ORIENTED_EDGE('',*,*,#15043,.F.);
#15050 = CYLINDRICAL_SURFACE('',#15051,0.45);
#15051 = AXIS2_PLACEMENT_3D('',#15052,#15053,#15054);
#15052 = CARTESIAN_POINT('',(154.752,-91.52,-4.6E-02));
#15053 = DIRECTION('',(-0.,-0.,-1.));
#15054 = DIRECTION('',(-0.,-1.,0.));
#15055 = ADVANCED_FACE('',(#15056),#15067,.F.);
#15056 = FACE_BOUND('',#15057,.T.);
#15057 = EDGE_LOOP('',(#15058,#15059,#15065,#15066));
#15058 = ORIENTED_EDGE('',*,*,#11581,.T.);
#15059 = ORIENTED_EDGE('',*,*,#15060,.T.);
#15060 = EDGE_CURVE('',#11582,#12998,#15061,.T.);
#15061 = LINE('',#15062,#15063);
#15062 = CARTESIAN_POINT('',(149.25,-91.57,-4.6E-02));
#15063 = VECTOR('',#15064,1.);
#15064 = DIRECTION('',(0.,0.,1.));
#15065 = ORIENTED_EDGE('',*,*,#12997,.F.);
#15066 = ORIENTED_EDGE('',*,*,#15060,.F.);
#15067 = CYLINDRICAL_SURFACE('',#15068,0.4);
#15068 = AXIS2_PLACEMENT_3D('',#15069,#15070,#15071);
#15069 = CARTESIAN_POINT('',(149.25,-91.17,-4.6E-02));
#15070 = DIRECTION('',(-0.,-0.,-1.));
#15071 = DIRECTION('',(-0.,-1.,0.));
#15072 = ADVANCED_FACE('',(#15073),#15084,.F.);
#15073 = FACE_BOUND('',#15074,.T.);
#15074 = EDGE_LOOP('',(#15075,#15076,#15082,#15083));
#15075 = ORIENTED_EDGE('',*,*,#11592,.T.);
#15076 = ORIENTED_EDGE('',*,*,#15077,.T.);
#15077 = EDGE_CURVE('',#11593,#13009,#15078,.T.);
#15078 = LINE('',#15079,#15080);
#15079 = CARTESIAN_POINT('',(154.752,-89.43,-4.6E-02));
#15080 = VECTOR('',#15081,1.);
#15081 = DIRECTION('',(0.,0.,1.));
#15082 = ORIENTED_EDGE('',*,*,#13008,.F.);
#15083 = ORIENTED_EDGE('',*,*,#15077,.F.);
#15084 = CYLINDRICAL_SURFACE('',#15085,0.45);
#15085 = AXIS2_PLACEMENT_3D('',#15086,#15087,#15088);
#15086 = CARTESIAN_POINT('',(154.752,-88.98,-4.6E-02));
#15087 = DIRECTION('',(-0.,-0.,-1.));
#15088 = DIRECTION('',(-0.,-1.,0.));
#15089 = ADVANCED_FACE('',(#15090),#15101,.F.);
#15090 = FACE_BOUND('',#15091,.T.);
#15091 = EDGE_LOOP('',(#15092,#15093,#15099,#15100));
#15092 = ORIENTED_EDGE('',*,*,#11603,.T.);
#15093 = ORIENTED_EDGE('',*,*,#15094,.T.);
#15094 = EDGE_CURVE('',#11604,#13020,#15095,.T.);
#15095 = LINE('',#15096,#15097);
#15096 = CARTESIAN_POINT('',(160.15,-104.54,-4.6E-02));
#15097 = VECTOR('',#15098,1.);
#15098 = DIRECTION('',(0.,0.,1.));
#15099 = ORIENTED_EDGE('',*,*,#13019,.F.);
#15100 = ORIENTED_EDGE('',*,*,#15094,.F.);
#15101 = CYLINDRICAL_SURFACE('',#15102,0.5);
#15102 = AXIS2_PLACEMENT_3D('',#15103,#15104,#15105);
#15103 = CARTESIAN_POINT('',(160.15,-104.04,-4.6E-02));
#15104 = DIRECTION('',(-0.,-0.,-1.));
#15105 = DIRECTION('',(-0.,-1.,0.));
#15106 = ADVANCED_FACE('',(#15107),#15118,.F.);
#15107 = FACE_BOUND('',#15108,.T.);
#15108 = EDGE_LOOP('',(#15109,#15110,#15116,#15117));
#15109 = ORIENTED_EDGE('',*,*,#11614,.T.);
#15110 = ORIENTED_EDGE('',*,*,#15111,.T.);
#15111 = EDGE_CURVE('',#11615,#13031,#15112,.T.);
#15112 = LINE('',#15113,#15114);
#15113 = CARTESIAN_POINT('',(162.69,-104.54,-4.6E-02));
#15114 = VECTOR('',#15115,1.);
#15115 = DIRECTION('',(0.,0.,1.));
#15116 = ORIENTED_EDGE('',*,*,#13030,.F.);
#15117 = ORIENTED_EDGE('',*,*,#15111,.F.);
#15118 = CYLINDRICAL_SURFACE('',#15119,0.5);
#15119 = AXIS2_PLACEMENT_3D('',#15120,#15121,#15122);
#15120 = CARTESIAN_POINT('',(162.69,-104.04,-4.6E-02));
#15121 = DIRECTION('',(-0.,-0.,-1.));
#15122 = DIRECTION('',(-0.,-1.,0.));
#15123 = ADVANCED_FACE('',(#15124),#15135,.F.);
#15124 = FACE_BOUND('',#15125,.T.);
#15125 = EDGE_LOOP('',(#15126,#15127,#15133,#15134));
#15126 = ORIENTED_EDGE('',*,*,#11625,.T.);
#15127 = ORIENTED_EDGE('',*,*,#15128,.T.);
#15128 = EDGE_CURVE('',#11626,#13042,#15129,.T.);
#15129 = LINE('',#15130,#15131);
#15130 = CARTESIAN_POINT('',(160.15,-102.,-4.6E-02));
#15131 = VECTOR('',#15132,1.);
#15132 = DIRECTION('',(0.,0.,1.));
#15133 = ORIENTED_EDGE('',*,*,#13041,.F.);
#15134 = ORIENTED_EDGE('',*,*,#15128,.F.);
#15135 = CYLINDRICAL_SURFACE('',#15136,0.5);
#15136 = AXIS2_PLACEMENT_3D('',#15137,#15138,#15139);
#15137 = CARTESIAN_POINT('',(160.15,-101.5,-4.6E-02));
#15138 = DIRECTION('',(-0.,-0.,-1.));
#15139 = DIRECTION('',(-0.,-1.,0.));
#15140 = ADVANCED_FACE('',(#15141),#15152,.F.);
#15141 = FACE_BOUND('',#15142,.T.);
#15142 = EDGE_LOOP('',(#15143,#15144,#15150,#15151));
#15143 = ORIENTED_EDGE('',*,*,#11636,.T.);
#15144 = ORIENTED_EDGE('',*,*,#15145,.T.);
#15145 = EDGE_CURVE('',#11637,#13053,#15146,.T.);
#15146 = LINE('',#15147,#15148);
#15147 = CARTESIAN_POINT('',(162.69,-102.,-4.6E-02));
#15148 = VECTOR('',#15149,1.);
#15149 = DIRECTION('',(0.,0.,1.));
#15150 = ORIENTED_EDGE('',*,*,#13052,.F.);
#15151 = ORIENTED_EDGE('',*,*,#15145,.F.);
#15152 = CYLINDRICAL_SURFACE('',#15153,0.5);
#15153 = AXIS2_PLACEMENT_3D('',#15154,#15155,#15156);
#15154 = CARTESIAN_POINT('',(162.69,-101.5,-4.6E-02));
#15155 = DIRECTION('',(-0.,-0.,-1.));
#15156 = DIRECTION('',(-0.,-1.,0.));
#15157 = ADVANCED_FACE('',(#15158),#15169,.F.);
#15158 = FACE_BOUND('',#15159,.T.);
#15159 = EDGE_LOOP('',(#15160,#15161,#15167,#15168));
#15160 = ORIENTED_EDGE('',*,*,#11647,.T.);
#15161 = ORIENTED_EDGE('',*,*,#15162,.T.);
#15162 = EDGE_CURVE('',#11648,#13064,#15163,.T.);
#15163 = LINE('',#15164,#15165);
#15164 = CARTESIAN_POINT('',(174.055,-104.54,-4.6E-02));
#15165 = VECTOR('',#15166,1.);
#15166 = DIRECTION('',(0.,0.,1.));
#15167 = ORIENTED_EDGE('',*,*,#13063,.F.);
#15168 = ORIENTED_EDGE('',*,*,#15162,.F.);
#15169 = CYLINDRICAL_SURFACE('',#15170,0.5);
#15170 = AXIS2_PLACEMENT_3D('',#15171,#15172,#15173);
#15171 = CARTESIAN_POINT('',(174.055,-104.04,-4.6E-02));
#15172 = DIRECTION('',(-0.,-0.,-1.));
#15173 = DIRECTION('',(-0.,-1.,0.));
#15174 = ADVANCED_FACE('',(#15175),#15186,.F.);
#15175 = FACE_BOUND('',#15176,.T.);
#15176 = EDGE_LOOP('',(#15177,#15178,#15184,#15185));
#15177 = ORIENTED_EDGE('',*,*,#11658,.T.);
#15178 = ORIENTED_EDGE('',*,*,#15179,.T.);
#15179 = EDGE_CURVE('',#11659,#13075,#15180,.T.);
#15180 = LINE('',#15181,#15182);
#15181 = CARTESIAN_POINT('',(176.595,-104.54,-4.6E-02));
#15182 = VECTOR('',#15183,1.);
#15183 = DIRECTION('',(0.,0.,1.));
#15184 = ORIENTED_EDGE('',*,*,#13074,.F.);
#15185 = ORIENTED_EDGE('',*,*,#15179,.F.);
#15186 = CYLINDRICAL_SURFACE('',#15187,0.5);
#15187 = AXIS2_PLACEMENT_3D('',#15188,#15189,#15190);
#15188 = CARTESIAN_POINT('',(176.595,-104.04,-4.6E-02));
#15189 = DIRECTION('',(-0.,-0.,-1.));
#15190 = DIRECTION('',(-0.,-1.,0.));
#15191 = ADVANCED_FACE('',(#15192),#15203,.F.);
#15192 = FACE_BOUND('',#15193,.T.);
#15193 = EDGE_LOOP('',(#15194,#15195,#15201,#15202));
#15194 = ORIENTED_EDGE('',*,*,#11669,.T.);
#15195 = ORIENTED_EDGE('',*,*,#15196,.T.);
#15196 = EDGE_CURVE('',#11670,#13086,#15197,.T.);
#15197 = LINE('',#15198,#15199);
#15198 = CARTESIAN_POINT('',(174.055,-102.,-4.6E-02));
#15199 = VECTOR('',#15200,1.);
#15200 = DIRECTION('',(0.,0.,1.));
#15201 = ORIENTED_EDGE('',*,*,#13085,.F.);
#15202 = ORIENTED_EDGE('',*,*,#15196,.F.);
#15203 = CYLINDRICAL_SURFACE('',#15204,0.5);
#15204 = AXIS2_PLACEMENT_3D('',#15205,#15206,#15207);
#15205 = CARTESIAN_POINT('',(174.055,-101.5,-4.6E-02));
#15206 = DIRECTION('',(-0.,-0.,-1.));
#15207 = DIRECTION('',(-0.,-1.,0.));
#15208 = ADVANCED_FACE('',(#15209),#15220,.F.);
#15209 = FACE_BOUND('',#15210,.T.);
#15210 = EDGE_LOOP('',(#15211,#15212,#15218,#15219));
#15211 = ORIENTED_EDGE('',*,*,#11680,.T.);
#15212 = ORIENTED_EDGE('',*,*,#15213,.T.);
#15213 = EDGE_CURVE('',#11681,#13097,#15214,.T.);
#15214 = LINE('',#15215,#15216);
#15215 = CARTESIAN_POINT('',(176.595,-102.,-4.6E-02));
#15216 = VECTOR('',#15217,1.);
#15217 = DIRECTION('',(0.,0.,1.));
#15218 = ORIENTED_EDGE('',*,*,#13096,.F.);
#15219 = ORIENTED_EDGE('',*,*,#15213,.F.);
#15220 = CYLINDRICAL_SURFACE('',#15221,0.5);
#15221 = AXIS2_PLACEMENT_3D('',#15222,#15223,#15224);
#15222 = CARTESIAN_POINT('',(176.595,-101.5,-4.6E-02));
#15223 = DIRECTION('',(-0.,-0.,-1.));
#15224 = DIRECTION('',(-0.,-1.,0.));
#15225 = ADVANCED_FACE('',(#15226),#15237,.F.);
#15226 = FACE_BOUND('',#15227,.T.);
#15227 = EDGE_LOOP('',(#15228,#15229,#15235,#15236));
#15228 = ORIENTED_EDGE('',*,*,#11691,.T.);
#15229 = ORIENTED_EDGE('',*,*,#15230,.T.);
#15230 = EDGE_CURVE('',#11692,#13108,#15231,.T.);
#15231 = LINE('',#15232,#15233);
#15232 = CARTESIAN_POINT('',(187.96,-104.54,-4.6E-02));
#15233 = VECTOR('',#15234,1.);
#15234 = DIRECTION('',(0.,0.,1.));
#15235 = ORIENTED_EDGE('',*,*,#13107,.F.);
#15236 = ORIENTED_EDGE('',*,*,#15230,.F.);
#15237 = CYLINDRICAL_SURFACE('',#15238,0.5);
#15238 = AXIS2_PLACEMENT_3D('',#15239,#15240,#15241);
#15239 = CARTESIAN_POINT('',(187.96,-104.04,-4.6E-02));
#15240 = DIRECTION('',(-0.,-0.,-1.));
#15241 = DIRECTION('',(-0.,-1.,0.));
#15242 = ADVANCED_FACE('',(#15243),#15254,.F.);
#15243 = FACE_BOUND('',#15244,.T.);
#15244 = EDGE_LOOP('',(#15245,#15246,#15252,#15253));
#15245 = ORIENTED_EDGE('',*,*,#11702,.T.);
#15246 = ORIENTED_EDGE('',*,*,#15247,.T.);
#15247 = EDGE_CURVE('',#11703,#13119,#15248,.T.);
#15248 = LINE('',#15249,#15250);
#15249 = CARTESIAN_POINT('',(190.5,-104.54,-4.6E-02));
#15250 = VECTOR('',#15251,1.);
#15251 = DIRECTION('',(0.,0.,1.));
#15252 = ORIENTED_EDGE('',*,*,#13118,.F.);
#15253 = ORIENTED_EDGE('',*,*,#15247,.F.);
#15254 = CYLINDRICAL_SURFACE('',#15255,0.5);
#15255 = AXIS2_PLACEMENT_3D('',#15256,#15257,#15258);
#15256 = CARTESIAN_POINT('',(190.5,-104.04,-4.6E-02));
#15257 = DIRECTION('',(-0.,-0.,-1.));
#15258 = DIRECTION('',(-0.,-1.,0.));
#15259 = ADVANCED_FACE('',(#15260),#15271,.F.);
#15260 = FACE_BOUND('',#15261,.T.);
#15261 = EDGE_LOOP('',(#15262,#15263,#15269,#15270));
#15262 = ORIENTED_EDGE('',*,*,#11713,.T.);
#15263 = ORIENTED_EDGE('',*,*,#15264,.T.);
#15264 = EDGE_CURVE('',#11714,#13130,#15265,.T.);
#15265 = LINE('',#15266,#15267);
#15266 = CARTESIAN_POINT('',(187.96,-102.,-4.6E-02));
#15267 = VECTOR('',#15268,1.);
#15268 = DIRECTION('',(0.,0.,1.));
#15269 = ORIENTED_EDGE('',*,*,#13129,.F.);
#15270 = ORIENTED_EDGE('',*,*,#15264,.F.);
#15271 = CYLINDRICAL_SURFACE('',#15272,0.5);
#15272 = AXIS2_PLACEMENT_3D('',#15273,#15274,#15275);
#15273 = CARTESIAN_POINT('',(187.96,-101.5,-4.6E-02));
#15274 = DIRECTION('',(-0.,-0.,-1.));
#15275 = DIRECTION('',(-0.,-1.,0.));
#15276 = ADVANCED_FACE('',(#15277),#15288,.F.);
#15277 = FACE_BOUND('',#15278,.T.);
#15278 = EDGE_LOOP('',(#15279,#15280,#15286,#15287));
#15279 = ORIENTED_EDGE('',*,*,#11724,.T.);
#15280 = ORIENTED_EDGE('',*,*,#15281,.T.);
#15281 = EDGE_CURVE('',#11725,#13141,#15282,.T.);
#15282 = LINE('',#15283,#15284);
#15283 = CARTESIAN_POINT('',(190.5,-102.,-4.6E-02));
#15284 = VECTOR('',#15285,1.);
#15285 = DIRECTION('',(0.,0.,1.));
#15286 = ORIENTED_EDGE('',*,*,#13140,.F.);
#15287 = ORIENTED_EDGE('',*,*,#15281,.F.);
#15288 = CYLINDRICAL_SURFACE('',#15289,0.5);
#15289 = AXIS2_PLACEMENT_3D('',#15290,#15291,#15292);
#15290 = CARTESIAN_POINT('',(190.5,-101.5,-4.6E-02));
#15291 = DIRECTION('',(-0.,-0.,-1.));
#15292 = DIRECTION('',(-0.,-1.,0.));
#15293 = ADVANCED_FACE('',(#15294),#15305,.F.);
#15294 = FACE_BOUND('',#15295,.T.);
#15295 = EDGE_LOOP('',(#15296,#15297,#15303,#15304));
#15296 = ORIENTED_EDGE('',*,*,#11735,.T.);
#15297 = ORIENTED_EDGE('',*,*,#15298,.T.);
#15298 = EDGE_CURVE('',#11736,#13152,#15299,.T.);
#15299 = LINE('',#15300,#15301);
#15300 = CARTESIAN_POINT('',(201.75,-103.4,-4.6E-02));
#15301 = VECTOR('',#15302,1.);
#15302 = DIRECTION('',(0.,0.,1.));
#15303 = ORIENTED_EDGE('',*,*,#13151,.F.);
#15304 = ORIENTED_EDGE('',*,*,#15298,.F.);
#15305 = CYLINDRICAL_SURFACE('',#15306,0.8);
#15306 = AXIS2_PLACEMENT_3D('',#15307,#15308,#15309);
#15307 = CARTESIAN_POINT('',(201.75,-102.6,-4.6E-02));
#15308 = DIRECTION('',(-0.,-0.,-1.));
#15309 = DIRECTION('',(-0.,-1.,0.));
#15310 = ADVANCED_FACE('',(#15311),#15322,.F.);
#15311 = FACE_BOUND('',#15312,.T.);
#15312 = EDGE_LOOP('',(#15313,#15314,#15320,#15321));
#15313 = ORIENTED_EDGE('',*,*,#11746,.T.);
#15314 = ORIENTED_EDGE('',*,*,#15315,.T.);
#15315 = EDGE_CURVE('',#11747,#13163,#15316,.T.);
#15316 = LINE('',#15317,#15318);
#15317 = CARTESIAN_POINT('',(201.75,-98.6,-4.6E-02));
#15318 = VECTOR('',#15319,1.);
#15319 = DIRECTION('',(0.,0.,1.));
#15320 = ORIENTED_EDGE('',*,*,#13162,.F.);
#15321 = ORIENTED_EDGE('',*,*,#15315,.F.);
#15322 = CYLINDRICAL_SURFACE('',#15323,0.8);
#15323 = AXIS2_PLACEMENT_3D('',#15324,#15325,#15326);
#15324 = CARTESIAN_POINT('',(201.75,-97.8,-4.6E-02));
#15325 = DIRECTION('',(-0.,-0.,-1.));
#15326 = DIRECTION('',(-0.,-1.,0.));
#15327 = ADVANCED_FACE('',(#15328),#15339,.F.);
#15328 = FACE_BOUND('',#15329,.T.);
#15329 = EDGE_LOOP('',(#15330,#15331,#15337,#15338));
#15330 = ORIENTED_EDGE('',*,*,#11757,.T.);
#15331 = ORIENTED_EDGE('',*,*,#15332,.T.);
#15332 = EDGE_CURVE('',#11758,#13174,#15333,.T.);
#15333 = LINE('',#15334,#15335);
#15334 = CARTESIAN_POINT('',(167.38,-91.57,-4.6E-02));
#15335 = VECTOR('',#15336,1.);
#15336 = DIRECTION('',(0.,0.,1.));
#15337 = ORIENTED_EDGE('',*,*,#13173,.F.);
#15338 = ORIENTED_EDGE('',*,*,#15332,.F.);
#15339 = CYLINDRICAL_SURFACE('',#15340,0.4);
#15340 = AXIS2_PLACEMENT_3D('',#15341,#15342,#15343);
#15341 = CARTESIAN_POINT('',(167.38,-91.17,-4.6E-02));
#15342 = DIRECTION('',(-0.,-0.,-1.));
#15343 = DIRECTION('',(-0.,-1.,0.));
#15344 = ADVANCED_FACE('',(#15345),#15356,.F.);
#15345 = FACE_BOUND('',#15346,.T.);
#15346 = EDGE_LOOP('',(#15347,#15348,#15354,#15355));
#15347 = ORIENTED_EDGE('',*,*,#11768,.T.);
#15348 = ORIENTED_EDGE('',*,*,#15349,.T.);
#15349 = EDGE_CURVE('',#11769,#13185,#15350,.T.);
#15350 = LINE('',#15351,#15352);
#15351 = CARTESIAN_POINT('',(175.,-91.57,-4.6E-02));
#15352 = VECTOR('',#15353,1.);
#15353 = DIRECTION('',(0.,0.,1.));
#15354 = ORIENTED_EDGE('',*,*,#13184,.F.);
#15355 = ORIENTED_EDGE('',*,*,#15349,.F.);
#15356 = CYLINDRICAL_SURFACE('',#15357,0.4);
#15357 = AXIS2_PLACEMENT_3D('',#15358,#15359,#15360);
#15358 = CARTESIAN_POINT('',(175.,-91.17,-4.6E-02));
#15359 = DIRECTION('',(-0.,-0.,-1.));
#15360 = DIRECTION('',(-0.,-1.,0.));
#15361 = ADVANCED_FACE('',(#15362),#15373,.F.);
#15362 = FACE_BOUND('',#15363,.T.);
#15363 = EDGE_LOOP('',(#15364,#15365,#15371,#15372));
#15364 = ORIENTED_EDGE('',*,*,#11779,.T.);
#15365 = ORIENTED_EDGE('',*,*,#15366,.T.);
#15366 = EDGE_CURVE('',#11780,#13196,#15367,.T.);
#15367 = LINE('',#15368,#15369);
#15368 = CARTESIAN_POINT('',(180.46,-91.97,-4.6E-02));
#15369 = VECTOR('',#15370,1.);
#15370 = DIRECTION('',(0.,0.,1.));
#15371 = ORIENTED_EDGE('',*,*,#13195,.F.);
#15372 = ORIENTED_EDGE('',*,*,#15366,.F.);
#15373 = CYLINDRICAL_SURFACE('',#15374,0.45);
#15374 = AXIS2_PLACEMENT_3D('',#15375,#15376,#15377);
#15375 = CARTESIAN_POINT('',(180.46,-91.52,-4.6E-02));
#15376 = DIRECTION('',(-0.,0.,-1.));
#15377 = DIRECTION('',(6.315935428978E-14,-1.,-0.));
#15378 = ADVANCED_FACE('',(#15379),#15390,.F.);
#15379 = FACE_BOUND('',#15380,.T.);
#15380 = EDGE_LOOP('',(#15381,#15382,#15388,#15389));
#15381 = ORIENTED_EDGE('',*,*,#11790,.T.);
#15382 = ORIENTED_EDGE('',*,*,#15383,.T.);
#15383 = EDGE_CURVE('',#11791,#13207,#15384,.T.);
#15384 = LINE('',#15385,#15386);
#15385 = CARTESIAN_POINT('',(180.46,-89.43,-4.6E-02));
#15386 = VECTOR('',#15387,1.);
#15387 = DIRECTION('',(0.,0.,1.));
#15388 = ORIENTED_EDGE('',*,*,#13206,.F.);
#15389 = ORIENTED_EDGE('',*,*,#15383,.F.);
#15390 = CYLINDRICAL_SURFACE('',#15391,0.45);
#15391 = AXIS2_PLACEMENT_3D('',#15392,#15393,#15394);
#15392 = CARTESIAN_POINT('',(180.46,-88.98,-4.6E-02));
#15393 = DIRECTION('',(-0.,0.,-1.));
#15394 = DIRECTION('',(6.315935428978E-14,-1.,-0.));
#15395 = ADVANCED_FACE('',(#15396),#15407,.F.);
#15396 = FACE_BOUND('',#15397,.T.);
#15397 = EDGE_LOOP('',(#15398,#15399,#15405,#15406));
#15398 = ORIENTED_EDGE('',*,*,#11801,.T.);
#15399 = ORIENTED_EDGE('',*,*,#15400,.T.);
#15400 = EDGE_CURVE('',#11802,#13218,#15401,.T.);
#15401 = LINE('',#15402,#15403);
#15402 = CARTESIAN_POINT('',(201.75,-93.8,-4.6E-02));
#15403 = VECTOR('',#15404,1.);
#15404 = DIRECTION('',(0.,0.,1.));
#15405 = ORIENTED_EDGE('',*,*,#13217,.F.);
#15406 = ORIENTED_EDGE('',*,*,#15400,.F.);
#15407 = CYLINDRICAL_SURFACE('',#15408,0.8);
#15408 = AXIS2_PLACEMENT_3D('',#15409,#15410,#15411);
#15409 = CARTESIAN_POINT('',(201.75,-93.,-4.6E-02));
#15410 = DIRECTION('',(-0.,-0.,-1.));
#15411 = DIRECTION('',(-0.,-1.,0.));
#15412 = ADVANCED_FACE('',(#15413),#15424,.F.);
#15413 = FACE_BOUND('',#15414,.T.);
#15414 = EDGE_LOOP('',(#15415,#15416,#15422,#15423));
#15415 = ORIENTED_EDGE('',*,*,#11812,.T.);
#15416 = ORIENTED_EDGE('',*,*,#15417,.T.);
#15417 = EDGE_CURVE('',#11813,#13229,#15418,.T.);
#15418 = LINE('',#15419,#15420);
#15419 = CARTESIAN_POINT('',(200.,-86.6,-4.6E-02));
#15420 = VECTOR('',#15421,1.);
#15421 = DIRECTION('',(0.,0.,1.));
#15422 = ORIENTED_EDGE('',*,*,#13228,.F.);
#15423 = ORIENTED_EDGE('',*,*,#15417,.F.);
#15424 = CYLINDRICAL_SURFACE('',#15425,1.6);
#15425 = AXIS2_PLACEMENT_3D('',#15426,#15427,#15428);
#15426 = CARTESIAN_POINT('',(200.,-85.,-4.6E-02));
#15427 = DIRECTION('',(-0.,-0.,-1.));
#15428 = DIRECTION('',(-0.,-1.,0.));
#15429 = ( GEOMETRIC_REPRESENTATION_CONTEXT(3) 
GLOBAL_UNCERTAINTY_ASSIGNED_CONTEXT((#15433)) 
GLOBAL_UNIT_ASSIGNED_CONTEXT((#15430,#15431,#15432)) 
REPRESENTATION_CONTEXT('Context #1',
  '3D Context with UNIT and UNCERTAINTY') );
#15430 = ( LENGTH_UNIT() NAMED_UNIT(*) SI_UNIT(.MILLI.,.METRE.) );
#15431 = ( NAMED_UNIT(*) PLANE_ANGLE_UNIT() SI_UNIT($,.RADIAN.) );
#15432 = ( NAMED_UNIT(*) SI_UNIT($,.STERADIAN.) SOLID_ANGLE_UNIT() );
#15433 = UNCERTAINTY_MEASURE_WITH_UNIT(LENGTH_MEASURE(1.E-07),#15430,
  'distance_accuracy_value','confusion accuracy');
#15434 = CONTEXT_DEPENDENT_SHAPE_REPRESENTATION(#15435,#15437);
#15435 = ( REPRESENTATION_RELATIONSHIP('','',#10302,#10) 
REPRESENTATION_RELATIONSHIP_WITH_TRANSFORMATION(#15436) 
SHAPE_REPRESENTATION_RELATIONSHIP() );
#15436 = ITEM_DEFINED_TRANSFORMATION('','',#11,#63);
#15437 = PRODUCT_DEFINITION_SHAPE('Placement','Placement of an item',
  #15438);
#15438 = NEXT_ASSEMBLY_USAGE_OCCURRENCE('13','=>[0:1:1:5]','',#5,#10297,
  $);
#15439 = PRODUCT_RELATED_PRODUCT_CATEGORY('part',$,(#10299));
#15440 = MECHANICAL_DESIGN_GEOMETRIC_PRESENTATION_REPRESENTATION('',(
    #15441),#15429);
#15441 = STYLED_ITEM('color',(#15442),#10303);
#15442 = PRESENTATION_STYLE_ASSIGNMENT((#15443));
#15443 = SURFACE_STYLE_USAGE(.BOTH.,#15444);
#15444 = SURFACE_SIDE_STYLE('',(#15445));
#15445 = SURFACE_STYLE_FILL_AREA(#15446);
#15446 = FILL_AREA_STYLE('',(#15447));
#15447 = FILL_AREA_STYLE_COLOUR('',#15448);
#15448 = COLOUR_RGB('',0.313304153717,0.484529207832,0.410020903123);
#15449 = MECHANICAL_DESIGN_GEOMETRIC_PRESENTATION_REPRESENTATION('',(
    #15450,#15458,#15465,#15472,#15479,#15486,#15493,#15500,#15507,
    #15514,#15521,#15528,#15535,#15542,#15549,#15556,#15563,#15570,
    #15577,#15584,#15591,#15598,#15605,#15612,#15619,#15626,#15633,
    #15640,#15648,#15655,#15662,#15669,#15676,#15683,#15690,#15697,
    #15704,#15711,#15718,#15725,#15732,#15739,#15746,#15753,#15760,
    #15767,#15774,#15781,#15788,#15795,#15802,#15809,#15816,#15823,
    #15830,#15837,#15844,#15851,#15858,#15865,#15872,#15879,#15886,
    #15893,#15900,#15907,#15914,#15921,#15928,#15935,#15942,#15949,
    #15956,#15963,#15970,#15977,#15984,#15991,#15998,#16005,#16012,
    #16019,#16026,#16033,#16040,#16047,#16054,#16061,#16068,#16075,
    #16082,#16089,#16096,#16103,#16110,#16117,#16124,#16131,#16138,
    #16145,#16152,#16159,#16166,#16173,#16180,#16187,#16194,#16201,
    #16208,#16215,#16222,#16229,#16236,#16243,#16250,#16257,#16264,
    #16271,#16278,#16285,#16292,#16299,#16306,#16313,#16320,#16327,
    #16334,#16341,#16348,#16355,#16362,#16369,#16376,#16383,#16390,
    #16397,#16404,#16411,#16418,#16425,#16432,#16439,#16446,#16453,
    #16460,#16467,#16474,#16481,#16488,#16495,#16502,#16509,#16516,
    #16523,#16530,#16537,#16544,#16551,#16558,#16565,#16572,#16579,
    #16586,#16593,#16600,#16607,#16614,#16621,#16628,#16635,#16642,
    #16649,#16656,#16663,#16670,#16677,#16684,#16691,#16698,#16705,
    #16712,#16719,#16726,#16733,#16740,#16747,#16754,#16761,#16768,
    #16775,#16782,#16789,#16796,#16803,#16810,#16817,#16824,#16831,
    #16838,#16845,#16852,#16859,#16866,#16873,#16880,#16887,#16894,
    #16901,#16908,#16915,#16922,#16929,#16936,#16943,#16950,#16957,
    #16964,#16971,#16978,#16985,#16992,#16999,#17006,#17013,#17020,
    #17027,#17034,#17041,#17048,#17055,#17062,#17069,#17076,#17083,
    #17090,#17097,#17104,#17111,#17118,#17125,#17132,#17139,#17146,
    #17153,#17160,#17167,#17174,#17181,#17188,#17195,#17202,#17209,
    #17216,#17223,#17230,#17237,#17244,#17251,#17258,#17265,#17272,
    #17279,#17286,#17293,#17300,#17307,#17314,#17321,#17328,#17335,
    #17342,#17349,#17356,#17363,#17370,#17377,#17384,#17391,#17398,
    #17405,#17412,#17419,#17426,#17433,#17440,#17447,#17454,#17461,
    #17468,#17475,#17482,#17489,#17496,#17503,#17510,#17517,#17524,
    #17531,#17538,#17545,#17552,#17559,#17566,#17573,#17580,#17587,
    #17594,#17601,#17608,#17615,#17622,#17629,#17636,#17643,#17650,
    #17657,#17664,#17671,#17678,#17685,#17692,#17699,#17706,#17713,
    #17720,#17727,#17734,#17741,#17748,#17755),#9562);
#15450 = STYLED_ITEM('color',(#15451),#570);
#15451 = PRESENTATION_STYLE_ASSIGNMENT((#15452));
#15452 = SURFACE_STYLE_USAGE(.BOTH.,#15453);
#15453 = SURFACE_SIDE_STYLE('',(#15454));
#15454 = SURFACE_STYLE_FILL_AREA(#15455);
#15455 = FILL_AREA_STYLE('',(#15456));
#15456 = FILL_AREA_STYLE_COLOUR('',#15457);
#15457 = COLOUR_RGB('',0.145098047169,0.14117647753,0.14117647753);
#15458 = STYLED_ITEM('color',(#15459),#642);
#15459 = PRESENTATION_STYLE_ASSIGNMENT((#15460));
#15460 = SURFACE_STYLE_USAGE(.BOTH.,#15461);
#15461 = SURFACE_SIDE_STYLE('',(#15462));
#15462 = SURFACE_STYLE_FILL_AREA(#15463);
#15463 = FILL_AREA_STYLE('',(#15464));
#15464 = FILL_AREA_STYLE_COLOUR('',#15457);
#15465 = STYLED_ITEM('color',(#15466),#705);
#15466 = PRESENTATION_STYLE_ASSIGNMENT((#15467));
#15467 = SURFACE_STYLE_USAGE(.BOTH.,#15468);
#15468 = SURFACE_SIDE_STYLE('',(#15469));
#15469 = SURFACE_STYLE_FILL_AREA(#15470);
#15470 = FILL_AREA_STYLE('',(#15471));
#15471 = FILL_AREA_STYLE_COLOUR('',#15457);
#15472 = STYLED_ITEM('color',(#15473),#784);
#15473 = PRESENTATION_STYLE_ASSIGNMENT((#15474));
#15474 = SURFACE_STYLE_USAGE(.BOTH.,#15475);
#15475 = SURFACE_SIDE_STYLE('',(#15476));
#15476 = SURFACE_STYLE_FILL_AREA(#15477);
#15477 = FILL_AREA_STYLE('',(#15478));
#15478 = FILL_AREA_STYLE_COLOUR('',#15457);
#15479 = STYLED_ITEM('color',(#15480),#824);
#15480 = PRESENTATION_STYLE_ASSIGNMENT((#15481));
#15481 = SURFACE_STYLE_USAGE(.BOTH.,#15482);
#15482 = SURFACE_SIDE_STYLE('',(#15483));
#15483 = SURFACE_STYLE_FILL_AREA(#15484);
#15484 = FILL_AREA_STYLE('',(#15485));
#15485 = FILL_AREA_STYLE_COLOUR('',#15457);
#15486 = STYLED_ITEM('color',(#15487),#848);
#15487 = PRESENTATION_STYLE_ASSIGNMENT((#15488));
#15488 = SURFACE_STYLE_USAGE(.BOTH.,#15489);
#15489 = SURFACE_SIDE_STYLE('',(#15490));
#15490 = SURFACE_STYLE_FILL_AREA(#15491);
#15491 = FILL_AREA_STYLE('',(#15492));
#15492 = FILL_AREA_STYLE_COLOUR('',#15457);
#15493 = STYLED_ITEM('color',(#15494),#881);
#15494 = PRESENTATION_STYLE_ASSIGNMENT((#15495));
#15495 = SURFACE_STYLE_USAGE(.BOTH.,#15496);
#15496 = SURFACE_SIDE_STYLE('',(#15497));
#15497 = SURFACE_STYLE_FILL_AREA(#15498);
#15498 = FILL_AREA_STYLE('',(#15499));
#15499 = FILL_AREA_STYLE_COLOUR('',#15457);
#15500 = STYLED_ITEM('color',(#15501),#937);
#15501 = PRESENTATION_STYLE_ASSIGNMENT((#15502));
#15502 = SURFACE_STYLE_USAGE(.BOTH.,#15503);
#15503 = SURFACE_SIDE_STYLE('',(#15504));
#15504 = SURFACE_STYLE_FILL_AREA(#15505);
#15505 = FILL_AREA_STYLE('',(#15506));
#15506 = FILL_AREA_STYLE_COLOUR('',#15457);
#15507 = STYLED_ITEM('color',(#15508),#1688);
#15508 = PRESENTATION_STYLE_ASSIGNMENT((#15509));
#15509 = SURFACE_STYLE_USAGE(.BOTH.,#15510);
#15510 = SURFACE_SIDE_STYLE('',(#15511));
#15511 = SURFACE_STYLE_FILL_AREA(#15512);
#15512 = FILL_AREA_STYLE('',(#15513));
#15513 = FILL_AREA_STYLE_COLOUR('',#15457);
#15514 = STYLED_ITEM('color',(#15515),#1769);
#15515 = PRESENTATION_STYLE_ASSIGNMENT((#15516));
#15516 = SURFACE_STYLE_USAGE(.BOTH.,#15517);
#15517 = SURFACE_SIDE_STYLE('',(#15518));
#15518 = SURFACE_STYLE_FILL_AREA(#15519);
#15519 = FILL_AREA_STYLE('',(#15520));
#15520 = FILL_AREA_STYLE_COLOUR('',#15457);
#15521 = STYLED_ITEM('color',(#15522),#1809);
#15522 = PRESENTATION_STYLE_ASSIGNMENT((#15523));
#15523 = SURFACE_STYLE_USAGE(.BOTH.,#15524);
#15524 = SURFACE_SIDE_STYLE('',(#15525));
#15525 = SURFACE_STYLE_FILL_AREA(#15526);
#15526 = FILL_AREA_STYLE('',(#15527));
#15527 = FILL_AREA_STYLE_COLOUR('',#15457);
#15528 = STYLED_ITEM('color',(#15529),#1833);
#15529 = PRESENTATION_STYLE_ASSIGNMENT((#15530));
#15530 = SURFACE_STYLE_USAGE(.BOTH.,#15531);
#15531 = SURFACE_SIDE_STYLE('',(#15532));
#15532 = SURFACE_STYLE_FILL_AREA(#15533);
#15533 = FILL_AREA_STYLE('',(#15534));
#15534 = FILL_AREA_STYLE_COLOUR('',#15457);
#15535 = STYLED_ITEM('color',(#15536),#1866);
#15536 = PRESENTATION_STYLE_ASSIGNMENT((#15537));
#15537 = SURFACE_STYLE_USAGE(.BOTH.,#15538);
#15538 = SURFACE_SIDE_STYLE('',(#15539));
#15539 = SURFACE_STYLE_FILL_AREA(#15540);
#15540 = FILL_AREA_STYLE('',(#15541));
#15541 = FILL_AREA_STYLE_COLOUR('',#15457);
#15542 = STYLED_ITEM('color',(#15543),#1890);
#15543 = PRESENTATION_STYLE_ASSIGNMENT((#15544));
#15544 = SURFACE_STYLE_USAGE(.BOTH.,#15545);
#15545 = SURFACE_SIDE_STYLE('',(#15546));
#15546 = SURFACE_STYLE_FILL_AREA(#15547);
#15547 = FILL_AREA_STYLE('',(#15548));
#15548 = FILL_AREA_STYLE_COLOUR('',#15457);
#15549 = STYLED_ITEM('color',(#15550),#1946);
#15550 = PRESENTATION_STYLE_ASSIGNMENT((#15551));
#15551 = SURFACE_STYLE_USAGE(.BOTH.,#15552);
#15552 = SURFACE_SIDE_STYLE('',(#15553));
#15553 = SURFACE_STYLE_FILL_AREA(#15554);
#15554 = FILL_AREA_STYLE('',(#15555));
#15555 = FILL_AREA_STYLE_COLOUR('',#15457);
#15556 = STYLED_ITEM('color',(#15557),#1970);
#15557 = PRESENTATION_STYLE_ASSIGNMENT((#15558));
#15558 = SURFACE_STYLE_USAGE(.BOTH.,#15559);
#15559 = SURFACE_SIDE_STYLE('',(#15560));
#15560 = SURFACE_STYLE_FILL_AREA(#15561);
#15561 = FILL_AREA_STYLE('',(#15562));
#15562 = FILL_AREA_STYLE_COLOUR('',#15457);
#15563 = STYLED_ITEM('color',(#15564),#2003);
#15564 = PRESENTATION_STYLE_ASSIGNMENT((#15565));
#15565 = SURFACE_STYLE_USAGE(.BOTH.,#15566);
#15566 = SURFACE_SIDE_STYLE('',(#15567));
#15567 = SURFACE_STYLE_FILL_AREA(#15568);
#15568 = FILL_AREA_STYLE('',(#15569));
#15569 = FILL_AREA_STYLE_COLOUR('',#15457);
#15570 = STYLED_ITEM('color',(#15571),#2020);
#15571 = PRESENTATION_STYLE_ASSIGNMENT((#15572));
#15572 = SURFACE_STYLE_USAGE(.BOTH.,#15573);
#15573 = SURFACE_SIDE_STYLE('',(#15574));
#15574 = SURFACE_STYLE_FILL_AREA(#15575);
#15575 = FILL_AREA_STYLE('',(#15576));
#15576 = FILL_AREA_STYLE_COLOUR('',#15457);
#15577 = STYLED_ITEM('color',(#15578),#2617);
#15578 = PRESENTATION_STYLE_ASSIGNMENT((#15579));
#15579 = SURFACE_STYLE_USAGE(.BOTH.,#15580);
#15580 = SURFACE_SIDE_STYLE('',(#15581));
#15581 = SURFACE_STYLE_FILL_AREA(#15582);
#15582 = FILL_AREA_STYLE('',(#15583));
#15583 = FILL_AREA_STYLE_COLOUR('',#15457);
#15584 = STYLED_ITEM('color',(#15585),#2629);
#15585 = PRESENTATION_STYLE_ASSIGNMENT((#15586));
#15586 = SURFACE_STYLE_USAGE(.BOTH.,#15587);
#15587 = SURFACE_SIDE_STYLE('',(#15588));
#15588 = SURFACE_STYLE_FILL_AREA(#15589);
#15589 = FILL_AREA_STYLE('',(#15590));
#15590 = FILL_AREA_STYLE_COLOUR('',#15457);
#15591 = STYLED_ITEM('color',(#15592),#2653);
#15592 = PRESENTATION_STYLE_ASSIGNMENT((#15593));
#15593 = SURFACE_STYLE_USAGE(.BOTH.,#15594);
#15594 = SURFACE_SIDE_STYLE('',(#15595));
#15595 = SURFACE_STYLE_FILL_AREA(#15596);
#15596 = FILL_AREA_STYLE('',(#15597));
#15597 = FILL_AREA_STYLE_COLOUR('',#15457);
#15598 = STYLED_ITEM('color',(#15599),#2670);
#15599 = PRESENTATION_STYLE_ASSIGNMENT((#15600));
#15600 = SURFACE_STYLE_USAGE(.BOTH.,#15601);
#15601 = SURFACE_SIDE_STYLE('',(#15602));
#15602 = SURFACE_STYLE_FILL_AREA(#15603);
#15603 = FILL_AREA_STYLE('',(#15604));
#15604 = FILL_AREA_STYLE_COLOUR('',#15457);
#15605 = STYLED_ITEM('color',(#15606),#2689);
#15606 = PRESENTATION_STYLE_ASSIGNMENT((#15607));
#15607 = SURFACE_STYLE_USAGE(.BOTH.,#15608);
#15608 = SURFACE_SIDE_STYLE('',(#15609));
#15609 = SURFACE_STYLE_FILL_AREA(#15610);
#15610 = FILL_AREA_STYLE('',(#15611));
#15611 = FILL_AREA_STYLE_COLOUR('',#15457);
#15612 = STYLED_ITEM('color',(#15613),#2701);
#15613 = PRESENTATION_STYLE_ASSIGNMENT((#15614));
#15614 = SURFACE_STYLE_USAGE(.BOTH.,#15615);
#15615 = SURFACE_SIDE_STYLE('',(#15616));
#15616 = SURFACE_STYLE_FILL_AREA(#15617);
#15617 = FILL_AREA_STYLE('',(#15618));
#15618 = FILL_AREA_STYLE_COLOUR('',#15457);
#15619 = STYLED_ITEM('color',(#15620),#2713);
#15620 = PRESENTATION_STYLE_ASSIGNMENT((#15621));
#15621 = SURFACE_STYLE_USAGE(.BOTH.,#15622);
#15622 = SURFACE_SIDE_STYLE('',(#15623));
#15623 = SURFACE_STYLE_FILL_AREA(#15624);
#15624 = FILL_AREA_STYLE('',(#15625));
#15625 = FILL_AREA_STYLE_COLOUR('',#15457);
#15626 = STYLED_ITEM('color',(#15627),#2741);
#15627 = PRESENTATION_STYLE_ASSIGNMENT((#15628));
#15628 = SURFACE_STYLE_USAGE(.BOTH.,#15629);
#15629 = SURFACE_SIDE_STYLE('',(#15630));
#15630 = SURFACE_STYLE_FILL_AREA(#15631);
#15631 = FILL_AREA_STYLE('',(#15632));
#15632 = FILL_AREA_STYLE_COLOUR('',#15457);
#15633 = STYLED_ITEM('color',(#15634),#2769);
#15634 = PRESENTATION_STYLE_ASSIGNMENT((#15635));
#15635 = SURFACE_STYLE_USAGE(.BOTH.,#15636);
#15636 = SURFACE_SIDE_STYLE('',(#15637));
#15637 = SURFACE_STYLE_FILL_AREA(#15638);
#15638 = FILL_AREA_STYLE('',(#15639));
#15639 = FILL_AREA_STYLE_COLOUR('',#15457);
#15640 = STYLED_ITEM('color',(#15641),#2797);
#15641 = PRESENTATION_STYLE_ASSIGNMENT((#15642));
#15642 = SURFACE_STYLE_USAGE(.BOTH.,#15643);
#15643 = SURFACE_SIDE_STYLE('',(#15644));
#15644 = SURFACE_STYLE_FILL_AREA(#15645);
#15645 = FILL_AREA_STYLE('',(#15646));
#15646 = FILL_AREA_STYLE_COLOUR('',#15647);
#15647 = COLOUR_RGB('',0.858823546443,0.737254912529,0.494117641438);
#15648 = STYLED_ITEM('color',(#15649),#2828);
#15649 = PRESENTATION_STYLE_ASSIGNMENT((#15650));
#15650 = SURFACE_STYLE_USAGE(.BOTH.,#15651);
#15651 = SURFACE_SIDE_STYLE('',(#15652));
#15652 = SURFACE_STYLE_FILL_AREA(#15653);
#15653 = FILL_AREA_STYLE('',(#15654));
#15654 = FILL_AREA_STYLE_COLOUR('',#15647);
#15655 = STYLED_ITEM('color',(#15656),#2852);
#15656 = PRESENTATION_STYLE_ASSIGNMENT((#15657));
#15657 = SURFACE_STYLE_USAGE(.BOTH.,#15658);
#15658 = SURFACE_SIDE_STYLE('',(#15659));
#15659 = SURFACE_STYLE_FILL_AREA(#15660);
#15660 = FILL_AREA_STYLE('',(#15661));
#15661 = FILL_AREA_STYLE_COLOUR('',#15647);
#15662 = STYLED_ITEM('color',(#15663),#2876);
#15663 = PRESENTATION_STYLE_ASSIGNMENT((#15664));
#15664 = SURFACE_STYLE_USAGE(.BOTH.,#15665);
#15665 = SURFACE_SIDE_STYLE('',(#15666));
#15666 = SURFACE_STYLE_FILL_AREA(#15667);
#15667 = FILL_AREA_STYLE('',(#15668));
#15668 = FILL_AREA_STYLE_COLOUR('',#15647);
#15669 = STYLED_ITEM('color',(#15670),#2893);
#15670 = PRESENTATION_STYLE_ASSIGNMENT((#15671));
#15671 = SURFACE_STYLE_USAGE(.BOTH.,#15672);
#15672 = SURFACE_SIDE_STYLE('',(#15673));
#15673 = SURFACE_STYLE_FILL_AREA(#15674);
#15674 = FILL_AREA_STYLE('',(#15675));
#15675 = FILL_AREA_STYLE_COLOUR('',#15647);
#15676 = STYLED_ITEM('color',(#15677),#2924);
#15677 = PRESENTATION_STYLE_ASSIGNMENT((#15678));
#15678 = SURFACE_STYLE_USAGE(.BOTH.,#15679);
#15679 = SURFACE_SIDE_STYLE('',(#15680));
#15680 = SURFACE_STYLE_FILL_AREA(#15681);
#15681 = FILL_AREA_STYLE('',(#15682));
#15682 = FILL_AREA_STYLE_COLOUR('',#15647);
#15683 = STYLED_ITEM('color',(#15684),#2948);
#15684 = PRESENTATION_STYLE_ASSIGNMENT((#15685));
#15685 = SURFACE_STYLE_USAGE(.BOTH.,#15686);
#15686 = SURFACE_SIDE_STYLE('',(#15687));
#15687 = SURFACE_STYLE_FILL_AREA(#15688);
#15688 = FILL_AREA_STYLE('',(#15689));
#15689 = FILL_AREA_STYLE_COLOUR('',#15647);
#15690 = STYLED_ITEM('color',(#15691),#2972);
#15691 = PRESENTATION_STYLE_ASSIGNMENT((#15692));
#15692 = SURFACE_STYLE_USAGE(.BOTH.,#15693);
#15693 = SURFACE_SIDE_STYLE('',(#15694));
#15694 = SURFACE_STYLE_FILL_AREA(#15695);
#15695 = FILL_AREA_STYLE('',(#15696));
#15696 = FILL_AREA_STYLE_COLOUR('',#15647);
#15697 = STYLED_ITEM('color',(#15698),#2989);
#15698 = PRESENTATION_STYLE_ASSIGNMENT((#15699));
#15699 = SURFACE_STYLE_USAGE(.BOTH.,#15700);
#15700 = SURFACE_SIDE_STYLE('',(#15701));
#15701 = SURFACE_STYLE_FILL_AREA(#15702);
#15702 = FILL_AREA_STYLE('',(#15703));
#15703 = FILL_AREA_STYLE_COLOUR('',#15647);
#15704 = STYLED_ITEM('color',(#15705),#3020);
#15705 = PRESENTATION_STYLE_ASSIGNMENT((#15706));
#15706 = SURFACE_STYLE_USAGE(.BOTH.,#15707);
#15707 = SURFACE_SIDE_STYLE('',(#15708));
#15708 = SURFACE_STYLE_FILL_AREA(#15709);
#15709 = FILL_AREA_STYLE('',(#15710));
#15710 = FILL_AREA_STYLE_COLOUR('',#15647);
#15711 = STYLED_ITEM('color',(#15712),#3044);
#15712 = PRESENTATION_STYLE_ASSIGNMENT((#15713));
#15713 = SURFACE_STYLE_USAGE(.BOTH.,#15714);
#15714 = SURFACE_SIDE_STYLE('',(#15715));
#15715 = SURFACE_STYLE_FILL_AREA(#15716);
#15716 = FILL_AREA_STYLE('',(#15717));
#15717 = FILL_AREA_STYLE_COLOUR('',#15647);
#15718 = STYLED_ITEM('color',(#15719),#3068);
#15719 = PRESENTATION_STYLE_ASSIGNMENT((#15720));
#15720 = SURFACE_STYLE_USAGE(.BOTH.,#15721);
#15721 = SURFACE_SIDE_STYLE('',(#15722));
#15722 = SURFACE_STYLE_FILL_AREA(#15723);
#15723 = FILL_AREA_STYLE('',(#15724));
#15724 = FILL_AREA_STYLE_COLOUR('',#15647);
#15725 = STYLED_ITEM('color',(#15726),#3085);
#15726 = PRESENTATION_STYLE_ASSIGNMENT((#15727));
#15727 = SURFACE_STYLE_USAGE(.BOTH.,#15728);
#15728 = SURFACE_SIDE_STYLE('',(#15729));
#15729 = SURFACE_STYLE_FILL_AREA(#15730);
#15730 = FILL_AREA_STYLE('',(#15731));
#15731 = FILL_AREA_STYLE_COLOUR('',#15457);
#15732 = STYLED_ITEM('color',(#15733),#3110);
#15733 = PRESENTATION_STYLE_ASSIGNMENT((#15734));
#15734 = SURFACE_STYLE_USAGE(.BOTH.,#15735);
#15735 = SURFACE_SIDE_STYLE('',(#15736));
#15736 = SURFACE_STYLE_FILL_AREA(#15737);
#15737 = FILL_AREA_STYLE('',(#15738));
#15738 = FILL_AREA_STYLE_COLOUR('',#15647);
#15739 = STYLED_ITEM('color',(#15740),#3141);
#15740 = PRESENTATION_STYLE_ASSIGNMENT((#15741));
#15741 = SURFACE_STYLE_USAGE(.BOTH.,#15742);
#15742 = SURFACE_SIDE_STYLE('',(#15743));
#15743 = SURFACE_STYLE_FILL_AREA(#15744);
#15744 = FILL_AREA_STYLE('',(#15745));
#15745 = FILL_AREA_STYLE_COLOUR('',#15647);
#15746 = STYLED_ITEM('color',(#15747),#3165);
#15747 = PRESENTATION_STYLE_ASSIGNMENT((#15748));
#15748 = SURFACE_STYLE_USAGE(.BOTH.,#15749);
#15749 = SURFACE_SIDE_STYLE('',(#15750));
#15750 = SURFACE_STYLE_FILL_AREA(#15751);
#15751 = FILL_AREA_STYLE('',(#15752));
#15752 = FILL_AREA_STYLE_COLOUR('',#15647);
#15753 = STYLED_ITEM('color',(#15754),#3189);
#15754 = PRESENTATION_STYLE_ASSIGNMENT((#15755));
#15755 = SURFACE_STYLE_USAGE(.BOTH.,#15756);
#15756 = SURFACE_SIDE_STYLE('',(#15757));
#15757 = SURFACE_STYLE_FILL_AREA(#15758);
#15758 = FILL_AREA_STYLE('',(#15759));
#15759 = FILL_AREA_STYLE_COLOUR('',#15647);
#15760 = STYLED_ITEM('color',(#15761),#3206);
#15761 = PRESENTATION_STYLE_ASSIGNMENT((#15762));
#15762 = SURFACE_STYLE_USAGE(.BOTH.,#15763);
#15763 = SURFACE_SIDE_STYLE('',(#15764));
#15764 = SURFACE_STYLE_FILL_AREA(#15765);
#15765 = FILL_AREA_STYLE('',(#15766));
#15766 = FILL_AREA_STYLE_COLOUR('',#15647);
#15767 = STYLED_ITEM('color',(#15768),#3237);
#15768 = PRESENTATION_STYLE_ASSIGNMENT((#15769));
#15769 = SURFACE_STYLE_USAGE(.BOTH.,#15770);
#15770 = SURFACE_SIDE_STYLE('',(#15771));
#15771 = SURFACE_STYLE_FILL_AREA(#15772);
#15772 = FILL_AREA_STYLE('',(#15773));
#15773 = FILL_AREA_STYLE_COLOUR('',#15647);
#15774 = STYLED_ITEM('color',(#15775),#3261);
#15775 = PRESENTATION_STYLE_ASSIGNMENT((#15776));
#15776 = SURFACE_STYLE_USAGE(.BOTH.,#15777);
#15777 = SURFACE_SIDE_STYLE('',(#15778));
#15778 = SURFACE_STYLE_FILL_AREA(#15779);
#15779 = FILL_AREA_STYLE('',(#15780));
#15780 = FILL_AREA_STYLE_COLOUR('',#15647);
#15781 = STYLED_ITEM('color',(#15782),#3285);
#15782 = PRESENTATION_STYLE_ASSIGNMENT((#15783));
#15783 = SURFACE_STYLE_USAGE(.BOTH.,#15784);
#15784 = SURFACE_SIDE_STYLE('',(#15785));
#15785 = SURFACE_STYLE_FILL_AREA(#15786);
#15786 = FILL_AREA_STYLE('',(#15787));
#15787 = FILL_AREA_STYLE_COLOUR('',#15647);
#15788 = STYLED_ITEM('color',(#15789),#3302);
#15789 = PRESENTATION_STYLE_ASSIGNMENT((#15790));
#15790 = SURFACE_STYLE_USAGE(.BOTH.,#15791);
#15791 = SURFACE_SIDE_STYLE('',(#15792));
#15792 = SURFACE_STYLE_FILL_AREA(#15793);
#15793 = FILL_AREA_STYLE('',(#15794));
#15794 = FILL_AREA_STYLE_COLOUR('',#15647);
#15795 = STYLED_ITEM('color',(#15796),#3333);
#15796 = PRESENTATION_STYLE_ASSIGNMENT((#15797));
#15797 = SURFACE_STYLE_USAGE(.BOTH.,#15798);
#15798 = SURFACE_SIDE_STYLE('',(#15799));
#15799 = SURFACE_STYLE_FILL_AREA(#15800);
#15800 = FILL_AREA_STYLE('',(#15801));
#15801 = FILL_AREA_STYLE_COLOUR('',#15647);
#15802 = STYLED_ITEM('color',(#15803),#3357);
#15803 = PRESENTATION_STYLE_ASSIGNMENT((#15804));
#15804 = SURFACE_STYLE_USAGE(.BOTH.,#15805);
#15805 = SURFACE_SIDE_STYLE('',(#15806));
#15806 = SURFACE_STYLE_FILL_AREA(#15807);
#15807 = FILL_AREA_STYLE('',(#15808));
#15808 = FILL_AREA_STYLE_COLOUR('',#15647);
#15809 = STYLED_ITEM('color',(#15810),#3381);
#15810 = PRESENTATION_STYLE_ASSIGNMENT((#15811));
#15811 = SURFACE_STYLE_USAGE(.BOTH.,#15812);
#15812 = SURFACE_SIDE_STYLE('',(#15813));
#15813 = SURFACE_STYLE_FILL_AREA(#15814);
#15814 = FILL_AREA_STYLE('',(#15815));
#15815 = FILL_AREA_STYLE_COLOUR('',#15647);
#15816 = STYLED_ITEM('color',(#15817),#3398);
#15817 = PRESENTATION_STYLE_ASSIGNMENT((#15818));
#15818 = SURFACE_STYLE_USAGE(.BOTH.,#15819);
#15819 = SURFACE_SIDE_STYLE('',(#15820));
#15820 = SURFACE_STYLE_FILL_AREA(#15821);
#15821 = FILL_AREA_STYLE('',(#15822));
#15822 = FILL_AREA_STYLE_COLOUR('',#15647);
#15823 = STYLED_ITEM('color',(#15824),#3429);
#15824 = PRESENTATION_STYLE_ASSIGNMENT((#15825));
#15825 = SURFACE_STYLE_USAGE(.BOTH.,#15826);
#15826 = SURFACE_SIDE_STYLE('',(#15827));
#15827 = SURFACE_STYLE_FILL_AREA(#15828);
#15828 = FILL_AREA_STYLE('',(#15829));
#15829 = FILL_AREA_STYLE_COLOUR('',#15647);
#15830 = STYLED_ITEM('color',(#15831),#3453);
#15831 = PRESENTATION_STYLE_ASSIGNMENT((#15832));
#15832 = SURFACE_STYLE_USAGE(.BOTH.,#15833);
#15833 = SURFACE_SIDE_STYLE('',(#15834));
#15834 = SURFACE_STYLE_FILL_AREA(#15835);
#15835 = FILL_AREA_STYLE('',(#15836));
#15836 = FILL_AREA_STYLE_COLOUR('',#15647);
#15837 = STYLED_ITEM('color',(#15838),#3477);
#15838 = PRESENTATION_STYLE_ASSIGNMENT((#15839));
#15839 = SURFACE_STYLE_USAGE(.BOTH.,#15840);
#15840 = SURFACE_SIDE_STYLE('',(#15841));
#15841 = SURFACE_STYLE_FILL_AREA(#15842);
#15842 = FILL_AREA_STYLE('',(#15843));
#15843 = FILL_AREA_STYLE_COLOUR('',#15647);
#15844 = STYLED_ITEM('color',(#15845),#3494);
#15845 = PRESENTATION_STYLE_ASSIGNMENT((#15846));
#15846 = SURFACE_STYLE_USAGE(.BOTH.,#15847);
#15847 = SURFACE_SIDE_STYLE('',(#15848));
#15848 = SURFACE_STYLE_FILL_AREA(#15849);
#15849 = FILL_AREA_STYLE('',(#15850));
#15850 = FILL_AREA_STYLE_COLOUR('',#15647);
#15851 = STYLED_ITEM('color',(#15852),#3525);
#15852 = PRESENTATION_STYLE_ASSIGNMENT((#15853));
#15853 = SURFACE_STYLE_USAGE(.BOTH.,#15854);
#15854 = SURFACE_SIDE_STYLE('',(#15855));
#15855 = SURFACE_STYLE_FILL_AREA(#15856);
#15856 = FILL_AREA_STYLE('',(#15857));
#15857 = FILL_AREA_STYLE_COLOUR('',#15647);
#15858 = STYLED_ITEM('color',(#15859),#3549);
#15859 = PRESENTATION_STYLE_ASSIGNMENT((#15860));
#15860 = SURFACE_STYLE_USAGE(.BOTH.,#15861);
#15861 = SURFACE_SIDE_STYLE('',(#15862));
#15862 = SURFACE_STYLE_FILL_AREA(#15863);
#15863 = FILL_AREA_STYLE('',(#15864));
#15864 = FILL_AREA_STYLE_COLOUR('',#15647);
#15865 = STYLED_ITEM('color',(#15866),#3573);
#15866 = PRESENTATION_STYLE_ASSIGNMENT((#15867));
#15867 = SURFACE_STYLE_USAGE(.BOTH.,#15868);
#15868 = SURFACE_SIDE_STYLE('',(#15869));
#15869 = SURFACE_STYLE_FILL_AREA(#15870);
#15870 = FILL_AREA_STYLE('',(#15871));
#15871 = FILL_AREA_STYLE_COLOUR('',#15647);
#15872 = STYLED_ITEM('color',(#15873),#3590);
#15873 = PRESENTATION_STYLE_ASSIGNMENT((#15874));
#15874 = SURFACE_STYLE_USAGE(.BOTH.,#15875);
#15875 = SURFACE_SIDE_STYLE('',(#15876));
#15876 = SURFACE_STYLE_FILL_AREA(#15877);
#15877 = FILL_AREA_STYLE('',(#15878));
#15878 = FILL_AREA_STYLE_COLOUR('',#15457);
#15879 = STYLED_ITEM('color',(#15880),#3615);
#15880 = PRESENTATION_STYLE_ASSIGNMENT((#15881));
#15881 = SURFACE_STYLE_USAGE(.BOTH.,#15882);
#15882 = SURFACE_SIDE_STYLE('',(#15883));
#15883 = SURFACE_STYLE_FILL_AREA(#15884);
#15884 = FILL_AREA_STYLE('',(#15885));
#15885 = FILL_AREA_STYLE_COLOUR('',#15457);
#15886 = STYLED_ITEM('color',(#15887),#3640);
#15887 = PRESENTATION_STYLE_ASSIGNMENT((#15888));
#15888 = SURFACE_STYLE_USAGE(.BOTH.,#15889);
#15889 = SURFACE_SIDE_STYLE('',(#15890));
#15890 = SURFACE_STYLE_FILL_AREA(#15891);
#15891 = FILL_AREA_STYLE('',(#15892));
#15892 = FILL_AREA_STYLE_COLOUR('',#15457);
#15893 = STYLED_ITEM('color',(#15894),#3665);
#15894 = PRESENTATION_STYLE_ASSIGNMENT((#15895));
#15895 = SURFACE_STYLE_USAGE(.BOTH.,#15896);
#15896 = SURFACE_SIDE_STYLE('',(#15897));
#15897 = SURFACE_STYLE_FILL_AREA(#15898);
#15898 = FILL_AREA_STYLE('',(#15899));
#15899 = FILL_AREA_STYLE_COLOUR('',#15647);
#15900 = STYLED_ITEM('color',(#15901),#3696);
#15901 = PRESENTATION_STYLE_ASSIGNMENT((#15902));
#15902 = SURFACE_STYLE_USAGE(.BOTH.,#15903);
#15903 = SURFACE_SIDE_STYLE('',(#15904));
#15904 = SURFACE_STYLE_FILL_AREA(#15905);
#15905 = FILL_AREA_STYLE('',(#15906));
#15906 = FILL_AREA_STYLE_COLOUR('',#15647);
#15907 = STYLED_ITEM('color',(#15908),#3720);
#15908 = PRESENTATION_STYLE_ASSIGNMENT((#15909));
#15909 = SURFACE_STYLE_USAGE(.BOTH.,#15910);
#15910 = SURFACE_SIDE_STYLE('',(#15911));
#15911 = SURFACE_STYLE_FILL_AREA(#15912);
#15912 = FILL_AREA_STYLE('',(#15913));
#15913 = FILL_AREA_STYLE_COLOUR('',#15647);
#15914 = STYLED_ITEM('color',(#15915),#3744);
#15915 = PRESENTATION_STYLE_ASSIGNMENT((#15916));
#15916 = SURFACE_STYLE_USAGE(.BOTH.,#15917);
#15917 = SURFACE_SIDE_STYLE('',(#15918));
#15918 = SURFACE_STYLE_FILL_AREA(#15919);
#15919 = FILL_AREA_STYLE('',(#15920));
#15920 = FILL_AREA_STYLE_COLOUR('',#15647);
#15921 = STYLED_ITEM('color',(#15922),#3761);
#15922 = PRESENTATION_STYLE_ASSIGNMENT((#15923));
#15923 = SURFACE_STYLE_USAGE(.BOTH.,#15924);
#15924 = SURFACE_SIDE_STYLE('',(#15925));
#15925 = SURFACE_STYLE_FILL_AREA(#15926);
#15926 = FILL_AREA_STYLE('',(#15927));
#15927 = FILL_AREA_STYLE_COLOUR('',#15647);
#15928 = STYLED_ITEM('color',(#15929),#3792);
#15929 = PRESENTATION_STYLE_ASSIGNMENT((#15930));
#15930 = SURFACE_STYLE_USAGE(.BOTH.,#15931);
#15931 = SURFACE_SIDE_STYLE('',(#15932));
#15932 = SURFACE_STYLE_FILL_AREA(#15933);
#15933 = FILL_AREA_STYLE('',(#15934));
#15934 = FILL_AREA_STYLE_COLOUR('',#15647);
#15935 = STYLED_ITEM('color',(#15936),#3816);
#15936 = PRESENTATION_STYLE_ASSIGNMENT((#15937));
#15937 = SURFACE_STYLE_USAGE(.BOTH.,#15938);
#15938 = SURFACE_SIDE_STYLE('',(#15939));
#15939 = SURFACE_STYLE_FILL_AREA(#15940);
#15940 = FILL_AREA_STYLE('',(#15941));
#15941 = FILL_AREA_STYLE_COLOUR('',#15647);
#15942 = STYLED_ITEM('color',(#15943),#3840);
#15943 = PRESENTATION_STYLE_ASSIGNMENT((#15944));
#15944 = SURFACE_STYLE_USAGE(.BOTH.,#15945);
#15945 = SURFACE_SIDE_STYLE('',(#15946));
#15946 = SURFACE_STYLE_FILL_AREA(#15947);
#15947 = FILL_AREA_STYLE('',(#15948));
#15948 = FILL_AREA_STYLE_COLOUR('',#15647);
#15949 = STYLED_ITEM('color',(#15950),#3857);
#15950 = PRESENTATION_STYLE_ASSIGNMENT((#15951));
#15951 = SURFACE_STYLE_USAGE(.BOTH.,#15952);
#15952 = SURFACE_SIDE_STYLE('',(#15953));
#15953 = SURFACE_STYLE_FILL_AREA(#15954);
#15954 = FILL_AREA_STYLE('',(#15955));
#15955 = FILL_AREA_STYLE_COLOUR('',#15647);
#15956 = STYLED_ITEM('color',(#15957),#3888);
#15957 = PRESENTATION_STYLE_ASSIGNMENT((#15958));
#15958 = SURFACE_STYLE_USAGE(.BOTH.,#15959);
#15959 = SURFACE_SIDE_STYLE('',(#15960));
#15960 = SURFACE_STYLE_FILL_AREA(#15961);
#15961 = FILL_AREA_STYLE('',(#15962));
#15962 = FILL_AREA_STYLE_COLOUR('',#15647);
#15963 = STYLED_ITEM('color',(#15964),#3912);
#15964 = PRESENTATION_STYLE_ASSIGNMENT((#15965));
#15965 = SURFACE_STYLE_USAGE(.BOTH.,#15966);
#15966 = SURFACE_SIDE_STYLE('',(#15967));
#15967 = SURFACE_STYLE_FILL_AREA(#15968);
#15968 = FILL_AREA_STYLE('',(#15969));
#15969 = FILL_AREA_STYLE_COLOUR('',#15647);
#15970 = STYLED_ITEM('color',(#15971),#3936);
#15971 = PRESENTATION_STYLE_ASSIGNMENT((#15972));
#15972 = SURFACE_STYLE_USAGE(.BOTH.,#15973);
#15973 = SURFACE_SIDE_STYLE('',(#15974));
#15974 = SURFACE_STYLE_FILL_AREA(#15975);
#15975 = FILL_AREA_STYLE('',(#15976));
#15976 = FILL_AREA_STYLE_COLOUR('',#15647);
#15977 = STYLED_ITEM('color',(#15978),#3953);
#15978 = PRESENTATION_STYLE_ASSIGNMENT((#15979));
#15979 = SURFACE_STYLE_USAGE(.BOTH.,#15980);
#15980 = SURFACE_SIDE_STYLE('',(#15981));
#15981 = SURFACE_STYLE_FILL_AREA(#15982);
#15982 = FILL_AREA_STYLE('',(#15983));
#15983 = FILL_AREA_STYLE_COLOUR('',#15647);
#15984 = STYLED_ITEM('color',(#15985),#3984);
#15985 = PRESENTATION_STYLE_ASSIGNMENT((#15986));
#15986 = SURFACE_STYLE_USAGE(.BOTH.,#15987);
#15987 = SURFACE_SIDE_STYLE('',(#15988));
#15988 = SURFACE_STYLE_FILL_AREA(#15989);
#15989 = FILL_AREA_STYLE('',(#15990));
#15990 = FILL_AREA_STYLE_COLOUR('',#15647);
#15991 = STYLED_ITEM('color',(#15992),#4008);
#15992 = PRESENTATION_STYLE_ASSIGNMENT((#15993));
#15993 = SURFACE_STYLE_USAGE(.BOTH.,#15994);
#15994 = SURFACE_SIDE_STYLE('',(#15995));
#15995 = SURFACE_STYLE_FILL_AREA(#15996);
#15996 = FILL_AREA_STYLE('',(#15997));
#15997 = FILL_AREA_STYLE_COLOUR('',#15647);
#15998 = STYLED_ITEM('color',(#15999),#4032);
#15999 = PRESENTATION_STYLE_ASSIGNMENT((#16000));
#16000 = SURFACE_STYLE_USAGE(.BOTH.,#16001);
#16001 = SURFACE_SIDE_STYLE('',(#16002));
#16002 = SURFACE_STYLE_FILL_AREA(#16003);
#16003 = FILL_AREA_STYLE('',(#16004));
#16004 = FILL_AREA_STYLE_COLOUR('',#15647);
#16005 = STYLED_ITEM('color',(#16006),#4049);
#16006 = PRESENTATION_STYLE_ASSIGNMENT((#16007));
#16007 = SURFACE_STYLE_USAGE(.BOTH.,#16008);
#16008 = SURFACE_SIDE_STYLE('',(#16009));
#16009 = SURFACE_STYLE_FILL_AREA(#16010);
#16010 = FILL_AREA_STYLE('',(#16011));
#16011 = FILL_AREA_STYLE_COLOUR('',#15647);
#16012 = STYLED_ITEM('color',(#16013),#4080);
#16013 = PRESENTATION_STYLE_ASSIGNMENT((#16014));
#16014 = SURFACE_STYLE_USAGE(.BOTH.,#16015);
#16015 = SURFACE_SIDE_STYLE('',(#16016));
#16016 = SURFACE_STYLE_FILL_AREA(#16017);
#16017 = FILL_AREA_STYLE('',(#16018));
#16018 = FILL_AREA_STYLE_COLOUR('',#15647);
#16019 = STYLED_ITEM('color',(#16020),#4104);
#16020 = PRESENTATION_STYLE_ASSIGNMENT((#16021));
#16021 = SURFACE_STYLE_USAGE(.BOTH.,#16022);
#16022 = SURFACE_SIDE_STYLE('',(#16023));
#16023 = SURFACE_STYLE_FILL_AREA(#16024);
#16024 = FILL_AREA_STYLE('',(#16025));
#16025 = FILL_AREA_STYLE_COLOUR('',#15647);
#16026 = STYLED_ITEM('color',(#16027),#4128);
#16027 = PRESENTATION_STYLE_ASSIGNMENT((#16028));
#16028 = SURFACE_STYLE_USAGE(.BOTH.,#16029);
#16029 = SURFACE_SIDE_STYLE('',(#16030));
#16030 = SURFACE_STYLE_FILL_AREA(#16031);
#16031 = FILL_AREA_STYLE('',(#16032));
#16032 = FILL_AREA_STYLE_COLOUR('',#15647);
#16033 = STYLED_ITEM('color',(#16034),#4145);
#16034 = PRESENTATION_STYLE_ASSIGNMENT((#16035));
#16035 = SURFACE_STYLE_USAGE(.BOTH.,#16036);
#16036 = SURFACE_SIDE_STYLE('',(#16037));
#16037 = SURFACE_STYLE_FILL_AREA(#16038);
#16038 = FILL_AREA_STYLE('',(#16039));
#16039 = FILL_AREA_STYLE_COLOUR('',#15647);
#16040 = STYLED_ITEM('color',(#16041),#4176);
#16041 = PRESENTATION_STYLE_ASSIGNMENT((#16042));
#16042 = SURFACE_STYLE_USAGE(.BOTH.,#16043);
#16043 = SURFACE_SIDE_STYLE('',(#16044));
#16044 = SURFACE_STYLE_FILL_AREA(#16045);
#16045 = FILL_AREA_STYLE('',(#16046));
#16046 = FILL_AREA_STYLE_COLOUR('',#15647);
#16047 = STYLED_ITEM('color',(#16048),#4200);
#16048 = PRESENTATION_STYLE_ASSIGNMENT((#16049));
#16049 = SURFACE_STYLE_USAGE(.BOTH.,#16050);
#16050 = SURFACE_SIDE_STYLE('',(#16051));
#16051 = SURFACE_STYLE_FILL_AREA(#16052);
#16052 = FILL_AREA_STYLE('',(#16053));
#16053 = FILL_AREA_STYLE_COLOUR('',#15647);
#16054 = STYLED_ITEM('color',(#16055),#4224);
#16055 = PRESENTATION_STYLE_ASSIGNMENT((#16056));
#16056 = SURFACE_STYLE_USAGE(.BOTH.,#16057);
#16057 = SURFACE_SIDE_STYLE('',(#16058));
#16058 = SURFACE_STYLE_FILL_AREA(#16059);
#16059 = FILL_AREA_STYLE('',(#16060));
#16060 = FILL_AREA_STYLE_COLOUR('',#15647);
#16061 = STYLED_ITEM('color',(#16062),#4241);
#16062 = PRESENTATION_STYLE_ASSIGNMENT((#16063));
#16063 = SURFACE_STYLE_USAGE(.BOTH.,#16064);
#16064 = SURFACE_SIDE_STYLE('',(#16065));
#16065 = SURFACE_STYLE_FILL_AREA(#16066);
#16066 = FILL_AREA_STYLE('',(#16067));
#16067 = FILL_AREA_STYLE_COLOUR('',#15647);
#16068 = STYLED_ITEM('color',(#16069),#4272);
#16069 = PRESENTATION_STYLE_ASSIGNMENT((#16070));
#16070 = SURFACE_STYLE_USAGE(.BOTH.,#16071);
#16071 = SURFACE_SIDE_STYLE('',(#16072));
#16072 = SURFACE_STYLE_FILL_AREA(#16073);
#16073 = FILL_AREA_STYLE('',(#16074));
#16074 = FILL_AREA_STYLE_COLOUR('',#15647);
#16075 = STYLED_ITEM('color',(#16076),#4296);
#16076 = PRESENTATION_STYLE_ASSIGNMENT((#16077));
#16077 = SURFACE_STYLE_USAGE(.BOTH.,#16078);
#16078 = SURFACE_SIDE_STYLE('',(#16079));
#16079 = SURFACE_STYLE_FILL_AREA(#16080);
#16080 = FILL_AREA_STYLE('',(#16081));
#16081 = FILL_AREA_STYLE_COLOUR('',#15647);
#16082 = STYLED_ITEM('color',(#16083),#4320);
#16083 = PRESENTATION_STYLE_ASSIGNMENT((#16084));
#16084 = SURFACE_STYLE_USAGE(.BOTH.,#16085);
#16085 = SURFACE_SIDE_STYLE('',(#16086));
#16086 = SURFACE_STYLE_FILL_AREA(#16087);
#16087 = FILL_AREA_STYLE('',(#16088));
#16088 = FILL_AREA_STYLE_COLOUR('',#15647);
#16089 = STYLED_ITEM('color',(#16090),#4337);
#16090 = PRESENTATION_STYLE_ASSIGNMENT((#16091));
#16091 = SURFACE_STYLE_USAGE(.BOTH.,#16092);
#16092 = SURFACE_SIDE_STYLE('',(#16093));
#16093 = SURFACE_STYLE_FILL_AREA(#16094);
#16094 = FILL_AREA_STYLE('',(#16095));
#16095 = FILL_AREA_STYLE_COLOUR('',#15647);
#16096 = STYLED_ITEM('color',(#16097),#4368);
#16097 = PRESENTATION_STYLE_ASSIGNMENT((#16098));
#16098 = SURFACE_STYLE_USAGE(.BOTH.,#16099);
#16099 = SURFACE_SIDE_STYLE('',(#16100));
#16100 = SURFACE_STYLE_FILL_AREA(#16101);
#16101 = FILL_AREA_STYLE('',(#16102));
#16102 = FILL_AREA_STYLE_COLOUR('',#15647);
#16103 = STYLED_ITEM('color',(#16104),#4392);
#16104 = PRESENTATION_STYLE_ASSIGNMENT((#16105));
#16105 = SURFACE_STYLE_USAGE(.BOTH.,#16106);
#16106 = SURFACE_SIDE_STYLE('',(#16107));
#16107 = SURFACE_STYLE_FILL_AREA(#16108);
#16108 = FILL_AREA_STYLE('',(#16109));
#16109 = FILL_AREA_STYLE_COLOUR('',#15647);
#16110 = STYLED_ITEM('color',(#16111),#4416);
#16111 = PRESENTATION_STYLE_ASSIGNMENT((#16112));
#16112 = SURFACE_STYLE_USAGE(.BOTH.,#16113);
#16113 = SURFACE_SIDE_STYLE('',(#16114));
#16114 = SURFACE_STYLE_FILL_AREA(#16115);
#16115 = FILL_AREA_STYLE('',(#16116));
#16116 = FILL_AREA_STYLE_COLOUR('',#15647);
#16117 = STYLED_ITEM('color',(#16118),#4433);
#16118 = PRESENTATION_STYLE_ASSIGNMENT((#16119));
#16119 = SURFACE_STYLE_USAGE(.BOTH.,#16120);
#16120 = SURFACE_SIDE_STYLE('',(#16121));
#16121 = SURFACE_STYLE_FILL_AREA(#16122);
#16122 = FILL_AREA_STYLE('',(#16123));
#16123 = FILL_AREA_STYLE_COLOUR('',#15457);
#16124 = STYLED_ITEM('color',(#16125),#4458);
#16125 = PRESENTATION_STYLE_ASSIGNMENT((#16126));
#16126 = SURFACE_STYLE_USAGE(.BOTH.,#16127);
#16127 = SURFACE_SIDE_STYLE('',(#16128));
#16128 = SURFACE_STYLE_FILL_AREA(#16129);
#16129 = FILL_AREA_STYLE('',(#16130));
#16130 = FILL_AREA_STYLE_COLOUR('',#15457);
#16131 = STYLED_ITEM('color',(#16132),#4483);
#16132 = PRESENTATION_STYLE_ASSIGNMENT((#16133));
#16133 = SURFACE_STYLE_USAGE(.BOTH.,#16134);
#16134 = SURFACE_SIDE_STYLE('',(#16135));
#16135 = SURFACE_STYLE_FILL_AREA(#16136);
#16136 = FILL_AREA_STYLE('',(#16137));
#16137 = FILL_AREA_STYLE_COLOUR('',#15457);
#16138 = STYLED_ITEM('color',(#16139),#4494);
#16139 = PRESENTATION_STYLE_ASSIGNMENT((#16140));
#16140 = SURFACE_STYLE_USAGE(.BOTH.,#16141);
#16141 = SURFACE_SIDE_STYLE('',(#16142));
#16142 = SURFACE_STYLE_FILL_AREA(#16143);
#16143 = FILL_AREA_STYLE('',(#16144));
#16144 = FILL_AREA_STYLE_COLOUR('',#15457);
#16145 = STYLED_ITEM('color',(#16146),#4505);
#16146 = PRESENTATION_STYLE_ASSIGNMENT((#16147));
#16147 = SURFACE_STYLE_USAGE(.BOTH.,#16148);
#16148 = SURFACE_SIDE_STYLE('',(#16149));
#16149 = SURFACE_STYLE_FILL_AREA(#16150);
#16150 = FILL_AREA_STYLE('',(#16151));
#16151 = FILL_AREA_STYLE_COLOUR('',#15457);
#16152 = STYLED_ITEM('color',(#16153),#4516);
#16153 = PRESENTATION_STYLE_ASSIGNMENT((#16154));
#16154 = SURFACE_STYLE_USAGE(.BOTH.,#16155);
#16155 = SURFACE_SIDE_STYLE('',(#16156));
#16156 = SURFACE_STYLE_FILL_AREA(#16157);
#16157 = FILL_AREA_STYLE('',(#16158));
#16158 = FILL_AREA_STYLE_COLOUR('',#15647);
#16159 = STYLED_ITEM('color',(#16160),#4547);
#16160 = PRESENTATION_STYLE_ASSIGNMENT((#16161));
#16161 = SURFACE_STYLE_USAGE(.BOTH.,#16162);
#16162 = SURFACE_SIDE_STYLE('',(#16163));
#16163 = SURFACE_STYLE_FILL_AREA(#16164);
#16164 = FILL_AREA_STYLE('',(#16165));
#16165 = FILL_AREA_STYLE_COLOUR('',#15647);
#16166 = STYLED_ITEM('color',(#16167),#4571);
#16167 = PRESENTATION_STYLE_ASSIGNMENT((#16168));
#16168 = SURFACE_STYLE_USAGE(.BOTH.,#16169);
#16169 = SURFACE_SIDE_STYLE('',(#16170));
#16170 = SURFACE_STYLE_FILL_AREA(#16171);
#16171 = FILL_AREA_STYLE('',(#16172));
#16172 = FILL_AREA_STYLE_COLOUR('',#15647);
#16173 = STYLED_ITEM('color',(#16174),#4595);
#16174 = PRESENTATION_STYLE_ASSIGNMENT((#16175));
#16175 = SURFACE_STYLE_USAGE(.BOTH.,#16176);
#16176 = SURFACE_SIDE_STYLE('',(#16177));
#16177 = SURFACE_STYLE_FILL_AREA(#16178);
#16178 = FILL_AREA_STYLE('',(#16179));
#16179 = FILL_AREA_STYLE_COLOUR('',#15647);
#16180 = STYLED_ITEM('color',(#16181),#4612);
#16181 = PRESENTATION_STYLE_ASSIGNMENT((#16182));
#16182 = SURFACE_STYLE_USAGE(.BOTH.,#16183);
#16183 = SURFACE_SIDE_STYLE('',(#16184));
#16184 = SURFACE_STYLE_FILL_AREA(#16185);
#16185 = FILL_AREA_STYLE('',(#16186));
#16186 = FILL_AREA_STYLE_COLOUR('',#15647);
#16187 = STYLED_ITEM('color',(#16188),#4643);
#16188 = PRESENTATION_STYLE_ASSIGNMENT((#16189));
#16189 = SURFACE_STYLE_USAGE(.BOTH.,#16190);
#16190 = SURFACE_SIDE_STYLE('',(#16191));
#16191 = SURFACE_STYLE_FILL_AREA(#16192);
#16192 = FILL_AREA_STYLE('',(#16193));
#16193 = FILL_AREA_STYLE_COLOUR('',#15647);
#16194 = STYLED_ITEM('color',(#16195),#4667);
#16195 = PRESENTATION_STYLE_ASSIGNMENT((#16196));
#16196 = SURFACE_STYLE_USAGE(.BOTH.,#16197);
#16197 = SURFACE_SIDE_STYLE('',(#16198));
#16198 = SURFACE_STYLE_FILL_AREA(#16199);
#16199 = FILL_AREA_STYLE('',(#16200));
#16200 = FILL_AREA_STYLE_COLOUR('',#15647);
#16201 = STYLED_ITEM('color',(#16202),#4691);
#16202 = PRESENTATION_STYLE_ASSIGNMENT((#16203));
#16203 = SURFACE_STYLE_USAGE(.BOTH.,#16204);
#16204 = SURFACE_SIDE_STYLE('',(#16205));
#16205 = SURFACE_STYLE_FILL_AREA(#16206);
#16206 = FILL_AREA_STYLE('',(#16207));
#16207 = FILL_AREA_STYLE_COLOUR('',#15647);
#16208 = STYLED_ITEM('color',(#16209),#4708);
#16209 = PRESENTATION_STYLE_ASSIGNMENT((#16210));
#16210 = SURFACE_STYLE_USAGE(.BOTH.,#16211);
#16211 = SURFACE_SIDE_STYLE('',(#16212));
#16212 = SURFACE_STYLE_FILL_AREA(#16213);
#16213 = FILL_AREA_STYLE('',(#16214));
#16214 = FILL_AREA_STYLE_COLOUR('',#15647);
#16215 = STYLED_ITEM('color',(#16216),#4739);
#16216 = PRESENTATION_STYLE_ASSIGNMENT((#16217));
#16217 = SURFACE_STYLE_USAGE(.BOTH.,#16218);
#16218 = SURFACE_SIDE_STYLE('',(#16219));
#16219 = SURFACE_STYLE_FILL_AREA(#16220);
#16220 = FILL_AREA_STYLE('',(#16221));
#16221 = FILL_AREA_STYLE_COLOUR('',#15647);
#16222 = STYLED_ITEM('color',(#16223),#4763);
#16223 = PRESENTATION_STYLE_ASSIGNMENT((#16224));
#16224 = SURFACE_STYLE_USAGE(.BOTH.,#16225);
#16225 = SURFACE_SIDE_STYLE('',(#16226));
#16226 = SURFACE_STYLE_FILL_AREA(#16227);
#16227 = FILL_AREA_STYLE('',(#16228));
#16228 = FILL_AREA_STYLE_COLOUR('',#15647);
#16229 = STYLED_ITEM('color',(#16230),#4787);
#16230 = PRESENTATION_STYLE_ASSIGNMENT((#16231));
#16231 = SURFACE_STYLE_USAGE(.BOTH.,#16232);
#16232 = SURFACE_SIDE_STYLE('',(#16233));
#16233 = SURFACE_STYLE_FILL_AREA(#16234);
#16234 = FILL_AREA_STYLE('',(#16235));
#16235 = FILL_AREA_STYLE_COLOUR('',#15647);
#16236 = STYLED_ITEM('color',(#16237),#4804);
#16237 = PRESENTATION_STYLE_ASSIGNMENT((#16238));
#16238 = SURFACE_STYLE_USAGE(.BOTH.,#16239);
#16239 = SURFACE_SIDE_STYLE('',(#16240));
#16240 = SURFACE_STYLE_FILL_AREA(#16241);
#16241 = FILL_AREA_STYLE('',(#16242));
#16242 = FILL_AREA_STYLE_COLOUR('',#15647);
#16243 = STYLED_ITEM('color',(#16244),#4835);
#16244 = PRESENTATION_STYLE_ASSIGNMENT((#16245));
#16245 = SURFACE_STYLE_USAGE(.BOTH.,#16246);
#16246 = SURFACE_SIDE_STYLE('',(#16247));
#16247 = SURFACE_STYLE_FILL_AREA(#16248);
#16248 = FILL_AREA_STYLE('',(#16249));
#16249 = FILL_AREA_STYLE_COLOUR('',#15647);
#16250 = STYLED_ITEM('color',(#16251),#4859);
#16251 = PRESENTATION_STYLE_ASSIGNMENT((#16252));
#16252 = SURFACE_STYLE_USAGE(.BOTH.,#16253);
#16253 = SURFACE_SIDE_STYLE('',(#16254));
#16254 = SURFACE_STYLE_FILL_AREA(#16255);
#16255 = FILL_AREA_STYLE('',(#16256));
#16256 = FILL_AREA_STYLE_COLOUR('',#15647);
#16257 = STYLED_ITEM('color',(#16258),#4883);
#16258 = PRESENTATION_STYLE_ASSIGNMENT((#16259));
#16259 = SURFACE_STYLE_USAGE(.BOTH.,#16260);
#16260 = SURFACE_SIDE_STYLE('',(#16261));
#16261 = SURFACE_STYLE_FILL_AREA(#16262);
#16262 = FILL_AREA_STYLE('',(#16263));
#16263 = FILL_AREA_STYLE_COLOUR('',#15647);
#16264 = STYLED_ITEM('color',(#16265),#4900);
#16265 = PRESENTATION_STYLE_ASSIGNMENT((#16266));
#16266 = SURFACE_STYLE_USAGE(.BOTH.,#16267);
#16267 = SURFACE_SIDE_STYLE('',(#16268));
#16268 = SURFACE_STYLE_FILL_AREA(#16269);
#16269 = FILL_AREA_STYLE('',(#16270));
#16270 = FILL_AREA_STYLE_COLOUR('',#15647);
#16271 = STYLED_ITEM('color',(#16272),#4931);
#16272 = PRESENTATION_STYLE_ASSIGNMENT((#16273));
#16273 = SURFACE_STYLE_USAGE(.BOTH.,#16274);
#16274 = SURFACE_SIDE_STYLE('',(#16275));
#16275 = SURFACE_STYLE_FILL_AREA(#16276);
#16276 = FILL_AREA_STYLE('',(#16277));
#16277 = FILL_AREA_STYLE_COLOUR('',#15647);
#16278 = STYLED_ITEM('color',(#16279),#4955);
#16279 = PRESENTATION_STYLE_ASSIGNMENT((#16280));
#16280 = SURFACE_STYLE_USAGE(.BOTH.,#16281);
#16281 = SURFACE_SIDE_STYLE('',(#16282));
#16282 = SURFACE_STYLE_FILL_AREA(#16283);
#16283 = FILL_AREA_STYLE('',(#16284));
#16284 = FILL_AREA_STYLE_COLOUR('',#15647);
#16285 = STYLED_ITEM('color',(#16286),#4979);
#16286 = PRESENTATION_STYLE_ASSIGNMENT((#16287));
#16287 = SURFACE_STYLE_USAGE(.BOTH.,#16288);
#16288 = SURFACE_SIDE_STYLE('',(#16289));
#16289 = SURFACE_STYLE_FILL_AREA(#16290);
#16290 = FILL_AREA_STYLE('',(#16291));
#16291 = FILL_AREA_STYLE_COLOUR('',#15647);
#16292 = STYLED_ITEM('color',(#16293),#4996);
#16293 = PRESENTATION_STYLE_ASSIGNMENT((#16294));
#16294 = SURFACE_STYLE_USAGE(.BOTH.,#16295);
#16295 = SURFACE_SIDE_STYLE('',(#16296));
#16296 = SURFACE_STYLE_FILL_AREA(#16297);
#16297 = FILL_AREA_STYLE('',(#16298));
#16298 = FILL_AREA_STYLE_COLOUR('',#15647);
#16299 = STYLED_ITEM('color',(#16300),#5027);
#16300 = PRESENTATION_STYLE_ASSIGNMENT((#16301));
#16301 = SURFACE_STYLE_USAGE(.BOTH.,#16302);
#16302 = SURFACE_SIDE_STYLE('',(#16303));
#16303 = SURFACE_STYLE_FILL_AREA(#16304);
#16304 = FILL_AREA_STYLE('',(#16305));
#16305 = FILL_AREA_STYLE_COLOUR('',#15647);
#16306 = STYLED_ITEM('color',(#16307),#5051);
#16307 = PRESENTATION_STYLE_ASSIGNMENT((#16308));
#16308 = SURFACE_STYLE_USAGE(.BOTH.,#16309);
#16309 = SURFACE_SIDE_STYLE('',(#16310));
#16310 = SURFACE_STYLE_FILL_AREA(#16311);
#16311 = FILL_AREA_STYLE('',(#16312));
#16312 = FILL_AREA_STYLE_COLOUR('',#15647);
#16313 = STYLED_ITEM('color',(#16314),#5075);
#16314 = PRESENTATION_STYLE_ASSIGNMENT((#16315));
#16315 = SURFACE_STYLE_USAGE(.BOTH.,#16316);
#16316 = SURFACE_SIDE_STYLE('',(#16317));
#16317 = SURFACE_STYLE_FILL_AREA(#16318);
#16318 = FILL_AREA_STYLE('',(#16319));
#16319 = FILL_AREA_STYLE_COLOUR('',#15647);
#16320 = STYLED_ITEM('color',(#16321),#5092);
#16321 = PRESENTATION_STYLE_ASSIGNMENT((#16322));
#16322 = SURFACE_STYLE_USAGE(.BOTH.,#16323);
#16323 = SURFACE_SIDE_STYLE('',(#16324));
#16324 = SURFACE_STYLE_FILL_AREA(#16325);
#16325 = FILL_AREA_STYLE('',(#16326));
#16326 = FILL_AREA_STYLE_COLOUR('',#15647);
#16327 = STYLED_ITEM('color',(#16328),#5123);
#16328 = PRESENTATION_STYLE_ASSIGNMENT((#16329));
#16329 = SURFACE_STYLE_USAGE(.BOTH.,#16330);
#16330 = SURFACE_SIDE_STYLE('',(#16331));
#16331 = SURFACE_STYLE_FILL_AREA(#16332);
#16332 = FILL_AREA_STYLE('',(#16333));
#16333 = FILL_AREA_STYLE_COLOUR('',#15647);
#16334 = STYLED_ITEM('color',(#16335),#5147);
#16335 = PRESENTATION_STYLE_ASSIGNMENT((#16336));
#16336 = SURFACE_STYLE_USAGE(.BOTH.,#16337);
#16337 = SURFACE_SIDE_STYLE('',(#16338));
#16338 = SURFACE_STYLE_FILL_AREA(#16339);
#16339 = FILL_AREA_STYLE('',(#16340));
#16340 = FILL_AREA_STYLE_COLOUR('',#15647);
#16341 = STYLED_ITEM('color',(#16342),#5171);
#16342 = PRESENTATION_STYLE_ASSIGNMENT((#16343));
#16343 = SURFACE_STYLE_USAGE(.BOTH.,#16344);
#16344 = SURFACE_SIDE_STYLE('',(#16345));
#16345 = SURFACE_STYLE_FILL_AREA(#16346);
#16346 = FILL_AREA_STYLE('',(#16347));
#16347 = FILL_AREA_STYLE_COLOUR('',#15647);
#16348 = STYLED_ITEM('color',(#16349),#5188);
#16349 = PRESENTATION_STYLE_ASSIGNMENT((#16350));
#16350 = SURFACE_STYLE_USAGE(.BOTH.,#16351);
#16351 = SURFACE_SIDE_STYLE('',(#16352));
#16352 = SURFACE_STYLE_FILL_AREA(#16353);
#16353 = FILL_AREA_STYLE('',(#16354));
#16354 = FILL_AREA_STYLE_COLOUR('',#15647);
#16355 = STYLED_ITEM('color',(#16356),#5219);
#16356 = PRESENTATION_STYLE_ASSIGNMENT((#16357));
#16357 = SURFACE_STYLE_USAGE(.BOTH.,#16358);
#16358 = SURFACE_SIDE_STYLE('',(#16359));
#16359 = SURFACE_STYLE_FILL_AREA(#16360);
#16360 = FILL_AREA_STYLE('',(#16361));
#16361 = FILL_AREA_STYLE_COLOUR('',#15647);
#16362 = STYLED_ITEM('color',(#16363),#5243);
#16363 = PRESENTATION_STYLE_ASSIGNMENT((#16364));
#16364 = SURFACE_STYLE_USAGE(.BOTH.,#16365);
#16365 = SURFACE_SIDE_STYLE('',(#16366));
#16366 = SURFACE_STYLE_FILL_AREA(#16367);
#16367 = FILL_AREA_STYLE('',(#16368));
#16368 = FILL_AREA_STYLE_COLOUR('',#15647);
#16369 = STYLED_ITEM('color',(#16370),#5267);
#16370 = PRESENTATION_STYLE_ASSIGNMENT((#16371));
#16371 = SURFACE_STYLE_USAGE(.BOTH.,#16372);
#16372 = SURFACE_SIDE_STYLE('',(#16373));
#16373 = SURFACE_STYLE_FILL_AREA(#16374);
#16374 = FILL_AREA_STYLE('',(#16375));
#16375 = FILL_AREA_STYLE_COLOUR('',#15647);
#16376 = STYLED_ITEM('color',(#16377),#5284);
#16377 = PRESENTATION_STYLE_ASSIGNMENT((#16378));
#16378 = SURFACE_STYLE_USAGE(.BOTH.,#16379);
#16379 = SURFACE_SIDE_STYLE('',(#16380));
#16380 = SURFACE_STYLE_FILL_AREA(#16381);
#16381 = FILL_AREA_STYLE('',(#16382));
#16382 = FILL_AREA_STYLE_COLOUR('',#15647);
#16383 = STYLED_ITEM('color',(#16384),#5315);
#16384 = PRESENTATION_STYLE_ASSIGNMENT((#16385));
#16385 = SURFACE_STYLE_USAGE(.BOTH.,#16386);
#16386 = SURFACE_SIDE_STYLE('',(#16387));
#16387 = SURFACE_STYLE_FILL_AREA(#16388);
#16388 = FILL_AREA_STYLE('',(#16389));
#16389 = FILL_AREA_STYLE_COLOUR('',#15647);
#16390 = STYLED_ITEM('color',(#16391),#5339);
#16391 = PRESENTATION_STYLE_ASSIGNMENT((#16392));
#16392 = SURFACE_STYLE_USAGE(.BOTH.,#16393);
#16393 = SURFACE_SIDE_STYLE('',(#16394));
#16394 = SURFACE_STYLE_FILL_AREA(#16395);
#16395 = FILL_AREA_STYLE('',(#16396));
#16396 = FILL_AREA_STYLE_COLOUR('',#15647);
#16397 = STYLED_ITEM('color',(#16398),#5363);
#16398 = PRESENTATION_STYLE_ASSIGNMENT((#16399));
#16399 = SURFACE_STYLE_USAGE(.BOTH.,#16400);
#16400 = SURFACE_SIDE_STYLE('',(#16401));
#16401 = SURFACE_STYLE_FILL_AREA(#16402);
#16402 = FILL_AREA_STYLE('',(#16403));
#16403 = FILL_AREA_STYLE_COLOUR('',#15647);
#16404 = STYLED_ITEM('color',(#16405),#5380);
#16405 = PRESENTATION_STYLE_ASSIGNMENT((#16406));
#16406 = SURFACE_STYLE_USAGE(.BOTH.,#16407);
#16407 = SURFACE_SIDE_STYLE('',(#16408));
#16408 = SURFACE_STYLE_FILL_AREA(#16409);
#16409 = FILL_AREA_STYLE('',(#16410));
#16410 = FILL_AREA_STYLE_COLOUR('',#15647);
#16411 = STYLED_ITEM('color',(#16412),#5411);
#16412 = PRESENTATION_STYLE_ASSIGNMENT((#16413));
#16413 = SURFACE_STYLE_USAGE(.BOTH.,#16414);
#16414 = SURFACE_SIDE_STYLE('',(#16415));
#16415 = SURFACE_STYLE_FILL_AREA(#16416);
#16416 = FILL_AREA_STYLE('',(#16417));
#16417 = FILL_AREA_STYLE_COLOUR('',#15647);
#16418 = STYLED_ITEM('color',(#16419),#5435);
#16419 = PRESENTATION_STYLE_ASSIGNMENT((#16420));
#16420 = SURFACE_STYLE_USAGE(.BOTH.,#16421);
#16421 = SURFACE_SIDE_STYLE('',(#16422));
#16422 = SURFACE_STYLE_FILL_AREA(#16423);
#16423 = FILL_AREA_STYLE('',(#16424));
#16424 = FILL_AREA_STYLE_COLOUR('',#15647);
#16425 = STYLED_ITEM('color',(#16426),#5459);
#16426 = PRESENTATION_STYLE_ASSIGNMENT((#16427));
#16427 = SURFACE_STYLE_USAGE(.BOTH.,#16428);
#16428 = SURFACE_SIDE_STYLE('',(#16429));
#16429 = SURFACE_STYLE_FILL_AREA(#16430);
#16430 = FILL_AREA_STYLE('',(#16431));
#16431 = FILL_AREA_STYLE_COLOUR('',#15647);
#16432 = STYLED_ITEM('color',(#16433),#5476);
#16433 = PRESENTATION_STYLE_ASSIGNMENT((#16434));
#16434 = SURFACE_STYLE_USAGE(.BOTH.,#16435);
#16435 = SURFACE_SIDE_STYLE('',(#16436));
#16436 = SURFACE_STYLE_FILL_AREA(#16437);
#16437 = FILL_AREA_STYLE('',(#16438));
#16438 = FILL_AREA_STYLE_COLOUR('',#15647);
#16439 = STYLED_ITEM('color',(#16440),#5507);
#16440 = PRESENTATION_STYLE_ASSIGNMENT((#16441));
#16441 = SURFACE_STYLE_USAGE(.BOTH.,#16442);
#16442 = SURFACE_SIDE_STYLE('',(#16443));
#16443 = SURFACE_STYLE_FILL_AREA(#16444);
#16444 = FILL_AREA_STYLE('',(#16445));
#16445 = FILL_AREA_STYLE_COLOUR('',#15647);
#16446 = STYLED_ITEM('color',(#16447),#5531);
#16447 = PRESENTATION_STYLE_ASSIGNMENT((#16448));
#16448 = SURFACE_STYLE_USAGE(.BOTH.,#16449);
#16449 = SURFACE_SIDE_STYLE('',(#16450));
#16450 = SURFACE_STYLE_FILL_AREA(#16451);
#16451 = FILL_AREA_STYLE('',(#16452));
#16452 = FILL_AREA_STYLE_COLOUR('',#15647);
#16453 = STYLED_ITEM('color',(#16454),#5555);
#16454 = PRESENTATION_STYLE_ASSIGNMENT((#16455));
#16455 = SURFACE_STYLE_USAGE(.BOTH.,#16456);
#16456 = SURFACE_SIDE_STYLE('',(#16457));
#16457 = SURFACE_STYLE_FILL_AREA(#16458);
#16458 = FILL_AREA_STYLE('',(#16459));
#16459 = FILL_AREA_STYLE_COLOUR('',#15647);
#16460 = STYLED_ITEM('color',(#16461),#5572);
#16461 = PRESENTATION_STYLE_ASSIGNMENT((#16462));
#16462 = SURFACE_STYLE_USAGE(.BOTH.,#16463);
#16463 = SURFACE_SIDE_STYLE('',(#16464));
#16464 = SURFACE_STYLE_FILL_AREA(#16465);
#16465 = FILL_AREA_STYLE('',(#16466));
#16466 = FILL_AREA_STYLE_COLOUR('',#15647);
#16467 = STYLED_ITEM('color',(#16468),#5603);
#16468 = PRESENTATION_STYLE_ASSIGNMENT((#16469));
#16469 = SURFACE_STYLE_USAGE(.BOTH.,#16470);
#16470 = SURFACE_SIDE_STYLE('',(#16471));
#16471 = SURFACE_STYLE_FILL_AREA(#16472);
#16472 = FILL_AREA_STYLE('',(#16473));
#16473 = FILL_AREA_STYLE_COLOUR('',#15647);
#16474 = STYLED_ITEM('color',(#16475),#5627);
#16475 = PRESENTATION_STYLE_ASSIGNMENT((#16476));
#16476 = SURFACE_STYLE_USAGE(.BOTH.,#16477);
#16477 = SURFACE_SIDE_STYLE('',(#16478));
#16478 = SURFACE_STYLE_FILL_AREA(#16479);
#16479 = FILL_AREA_STYLE('',(#16480));
#16480 = FILL_AREA_STYLE_COLOUR('',#15647);
#16481 = STYLED_ITEM('color',(#16482),#5651);
#16482 = PRESENTATION_STYLE_ASSIGNMENT((#16483));
#16483 = SURFACE_STYLE_USAGE(.BOTH.,#16484);
#16484 = SURFACE_SIDE_STYLE('',(#16485));
#16485 = SURFACE_STYLE_FILL_AREA(#16486);
#16486 = FILL_AREA_STYLE('',(#16487));
#16487 = FILL_AREA_STYLE_COLOUR('',#15647);
#16488 = STYLED_ITEM('color',(#16489),#5668);
#16489 = PRESENTATION_STYLE_ASSIGNMENT((#16490));
#16490 = SURFACE_STYLE_USAGE(.BOTH.,#16491);
#16491 = SURFACE_SIDE_STYLE('',(#16492));
#16492 = SURFACE_STYLE_FILL_AREA(#16493);
#16493 = FILL_AREA_STYLE('',(#16494));
#16494 = FILL_AREA_STYLE_COLOUR('',#15647);
#16495 = STYLED_ITEM('color',(#16496),#5699);
#16496 = PRESENTATION_STYLE_ASSIGNMENT((#16497));
#16497 = SURFACE_STYLE_USAGE(.BOTH.,#16498);
#16498 = SURFACE_SIDE_STYLE('',(#16499));
#16499 = SURFACE_STYLE_FILL_AREA(#16500);
#16500 = FILL_AREA_STYLE('',(#16501));
#16501 = FILL_AREA_STYLE_COLOUR('',#15647);
#16502 = STYLED_ITEM('color',(#16503),#5723);
#16503 = PRESENTATION_STYLE_ASSIGNMENT((#16504));
#16504 = SURFACE_STYLE_USAGE(.BOTH.,#16505);
#16505 = SURFACE_SIDE_STYLE('',(#16506));
#16506 = SURFACE_STYLE_FILL_AREA(#16507);
#16507 = FILL_AREA_STYLE('',(#16508));
#16508 = FILL_AREA_STYLE_COLOUR('',#15647);
#16509 = STYLED_ITEM('color',(#16510),#5747);
#16510 = PRESENTATION_STYLE_ASSIGNMENT((#16511));
#16511 = SURFACE_STYLE_USAGE(.BOTH.,#16512);
#16512 = SURFACE_SIDE_STYLE('',(#16513));
#16513 = SURFACE_STYLE_FILL_AREA(#16514);
#16514 = FILL_AREA_STYLE('',(#16515));
#16515 = FILL_AREA_STYLE_COLOUR('',#15647);
#16516 = STYLED_ITEM('color',(#16517),#5764);
#16517 = PRESENTATION_STYLE_ASSIGNMENT((#16518));
#16518 = SURFACE_STYLE_USAGE(.BOTH.,#16519);
#16519 = SURFACE_SIDE_STYLE('',(#16520));
#16520 = SURFACE_STYLE_FILL_AREA(#16521);
#16521 = FILL_AREA_STYLE('',(#16522));
#16522 = FILL_AREA_STYLE_COLOUR('',#15647);
#16523 = STYLED_ITEM('color',(#16524),#5795);
#16524 = PRESENTATION_STYLE_ASSIGNMENT((#16525));
#16525 = SURFACE_STYLE_USAGE(.BOTH.,#16526);
#16526 = SURFACE_SIDE_STYLE('',(#16527));
#16527 = SURFACE_STYLE_FILL_AREA(#16528);
#16528 = FILL_AREA_STYLE('',(#16529));
#16529 = FILL_AREA_STYLE_COLOUR('',#15647);
#16530 = STYLED_ITEM('color',(#16531),#5819);
#16531 = PRESENTATION_STYLE_ASSIGNMENT((#16532));
#16532 = SURFACE_STYLE_USAGE(.BOTH.,#16533);
#16533 = SURFACE_SIDE_STYLE('',(#16534));
#16534 = SURFACE_STYLE_FILL_AREA(#16535);
#16535 = FILL_AREA_STYLE('',(#16536));
#16536 = FILL_AREA_STYLE_COLOUR('',#15647);
#16537 = STYLED_ITEM('color',(#16538),#5843);
#16538 = PRESENTATION_STYLE_ASSIGNMENT((#16539));
#16539 = SURFACE_STYLE_USAGE(.BOTH.,#16540);
#16540 = SURFACE_SIDE_STYLE('',(#16541));
#16541 = SURFACE_STYLE_FILL_AREA(#16542);
#16542 = FILL_AREA_STYLE('',(#16543));
#16543 = FILL_AREA_STYLE_COLOUR('',#15647);
#16544 = STYLED_ITEM('color',(#16545),#5860);
#16545 = PRESENTATION_STYLE_ASSIGNMENT((#16546));
#16546 = SURFACE_STYLE_USAGE(.BOTH.,#16547);
#16547 = SURFACE_SIDE_STYLE('',(#16548));
#16548 = SURFACE_STYLE_FILL_AREA(#16549);
#16549 = FILL_AREA_STYLE('',(#16550));
#16550 = FILL_AREA_STYLE_COLOUR('',#15647);
#16551 = STYLED_ITEM('color',(#16552),#5891);
#16552 = PRESENTATION_STYLE_ASSIGNMENT((#16553));
#16553 = SURFACE_STYLE_USAGE(.BOTH.,#16554);
#16554 = SURFACE_SIDE_STYLE('',(#16555));
#16555 = SURFACE_STYLE_FILL_AREA(#16556);
#16556 = FILL_AREA_STYLE('',(#16557));
#16557 = FILL_AREA_STYLE_COLOUR('',#15647);
#16558 = STYLED_ITEM('color',(#16559),#5915);
#16559 = PRESENTATION_STYLE_ASSIGNMENT((#16560));
#16560 = SURFACE_STYLE_USAGE(.BOTH.,#16561);
#16561 = SURFACE_SIDE_STYLE('',(#16562));
#16562 = SURFACE_STYLE_FILL_AREA(#16563);
#16563 = FILL_AREA_STYLE('',(#16564));
#16564 = FILL_AREA_STYLE_COLOUR('',#15647);
#16565 = STYLED_ITEM('color',(#16566),#5939);
#16566 = PRESENTATION_STYLE_ASSIGNMENT((#16567));
#16567 = SURFACE_STYLE_USAGE(.BOTH.,#16568);
#16568 = SURFACE_SIDE_STYLE('',(#16569));
#16569 = SURFACE_STYLE_FILL_AREA(#16570);
#16570 = FILL_AREA_STYLE('',(#16571));
#16571 = FILL_AREA_STYLE_COLOUR('',#15647);
#16572 = STYLED_ITEM('color',(#16573),#5956);
#16573 = PRESENTATION_STYLE_ASSIGNMENT((#16574));
#16574 = SURFACE_STYLE_USAGE(.BOTH.,#16575);
#16575 = SURFACE_SIDE_STYLE('',(#16576));
#16576 = SURFACE_STYLE_FILL_AREA(#16577);
#16577 = FILL_AREA_STYLE('',(#16578));
#16578 = FILL_AREA_STYLE_COLOUR('',#15647);
#16579 = STYLED_ITEM('color',(#16580),#5987);
#16580 = PRESENTATION_STYLE_ASSIGNMENT((#16581));
#16581 = SURFACE_STYLE_USAGE(.BOTH.,#16582);
#16582 = SURFACE_SIDE_STYLE('',(#16583));
#16583 = SURFACE_STYLE_FILL_AREA(#16584);
#16584 = FILL_AREA_STYLE('',(#16585));
#16585 = FILL_AREA_STYLE_COLOUR('',#15647);
#16586 = STYLED_ITEM('color',(#16587),#6011);
#16587 = PRESENTATION_STYLE_ASSIGNMENT((#16588));
#16588 = SURFACE_STYLE_USAGE(.BOTH.,#16589);
#16589 = SURFACE_SIDE_STYLE('',(#16590));
#16590 = SURFACE_STYLE_FILL_AREA(#16591);
#16591 = FILL_AREA_STYLE('',(#16592));
#16592 = FILL_AREA_STYLE_COLOUR('',#15647);
#16593 = STYLED_ITEM('color',(#16594),#6035);
#16594 = PRESENTATION_STYLE_ASSIGNMENT((#16595));
#16595 = SURFACE_STYLE_USAGE(.BOTH.,#16596);
#16596 = SURFACE_SIDE_STYLE('',(#16597));
#16597 = SURFACE_STYLE_FILL_AREA(#16598);
#16598 = FILL_AREA_STYLE('',(#16599));
#16599 = FILL_AREA_STYLE_COLOUR('',#15647);
#16600 = STYLED_ITEM('color',(#16601),#6052);
#16601 = PRESENTATION_STYLE_ASSIGNMENT((#16602));
#16602 = SURFACE_STYLE_USAGE(.BOTH.,#16603);
#16603 = SURFACE_SIDE_STYLE('',(#16604));
#16604 = SURFACE_STYLE_FILL_AREA(#16605);
#16605 = FILL_AREA_STYLE('',(#16606));
#16606 = FILL_AREA_STYLE_COLOUR('',#15647);
#16607 = STYLED_ITEM('color',(#16608),#6083);
#16608 = PRESENTATION_STYLE_ASSIGNMENT((#16609));
#16609 = SURFACE_STYLE_USAGE(.BOTH.,#16610);
#16610 = SURFACE_SIDE_STYLE('',(#16611));
#16611 = SURFACE_STYLE_FILL_AREA(#16612);
#16612 = FILL_AREA_STYLE('',(#16613));
#16613 = FILL_AREA_STYLE_COLOUR('',#15647);
#16614 = STYLED_ITEM('color',(#16615),#6107);
#16615 = PRESENTATION_STYLE_ASSIGNMENT((#16616));
#16616 = SURFACE_STYLE_USAGE(.BOTH.,#16617);
#16617 = SURFACE_SIDE_STYLE('',(#16618));
#16618 = SURFACE_STYLE_FILL_AREA(#16619);
#16619 = FILL_AREA_STYLE('',(#16620));
#16620 = FILL_AREA_STYLE_COLOUR('',#15647);
#16621 = STYLED_ITEM('color',(#16622),#6131);
#16622 = PRESENTATION_STYLE_ASSIGNMENT((#16623));
#16623 = SURFACE_STYLE_USAGE(.BOTH.,#16624);
#16624 = SURFACE_SIDE_STYLE('',(#16625));
#16625 = SURFACE_STYLE_FILL_AREA(#16626);
#16626 = FILL_AREA_STYLE('',(#16627));
#16627 = FILL_AREA_STYLE_COLOUR('',#15647);
#16628 = STYLED_ITEM('color',(#16629),#6148);
#16629 = PRESENTATION_STYLE_ASSIGNMENT((#16630));
#16630 = SURFACE_STYLE_USAGE(.BOTH.,#16631);
#16631 = SURFACE_SIDE_STYLE('',(#16632));
#16632 = SURFACE_STYLE_FILL_AREA(#16633);
#16633 = FILL_AREA_STYLE('',(#16634));
#16634 = FILL_AREA_STYLE_COLOUR('',#15647);
#16635 = STYLED_ITEM('color',(#16636),#6179);
#16636 = PRESENTATION_STYLE_ASSIGNMENT((#16637));
#16637 = SURFACE_STYLE_USAGE(.BOTH.,#16638);
#16638 = SURFACE_SIDE_STYLE('',(#16639));
#16639 = SURFACE_STYLE_FILL_AREA(#16640);
#16640 = FILL_AREA_STYLE('',(#16641));
#16641 = FILL_AREA_STYLE_COLOUR('',#15647);
#16642 = STYLED_ITEM('color',(#16643),#6203);
#16643 = PRESENTATION_STYLE_ASSIGNMENT((#16644));
#16644 = SURFACE_STYLE_USAGE(.BOTH.,#16645);
#16645 = SURFACE_SIDE_STYLE('',(#16646));
#16646 = SURFACE_STYLE_FILL_AREA(#16647);
#16647 = FILL_AREA_STYLE('',(#16648));
#16648 = FILL_AREA_STYLE_COLOUR('',#15647);
#16649 = STYLED_ITEM('color',(#16650),#6227);
#16650 = PRESENTATION_STYLE_ASSIGNMENT((#16651));
#16651 = SURFACE_STYLE_USAGE(.BOTH.,#16652);
#16652 = SURFACE_SIDE_STYLE('',(#16653));
#16653 = SURFACE_STYLE_FILL_AREA(#16654);
#16654 = FILL_AREA_STYLE('',(#16655));
#16655 = FILL_AREA_STYLE_COLOUR('',#15647);
#16656 = STYLED_ITEM('color',(#16657),#6244);
#16657 = PRESENTATION_STYLE_ASSIGNMENT((#16658));
#16658 = SURFACE_STYLE_USAGE(.BOTH.,#16659);
#16659 = SURFACE_SIDE_STYLE('',(#16660));
#16660 = SURFACE_STYLE_FILL_AREA(#16661);
#16661 = FILL_AREA_STYLE('',(#16662));
#16662 = FILL_AREA_STYLE_COLOUR('',#15647);
#16663 = STYLED_ITEM('color',(#16664),#6275);
#16664 = PRESENTATION_STYLE_ASSIGNMENT((#16665));
#16665 = SURFACE_STYLE_USAGE(.BOTH.,#16666);
#16666 = SURFACE_SIDE_STYLE('',(#16667));
#16667 = SURFACE_STYLE_FILL_AREA(#16668);
#16668 = FILL_AREA_STYLE('',(#16669));
#16669 = FILL_AREA_STYLE_COLOUR('',#15647);
#16670 = STYLED_ITEM('color',(#16671),#6299);
#16671 = PRESENTATION_STYLE_ASSIGNMENT((#16672));
#16672 = SURFACE_STYLE_USAGE(.BOTH.,#16673);
#16673 = SURFACE_SIDE_STYLE('',(#16674));
#16674 = SURFACE_STYLE_FILL_AREA(#16675);
#16675 = FILL_AREA_STYLE('',(#16676));
#16676 = FILL_AREA_STYLE_COLOUR('',#15647);
#16677 = STYLED_ITEM('color',(#16678),#6323);
#16678 = PRESENTATION_STYLE_ASSIGNMENT((#16679));
#16679 = SURFACE_STYLE_USAGE(.BOTH.,#16680);
#16680 = SURFACE_SIDE_STYLE('',(#16681));
#16681 = SURFACE_STYLE_FILL_AREA(#16682);
#16682 = FILL_AREA_STYLE('',(#16683));
#16683 = FILL_AREA_STYLE_COLOUR('',#15647);
#16684 = STYLED_ITEM('color',(#16685),#6340);
#16685 = PRESENTATION_STYLE_ASSIGNMENT((#16686));
#16686 = SURFACE_STYLE_USAGE(.BOTH.,#16687);
#16687 = SURFACE_SIDE_STYLE('',(#16688));
#16688 = SURFACE_STYLE_FILL_AREA(#16689);
#16689 = FILL_AREA_STYLE('',(#16690));
#16690 = FILL_AREA_STYLE_COLOUR('',#15457);
#16691 = STYLED_ITEM('color',(#16692),#6349);
#16692 = PRESENTATION_STYLE_ASSIGNMENT((#16693));
#16693 = SURFACE_STYLE_USAGE(.BOTH.,#16694);
#16694 = SURFACE_SIDE_STYLE('',(#16695));
#16695 = SURFACE_STYLE_FILL_AREA(#16696);
#16696 = FILL_AREA_STYLE('',(#16697));
#16697 = FILL_AREA_STYLE_COLOUR('',#15647);
#16698 = STYLED_ITEM('color',(#16699),#6380);
#16699 = PRESENTATION_STYLE_ASSIGNMENT((#16700));
#16700 = SURFACE_STYLE_USAGE(.BOTH.,#16701);
#16701 = SURFACE_SIDE_STYLE('',(#16702));
#16702 = SURFACE_STYLE_FILL_AREA(#16703);
#16703 = FILL_AREA_STYLE('',(#16704));
#16704 = FILL_AREA_STYLE_COLOUR('',#15647);
#16705 = STYLED_ITEM('color',(#16706),#6404);
#16706 = PRESENTATION_STYLE_ASSIGNMENT((#16707));
#16707 = SURFACE_STYLE_USAGE(.BOTH.,#16708);
#16708 = SURFACE_SIDE_STYLE('',(#16709));
#16709 = SURFACE_STYLE_FILL_AREA(#16710);
#16710 = FILL_AREA_STYLE('',(#16711));
#16711 = FILL_AREA_STYLE_COLOUR('',#15647);
#16712 = STYLED_ITEM('color',(#16713),#6428);
#16713 = PRESENTATION_STYLE_ASSIGNMENT((#16714));
#16714 = SURFACE_STYLE_USAGE(.BOTH.,#16715);
#16715 = SURFACE_SIDE_STYLE('',(#16716));
#16716 = SURFACE_STYLE_FILL_AREA(#16717);
#16717 = FILL_AREA_STYLE('',(#16718));
#16718 = FILL_AREA_STYLE_COLOUR('',#15647);
#16719 = STYLED_ITEM('color',(#16720),#6445);
#16720 = PRESENTATION_STYLE_ASSIGNMENT((#16721));
#16721 = SURFACE_STYLE_USAGE(.BOTH.,#16722);
#16722 = SURFACE_SIDE_STYLE('',(#16723));
#16723 = SURFACE_STYLE_FILL_AREA(#16724);
#16724 = FILL_AREA_STYLE('',(#16725));
#16725 = FILL_AREA_STYLE_COLOUR('',#15647);
#16726 = STYLED_ITEM('color',(#16727),#6476);
#16727 = PRESENTATION_STYLE_ASSIGNMENT((#16728));
#16728 = SURFACE_STYLE_USAGE(.BOTH.,#16729);
#16729 = SURFACE_SIDE_STYLE('',(#16730));
#16730 = SURFACE_STYLE_FILL_AREA(#16731);
#16731 = FILL_AREA_STYLE('',(#16732));
#16732 = FILL_AREA_STYLE_COLOUR('',#15647);
#16733 = STYLED_ITEM('color',(#16734),#6500);
#16734 = PRESENTATION_STYLE_ASSIGNMENT((#16735));
#16735 = SURFACE_STYLE_USAGE(.BOTH.,#16736);
#16736 = SURFACE_SIDE_STYLE('',(#16737));
#16737 = SURFACE_STYLE_FILL_AREA(#16738);
#16738 = FILL_AREA_STYLE('',(#16739));
#16739 = FILL_AREA_STYLE_COLOUR('',#15647);
#16740 = STYLED_ITEM('color',(#16741),#6524);
#16741 = PRESENTATION_STYLE_ASSIGNMENT((#16742));
#16742 = SURFACE_STYLE_USAGE(.BOTH.,#16743);
#16743 = SURFACE_SIDE_STYLE('',(#16744));
#16744 = SURFACE_STYLE_FILL_AREA(#16745);
#16745 = FILL_AREA_STYLE('',(#16746));
#16746 = FILL_AREA_STYLE_COLOUR('',#15647);
#16747 = STYLED_ITEM('color',(#16748),#6541);
#16748 = PRESENTATION_STYLE_ASSIGNMENT((#16749));
#16749 = SURFACE_STYLE_USAGE(.BOTH.,#16750);
#16750 = SURFACE_SIDE_STYLE('',(#16751));
#16751 = SURFACE_STYLE_FILL_AREA(#16752);
#16752 = FILL_AREA_STYLE('',(#16753));
#16753 = FILL_AREA_STYLE_COLOUR('',#15647);
#16754 = STYLED_ITEM('color',(#16755),#6572);
#16755 = PRESENTATION_STYLE_ASSIGNMENT((#16756));
#16756 = SURFACE_STYLE_USAGE(.BOTH.,#16757);
#16757 = SURFACE_SIDE_STYLE('',(#16758));
#16758 = SURFACE_STYLE_FILL_AREA(#16759);
#16759 = FILL_AREA_STYLE('',(#16760));
#16760 = FILL_AREA_STYLE_COLOUR('',#15647);
#16761 = STYLED_ITEM('color',(#16762),#6596);
#16762 = PRESENTATION_STYLE_ASSIGNMENT((#16763));
#16763 = SURFACE_STYLE_USAGE(.BOTH.,#16764);
#16764 = SURFACE_SIDE_STYLE('',(#16765));
#16765 = SURFACE_STYLE_FILL_AREA(#16766);
#16766 = FILL_AREA_STYLE('',(#16767));
#16767 = FILL_AREA_STYLE_COLOUR('',#15647);
#16768 = STYLED_ITEM('color',(#16769),#6620);
#16769 = PRESENTATION_STYLE_ASSIGNMENT((#16770));
#16770 = SURFACE_STYLE_USAGE(.BOTH.,#16771);
#16771 = SURFACE_SIDE_STYLE('',(#16772));
#16772 = SURFACE_STYLE_FILL_AREA(#16773);
#16773 = FILL_AREA_STYLE('',(#16774));
#16774 = FILL_AREA_STYLE_COLOUR('',#15647);
#16775 = STYLED_ITEM('color',(#16776),#6637);
#16776 = PRESENTATION_STYLE_ASSIGNMENT((#16777));
#16777 = SURFACE_STYLE_USAGE(.BOTH.,#16778);
#16778 = SURFACE_SIDE_STYLE('',(#16779));
#16779 = SURFACE_STYLE_FILL_AREA(#16780);
#16780 = FILL_AREA_STYLE('',(#16781));
#16781 = FILL_AREA_STYLE_COLOUR('',#15647);
#16782 = STYLED_ITEM('color',(#16783),#6668);
#16783 = PRESENTATION_STYLE_ASSIGNMENT((#16784));
#16784 = SURFACE_STYLE_USAGE(.BOTH.,#16785);
#16785 = SURFACE_SIDE_STYLE('',(#16786));
#16786 = SURFACE_STYLE_FILL_AREA(#16787);
#16787 = FILL_AREA_STYLE('',(#16788));
#16788 = FILL_AREA_STYLE_COLOUR('',#15647);
#16789 = STYLED_ITEM('color',(#16790),#6692);
#16790 = PRESENTATION_STYLE_ASSIGNMENT((#16791));
#16791 = SURFACE_STYLE_USAGE(.BOTH.,#16792);
#16792 = SURFACE_SIDE_STYLE('',(#16793));
#16793 = SURFACE_STYLE_FILL_AREA(#16794);
#16794 = FILL_AREA_STYLE('',(#16795));
#16795 = FILL_AREA_STYLE_COLOUR('',#15647);
#16796 = STYLED_ITEM('color',(#16797),#6716);
#16797 = PRESENTATION_STYLE_ASSIGNMENT((#16798));
#16798 = SURFACE_STYLE_USAGE(.BOTH.,#16799);
#16799 = SURFACE_SIDE_STYLE('',(#16800));
#16800 = SURFACE_STYLE_FILL_AREA(#16801);
#16801 = FILL_AREA_STYLE('',(#16802));
#16802 = FILL_AREA_STYLE_COLOUR('',#15647);
#16803 = STYLED_ITEM('color',(#16804),#6733);
#16804 = PRESENTATION_STYLE_ASSIGNMENT((#16805));
#16805 = SURFACE_STYLE_USAGE(.BOTH.,#16806);
#16806 = SURFACE_SIDE_STYLE('',(#16807));
#16807 = SURFACE_STYLE_FILL_AREA(#16808);
#16808 = FILL_AREA_STYLE('',(#16809));
#16809 = FILL_AREA_STYLE_COLOUR('',#15647);
#16810 = STYLED_ITEM('color',(#16811),#6764);
#16811 = PRESENTATION_STYLE_ASSIGNMENT((#16812));
#16812 = SURFACE_STYLE_USAGE(.BOTH.,#16813);
#16813 = SURFACE_SIDE_STYLE('',(#16814));
#16814 = SURFACE_STYLE_FILL_AREA(#16815);
#16815 = FILL_AREA_STYLE('',(#16816));
#16816 = FILL_AREA_STYLE_COLOUR('',#15647);
#16817 = STYLED_ITEM('color',(#16818),#6788);
#16818 = PRESENTATION_STYLE_ASSIGNMENT((#16819));
#16819 = SURFACE_STYLE_USAGE(.BOTH.,#16820);
#16820 = SURFACE_SIDE_STYLE('',(#16821));
#16821 = SURFACE_STYLE_FILL_AREA(#16822);
#16822 = FILL_AREA_STYLE('',(#16823));
#16823 = FILL_AREA_STYLE_COLOUR('',#15647);
#16824 = STYLED_ITEM('color',(#16825),#6812);
#16825 = PRESENTATION_STYLE_ASSIGNMENT((#16826));
#16826 = SURFACE_STYLE_USAGE(.BOTH.,#16827);
#16827 = SURFACE_SIDE_STYLE('',(#16828));
#16828 = SURFACE_STYLE_FILL_AREA(#16829);
#16829 = FILL_AREA_STYLE('',(#16830));
#16830 = FILL_AREA_STYLE_COLOUR('',#15647);
#16831 = STYLED_ITEM('color',(#16832),#6829);
#16832 = PRESENTATION_STYLE_ASSIGNMENT((#16833));
#16833 = SURFACE_STYLE_USAGE(.BOTH.,#16834);
#16834 = SURFACE_SIDE_STYLE('',(#16835));
#16835 = SURFACE_STYLE_FILL_AREA(#16836);
#16836 = FILL_AREA_STYLE('',(#16837));
#16837 = FILL_AREA_STYLE_COLOUR('',#15457);
#16838 = STYLED_ITEM('color',(#16839),#6838);
#16839 = PRESENTATION_STYLE_ASSIGNMENT((#16840));
#16840 = SURFACE_STYLE_USAGE(.BOTH.,#16841);
#16841 = SURFACE_SIDE_STYLE('',(#16842));
#16842 = SURFACE_STYLE_FILL_AREA(#16843);
#16843 = FILL_AREA_STYLE('',(#16844));
#16844 = FILL_AREA_STYLE_COLOUR('',#15457);
#16845 = STYLED_ITEM('color',(#16846),#6847);
#16846 = PRESENTATION_STYLE_ASSIGNMENT((#16847));
#16847 = SURFACE_STYLE_USAGE(.BOTH.,#16848);
#16848 = SURFACE_SIDE_STYLE('',(#16849));
#16849 = SURFACE_STYLE_FILL_AREA(#16850);
#16850 = FILL_AREA_STYLE('',(#16851));
#16851 = FILL_AREA_STYLE_COLOUR('',#15457);
#16852 = STYLED_ITEM('color',(#16853),#6856);
#16853 = PRESENTATION_STYLE_ASSIGNMENT((#16854));
#16854 = SURFACE_STYLE_USAGE(.BOTH.,#16855);
#16855 = SURFACE_SIDE_STYLE('',(#16856));
#16856 = SURFACE_STYLE_FILL_AREA(#16857);
#16857 = FILL_AREA_STYLE('',(#16858));
#16858 = FILL_AREA_STYLE_COLOUR('',#15647);
#16859 = STYLED_ITEM('color',(#16860),#6887);
#16860 = PRESENTATION_STYLE_ASSIGNMENT((#16861));
#16861 = SURFACE_STYLE_USAGE(.BOTH.,#16862);
#16862 = SURFACE_SIDE_STYLE('',(#16863));
#16863 = SURFACE_STYLE_FILL_AREA(#16864);
#16864 = FILL_AREA_STYLE('',(#16865));
#16865 = FILL_AREA_STYLE_COLOUR('',#15647);
#16866 = STYLED_ITEM('color',(#16867),#6911);
#16867 = PRESENTATION_STYLE_ASSIGNMENT((#16868));
#16868 = SURFACE_STYLE_USAGE(.BOTH.,#16869);
#16869 = SURFACE_SIDE_STYLE('',(#16870));
#16870 = SURFACE_STYLE_FILL_AREA(#16871);
#16871 = FILL_AREA_STYLE('',(#16872));
#16872 = FILL_AREA_STYLE_COLOUR('',#15647);
#16873 = STYLED_ITEM('color',(#16874),#6935);
#16874 = PRESENTATION_STYLE_ASSIGNMENT((#16875));
#16875 = SURFACE_STYLE_USAGE(.BOTH.,#16876);
#16876 = SURFACE_SIDE_STYLE('',(#16877));
#16877 = SURFACE_STYLE_FILL_AREA(#16878);
#16878 = FILL_AREA_STYLE('',(#16879));
#16879 = FILL_AREA_STYLE_COLOUR('',#15647);
#16880 = STYLED_ITEM('color',(#16881),#6952);
#16881 = PRESENTATION_STYLE_ASSIGNMENT((#16882));
#16882 = SURFACE_STYLE_USAGE(.BOTH.,#16883);
#16883 = SURFACE_SIDE_STYLE('',(#16884));
#16884 = SURFACE_STYLE_FILL_AREA(#16885);
#16885 = FILL_AREA_STYLE('',(#16886));
#16886 = FILL_AREA_STYLE_COLOUR('',#15647);
#16887 = STYLED_ITEM('color',(#16888),#6983);
#16888 = PRESENTATION_STYLE_ASSIGNMENT((#16889));
#16889 = SURFACE_STYLE_USAGE(.BOTH.,#16890);
#16890 = SURFACE_SIDE_STYLE('',(#16891));
#16891 = SURFACE_STYLE_FILL_AREA(#16892);
#16892 = FILL_AREA_STYLE('',(#16893));
#16893 = FILL_AREA_STYLE_COLOUR('',#15647);
#16894 = STYLED_ITEM('color',(#16895),#7007);
#16895 = PRESENTATION_STYLE_ASSIGNMENT((#16896));
#16896 = SURFACE_STYLE_USAGE(.BOTH.,#16897);
#16897 = SURFACE_SIDE_STYLE('',(#16898));
#16898 = SURFACE_STYLE_FILL_AREA(#16899);
#16899 = FILL_AREA_STYLE('',(#16900));
#16900 = FILL_AREA_STYLE_COLOUR('',#15647);
#16901 = STYLED_ITEM('color',(#16902),#7031);
#16902 = PRESENTATION_STYLE_ASSIGNMENT((#16903));
#16903 = SURFACE_STYLE_USAGE(.BOTH.,#16904);
#16904 = SURFACE_SIDE_STYLE('',(#16905));
#16905 = SURFACE_STYLE_FILL_AREA(#16906);
#16906 = FILL_AREA_STYLE('',(#16907));
#16907 = FILL_AREA_STYLE_COLOUR('',#15647);
#16908 = STYLED_ITEM('color',(#16909),#7048);
#16909 = PRESENTATION_STYLE_ASSIGNMENT((#16910));
#16910 = SURFACE_STYLE_USAGE(.BOTH.,#16911);
#16911 = SURFACE_SIDE_STYLE('',(#16912));
#16912 = SURFACE_STYLE_FILL_AREA(#16913);
#16913 = FILL_AREA_STYLE('',(#16914));
#16914 = FILL_AREA_STYLE_COLOUR('',#15647);
#16915 = STYLED_ITEM('color',(#16916),#7079);
#16916 = PRESENTATION_STYLE_ASSIGNMENT((#16917));
#16917 = SURFACE_STYLE_USAGE(.BOTH.,#16918);
#16918 = SURFACE_SIDE_STYLE('',(#16919));
#16919 = SURFACE_STYLE_FILL_AREA(#16920);
#16920 = FILL_AREA_STYLE('',(#16921));
#16921 = FILL_AREA_STYLE_COLOUR('',#15647);
#16922 = STYLED_ITEM('color',(#16923),#7103);
#16923 = PRESENTATION_STYLE_ASSIGNMENT((#16924));
#16924 = SURFACE_STYLE_USAGE(.BOTH.,#16925);
#16925 = SURFACE_SIDE_STYLE('',(#16926));
#16926 = SURFACE_STYLE_FILL_AREA(#16927);
#16927 = FILL_AREA_STYLE('',(#16928));
#16928 = FILL_AREA_STYLE_COLOUR('',#15647);
#16929 = STYLED_ITEM('color',(#16930),#7127);
#16930 = PRESENTATION_STYLE_ASSIGNMENT((#16931));
#16931 = SURFACE_STYLE_USAGE(.BOTH.,#16932);
#16932 = SURFACE_SIDE_STYLE('',(#16933));
#16933 = SURFACE_STYLE_FILL_AREA(#16934);
#16934 = FILL_AREA_STYLE('',(#16935));
#16935 = FILL_AREA_STYLE_COLOUR('',#15647);
#16936 = STYLED_ITEM('color',(#16937),#7144);
#16937 = PRESENTATION_STYLE_ASSIGNMENT((#16938));
#16938 = SURFACE_STYLE_USAGE(.BOTH.,#16939);
#16939 = SURFACE_SIDE_STYLE('',(#16940));
#16940 = SURFACE_STYLE_FILL_AREA(#16941);
#16941 = FILL_AREA_STYLE('',(#16942));
#16942 = FILL_AREA_STYLE_COLOUR('',#15647);
#16943 = STYLED_ITEM('color',(#16944),#7175);
#16944 = PRESENTATION_STYLE_ASSIGNMENT((#16945));
#16945 = SURFACE_STYLE_USAGE(.BOTH.,#16946);
#16946 = SURFACE_SIDE_STYLE('',(#16947));
#16947 = SURFACE_STYLE_FILL_AREA(#16948);
#16948 = FILL_AREA_STYLE('',(#16949));
#16949 = FILL_AREA_STYLE_COLOUR('',#15647);
#16950 = STYLED_ITEM('color',(#16951),#7199);
#16951 = PRESENTATION_STYLE_ASSIGNMENT((#16952));
#16952 = SURFACE_STYLE_USAGE(.BOTH.,#16953);
#16953 = SURFACE_SIDE_STYLE('',(#16954));
#16954 = SURFACE_STYLE_FILL_AREA(#16955);
#16955 = FILL_AREA_STYLE('',(#16956));
#16956 = FILL_AREA_STYLE_COLOUR('',#15647);
#16957 = STYLED_ITEM('color',(#16958),#7223);
#16958 = PRESENTATION_STYLE_ASSIGNMENT((#16959));
#16959 = SURFACE_STYLE_USAGE(.BOTH.,#16960);
#16960 = SURFACE_SIDE_STYLE('',(#16961));
#16961 = SURFACE_STYLE_FILL_AREA(#16962);
#16962 = FILL_AREA_STYLE('',(#16963));
#16963 = FILL_AREA_STYLE_COLOUR('',#15647);
#16964 = STYLED_ITEM('color',(#16965),#7240);
#16965 = PRESENTATION_STYLE_ASSIGNMENT((#16966));
#16966 = SURFACE_STYLE_USAGE(.BOTH.,#16967);
#16967 = SURFACE_SIDE_STYLE('',(#16968));
#16968 = SURFACE_STYLE_FILL_AREA(#16969);
#16969 = FILL_AREA_STYLE('',(#16970));
#16970 = FILL_AREA_STYLE_COLOUR('',#15647);
#16971 = STYLED_ITEM('color',(#16972),#7271);
#16972 = PRESENTATION_STYLE_ASSIGNMENT((#16973));
#16973 = SURFACE_STYLE_USAGE(.BOTH.,#16974);
#16974 = SURFACE_SIDE_STYLE('',(#16975));
#16975 = SURFACE_STYLE_FILL_AREA(#16976);
#16976 = FILL_AREA_STYLE('',(#16977));
#16977 = FILL_AREA_STYLE_COLOUR('',#15647);
#16978 = STYLED_ITEM('color',(#16979),#7295);
#16979 = PRESENTATION_STYLE_ASSIGNMENT((#16980));
#16980 = SURFACE_STYLE_USAGE(.BOTH.,#16981);
#16981 = SURFACE_SIDE_STYLE('',(#16982));
#16982 = SURFACE_STYLE_FILL_AREA(#16983);
#16983 = FILL_AREA_STYLE('',(#16984));
#16984 = FILL_AREA_STYLE_COLOUR('',#15647);
#16985 = STYLED_ITEM('color',(#16986),#7319);
#16986 = PRESENTATION_STYLE_ASSIGNMENT((#16987));
#16987 = SURFACE_STYLE_USAGE(.BOTH.,#16988);
#16988 = SURFACE_SIDE_STYLE('',(#16989));
#16989 = SURFACE_STYLE_FILL_AREA(#16990);
#16990 = FILL_AREA_STYLE('',(#16991));
#16991 = FILL_AREA_STYLE_COLOUR('',#15647);
#16992 = STYLED_ITEM('color',(#16993),#7336);
#16993 = PRESENTATION_STYLE_ASSIGNMENT((#16994));
#16994 = SURFACE_STYLE_USAGE(.BOTH.,#16995);
#16995 = SURFACE_SIDE_STYLE('',(#16996));
#16996 = SURFACE_STYLE_FILL_AREA(#16997);
#16997 = FILL_AREA_STYLE('',(#16998));
#16998 = FILL_AREA_STYLE_COLOUR('',#15647);
#16999 = STYLED_ITEM('color',(#17000),#7367);
#17000 = PRESENTATION_STYLE_ASSIGNMENT((#17001));
#17001 = SURFACE_STYLE_USAGE(.BOTH.,#17002);
#17002 = SURFACE_SIDE_STYLE('',(#17003));
#17003 = SURFACE_STYLE_FILL_AREA(#17004);
#17004 = FILL_AREA_STYLE('',(#17005));
#17005 = FILL_AREA_STYLE_COLOUR('',#15647);
#17006 = STYLED_ITEM('color',(#17007),#7391);
#17007 = PRESENTATION_STYLE_ASSIGNMENT((#17008));
#17008 = SURFACE_STYLE_USAGE(.BOTH.,#17009);
#17009 = SURFACE_SIDE_STYLE('',(#17010));
#17010 = SURFACE_STYLE_FILL_AREA(#17011);
#17011 = FILL_AREA_STYLE('',(#17012));
#17012 = FILL_AREA_STYLE_COLOUR('',#15647);
#17013 = STYLED_ITEM('color',(#17014),#7415);
#17014 = PRESENTATION_STYLE_ASSIGNMENT((#17015));
#17015 = SURFACE_STYLE_USAGE(.BOTH.,#17016);
#17016 = SURFACE_SIDE_STYLE('',(#17017));
#17017 = SURFACE_STYLE_FILL_AREA(#17018);
#17018 = FILL_AREA_STYLE('',(#17019));
#17019 = FILL_AREA_STYLE_COLOUR('',#15647);
#17020 = STYLED_ITEM('color',(#17021),#7432);
#17021 = PRESENTATION_STYLE_ASSIGNMENT((#17022));
#17022 = SURFACE_STYLE_USAGE(.BOTH.,#17023);
#17023 = SURFACE_SIDE_STYLE('',(#17024));
#17024 = SURFACE_STYLE_FILL_AREA(#17025);
#17025 = FILL_AREA_STYLE('',(#17026));
#17026 = FILL_AREA_STYLE_COLOUR('',#15647);
#17027 = STYLED_ITEM('color',(#17028),#7463);
#17028 = PRESENTATION_STYLE_ASSIGNMENT((#17029));
#17029 = SURFACE_STYLE_USAGE(.BOTH.,#17030);
#17030 = SURFACE_SIDE_STYLE('',(#17031));
#17031 = SURFACE_STYLE_FILL_AREA(#17032);
#17032 = FILL_AREA_STYLE('',(#17033));
#17033 = FILL_AREA_STYLE_COLOUR('',#15647);
#17034 = STYLED_ITEM('color',(#17035),#7487);
#17035 = PRESENTATION_STYLE_ASSIGNMENT((#17036));
#17036 = SURFACE_STYLE_USAGE(.BOTH.,#17037);
#17037 = SURFACE_SIDE_STYLE('',(#17038));
#17038 = SURFACE_STYLE_FILL_AREA(#17039);
#17039 = FILL_AREA_STYLE('',(#17040));
#17040 = FILL_AREA_STYLE_COLOUR('',#15647);
#17041 = STYLED_ITEM('color',(#17042),#7511);
#17042 = PRESENTATION_STYLE_ASSIGNMENT((#17043));
#17043 = SURFACE_STYLE_USAGE(.BOTH.,#17044);
#17044 = SURFACE_SIDE_STYLE('',(#17045));
#17045 = SURFACE_STYLE_FILL_AREA(#17046);
#17046 = FILL_AREA_STYLE('',(#17047));
#17047 = FILL_AREA_STYLE_COLOUR('',#15647);
#17048 = STYLED_ITEM('color',(#17049),#7528);
#17049 = PRESENTATION_STYLE_ASSIGNMENT((#17050));
#17050 = SURFACE_STYLE_USAGE(.BOTH.,#17051);
#17051 = SURFACE_SIDE_STYLE('',(#17052));
#17052 = SURFACE_STYLE_FILL_AREA(#17053);
#17053 = FILL_AREA_STYLE('',(#17054));
#17054 = FILL_AREA_STYLE_COLOUR('',#15647);
#17055 = STYLED_ITEM('color',(#17056),#7559);
#17056 = PRESENTATION_STYLE_ASSIGNMENT((#17057));
#17057 = SURFACE_STYLE_USAGE(.BOTH.,#17058);
#17058 = SURFACE_SIDE_STYLE('',(#17059));
#17059 = SURFACE_STYLE_FILL_AREA(#17060);
#17060 = FILL_AREA_STYLE('',(#17061));
#17061 = FILL_AREA_STYLE_COLOUR('',#15647);
#17062 = STYLED_ITEM('color',(#17063),#7583);
#17063 = PRESENTATION_STYLE_ASSIGNMENT((#17064));
#17064 = SURFACE_STYLE_USAGE(.BOTH.,#17065);
#17065 = SURFACE_SIDE_STYLE('',(#17066));
#17066 = SURFACE_STYLE_FILL_AREA(#17067);
#17067 = FILL_AREA_STYLE('',(#17068));
#17068 = FILL_AREA_STYLE_COLOUR('',#15647);
#17069 = STYLED_ITEM('color',(#17070),#7607);
#17070 = PRESENTATION_STYLE_ASSIGNMENT((#17071));
#17071 = SURFACE_STYLE_USAGE(.BOTH.,#17072);
#17072 = SURFACE_SIDE_STYLE('',(#17073));
#17073 = SURFACE_STYLE_FILL_AREA(#17074);
#17074 = FILL_AREA_STYLE('',(#17075));
#17075 = FILL_AREA_STYLE_COLOUR('',#15647);
#17076 = STYLED_ITEM('color',(#17077),#7624);
#17077 = PRESENTATION_STYLE_ASSIGNMENT((#17078));
#17078 = SURFACE_STYLE_USAGE(.BOTH.,#17079);
#17079 = SURFACE_SIDE_STYLE('',(#17080));
#17080 = SURFACE_STYLE_FILL_AREA(#17081);
#17081 = FILL_AREA_STYLE('',(#17082));
#17082 = FILL_AREA_STYLE_COLOUR('',#15457);
#17083 = STYLED_ITEM('color',(#17084),#7633);
#17084 = PRESENTATION_STYLE_ASSIGNMENT((#17085));
#17085 = SURFACE_STYLE_USAGE(.BOTH.,#17086);
#17086 = SURFACE_SIDE_STYLE('',(#17087));
#17087 = SURFACE_STYLE_FILL_AREA(#17088);
#17088 = FILL_AREA_STYLE('',(#17089));
#17089 = FILL_AREA_STYLE_COLOUR('',#15457);
#17090 = STYLED_ITEM('color',(#17091),#7642);
#17091 = PRESENTATION_STYLE_ASSIGNMENT((#17092));
#17092 = SURFACE_STYLE_USAGE(.BOTH.,#17093);
#17093 = SURFACE_SIDE_STYLE('',(#17094));
#17094 = SURFACE_STYLE_FILL_AREA(#17095);
#17095 = FILL_AREA_STYLE('',(#17096));
#17096 = FILL_AREA_STYLE_COLOUR('',#15647);
#17097 = STYLED_ITEM('color',(#17098),#7673);
#17098 = PRESENTATION_STYLE_ASSIGNMENT((#17099));
#17099 = SURFACE_STYLE_USAGE(.BOTH.,#17100);
#17100 = SURFACE_SIDE_STYLE('',(#17101));
#17101 = SURFACE_STYLE_FILL_AREA(#17102);
#17102 = FILL_AREA_STYLE('',(#17103));
#17103 = FILL_AREA_STYLE_COLOUR('',#15647);
#17104 = STYLED_ITEM('color',(#17105),#7697);
#17105 = PRESENTATION_STYLE_ASSIGNMENT((#17106));
#17106 = SURFACE_STYLE_USAGE(.BOTH.,#17107);
#17107 = SURFACE_SIDE_STYLE('',(#17108));
#17108 = SURFACE_STYLE_FILL_AREA(#17109);
#17109 = FILL_AREA_STYLE('',(#17110));
#17110 = FILL_AREA_STYLE_COLOUR('',#15647);
#17111 = STYLED_ITEM('color',(#17112),#7721);
#17112 = PRESENTATION_STYLE_ASSIGNMENT((#17113));
#17113 = SURFACE_STYLE_USAGE(.BOTH.,#17114);
#17114 = SURFACE_SIDE_STYLE('',(#17115));
#17115 = SURFACE_STYLE_FILL_AREA(#17116);
#17116 = FILL_AREA_STYLE('',(#17117));
#17117 = FILL_AREA_STYLE_COLOUR('',#15647);
#17118 = STYLED_ITEM('color',(#17119),#7738);
#17119 = PRESENTATION_STYLE_ASSIGNMENT((#17120));
#17120 = SURFACE_STYLE_USAGE(.BOTH.,#17121);
#17121 = SURFACE_SIDE_STYLE('',(#17122));
#17122 = SURFACE_STYLE_FILL_AREA(#17123);
#17123 = FILL_AREA_STYLE('',(#17124));
#17124 = FILL_AREA_STYLE_COLOUR('',#15647);
#17125 = STYLED_ITEM('color',(#17126),#7769);
#17126 = PRESENTATION_STYLE_ASSIGNMENT((#17127));
#17127 = SURFACE_STYLE_USAGE(.BOTH.,#17128);
#17128 = SURFACE_SIDE_STYLE('',(#17129));
#17129 = SURFACE_STYLE_FILL_AREA(#17130);
#17130 = FILL_AREA_STYLE('',(#17131));
#17131 = FILL_AREA_STYLE_COLOUR('',#15647);
#17132 = STYLED_ITEM('color',(#17133),#7793);
#17133 = PRESENTATION_STYLE_ASSIGNMENT((#17134));
#17134 = SURFACE_STYLE_USAGE(.BOTH.,#17135);
#17135 = SURFACE_SIDE_STYLE('',(#17136));
#17136 = SURFACE_STYLE_FILL_AREA(#17137);
#17137 = FILL_AREA_STYLE('',(#17138));
#17138 = FILL_AREA_STYLE_COLOUR('',#15647);
#17139 = STYLED_ITEM('color',(#17140),#7817);
#17140 = PRESENTATION_STYLE_ASSIGNMENT((#17141));
#17141 = SURFACE_STYLE_USAGE(.BOTH.,#17142);
#17142 = SURFACE_SIDE_STYLE('',(#17143));
#17143 = SURFACE_STYLE_FILL_AREA(#17144);
#17144 = FILL_AREA_STYLE('',(#17145));
#17145 = FILL_AREA_STYLE_COLOUR('',#15647);
#17146 = STYLED_ITEM('color',(#17147),#7834);
#17147 = PRESENTATION_STYLE_ASSIGNMENT((#17148));
#17148 = SURFACE_STYLE_USAGE(.BOTH.,#17149);
#17149 = SURFACE_SIDE_STYLE('',(#17150));
#17150 = SURFACE_STYLE_FILL_AREA(#17151);
#17151 = FILL_AREA_STYLE('',(#17152));
#17152 = FILL_AREA_STYLE_COLOUR('',#15647);
#17153 = STYLED_ITEM('color',(#17154),#7865);
#17154 = PRESENTATION_STYLE_ASSIGNMENT((#17155));
#17155 = SURFACE_STYLE_USAGE(.BOTH.,#17156);
#17156 = SURFACE_SIDE_STYLE('',(#17157));
#17157 = SURFACE_STYLE_FILL_AREA(#17158);
#17158 = FILL_AREA_STYLE('',(#17159));
#17159 = FILL_AREA_STYLE_COLOUR('',#15647);
#17160 = STYLED_ITEM('color',(#17161),#7889);
#17161 = PRESENTATION_STYLE_ASSIGNMENT((#17162));
#17162 = SURFACE_STYLE_USAGE(.BOTH.,#17163);
#17163 = SURFACE_SIDE_STYLE('',(#17164));
#17164 = SURFACE_STYLE_FILL_AREA(#17165);
#17165 = FILL_AREA_STYLE('',(#17166));
#17166 = FILL_AREA_STYLE_COLOUR('',#15647);
#17167 = STYLED_ITEM('color',(#17168),#7913);
#17168 = PRESENTATION_STYLE_ASSIGNMENT((#17169));
#17169 = SURFACE_STYLE_USAGE(.BOTH.,#17170);
#17170 = SURFACE_SIDE_STYLE('',(#17171));
#17171 = SURFACE_STYLE_FILL_AREA(#17172);
#17172 = FILL_AREA_STYLE('',(#17173));
#17173 = FILL_AREA_STYLE_COLOUR('',#15647);
#17174 = STYLED_ITEM('color',(#17175),#7930);
#17175 = PRESENTATION_STYLE_ASSIGNMENT((#17176));
#17176 = SURFACE_STYLE_USAGE(.BOTH.,#17177);
#17177 = SURFACE_SIDE_STYLE('',(#17178));
#17178 = SURFACE_STYLE_FILL_AREA(#17179);
#17179 = FILL_AREA_STYLE('',(#17180));
#17180 = FILL_AREA_STYLE_COLOUR('',#15647);
#17181 = STYLED_ITEM('color',(#17182),#7961);
#17182 = PRESENTATION_STYLE_ASSIGNMENT((#17183));
#17183 = SURFACE_STYLE_USAGE(.BOTH.,#17184);
#17184 = SURFACE_SIDE_STYLE('',(#17185));
#17185 = SURFACE_STYLE_FILL_AREA(#17186);
#17186 = FILL_AREA_STYLE('',(#17187));
#17187 = FILL_AREA_STYLE_COLOUR('',#15647);
#17188 = STYLED_ITEM('color',(#17189),#7985);
#17189 = PRESENTATION_STYLE_ASSIGNMENT((#17190));
#17190 = SURFACE_STYLE_USAGE(.BOTH.,#17191);
#17191 = SURFACE_SIDE_STYLE('',(#17192));
#17192 = SURFACE_STYLE_FILL_AREA(#17193);
#17193 = FILL_AREA_STYLE('',(#17194));
#17194 = FILL_AREA_STYLE_COLOUR('',#15647);
#17195 = STYLED_ITEM('color',(#17196),#8009);
#17196 = PRESENTATION_STYLE_ASSIGNMENT((#17197));
#17197 = SURFACE_STYLE_USAGE(.BOTH.,#17198);
#17198 = SURFACE_SIDE_STYLE('',(#17199));
#17199 = SURFACE_STYLE_FILL_AREA(#17200);
#17200 = FILL_AREA_STYLE('',(#17201));
#17201 = FILL_AREA_STYLE_COLOUR('',#15647);
#17202 = STYLED_ITEM('color',(#17203),#8026);
#17203 = PRESENTATION_STYLE_ASSIGNMENT((#17204));
#17204 = SURFACE_STYLE_USAGE(.BOTH.,#17205);
#17205 = SURFACE_SIDE_STYLE('',(#17206));
#17206 = SURFACE_STYLE_FILL_AREA(#17207);
#17207 = FILL_AREA_STYLE('',(#17208));
#17208 = FILL_AREA_STYLE_COLOUR('',#15647);
#17209 = STYLED_ITEM('color',(#17210),#8057);
#17210 = PRESENTATION_STYLE_ASSIGNMENT((#17211));
#17211 = SURFACE_STYLE_USAGE(.BOTH.,#17212);
#17212 = SURFACE_SIDE_STYLE('',(#17213));
#17213 = SURFACE_STYLE_FILL_AREA(#17214);
#17214 = FILL_AREA_STYLE('',(#17215));
#17215 = FILL_AREA_STYLE_COLOUR('',#15647);
#17216 = STYLED_ITEM('color',(#17217),#8081);
#17217 = PRESENTATION_STYLE_ASSIGNMENT((#17218));
#17218 = SURFACE_STYLE_USAGE(.BOTH.,#17219);
#17219 = SURFACE_SIDE_STYLE('',(#17220));
#17220 = SURFACE_STYLE_FILL_AREA(#17221);
#17221 = FILL_AREA_STYLE('',(#17222));
#17222 = FILL_AREA_STYLE_COLOUR('',#15647);
#17223 = STYLED_ITEM('color',(#17224),#8105);
#17224 = PRESENTATION_STYLE_ASSIGNMENT((#17225));
#17225 = SURFACE_STYLE_USAGE(.BOTH.,#17226);
#17226 = SURFACE_SIDE_STYLE('',(#17227));
#17227 = SURFACE_STYLE_FILL_AREA(#17228);
#17228 = FILL_AREA_STYLE('',(#17229));
#17229 = FILL_AREA_STYLE_COLOUR('',#15647);
#17230 = STYLED_ITEM('color',(#17231),#8122);
#17231 = PRESENTATION_STYLE_ASSIGNMENT((#17232));
#17232 = SURFACE_STYLE_USAGE(.BOTH.,#17233);
#17233 = SURFACE_SIDE_STYLE('',(#17234));
#17234 = SURFACE_STYLE_FILL_AREA(#17235);
#17235 = FILL_AREA_STYLE('',(#17236));
#17236 = FILL_AREA_STYLE_COLOUR('',#15647);
#17237 = STYLED_ITEM('color',(#17238),#8153);
#17238 = PRESENTATION_STYLE_ASSIGNMENT((#17239));
#17239 = SURFACE_STYLE_USAGE(.BOTH.,#17240);
#17240 = SURFACE_SIDE_STYLE('',(#17241));
#17241 = SURFACE_STYLE_FILL_AREA(#17242);
#17242 = FILL_AREA_STYLE('',(#17243));
#17243 = FILL_AREA_STYLE_COLOUR('',#15647);
#17244 = STYLED_ITEM('color',(#17245),#8177);
#17245 = PRESENTATION_STYLE_ASSIGNMENT((#17246));
#17246 = SURFACE_STYLE_USAGE(.BOTH.,#17247);
#17247 = SURFACE_SIDE_STYLE('',(#17248));
#17248 = SURFACE_STYLE_FILL_AREA(#17249);
#17249 = FILL_AREA_STYLE('',(#17250));
#17250 = FILL_AREA_STYLE_COLOUR('',#15647);
#17251 = STYLED_ITEM('color',(#17252),#8201);
#17252 = PRESENTATION_STYLE_ASSIGNMENT((#17253));
#17253 = SURFACE_STYLE_USAGE(.BOTH.,#17254);
#17254 = SURFACE_SIDE_STYLE('',(#17255));
#17255 = SURFACE_STYLE_FILL_AREA(#17256);
#17256 = FILL_AREA_STYLE('',(#17257));
#17257 = FILL_AREA_STYLE_COLOUR('',#15647);
#17258 = STYLED_ITEM('color',(#17259),#8218);
#17259 = PRESENTATION_STYLE_ASSIGNMENT((#17260));
#17260 = SURFACE_STYLE_USAGE(.BOTH.,#17261);
#17261 = SURFACE_SIDE_STYLE('',(#17262));
#17262 = SURFACE_STYLE_FILL_AREA(#17263);
#17263 = FILL_AREA_STYLE('',(#17264));
#17264 = FILL_AREA_STYLE_COLOUR('',#15647);
#17265 = STYLED_ITEM('color',(#17266),#8249);
#17266 = PRESENTATION_STYLE_ASSIGNMENT((#17267));
#17267 = SURFACE_STYLE_USAGE(.BOTH.,#17268);
#17268 = SURFACE_SIDE_STYLE('',(#17269));
#17269 = SURFACE_STYLE_FILL_AREA(#17270);
#17270 = FILL_AREA_STYLE('',(#17271));
#17271 = FILL_AREA_STYLE_COLOUR('',#15647);
#17272 = STYLED_ITEM('color',(#17273),#8273);
#17273 = PRESENTATION_STYLE_ASSIGNMENT((#17274));
#17274 = SURFACE_STYLE_USAGE(.BOTH.,#17275);
#17275 = SURFACE_SIDE_STYLE('',(#17276));
#17276 = SURFACE_STYLE_FILL_AREA(#17277);
#17277 = FILL_AREA_STYLE('',(#17278));
#17278 = FILL_AREA_STYLE_COLOUR('',#15647);
#17279 = STYLED_ITEM('color',(#17280),#8297);
#17280 = PRESENTATION_STYLE_ASSIGNMENT((#17281));
#17281 = SURFACE_STYLE_USAGE(.BOTH.,#17282);
#17282 = SURFACE_SIDE_STYLE('',(#17283));
#17283 = SURFACE_STYLE_FILL_AREA(#17284);
#17284 = FILL_AREA_STYLE('',(#17285));
#17285 = FILL_AREA_STYLE_COLOUR('',#15647);
#17286 = STYLED_ITEM('color',(#17287),#8314);
#17287 = PRESENTATION_STYLE_ASSIGNMENT((#17288));
#17288 = SURFACE_STYLE_USAGE(.BOTH.,#17289);
#17289 = SURFACE_SIDE_STYLE('',(#17290));
#17290 = SURFACE_STYLE_FILL_AREA(#17291);
#17291 = FILL_AREA_STYLE('',(#17292));
#17292 = FILL_AREA_STYLE_COLOUR('',#15647);
#17293 = STYLED_ITEM('color',(#17294),#8345);
#17294 = PRESENTATION_STYLE_ASSIGNMENT((#17295));
#17295 = SURFACE_STYLE_USAGE(.BOTH.,#17296);
#17296 = SURFACE_SIDE_STYLE('',(#17297));
#17297 = SURFACE_STYLE_FILL_AREA(#17298);
#17298 = FILL_AREA_STYLE('',(#17299));
#17299 = FILL_AREA_STYLE_COLOUR('',#15647);
#17300 = STYLED_ITEM('color',(#17301),#8369);
#17301 = PRESENTATION_STYLE_ASSIGNMENT((#17302));
#17302 = SURFACE_STYLE_USAGE(.BOTH.,#17303);
#17303 = SURFACE_SIDE_STYLE('',(#17304));
#17304 = SURFACE_STYLE_FILL_AREA(#17305);
#17305 = FILL_AREA_STYLE('',(#17306));
#17306 = FILL_AREA_STYLE_COLOUR('',#15647);
#17307 = STYLED_ITEM('color',(#17308),#8393);
#17308 = PRESENTATION_STYLE_ASSIGNMENT((#17309));
#17309 = SURFACE_STYLE_USAGE(.BOTH.,#17310);
#17310 = SURFACE_SIDE_STYLE('',(#17311));
#17311 = SURFACE_STYLE_FILL_AREA(#17312);
#17312 = FILL_AREA_STYLE('',(#17313));
#17313 = FILL_AREA_STYLE_COLOUR('',#15647);
#17314 = STYLED_ITEM('color',(#17315),#8410);
#17315 = PRESENTATION_STYLE_ASSIGNMENT((#17316));
#17316 = SURFACE_STYLE_USAGE(.BOTH.,#17317);
#17317 = SURFACE_SIDE_STYLE('',(#17318));
#17318 = SURFACE_STYLE_FILL_AREA(#17319);
#17319 = FILL_AREA_STYLE('',(#17320));
#17320 = FILL_AREA_STYLE_COLOUR('',#15647);
#17321 = STYLED_ITEM('color',(#17322),#8441);
#17322 = PRESENTATION_STYLE_ASSIGNMENT((#17323));
#17323 = SURFACE_STYLE_USAGE(.BOTH.,#17324);
#17324 = SURFACE_SIDE_STYLE('',(#17325));
#17325 = SURFACE_STYLE_FILL_AREA(#17326);
#17326 = FILL_AREA_STYLE('',(#17327));
#17327 = FILL_AREA_STYLE_COLOUR('',#15647);
#17328 = STYLED_ITEM('color',(#17329),#8465);
#17329 = PRESENTATION_STYLE_ASSIGNMENT((#17330));
#17330 = SURFACE_STYLE_USAGE(.BOTH.,#17331);
#17331 = SURFACE_SIDE_STYLE('',(#17332));
#17332 = SURFACE_STYLE_FILL_AREA(#17333);
#17333 = FILL_AREA_STYLE('',(#17334));
#17334 = FILL_AREA_STYLE_COLOUR('',#15647);
#17335 = STYLED_ITEM('color',(#17336),#8489);
#17336 = PRESENTATION_STYLE_ASSIGNMENT((#17337));
#17337 = SURFACE_STYLE_USAGE(.BOTH.,#17338);
#17338 = SURFACE_SIDE_STYLE('',(#17339));
#17339 = SURFACE_STYLE_FILL_AREA(#17340);
#17340 = FILL_AREA_STYLE('',(#17341));
#17341 = FILL_AREA_STYLE_COLOUR('',#15647);
#17342 = STYLED_ITEM('color',(#17343),#8506);
#17343 = PRESENTATION_STYLE_ASSIGNMENT((#17344));
#17344 = SURFACE_STYLE_USAGE(.BOTH.,#17345);
#17345 = SURFACE_SIDE_STYLE('',(#17346));
#17346 = SURFACE_STYLE_FILL_AREA(#17347);
#17347 = FILL_AREA_STYLE('',(#17348));
#17348 = FILL_AREA_STYLE_COLOUR('',#15647);
#17349 = STYLED_ITEM('color',(#17350),#8537);
#17350 = PRESENTATION_STYLE_ASSIGNMENT((#17351));
#17351 = SURFACE_STYLE_USAGE(.BOTH.,#17352);
#17352 = SURFACE_SIDE_STYLE('',(#17353));
#17353 = SURFACE_STYLE_FILL_AREA(#17354);
#17354 = FILL_AREA_STYLE('',(#17355));
#17355 = FILL_AREA_STYLE_COLOUR('',#15647);
#17356 = STYLED_ITEM('color',(#17357),#8561);
#17357 = PRESENTATION_STYLE_ASSIGNMENT((#17358));
#17358 = SURFACE_STYLE_USAGE(.BOTH.,#17359);
#17359 = SURFACE_SIDE_STYLE('',(#17360));
#17360 = SURFACE_STYLE_FILL_AREA(#17361);
#17361 = FILL_AREA_STYLE('',(#17362));
#17362 = FILL_AREA_STYLE_COLOUR('',#15647);
#17363 = STYLED_ITEM('color',(#17364),#8585);
#17364 = PRESENTATION_STYLE_ASSIGNMENT((#17365));
#17365 = SURFACE_STYLE_USAGE(.BOTH.,#17366);
#17366 = SURFACE_SIDE_STYLE('',(#17367));
#17367 = SURFACE_STYLE_FILL_AREA(#17368);
#17368 = FILL_AREA_STYLE('',(#17369));
#17369 = FILL_AREA_STYLE_COLOUR('',#15647);
#17370 = STYLED_ITEM('color',(#17371),#8602);
#17371 = PRESENTATION_STYLE_ASSIGNMENT((#17372));
#17372 = SURFACE_STYLE_USAGE(.BOTH.,#17373);
#17373 = SURFACE_SIDE_STYLE('',(#17374));
#17374 = SURFACE_STYLE_FILL_AREA(#17375);
#17375 = FILL_AREA_STYLE('',(#17376));
#17376 = FILL_AREA_STYLE_COLOUR('',#15647);
#17377 = STYLED_ITEM('color',(#17378),#8633);
#17378 = PRESENTATION_STYLE_ASSIGNMENT((#17379));
#17379 = SURFACE_STYLE_USAGE(.BOTH.,#17380);
#17380 = SURFACE_SIDE_STYLE('',(#17381));
#17381 = SURFACE_STYLE_FILL_AREA(#17382);
#17382 = FILL_AREA_STYLE('',(#17383));
#17383 = FILL_AREA_STYLE_COLOUR('',#15647);
#17384 = STYLED_ITEM('color',(#17385),#8657);
#17385 = PRESENTATION_STYLE_ASSIGNMENT((#17386));
#17386 = SURFACE_STYLE_USAGE(.BOTH.,#17387);
#17387 = SURFACE_SIDE_STYLE('',(#17388));
#17388 = SURFACE_STYLE_FILL_AREA(#17389);
#17389 = FILL_AREA_STYLE('',(#17390));
#17390 = FILL_AREA_STYLE_COLOUR('',#15647);
#17391 = STYLED_ITEM('color',(#17392),#8681);
#17392 = PRESENTATION_STYLE_ASSIGNMENT((#17393));
#17393 = SURFACE_STYLE_USAGE(.BOTH.,#17394);
#17394 = SURFACE_SIDE_STYLE('',(#17395));
#17395 = SURFACE_STYLE_FILL_AREA(#17396);
#17396 = FILL_AREA_STYLE('',(#17397));
#17397 = FILL_AREA_STYLE_COLOUR('',#15647);
#17398 = STYLED_ITEM('color',(#17399),#8698);
#17399 = PRESENTATION_STYLE_ASSIGNMENT((#17400));
#17400 = SURFACE_STYLE_USAGE(.BOTH.,#17401);
#17401 = SURFACE_SIDE_STYLE('',(#17402));
#17402 = SURFACE_STYLE_FILL_AREA(#17403);
#17403 = FILL_AREA_STYLE('',(#17404));
#17404 = FILL_AREA_STYLE_COLOUR('',#15647);
#17405 = STYLED_ITEM('color',(#17406),#8729);
#17406 = PRESENTATION_STYLE_ASSIGNMENT((#17407));
#17407 = SURFACE_STYLE_USAGE(.BOTH.,#17408);
#17408 = SURFACE_SIDE_STYLE('',(#17409));
#17409 = SURFACE_STYLE_FILL_AREA(#17410);
#17410 = FILL_AREA_STYLE('',(#17411));
#17411 = FILL_AREA_STYLE_COLOUR('',#15647);
#17412 = STYLED_ITEM('color',(#17413),#8753);
#17413 = PRESENTATION_STYLE_ASSIGNMENT((#17414));
#17414 = SURFACE_STYLE_USAGE(.BOTH.,#17415);
#17415 = SURFACE_SIDE_STYLE('',(#17416));
#17416 = SURFACE_STYLE_FILL_AREA(#17417);
#17417 = FILL_AREA_STYLE('',(#17418));
#17418 = FILL_AREA_STYLE_COLOUR('',#15647);
#17419 = STYLED_ITEM('color',(#17420),#8777);
#17420 = PRESENTATION_STYLE_ASSIGNMENT((#17421));
#17421 = SURFACE_STYLE_USAGE(.BOTH.,#17422);
#17422 = SURFACE_SIDE_STYLE('',(#17423));
#17423 = SURFACE_STYLE_FILL_AREA(#17424);
#17424 = FILL_AREA_STYLE('',(#17425));
#17425 = FILL_AREA_STYLE_COLOUR('',#15647);
#17426 = STYLED_ITEM('color',(#17427),#8794);
#17427 = PRESENTATION_STYLE_ASSIGNMENT((#17428));
#17428 = SURFACE_STYLE_USAGE(.BOTH.,#17429);
#17429 = SURFACE_SIDE_STYLE('',(#17430));
#17430 = SURFACE_STYLE_FILL_AREA(#17431);
#17431 = FILL_AREA_STYLE('',(#17432));
#17432 = FILL_AREA_STYLE_COLOUR('',#15647);
#17433 = STYLED_ITEM('color',(#17434),#8825);
#17434 = PRESENTATION_STYLE_ASSIGNMENT((#17435));
#17435 = SURFACE_STYLE_USAGE(.BOTH.,#17436);
#17436 = SURFACE_SIDE_STYLE('',(#17437));
#17437 = SURFACE_STYLE_FILL_AREA(#17438);
#17438 = FILL_AREA_STYLE('',(#17439));
#17439 = FILL_AREA_STYLE_COLOUR('',#15647);
#17440 = STYLED_ITEM('color',(#17441),#8849);
#17441 = PRESENTATION_STYLE_ASSIGNMENT((#17442));
#17442 = SURFACE_STYLE_USAGE(.BOTH.,#17443);
#17443 = SURFACE_SIDE_STYLE('',(#17444));
#17444 = SURFACE_STYLE_FILL_AREA(#17445);
#17445 = FILL_AREA_STYLE('',(#17446));
#17446 = FILL_AREA_STYLE_COLOUR('',#15647);
#17447 = STYLED_ITEM('color',(#17448),#8873);
#17448 = PRESENTATION_STYLE_ASSIGNMENT((#17449));
#17449 = SURFACE_STYLE_USAGE(.BOTH.,#17450);
#17450 = SURFACE_SIDE_STYLE('',(#17451));
#17451 = SURFACE_STYLE_FILL_AREA(#17452);
#17452 = FILL_AREA_STYLE('',(#17453));
#17453 = FILL_AREA_STYLE_COLOUR('',#15647);
#17454 = STYLED_ITEM('color',(#17455),#8890);
#17455 = PRESENTATION_STYLE_ASSIGNMENT((#17456));
#17456 = SURFACE_STYLE_USAGE(.BOTH.,#17457);
#17457 = SURFACE_SIDE_STYLE('',(#17458));
#17458 = SURFACE_STYLE_FILL_AREA(#17459);
#17459 = FILL_AREA_STYLE('',(#17460));
#17460 = FILL_AREA_STYLE_COLOUR('',#15647);
#17461 = STYLED_ITEM('color',(#17462),#8921);
#17462 = PRESENTATION_STYLE_ASSIGNMENT((#17463));
#17463 = SURFACE_STYLE_USAGE(.BOTH.,#17464);
#17464 = SURFACE_SIDE_STYLE('',(#17465));
#17465 = SURFACE_STYLE_FILL_AREA(#17466);
#17466 = FILL_AREA_STYLE('',(#17467));
#17467 = FILL_AREA_STYLE_COLOUR('',#15647);
#17468 = STYLED_ITEM('color',(#17469),#8945);
#17469 = PRESENTATION_STYLE_ASSIGNMENT((#17470));
#17470 = SURFACE_STYLE_USAGE(.BOTH.,#17471);
#17471 = SURFACE_SIDE_STYLE('',(#17472));
#17472 = SURFACE_STYLE_FILL_AREA(#17473);
#17473 = FILL_AREA_STYLE('',(#17474));
#17474 = FILL_AREA_STYLE_COLOUR('',#15647);
#17475 = STYLED_ITEM('color',(#17476),#8969);
#17476 = PRESENTATION_STYLE_ASSIGNMENT((#17477));
#17477 = SURFACE_STYLE_USAGE(.BOTH.,#17478);
#17478 = SURFACE_SIDE_STYLE('',(#17479));
#17479 = SURFACE_STYLE_FILL_AREA(#17480);
#17480 = FILL_AREA_STYLE('',(#17481));
#17481 = FILL_AREA_STYLE_COLOUR('',#15647);
#17482 = STYLED_ITEM('color',(#17483),#8986);
#17483 = PRESENTATION_STYLE_ASSIGNMENT((#17484));
#17484 = SURFACE_STYLE_USAGE(.BOTH.,#17485);
#17485 = SURFACE_SIDE_STYLE('',(#17486));
#17486 = SURFACE_STYLE_FILL_AREA(#17487);
#17487 = FILL_AREA_STYLE('',(#17488));
#17488 = FILL_AREA_STYLE_COLOUR('',#15647);
#17489 = STYLED_ITEM('color',(#17490),#9017);
#17490 = PRESENTATION_STYLE_ASSIGNMENT((#17491));
#17491 = SURFACE_STYLE_USAGE(.BOTH.,#17492);
#17492 = SURFACE_SIDE_STYLE('',(#17493));
#17493 = SURFACE_STYLE_FILL_AREA(#17494);
#17494 = FILL_AREA_STYLE('',(#17495));
#17495 = FILL_AREA_STYLE_COLOUR('',#15647);
#17496 = STYLED_ITEM('color',(#17497),#9041);
#17497 = PRESENTATION_STYLE_ASSIGNMENT((#17498));
#17498 = SURFACE_STYLE_USAGE(.BOTH.,#17499);
#17499 = SURFACE_SIDE_STYLE('',(#17500));
#17500 = SURFACE_STYLE_FILL_AREA(#17501);
#17501 = FILL_AREA_STYLE('',(#17502));
#17502 = FILL_AREA_STYLE_COLOUR('',#15647);
#17503 = STYLED_ITEM('color',(#17504),#9065);
#17504 = PRESENTATION_STYLE_ASSIGNMENT((#17505));
#17505 = SURFACE_STYLE_USAGE(.BOTH.,#17506);
#17506 = SURFACE_SIDE_STYLE('',(#17507));
#17507 = SURFACE_STYLE_FILL_AREA(#17508);
#17508 = FILL_AREA_STYLE('',(#17509));
#17509 = FILL_AREA_STYLE_COLOUR('',#15647);
#17510 = STYLED_ITEM('color',(#17511),#9082);
#17511 = PRESENTATION_STYLE_ASSIGNMENT((#17512));
#17512 = SURFACE_STYLE_USAGE(.BOTH.,#17513);
#17513 = SURFACE_SIDE_STYLE('',(#17514));
#17514 = SURFACE_STYLE_FILL_AREA(#17515);
#17515 = FILL_AREA_STYLE('',(#17516));
#17516 = FILL_AREA_STYLE_COLOUR('',#15647);
#17517 = STYLED_ITEM('color',(#17518),#9113);
#17518 = PRESENTATION_STYLE_ASSIGNMENT((#17519));
#17519 = SURFACE_STYLE_USAGE(.BOTH.,#17520);
#17520 = SURFACE_SIDE_STYLE('',(#17521));
#17521 = SURFACE_STYLE_FILL_AREA(#17522);
#17522 = FILL_AREA_STYLE('',(#17523));
#17523 = FILL_AREA_STYLE_COLOUR('',#15647);
#17524 = STYLED_ITEM('color',(#17525),#9137);
#17525 = PRESENTATION_STYLE_ASSIGNMENT((#17526));
#17526 = SURFACE_STYLE_USAGE(.BOTH.,#17527);
#17527 = SURFACE_SIDE_STYLE('',(#17528));
#17528 = SURFACE_STYLE_FILL_AREA(#17529);
#17529 = FILL_AREA_STYLE('',(#17530));
#17530 = FILL_AREA_STYLE_COLOUR('',#15647);
#17531 = STYLED_ITEM('color',(#17532),#9161);
#17532 = PRESENTATION_STYLE_ASSIGNMENT((#17533));
#17533 = SURFACE_STYLE_USAGE(.BOTH.,#17534);
#17534 = SURFACE_SIDE_STYLE('',(#17535));
#17535 = SURFACE_STYLE_FILL_AREA(#17536);
#17536 = FILL_AREA_STYLE('',(#17537));
#17537 = FILL_AREA_STYLE_COLOUR('',#15647);
#17538 = STYLED_ITEM('color',(#17539),#9178);
#17539 = PRESENTATION_STYLE_ASSIGNMENT((#17540));
#17540 = SURFACE_STYLE_USAGE(.BOTH.,#17541);
#17541 = SURFACE_SIDE_STYLE('',(#17542));
#17542 = SURFACE_STYLE_FILL_AREA(#17543);
#17543 = FILL_AREA_STYLE('',(#17544));
#17544 = FILL_AREA_STYLE_COLOUR('',#15647);
#17545 = STYLED_ITEM('color',(#17546),#9190);
#17546 = PRESENTATION_STYLE_ASSIGNMENT((#17547));
#17547 = SURFACE_STYLE_USAGE(.BOTH.,#17548);
#17548 = SURFACE_SIDE_STYLE('',(#17549));
#17549 = SURFACE_STYLE_FILL_AREA(#17550);
#17550 = FILL_AREA_STYLE('',(#17551));
#17551 = FILL_AREA_STYLE_COLOUR('',#15647);
#17552 = STYLED_ITEM('color',(#17553),#9202);
#17553 = PRESENTATION_STYLE_ASSIGNMENT((#17554));
#17554 = SURFACE_STYLE_USAGE(.BOTH.,#17555);
#17555 = SURFACE_SIDE_STYLE('',(#17556));
#17556 = SURFACE_STYLE_FILL_AREA(#17557);
#17557 = FILL_AREA_STYLE('',(#17558));
#17558 = FILL_AREA_STYLE_COLOUR('',#15647);
#17559 = STYLED_ITEM('color',(#17560),#9214);
#17560 = PRESENTATION_STYLE_ASSIGNMENT((#17561));
#17561 = SURFACE_STYLE_USAGE(.BOTH.,#17562);
#17562 = SURFACE_SIDE_STYLE('',(#17563));
#17563 = SURFACE_STYLE_FILL_AREA(#17564);
#17564 = FILL_AREA_STYLE('',(#17565));
#17565 = FILL_AREA_STYLE_COLOUR('',#15647);
#17566 = STYLED_ITEM('color',(#17567),#9226);
#17567 = PRESENTATION_STYLE_ASSIGNMENT((#17568));
#17568 = SURFACE_STYLE_USAGE(.BOTH.,#17569);
#17569 = SURFACE_SIDE_STYLE('',(#17570));
#17570 = SURFACE_STYLE_FILL_AREA(#17571);
#17571 = FILL_AREA_STYLE('',(#17572));
#17572 = FILL_AREA_STYLE_COLOUR('',#15647);
#17573 = STYLED_ITEM('color',(#17574),#9238);
#17574 = PRESENTATION_STYLE_ASSIGNMENT((#17575));
#17575 = SURFACE_STYLE_USAGE(.BOTH.,#17576);
#17576 = SURFACE_SIDE_STYLE('',(#17577));
#17577 = SURFACE_STYLE_FILL_AREA(#17578);
#17578 = FILL_AREA_STYLE('',(#17579));
#17579 = FILL_AREA_STYLE_COLOUR('',#15647);
#17580 = STYLED_ITEM('color',(#17581),#9250);
#17581 = PRESENTATION_STYLE_ASSIGNMENT((#17582));
#17582 = SURFACE_STYLE_USAGE(.BOTH.,#17583);
#17583 = SURFACE_SIDE_STYLE('',(#17584));
#17584 = SURFACE_STYLE_FILL_AREA(#17585);
#17585 = FILL_AREA_STYLE('',(#17586));
#17586 = FILL_AREA_STYLE_COLOUR('',#15647);
#17587 = STYLED_ITEM('color',(#17588),#9262);
#17588 = PRESENTATION_STYLE_ASSIGNMENT((#17589));
#17589 = SURFACE_STYLE_USAGE(.BOTH.,#17590);
#17590 = SURFACE_SIDE_STYLE('',(#17591));
#17591 = SURFACE_STYLE_FILL_AREA(#17592);
#17592 = FILL_AREA_STYLE('',(#17593));
#17593 = FILL_AREA_STYLE_COLOUR('',#15647);
#17594 = STYLED_ITEM('color',(#17595),#9274);
#17595 = PRESENTATION_STYLE_ASSIGNMENT((#17596));
#17596 = SURFACE_STYLE_USAGE(.BOTH.,#17597);
#17597 = SURFACE_SIDE_STYLE('',(#17598));
#17598 = SURFACE_STYLE_FILL_AREA(#17599);
#17599 = FILL_AREA_STYLE('',(#17600));
#17600 = FILL_AREA_STYLE_COLOUR('',#15647);
#17601 = STYLED_ITEM('color',(#17602),#9286);
#17602 = PRESENTATION_STYLE_ASSIGNMENT((#17603));
#17603 = SURFACE_STYLE_USAGE(.BOTH.,#17604);
#17604 = SURFACE_SIDE_STYLE('',(#17605));
#17605 = SURFACE_STYLE_FILL_AREA(#17606);
#17606 = FILL_AREA_STYLE('',(#17607));
#17607 = FILL_AREA_STYLE_COLOUR('',#15647);
#17608 = STYLED_ITEM('color',(#17609),#9298);
#17609 = PRESENTATION_STYLE_ASSIGNMENT((#17610));
#17610 = SURFACE_STYLE_USAGE(.BOTH.,#17611);
#17611 = SURFACE_SIDE_STYLE('',(#17612));
#17612 = SURFACE_STYLE_FILL_AREA(#17613);
#17613 = FILL_AREA_STYLE('',(#17614));
#17614 = FILL_AREA_STYLE_COLOUR('',#15647);
#17615 = STYLED_ITEM('color',(#17616),#9310);
#17616 = PRESENTATION_STYLE_ASSIGNMENT((#17617));
#17617 = SURFACE_STYLE_USAGE(.BOTH.,#17618);
#17618 = SURFACE_SIDE_STYLE('',(#17619));
#17619 = SURFACE_STYLE_FILL_AREA(#17620);
#17620 = FILL_AREA_STYLE('',(#17621));
#17621 = FILL_AREA_STYLE_COLOUR('',#15647);
#17622 = STYLED_ITEM('color',(#17623),#9322);
#17623 = PRESENTATION_STYLE_ASSIGNMENT((#17624));
#17624 = SURFACE_STYLE_USAGE(.BOTH.,#17625);
#17625 = SURFACE_SIDE_STYLE('',(#17626));
#17626 = SURFACE_STYLE_FILL_AREA(#17627);
#17627 = FILL_AREA_STYLE('',(#17628));
#17628 = FILL_AREA_STYLE_COLOUR('',#15647);
#17629 = STYLED_ITEM('color',(#17630),#9334);
#17630 = PRESENTATION_STYLE_ASSIGNMENT((#17631));
#17631 = SURFACE_STYLE_USAGE(.BOTH.,#17632);
#17632 = SURFACE_SIDE_STYLE('',(#17633));
#17633 = SURFACE_STYLE_FILL_AREA(#17634);
#17634 = FILL_AREA_STYLE('',(#17635));
#17635 = FILL_AREA_STYLE_COLOUR('',#15647);
#17636 = STYLED_ITEM('color',(#17637),#9346);
#17637 = PRESENTATION_STYLE_ASSIGNMENT((#17638));
#17638 = SURFACE_STYLE_USAGE(.BOTH.,#17639);
#17639 = SURFACE_SIDE_STYLE('',(#17640));
#17640 = SURFACE_STYLE_FILL_AREA(#17641);
#17641 = FILL_AREA_STYLE('',(#17642));
#17642 = FILL_AREA_STYLE_COLOUR('',#15647);
#17643 = STYLED_ITEM('color',(#17644),#9358);
#17644 = PRESENTATION_STYLE_ASSIGNMENT((#17645));
#17645 = SURFACE_STYLE_USAGE(.BOTH.,#17646);
#17646 = SURFACE_SIDE_STYLE('',(#17647));
#17647 = SURFACE_STYLE_FILL_AREA(#17648);
#17648 = FILL_AREA_STYLE('',(#17649));
#17649 = FILL_AREA_STYLE_COLOUR('',#15647);
#17650 = STYLED_ITEM('color',(#17651),#9370);
#17651 = PRESENTATION_STYLE_ASSIGNMENT((#17652));
#17652 = SURFACE_STYLE_USAGE(.BOTH.,#17653);
#17653 = SURFACE_SIDE_STYLE('',(#17654));
#17654 = SURFACE_STYLE_FILL_AREA(#17655);
#17655 = FILL_AREA_STYLE('',(#17656));
#17656 = FILL_AREA_STYLE_COLOUR('',#15647);
#17657 = STYLED_ITEM('color',(#17658),#9382);
#17658 = PRESENTATION_STYLE_ASSIGNMENT((#17659));
#17659 = SURFACE_STYLE_USAGE(.BOTH.,#17660);
#17660 = SURFACE_SIDE_STYLE('',(#17661));
#17661 = SURFACE_STYLE_FILL_AREA(#17662);
#17662 = FILL_AREA_STYLE('',(#17663));
#17663 = FILL_AREA_STYLE_COLOUR('',#15647);
#17664 = STYLED_ITEM('color',(#17665),#9394);
#17665 = PRESENTATION_STYLE_ASSIGNMENT((#17666));
#17666 = SURFACE_STYLE_USAGE(.BOTH.,#17667);
#17667 = SURFACE_SIDE_STYLE('',(#17668));
#17668 = SURFACE_STYLE_FILL_AREA(#17669);
#17669 = FILL_AREA_STYLE('',(#17670));
#17670 = FILL_AREA_STYLE_COLOUR('',#15647);
#17671 = STYLED_ITEM('color',(#17672),#9406);
#17672 = PRESENTATION_STYLE_ASSIGNMENT((#17673));
#17673 = SURFACE_STYLE_USAGE(.BOTH.,#17674);
#17674 = SURFACE_SIDE_STYLE('',(#17675));
#17675 = SURFACE_STYLE_FILL_AREA(#17676);
#17676 = FILL_AREA_STYLE('',(#17677));
#17677 = FILL_AREA_STYLE_COLOUR('',#15647);
#17678 = STYLED_ITEM('color',(#17679),#9418);
#17679 = PRESENTATION_STYLE_ASSIGNMENT((#17680));
#17680 = SURFACE_STYLE_USAGE(.BOTH.,#17681);
#17681 = SURFACE_SIDE_STYLE('',(#17682));
#17682 = SURFACE_STYLE_FILL_AREA(#17683);
#17683 = FILL_AREA_STYLE('',(#17684));
#17684 = FILL_AREA_STYLE_COLOUR('',#15647);
#17685 = STYLED_ITEM('color',(#17686),#9430);
#17686 = PRESENTATION_STYLE_ASSIGNMENT((#17687));
#17687 = SURFACE_STYLE_USAGE(.BOTH.,#17688);
#17688 = SURFACE_SIDE_STYLE('',(#17689));
#17689 = SURFACE_STYLE_FILL_AREA(#17690);
#17690 = FILL_AREA_STYLE('',(#17691));
#17691 = FILL_AREA_STYLE_COLOUR('',#15647);
#17692 = STYLED_ITEM('color',(#17693),#9442);
#17693 = PRESENTATION_STYLE_ASSIGNMENT((#17694));
#17694 = SURFACE_STYLE_USAGE(.BOTH.,#17695);
#17695 = SURFACE_SIDE_STYLE('',(#17696));
#17696 = SURFACE_STYLE_FILL_AREA(#17697);
#17697 = FILL_AREA_STYLE('',(#17698));
#17698 = FILL_AREA_STYLE_COLOUR('',#15647);
#17699 = STYLED_ITEM('color',(#17700),#9454);
#17700 = PRESENTATION_STYLE_ASSIGNMENT((#17701));
#17701 = SURFACE_STYLE_USAGE(.BOTH.,#17702);
#17702 = SURFACE_SIDE_STYLE('',(#17703));
#17703 = SURFACE_STYLE_FILL_AREA(#17704);
#17704 = FILL_AREA_STYLE('',(#17705));
#17705 = FILL_AREA_STYLE_COLOUR('',#15647);
#17706 = STYLED_ITEM('color',(#17707),#9466);
#17707 = PRESENTATION_STYLE_ASSIGNMENT((#17708));
#17708 = SURFACE_STYLE_USAGE(.BOTH.,#17709);
#17709 = SURFACE_SIDE_STYLE('',(#17710));
#17710 = SURFACE_STYLE_FILL_AREA(#17711);
#17711 = FILL_AREA_STYLE('',(#17712));
#17712 = FILL_AREA_STYLE_COLOUR('',#15647);
#17713 = STYLED_ITEM('color',(#17714),#9478);
#17714 = PRESENTATION_STYLE_ASSIGNMENT((#17715));
#17715 = SURFACE_STYLE_USAGE(.BOTH.,#17716);
#17716 = SURFACE_SIDE_STYLE('',(#17717));
#17717 = SURFACE_STYLE_FILL_AREA(#17718);
#17718 = FILL_AREA_STYLE('',(#17719));
#17719 = FILL_AREA_STYLE_COLOUR('',#15647);
#17720 = STYLED_ITEM('color',(#17721),#9490);
#17721 = PRESENTATION_STYLE_ASSIGNMENT((#17722));
#17722 = SURFACE_STYLE_USAGE(.BOTH.,#17723);
#17723 = SURFACE_SIDE_STYLE('',(#17724));
#17724 = SURFACE_STYLE_FILL_AREA(#17725);
#17725 = FILL_AREA_STYLE('',(#17726));
#17726 = FILL_AREA_STYLE_COLOUR('',#15647);
#17727 = STYLED_ITEM('color',(#17728),#9502);
#17728 = PRESENTATION_STYLE_ASSIGNMENT((#17729));
#17729 = SURFACE_STYLE_USAGE(.BOTH.,#17730);
#17730 = SURFACE_SIDE_STYLE('',(#17731));
#17731 = SURFACE_STYLE_FILL_AREA(#17732);
#17732 = FILL_AREA_STYLE('',(#17733));
#17733 = FILL_AREA_STYLE_COLOUR('',#15647);
#17734 = STYLED_ITEM('color',(#17735),#9514);
#17735 = PRESENTATION_STYLE_ASSIGNMENT((#17736));
#17736 = SURFACE_STYLE_USAGE(.BOTH.,#17737);
#17737 = SURFACE_SIDE_STYLE('',(#17738));
#17738 = SURFACE_STYLE_FILL_AREA(#17739);
#17739 = FILL_AREA_STYLE('',(#17740));
#17740 = FILL_AREA_STYLE_COLOUR('',#15647);
#17741 = STYLED_ITEM('color',(#17742),#9526);
#17742 = PRESENTATION_STYLE_ASSIGNMENT((#17743));
#17743 = SURFACE_STYLE_USAGE(.BOTH.,#17744);
#17744 = SURFACE_SIDE_STYLE('',(#17745));
#17745 = SURFACE_STYLE_FILL_AREA(#17746);
#17746 = FILL_AREA_STYLE('',(#17747));
#17747 = FILL_AREA_STYLE_COLOUR('',#15647);
#17748 = STYLED_ITEM('color',(#17749),#9538);
#17749 = PRESENTATION_STYLE_ASSIGNMENT((#17750));
#17750 = SURFACE_STYLE_USAGE(.BOTH.,#17751);
#17751 = SURFACE_SIDE_STYLE('',(#17752));
#17752 = SURFACE_STYLE_FILL_AREA(#17753);
#17753 = FILL_AREA_STYLE('',(#17754));
#17754 = FILL_AREA_STYLE_COLOUR('',#15647);
#17755 = STYLED_ITEM('color',(#17756),#9550);
#17756 = PRESENTATION_STYLE_ASSIGNMENT((#17757));
#17757 = SURFACE_STYLE_USAGE(.BOTH.,#17758);
#17758 = SURFACE_SIDE_STYLE('',(#17759));
#17759 = SURFACE_STYLE_FILL_AREA(#17760);
#17760 = FILL_AREA_STYLE('',(#17761));
#17761 = FILL_AREA_STYLE_COLOUR('',#15647);
#17762 = MECHANICAL_DESIGN_GEOMETRIC_PRESENTATION_REPRESENTATION('',(
    #17763,#17771,#17778,#17785,#17792,#17799,#17806,#17814,#17821,
    #17828,#17835,#17842,#17849,#17856,#17863,#17870),#544);
#17763 = STYLED_ITEM('color',(#17764),#83);
#17764 = PRESENTATION_STYLE_ASSIGNMENT((#17765));
#17765 = SURFACE_STYLE_USAGE(.BOTH.,#17766);
#17766 = SURFACE_SIDE_STYLE('',(#17767));
#17767 = SURFACE_STYLE_FILL_AREA(#17768);
#17768 = FILL_AREA_STYLE('',(#17769));
#17769 = FILL_AREA_STYLE_COLOUR('',#17770);
#17770 = COLOUR_RGB('',0.699999984889,9.999999991362E-02,
  5.000000142576E-02);
#17771 = STYLED_ITEM('color',(#17772),#110);
#17772 = PRESENTATION_STYLE_ASSIGNMENT((#17773));
#17773 = SURFACE_STYLE_USAGE(.BOTH.,#17774);
#17774 = SURFACE_SIDE_STYLE('',(#17775));
#17775 = SURFACE_STYLE_FILL_AREA(#17776);
#17776 = FILL_AREA_STYLE('',(#17777));
#17777 = FILL_AREA_STYLE_COLOUR('',#17770);
#17778 = STYLED_ITEM('color',(#17779),#155);
#17779 = PRESENTATION_STYLE_ASSIGNMENT((#17780));
#17780 = SURFACE_STYLE_USAGE(.BOTH.,#17781);
#17781 = SURFACE_SIDE_STYLE('',(#17782));
#17782 = SURFACE_STYLE_FILL_AREA(#17783);
#17783 = FILL_AREA_STYLE('',(#17784));
#17784 = FILL_AREA_STYLE_COLOUR('',#17770);
#17785 = STYLED_ITEM('color',(#17786),#199);
#17786 = PRESENTATION_STYLE_ASSIGNMENT((#17787));
#17787 = SURFACE_STYLE_USAGE(.BOTH.,#17788);
#17788 = SURFACE_SIDE_STYLE('',(#17789));
#17789 = SURFACE_STYLE_FILL_AREA(#17790);
#17790 = FILL_AREA_STYLE('',(#17791));
#17791 = FILL_AREA_STYLE_COLOUR('',#17770);
#17792 = STYLED_ITEM('color',(#17793),#231);
#17793 = PRESENTATION_STYLE_ASSIGNMENT((#17794));
#17794 = SURFACE_STYLE_USAGE(.BOTH.,#17795);
#17795 = SURFACE_SIDE_STYLE('',(#17796));
#17796 = SURFACE_STYLE_FILL_AREA(#17797);
#17797 = FILL_AREA_STYLE('',(#17798));
#17798 = FILL_AREA_STYLE_COLOUR('',#17770);
#17799 = STYLED_ITEM('color',(#17800),#250);
#17800 = PRESENTATION_STYLE_ASSIGNMENT((#17801));
#17801 = SURFACE_STYLE_USAGE(.BOTH.,#17802);
#17802 = SURFACE_SIDE_STYLE('',(#17803));
#17803 = SURFACE_STYLE_FILL_AREA(#17804);
#17804 = FILL_AREA_STYLE('',(#17805));
#17805 = FILL_AREA_STYLE_COLOUR('',#17770);
#17806 = STYLED_ITEM('color',(#17807),#328);
#17807 = PRESENTATION_STYLE_ASSIGNMENT((#17808));
#17808 = SURFACE_STYLE_USAGE(.BOTH.,#17809);
#17809 = SURFACE_SIDE_STYLE('',(#17810));
#17810 = SURFACE_STYLE_FILL_AREA(#17811);
#17811 = FILL_AREA_STYLE('',(#17812));
#17812 = FILL_AREA_STYLE_COLOUR('',#17813);
#17813 = COLOUR_RGB('',0.823999987314,0.819999987296,0.781000009244);
#17814 = STYLED_ITEM('color',(#17815),#359);
#17815 = PRESENTATION_STYLE_ASSIGNMENT((#17816));
#17816 = SURFACE_STYLE_USAGE(.BOTH.,#17817);
#17817 = SURFACE_SIDE_STYLE('',(#17818));
#17818 = SURFACE_STYLE_FILL_AREA(#17819);
#17819 = FILL_AREA_STYLE('',(#17820));
#17820 = FILL_AREA_STYLE_COLOUR('',#17813);
#17821 = STYLED_ITEM('color',(#17822),#383);
#17822 = PRESENTATION_STYLE_ASSIGNMENT((#17823));
#17823 = SURFACE_STYLE_USAGE(.BOTH.,#17824);
#17824 = SURFACE_SIDE_STYLE('',(#17825));
#17825 = SURFACE_STYLE_FILL_AREA(#17826);
#17826 = FILL_AREA_STYLE('',(#17827));
#17827 = FILL_AREA_STYLE_COLOUR('',#17813);
#17828 = STYLED_ITEM('color',(#17829),#407);
#17829 = PRESENTATION_STYLE_ASSIGNMENT((#17830));
#17830 = SURFACE_STYLE_USAGE(.BOTH.,#17831);
#17831 = SURFACE_SIDE_STYLE('',(#17832));
#17832 = SURFACE_STYLE_FILL_AREA(#17833);
#17833 = FILL_AREA_STYLE('',(#17834));
#17834 = FILL_AREA_STYLE_COLOUR('',#17813);
#17835 = STYLED_ITEM('color',(#17836),#424);
#17836 = PRESENTATION_STYLE_ASSIGNMENT((#17837));
#17837 = SURFACE_STYLE_USAGE(.BOTH.,#17838);
#17838 = SURFACE_SIDE_STYLE('',(#17839));
#17839 = SURFACE_STYLE_FILL_AREA(#17840);
#17840 = FILL_AREA_STYLE('',(#17841));
#17841 = FILL_AREA_STYLE_COLOUR('',#17813);
#17842 = STYLED_ITEM('color',(#17843),#455);
#17843 = PRESENTATION_STYLE_ASSIGNMENT((#17844));
#17844 = SURFACE_STYLE_USAGE(.BOTH.,#17845);
#17845 = SURFACE_SIDE_STYLE('',(#17846));
#17846 = SURFACE_STYLE_FILL_AREA(#17847);
#17847 = FILL_AREA_STYLE('',(#17848));
#17848 = FILL_AREA_STYLE_COLOUR('',#17813);
#17849 = STYLED_ITEM('color',(#17850),#479);
#17850 = PRESENTATION_STYLE_ASSIGNMENT((#17851));
#17851 = SURFACE_STYLE_USAGE(.BOTH.,#17852);
#17852 = SURFACE_SIDE_STYLE('',(#17853));
#17853 = SURFACE_STYLE_FILL_AREA(#17854);
#17854 = FILL_AREA_STYLE('',(#17855));
#17855 = FILL_AREA_STYLE_COLOUR('',#17813);
#17856 = STYLED_ITEM('color',(#17857),#503);
#17857 = PRESENTATION_STYLE_ASSIGNMENT((#17858));
#17858 = SURFACE_STYLE_USAGE(.BOTH.,#17859);
#17859 = SURFACE_SIDE_STYLE('',(#17860));
#17860 = SURFACE_STYLE_FILL_AREA(#17861);
#17861 = FILL_AREA_STYLE('',(#17862));
#17862 = FILL_AREA_STYLE_COLOUR('',#17813);
#17863 = STYLED_ITEM('color',(#17864),#520);
#17864 = PRESENTATION_STYLE_ASSIGNMENT((#17865));
#17865 = SURFACE_STYLE_USAGE(.BOTH.,#17866);
#17866 = SURFACE_SIDE_STYLE('',(#17867));
#17867 = SURFACE_STYLE_FILL_AREA(#17868);
#17868 = FILL_AREA_STYLE('',(#17869));
#17869 = FILL_AREA_STYLE_COLOUR('',#17813);
#17870 = STYLED_ITEM('color',(#17871),#532);
#17871 = PRESENTATION_STYLE_ASSIGNMENT((#17872));
#17872 = SURFACE_STYLE_USAGE(.BOTH.,#17873);
#17873 = SURFACE_SIDE_STYLE('',(#17874));
#17874 = SURFACE_STYLE_FILL_AREA(#17875);
#17875 = FILL_AREA_STYLE('',(#17876));
#17876 = FILL_AREA_STYLE_COLOUR('',#17813);
#17877 = MECHANICAL_DESIGN_GEOMETRIC_PRESENTATION_REPRESENTATION('',(
    #17878,#17886,#17893,#17900,#17907,#17914,#17921,#17928,#17935,
    #17942,#17949,#17956,#17963,#17970,#17977),#10244);
#17878 = STYLED_ITEM('color',(#17879),#9583);
#17879 = PRESENTATION_STYLE_ASSIGNMENT((#17880));
#17880 = SURFACE_STYLE_USAGE(.BOTH.,#17881);
#17881 = SURFACE_SIDE_STYLE('',(#17882));
#17882 = SURFACE_STYLE_FILL_AREA(#17883);
#17883 = FILL_AREA_STYLE('',(#17884));
#17884 = FILL_AREA_STYLE_COLOUR('',#17885);
#17885 = COLOUR_RGB('',0.883000012551,0.711000022565,0.492000011028);
#17886 = STYLED_ITEM('color',(#17887),#9616);
#17887 = PRESENTATION_STYLE_ASSIGNMENT((#17888));
#17888 = SURFACE_STYLE_USAGE(.BOTH.,#17889);
#17889 = SURFACE_SIDE_STYLE('',(#17890));
#17890 = SURFACE_STYLE_FILL_AREA(#17891);
#17891 = FILL_AREA_STYLE('',(#17892));
#17892 = FILL_AREA_STYLE_COLOUR('',#17885);
#17893 = STYLED_ITEM('color',(#17894),#9642);
#17894 = PRESENTATION_STYLE_ASSIGNMENT((#17895));
#17895 = SURFACE_STYLE_USAGE(.BOTH.,#17896);
#17896 = SURFACE_SIDE_STYLE('',(#17897));
#17897 = SURFACE_STYLE_FILL_AREA(#17898);
#17898 = FILL_AREA_STYLE('',(#17899));
#17899 = FILL_AREA_STYLE_COLOUR('',#17885);
#17900 = STYLED_ITEM('color',(#17901),#9662);
#17901 = PRESENTATION_STYLE_ASSIGNMENT((#17902));
#17902 = SURFACE_STYLE_USAGE(.BOTH.,#17903);
#17903 = SURFACE_SIDE_STYLE('',(#17904));
#17904 = SURFACE_STYLE_FILL_AREA(#17905);
#17905 = FILL_AREA_STYLE('',(#17906));
#17906 = FILL_AREA_STYLE_COLOUR('',#17885);
#17907 = STYLED_ITEM('color',(#17908),#9845);
#17908 = PRESENTATION_STYLE_ASSIGNMENT((#17909));
#17909 = SURFACE_STYLE_USAGE(.BOTH.,#17910);
#17910 = SURFACE_SIDE_STYLE('',(#17911));
#17911 = SURFACE_STYLE_FILL_AREA(#17912);
#17912 = FILL_AREA_STYLE('',(#17913));
#17913 = FILL_AREA_STYLE_COLOUR('',#17885);
#17914 = STYLED_ITEM('color',(#17915),#9870);
#17915 = PRESENTATION_STYLE_ASSIGNMENT((#17916));
#17916 = SURFACE_STYLE_USAGE(.BOTH.,#17917);
#17917 = SURFACE_SIDE_STYLE('',(#17918));
#17918 = SURFACE_STYLE_FILL_AREA(#17919);
#17919 = FILL_AREA_STYLE('',(#17920));
#17920 = FILL_AREA_STYLE_COLOUR('',#17813);
#17921 = STYLED_ITEM('color',(#17922),#9896);
#17922 = PRESENTATION_STYLE_ASSIGNMENT((#17923));
#17923 = SURFACE_STYLE_USAGE(.BOTH.,#17924);
#17924 = SURFACE_SIDE_STYLE('',(#17925));
#17925 = SURFACE_STYLE_FILL_AREA(#17926);
#17926 = FILL_AREA_STYLE('',(#17927));
#17927 = FILL_AREA_STYLE_COLOUR('',#17885);
#17928 = STYLED_ITEM('color',(#17929),#9916);
#17929 = PRESENTATION_STYLE_ASSIGNMENT((#17930));
#17930 = SURFACE_STYLE_USAGE(.BOTH.,#17931);
#17931 = SURFACE_SIDE_STYLE('',(#17932));
#17932 = SURFACE_STYLE_FILL_AREA(#17933);
#17933 = FILL_AREA_STYLE('',(#17934));
#17934 = FILL_AREA_STYLE_COLOUR('',#17813);
#17935 = STYLED_ITEM('color',(#17936),#9941);
#17936 = PRESENTATION_STYLE_ASSIGNMENT((#17937));
#17937 = SURFACE_STYLE_USAGE(.BOTH.,#17938);
#17938 = SURFACE_SIDE_STYLE('',(#17939));
#17939 = SURFACE_STYLE_FILL_AREA(#17940);
#17940 = FILL_AREA_STYLE('',(#17941));
#17941 = FILL_AREA_STYLE_COLOUR('',#17885);
#17942 = STYLED_ITEM('color',(#17943),#9966);
#17943 = PRESENTATION_STYLE_ASSIGNMENT((#17944));
#17944 = SURFACE_STYLE_USAGE(.BOTH.,#17945);
#17945 = SURFACE_SIDE_STYLE('',(#17946));
#17946 = SURFACE_STYLE_FILL_AREA(#17947);
#17947 = FILL_AREA_STYLE('',(#17948));
#17948 = FILL_AREA_STYLE_COLOUR('',#17813);
#17949 = STYLED_ITEM('color',(#17950),#9975);
#17950 = PRESENTATION_STYLE_ASSIGNMENT((#17951));
#17951 = SURFACE_STYLE_USAGE(.BOTH.,#17952);
#17952 = SURFACE_SIDE_STYLE('',(#17953));
#17953 = SURFACE_STYLE_FILL_AREA(#17954);
#17954 = FILL_AREA_STYLE('',(#17955));
#17955 = FILL_AREA_STYLE_COLOUR('',#17885);
#17956 = STYLED_ITEM('color',(#17957),#10001);
#17957 = PRESENTATION_STYLE_ASSIGNMENT((#17958));
#17958 = SURFACE_STYLE_USAGE(.BOTH.,#17959);
#17959 = SURFACE_SIDE_STYLE('',(#17960));
#17960 = SURFACE_STYLE_FILL_AREA(#17961);
#17961 = FILL_AREA_STYLE('',(#17962));
#17962 = FILL_AREA_STYLE_COLOUR('',#17885);
#17963 = STYLED_ITEM('color',(#17964),#10184);
#17964 = PRESENTATION_STYLE_ASSIGNMENT((#17965));
#17965 = SURFACE_STYLE_USAGE(.BOTH.,#17966);
#17966 = SURFACE_SIDE_STYLE('',(#17967));
#17967 = SURFACE_STYLE_FILL_AREA(#17968);
#17968 = FILL_AREA_STYLE('',(#17969));
#17969 = FILL_AREA_STYLE_COLOUR('',#17813);
#17970 = STYLED_ITEM('color',(#17971),#10210);
#17971 = PRESENTATION_STYLE_ASSIGNMENT((#17972));
#17972 = SURFACE_STYLE_USAGE(.BOTH.,#17973);
#17973 = SURFACE_SIDE_STYLE('',(#17974));
#17974 = SURFACE_STYLE_FILL_AREA(#17975);
#17975 = FILL_AREA_STYLE('',(#17976));
#17976 = FILL_AREA_STYLE_COLOUR('',#17813);
#17977 = STYLED_ITEM('color',(#17978),#10235);
#17978 = PRESENTATION_STYLE_ASSIGNMENT((#17979));
#17979 = SURFACE_STYLE_USAGE(.BOTH.,#17980);
#17980 = SURFACE_SIDE_STYLE('',(#17981));
#17981 = SURFACE_STYLE_FILL_AREA(#17982);
#17982 = FILL_AREA_STYLE('',(#17983));
#17983 = FILL_AREA_STYLE_COLOUR('',#17813);
ENDSEC;
END-ISO-10303-21;
