ISO-10303-21;
HEADER;
/* Generated by software containing ST-Developer
 * from STEP Tools, Inc. (www.steptools.com) 
 */
/* OPTION: using custom renumber hook */

FILE_DESCRIPTION(
/* description */ ('STEP AP242 Edition 2',
'CAx-IF Rec.Pracs.---Representation and Presentation of Product Manufa
cturing Information (PMI)---4.0---2014-10-13',
'CAx-IF Rec.Pracs.---3D Tessellated Geometry---0.4---2014-09-14','2;1',
'CAx-IF Rec.Pracs.---User Defined Attributes---1.5---2016-08-15'),
/* implementation_level */ '2;1');

FILE_NAME(
/* name */ '695271a742534321ab0135d8',
/* time_stamp */ '2025-12-29T12:18:48Z',
/* author */ (''),
/* organization */ (''),
/* preprocessor_version */ 'ST-DEVELOPER v20',
/* originating_system */ 'ONSHAPE BY PTC INC, 1.208',
/* authorisation */ '  ');

FILE_SCHEMA (('AP242_MANAGED_MODEL_BASED_3D_ENGINEERING_MIM_LF { 1 0 10303 442 3 1 4 }'));
ENDSEC;

DATA;
#10=SHAPE_REPRESENTATION_RELATIONSHIP('','',#586,#11);
#11=ADVANCED_BREP_SHAPE_REPRESENTATION('',(#584),#2179);
#12=(
BOUNDED_SURFACE()
B_SPLINE_SURFACE(1,2,((#1260,#1261,#1262,#1263,#1264,#1265,#1266,#1267,
#1268,#1269,#1270,#1271,#1272,#1273,#1274,#1275,#1276,#1277,#1278,#1279,
#1280,#1281,#1282,#1283,#1284,#1285,#1286,#1287,#1288,#1289,#1290,#1291,
#1292,#1293,#1294,#1295,#1296,#1297,#1298,#1299,#1300,#1301,#1302,#1303,
#1304,#1305,#1306,#1307,#1308,#1309,#1310,#1311,#1312,#1313,#1314,#1315,
#1316,#1317,#1318,#1319,#1320,#1321,#1322,#1323,#1324,#1325,#1326,#1327,
#1328,#1329,#1330),(#1331,#1332,#1333,#1334,#1335,#1336,#1337,#1338,#1339,
#1340,#1341,#1342,#1343,#1344,#1345,#1346,#1347,#1348,#1349,#1350,#1351,
#1352,#1353,#1354,#1355,#1356,#1357,#1358,#1359,#1360,#1361,#1362,#1363,
#1364,#1365,#1366,#1367,#1368,#1369,#1370,#1371,#1372,#1373,#1374,#1375,
#1376,#1377,#1378,#1379,#1380,#1381,#1382,#1383,#1384,#1385,#1386,#1387,
#1388,#1389,#1390,#1391,#1392,#1393,#1394,#1395,#1396,#1397,#1398,#1399,
#1400,#1401)),.UNSPECIFIED.,.F.,.F.,.F.)
B_SPLINE_SURFACE_WITH_KNOTS((2,2),(3,2,2,2,2,2,2,2,2,2,2,2,2,2,2,2,2,2,
2,2,2,2,2,2,2,2,2,2,2,2,2,2,2,2,2,3),(0.,1.),(0.,0.0238095238095238,0.0476190476190476,
0.0714285714285714,0.0952380952380952,0.119047619047619,0.142857142857143,
0.166666666666667,0.19047619047619,0.214285714285714,0.238095238095238,
0.261904761904762,0.285714285714286,0.309523809523809,0.333333333333334,
0.357142857142857,0.380952380952381,0.404761904761905,0.428571428571428,
0.452380952380952,0.476190476190476,0.5,0.523809523809524,0.547619047619048,
0.571428571428571,0.595238095238095,0.619047619047619,0.642857142857143,
0.666666666666667,0.690476190476191,0.714285714285714,0.738095238095238,
0.761904761904762,0.785714285714286,0.80952380952381,0.821512038954646),
 .PIECEWISE_BEZIER_KNOTS.)
GEOMETRIC_REPRESENTATION_ITEM()
RATIONAL_B_SPLINE_SURFACE(((1.,0.866025403784439,1.,0.866025403784439,1.,
0.866025403784439,1.,0.866025403784439,1.,0.866025403784439,1.,0.866025403784439,
1.,0.866025403784439,1.,0.866025403784439,1.,0.866025403784439,1.,0.866025403784439,
1.,0.866025403784439,1.,0.866025403784439,1.,0.866025403784439,1.,0.866025403784439,
1.,0.866025403784439,1.,0.866025403784439,1.,0.866025403784439,1.,0.866025403784439,
1.,0.866025403784439,1.,0.866025403784439,1.,0.866025403784439,1.,0.866025403784439,
1.,0.866025403784439,1.,0.866025403784439,1.,0.866025403784439,1.,0.866025403784439,
1.,0.866025403784439,1.,0.866025403784439,1.,0.866025403784439,1.,0.866025403784439,
1.,0.866025403784439,1.,0.866025403784439,1.,0.866025403784439,1.,0.866025403784439,
1.,0.932543035711895,0.933015994849648),(1.,0.866025403784439,1.,0.866025403784439,
1.,0.866025403784439,1.,0.866025403784439,1.,0.866025403784439,1.,0.866025403784439,
1.,0.866025403784439,1.,0.866025403784439,1.,0.866025403784439,1.,0.866025403784439,
1.,0.866025403784439,1.,0.866025403784439,1.,0.866025403784439,1.,0.866025403784439,
1.,0.866025403784439,1.,0.866025403784439,1.,0.866025403784439,1.,0.866025403784439,
1.,0.866025403784439,1.,0.866025403784439,1.,0.866025403784439,1.,0.866025403784439,
1.,0.866025403784439,1.,0.866025403784439,1.,0.866025403784439,1.,0.866025403784439,
1.,0.866025403784439,1.,0.866025403784439,1.,0.866025403784439,1.,0.866025403784439,
1.,0.866025403784439,1.,0.866025403784439,1.,0.866025403784439,1.,0.866025403784439,
1.,0.932543035711895,0.933015994849648)))
REPRESENTATION_ITEM('')
SURFACE()
);
#13=(
BOUNDED_SURFACE()
B_SPLINE_SURFACE(1,2,((#1487,#1488,#1489,#1490,#1491,#1492,#1493,#1494,
#1495,#1496,#1497,#1498,#1499,#1500,#1501,#1502,#1503,#1504,#1505,#1506,
#1507,#1508,#1509,#1510,#1511,#1512,#1513,#1514,#1515,#1516,#1517,#1518,
#1519,#1520,#1521,#1522,#1523,#1524,#1525,#1526,#1527,#1528,#1529,#1530,
#1531,#1532,#1533,#1534,#1535,#1536,#1537,#1538,#1539,#1540,#1541,#1542,
#1543,#1544,#1545,#1546,#1547,#1548,#1549,#1550,#1551),(#1552,#1553,#1554,
#1555,#1556,#1557,#1558,#1559,#1560,#1561,#1562,#1563,#1564,#1565,#1566,
#1567,#1568,#1569,#1570,#1571,#1572,#1573,#1574,#1575,#1576,#1577,#1578,
#1579,#1580,#1581,#1582,#1583,#1584,#1585,#1586,#1587,#1588,#1589,#1590,
#1591,#1592,#1593,#1594,#1595,#1596,#1597,#1598,#1599,#1600,#1601,#1602,
#1603,#1604,#1605,#1606,#1607,#1608,#1609,#1610,#1611,#1612,#1613,#1614,
#1615,#1616)),.UNSPECIFIED.,.F.,.F.,.F.)
B_SPLINE_SURFACE_WITH_KNOTS((2,2),(3,2,2,2,2,2,2,2,2,2,2,2,2,2,2,2,2,2,
2,2,2,2,2,2,2,2,2,2,2,2,2,2,3),(0.,1.),(0.,0.0238095238095238,0.0476190476190476,
0.0714285714285714,0.0952380952380952,0.119047619047619,0.142857142857143,
0.166666666666667,0.19047619047619,0.214285714285714,0.238095238095238,
0.261904761904762,0.285714285714286,0.309523809523809,0.333333333333334,
0.357142857142857,0.380952380952381,0.404761904761905,0.428571428571428,
0.452380952380952,0.476190476190476,0.5,0.523809523809524,0.547619047619048,
0.571428571428571,0.595238095238095,0.619047619047619,0.642857142857143,
0.666666666666667,0.690476190476191,0.714285714285714,0.738095238095238,
0.740149841192947),.PIECEWISE_BEZIER_KNOTS.)
GEOMETRIC_REPRESENTATION_ITEM()
RATIONAL_B_SPLINE_SURFACE(((1.,0.866025403784439,1.,0.866025403784439,1.,
0.866025403784439,1.,0.866025403784439,1.,0.866025403784439,1.,0.866025403784439,
1.,0.866025403784439,1.,0.866025403784439,1.,0.866025403784439,1.,0.866025403784439,
1.,0.866025403784439,1.,0.866025403784439,1.,0.866025403784439,1.,0.866025403784439,
1.,0.866025403784439,1.,0.866025403784439,1.,0.866025403784439,1.,0.866025403784439,
1.,0.866025403784439,1.,0.866025403784439,1.,0.866025403784439,1.,0.866025403784439,
1.,0.866025403784439,1.,0.866025403784439,1.,0.866025403784439,1.,0.866025403784439,
1.,0.866025403784439,1.,0.866025403784439,1.,0.866025403784439,1.,0.866025403784439,
1.,0.866025403784439,1.,0.988438885943248,0.978873065949831),(1.,0.866025403784439,
1.,0.866025403784439,1.,0.866025403784439,1.,0.866025403784439,1.,0.866025403784439,
1.,0.866025403784439,1.,0.866025403784439,1.,0.866025403784439,1.,0.866025403784439,
1.,0.866025403784439,1.,0.866025403784439,1.,0.866025403784439,1.,0.866025403784439,
1.,0.866025403784439,1.,0.866025403784439,1.,0.866025403784439,1.,0.866025403784439,
1.,0.866025403784439,1.,0.866025403784439,1.,0.866025403784439,1.,0.866025403784439,
1.,0.866025403784439,1.,0.866025403784439,1.,0.866025403784439,1.,0.866025403784439,
1.,0.866025403784439,1.,0.866025403784439,1.,0.866025403784439,1.,0.866025403784439,
1.,0.866025403784439,1.,0.866025403784439,1.,0.988438885943248,0.978873065949831)))
REPRESENTATION_ITEM('')
SURFACE()
);
#14=(
BOUNDED_SURFACE()
B_SPLINE_SURFACE(3,2,((#1702,#1703,#1704,#1705,#1706,#1707,#1708,#1709,
#1710,#1711,#1712,#1713,#1714,#1715,#1716,#1717,#1718,#1719,#1720,#1721,
#1722,#1723,#1724,#1725,#1726,#1727,#1728,#1729,#1730,#1731,#1732,#1733,
#1734,#1735,#1736,#1737,#1738,#1739,#1740,#1741,#1742,#1743,#1744,#1745,
#1746,#1747,#1748,#1749,#1750,#1751,#1752,#1753,#1754,#1755,#1756,#1757,
#1758,#1759,#1760,#1761,#1762,#1763,#1764,#1765,#1766,#1767,#1768),(#1769,
#1770,#1771,#1772,#1773,#1774,#1775,#1776,#1777,#1778,#1779,#1780,#1781,
#1782,#1783,#1784,#1785,#1786,#1787,#1788,#1789,#1790,#1791,#1792,#1793,
#1794,#1795,#1796,#1797,#1798,#1799,#1800,#1801,#1802,#1803,#1804,#1805,
#1806,#1807,#1808,#1809,#1810,#1811,#1812,#1813,#1814,#1815,#1816,#1817,
#1818,#1819,#1820,#1821,#1822,#1823,#1824,#1825,#1826,#1827,#1828,#1829,
#1830,#1831,#1832,#1833,#1834,#1835),(#1836,#1837,#1838,#1839,#1840,#1841,
#1842,#1843,#1844,#1845,#1846,#1847,#1848,#1849,#1850,#1851,#1852,#1853,
#1854,#1855,#1856,#1857,#1858,#1859,#1860,#1861,#1862,#1863,#1864,#1865,
#1866,#1867,#1868,#1869,#1870,#1871,#1872,#1873,#1874,#1875,#1876,#1877,
#1878,#1879,#1880,#1881,#1882,#1883,#1884,#1885,#1886,#1887,#1888,#1889,
#1890,#1891,#1892,#1893,#1894,#1895,#1896,#1897,#1898,#1899,#1900,#1901,
#1902),(#1903,#1904,#1905,#1906,#1907,#1908,#1909,#1910,#1911,#1912,#1913,
#1914,#1915,#1916,#1917,#1918,#1919,#1920,#1921,#1922,#1923,#1924,#1925,
#1926,#1927,#1928,#1929,#1930,#1931,#1932,#1933,#1934,#1935,#1936,#1937,
#1938,#1939,#1940,#1941,#1942,#1943,#1944,#1945,#1946,#1947,#1948,#1949,
#1950,#1951,#1952,#1953,#1954,#1955,#1956,#1957,#1958,#1959,#1960,#1961,
#1962,#1963,#1964,#1965,#1966,#1967,#1968,#1969)),.UNSPECIFIED.,.F.,.F.,
 .F.)
B_SPLINE_SURFACE_WITH_KNOTS((4,4),(3,2,2,2,2,2,2,2,2,2,2,2,2,2,2,2,2,2,
2,2,2,2,2,2,2,2,2,2,2,2,2,2,2,3),(0.,1.),(0.,0.0238095238095238,0.0476190476190476,
0.0714285714285714,0.0952380952380952,0.119047619047619,0.142857142857143,
0.166666666666667,0.19047619047619,0.214285714285714,0.238095238095238,
0.261904761904762,0.285714285714286,0.309523809523809,0.333333333333334,
0.357142857142857,0.380952380952381,0.404761904761905,0.428571428571428,
0.452380952380952,0.476190476190476,0.5,0.523809523809524,0.547619047619048,
0.571428571428571,0.595238095238095,0.619047619047619,0.642857142857143,
0.666666666666667,0.690476190476191,0.714285714285714,0.738095238095238,
0.761904761904762,0.776453042285988),.PIECEWISE_BEZIER_KNOTS.)
GEOMETRIC_REPRESENTATION_ITEM()
RATIONAL_B_SPLINE_SURFACE(((1.,0.866025403784439,1.,0.866025403784439,1.,
0.866025403784439,1.,0.866025403784439,1.,0.866025403784439,1.,0.866025403784439,
1.,0.866025403784439,1.,0.866025403784439,1.,0.866025403784439,1.,0.866025403784439,
1.,0.866025403784439,1.,0.866025403784439,1.,0.866025403784439,1.,0.866025403784439,
1.,0.866025403784439,1.,0.866025403784439,1.,0.866025403784439,1.,0.866025403784439,
1.,0.866025403784439,1.,0.866025403784439,1.,0.866025403784439,1.,0.866025403784439,
1.,0.866025403784439,1.,0.866025403784439,1.,0.866025403784439,1.,0.866025403784439,
1.,0.866025403784439,1.,0.866025403784439,1.,0.866025403784439,1.,0.866025403784439,
1.,0.866025403784439,1.,0.866025403784439,1.,0.918137800432369,0.936315756347174),
(0.78947368575996,0.683704267487459,0.78947368575996,0.683704267487459,
0.78947368575996,0.683704267487459,0.78947368575996,0.683704267487459,0.78947368575996,
0.683704267487459,0.78947368575996,0.683704267487459,0.78947368575996,0.683704267487459,
0.78947368575996,0.683704267487459,0.78947368575996,0.683704267487459,0.78947368575996,
0.683704267487459,0.78947368575996,0.683704267487459,0.78947368575996,0.683704267487459,
0.78947368575996,0.683704267487459,0.78947368575996,0.683704267487459,0.78947368575996,
0.683704267487459,0.78947368575996,0.683704267487459,0.78947368575996,0.683704267487459,
0.78947368575996,0.683704267487459,0.78947368575996,0.683704267487459,0.78947368575996,
0.683704267487459,0.78947368575996,0.683704267487459,0.78947368575996,0.683704267487459,
0.78947368575996,0.683704267487459,0.78947368575996,0.683704267487459,0.78947368575996,
0.683704267487459,0.78947368575996,0.683704267487459,0.78947368575996,0.683704267487459,
0.78947368575996,0.683704267487459,0.78947368575996,0.683704267487459,0.78947368575996,
0.683704267487459,0.78947368575996,0.683704267487459,0.78947368575996,0.683704267487459,
0.78947368575996,0.724845633342885,0.739196651198528),(0.78947368575996,
0.683704267487459,0.78947368575996,0.683704267487459,0.78947368575996,0.683704267487459,
0.78947368575996,0.683704267487459,0.78947368575996,0.683704267487459,0.78947368575996,
0.683704267487459,0.78947368575996,0.683704267487459,0.78947368575996,0.683704267487459,
0.78947368575996,0.683704267487459,0.78947368575996,0.683704267487459,0.78947368575996,
0.683704267487459,0.78947368575996,0.683704267487459,0.78947368575996,0.683704267487459,
0.78947368575996,0.683704267487459,0.78947368575996,0.683704267487459,0.78947368575996,
0.683704267487459,0.78947368575996,0.683704267487459,0.78947368575996,0.683704267487459,
0.78947368575996,0.683704267487459,0.78947368575996,0.683704267487459,0.78947368575996,
0.683704267487459,0.78947368575996,0.683704267487459,0.78947368575996,0.683704267487459,
0.78947368575996,0.683704267487459,0.78947368575996,0.683704267487459,0.78947368575996,
0.683704267487459,0.78947368575996,0.683704267487459,0.78947368575996,0.683704267487459,
0.78947368575996,0.683704267487459,0.78947368575996,0.683704267487459,0.78947368575996,
0.683704267487459,0.78947368575996,0.683704267487459,0.78947368575996,0.724845633342885,
0.739196651198528),(1.,0.866025403784439,1.,0.866025403784439,1.,0.866025403784439,
1.,0.866025403784439,1.,0.866025403784439,1.,0.866025403784439,1.,0.866025403784439,
1.,0.866025403784439,1.,0.866025403784439,1.,0.866025403784439,1.,0.866025403784439,
1.,0.866025403784439,1.,0.866025403784439,1.,0.866025403784439,1.,0.866025403784439,
1.,0.866025403784439,1.,0.866025403784439,1.,0.866025403784439,1.,0.866025403784439,
1.,0.866025403784439,1.,0.866025403784439,1.,0.866025403784439,1.,0.866025403784439,
1.,0.866025403784439,1.,0.866025403784439,1.,0.866025403784439,1.,0.866025403784439,
1.,0.866025403784439,1.,0.866025403784439,1.,0.866025403784439,1.,0.866025403784439,
1.,0.866025403784439,1.,0.918137800432369,0.936315756347174)))
REPRESENTATION_ITEM('')
SURFACE()
);
#15=(
BOUNDED_SURFACE()
B_SPLINE_SURFACE(3,3,((#1971,#1972,#1973,#1974,#1975,#1976,#1977,#1978,
#1979,#1980,#1981,#1982,#1983,#1984,#1985,#1986,#1987,#1988,#1989,#1990,
#1991,#1992,#1993,#1994,#1995,#1996,#1997,#1998,#1999,#2000,#2001,#2002,
#2003,#2004,#2005,#2006),(#2007,#2008,#2009,#2010,#2011,#2012,#2013,#2014,
#2015,#2016,#2017,#2018,#2019,#2020,#2021,#2022,#2023,#2024,#2025,#2026,
#2027,#2028,#2029,#2030,#2031,#2032,#2033,#2034,#2035,#2036,#2037,#2038,
#2039,#2040,#2041,#2042),(#2043,#2044,#2045,#2046,#2047,#2048,#2049,#2050,
#2051,#2052,#2053,#2054,#2055,#2056,#2057,#2058,#2059,#2060,#2061,#2062,
#2063,#2064,#2065,#2066,#2067,#2068,#2069,#2070,#2071,#2072,#2073,#2074,
#2075,#2076,#2077,#2078),(#2079,#2080,#2081,#2082,#2083,#2084,#2085,#2086,
#2087,#2088,#2089,#2090,#2091,#2092,#2093,#2094,#2095,#2096,#2097,#2098,
#2099,#2100,#2101,#2102,#2103,#2104,#2105,#2106,#2107,#2108,#2109,#2110,
#2111,#2112,#2113,#2114)),.UNSPECIFIED.,.F.,.F.,.F.)
B_SPLINE_SURFACE_WITH_KNOTS((4,4),(4,2,2,2,2,2,2,2,2,2,2,2,2,2,2,2,2,4),
(0.,1.),(0.,0.015625,0.078125,0.140625,0.203125,0.265625,0.328125,0.390625,
0.453125,0.515625,0.578125,0.640625,0.703125,0.765625,0.828125,0.890625,
0.953125,1.),.UNSPECIFIED.)
GEOMETRIC_REPRESENTATION_ITEM()
RATIONAL_B_SPLINE_SURFACE(((1.,1.,1.,1.,1.,1.,1.,1.,1.,1.,1.,1.,1.,1.,1.,
1.,1.,1.,1.,1.,1.,1.,1.,1.,1.,1.,1.,1.,1.,1.,1.,1.,1.,1.,1.,1.),(0.78947368575996,
0.78947368575996,0.78947368575996,0.78947368575996,0.78947368575996,0.78947368575996,
0.78947368575996,0.78947368575996,0.78947368575996,0.78947368575996,0.78947368575996,
0.78947368575996,0.78947368575996,0.78947368575996,0.78947368575996,0.78947368575996,
0.78947368575996,0.78947368575996,0.78947368575996,0.78947368575996,0.78947368575996,
0.78947368575996,0.78947368575996,0.78947368575996,0.78947368575996,0.78947368575996,
0.78947368575996,0.78947368575996,0.78947368575996,0.78947368575996,0.78947368575996,
0.78947368575996,0.78947368575996,0.78947368575996,0.78947368575996,0.78947368575996),
(0.78947368575996,0.78947368575996,0.78947368575996,0.78947368575996,0.78947368575996,
0.78947368575996,0.78947368575996,0.78947368575996,0.78947368575996,0.78947368575996,
0.78947368575996,0.78947368575996,0.78947368575996,0.78947368575996,0.78947368575996,
0.78947368575996,0.78947368575996,0.78947368575996,0.78947368575996,0.78947368575996,
0.78947368575996,0.78947368575996,0.78947368575996,0.78947368575996,0.78947368575996,
0.78947368575996,0.78947368575996,0.78947368575996,0.78947368575996,0.78947368575996,
0.78947368575996,0.78947368575996,0.78947368575996,0.78947368575996,0.78947368575996,
0.78947368575996),(1.,1.,1.,1.,1.,1.,1.,1.,1.,1.,1.,1.,1.,1.,1.,1.,1.,1.,
1.,1.,1.,1.,1.,1.,1.,1.,1.,1.,1.,1.,1.,1.,1.,1.,1.,1.)))
REPRESENTATION_ITEM('')
SURFACE()
);
#16=B_SPLINE_SURFACE_WITH_KNOTS('',1,3,((#1040,#1041,#1042,#1043,#1044,
#1045,#1046,#1047,#1048,#1049,#1050,#1051,#1052,#1053,#1054,#1055,#1056,
#1057,#1058,#1059,#1060,#1061,#1062,#1063,#1064,#1065,#1066,#1067,#1068,
#1069,#1070,#1071,#1072,#1073,#1074,#1075),(#1076,#1077,#1078,#1079,#1080,
#1081,#1082,#1083,#1084,#1085,#1086,#1087,#1088,#1089,#1090,#1091,#1092,
#1093,#1094,#1095,#1096,#1097,#1098,#1099,#1100,#1101,#1102,#1103,#1104,
#1105,#1106,#1107,#1108,#1109,#1110,#1111)),.RULED_SURF.,.F.,.F.,.F.,(2,
2),(4,2,2,2,2,2,2,2,2,2,2,2,2,2,2,2,2,4),(0.,1.),(0.,0.015625,0.078125,
0.140625,0.203125,0.265625,0.328125,0.390625,0.453125,0.515625,0.578125,
0.640625,0.703125,0.765625,0.828125,0.890625,0.953125,1.),.UNSPECIFIED.);
#17=B_SPLINE_SURFACE_WITH_KNOTS('',1,3,((#1150,#1151,#1152,#1153,#1154,
#1155,#1156,#1157,#1158,#1159,#1160,#1161,#1162,#1163,#1164,#1165,#1166,
#1167,#1168,#1169,#1170,#1171,#1172,#1173,#1174,#1175,#1176,#1177,#1178,
#1179,#1180,#1181,#1182,#1183,#1184,#1185),(#1186,#1187,#1188,#1189,#1190,
#1191,#1192,#1193,#1194,#1195,#1196,#1197,#1198,#1199,#1200,#1201,#1202,
#1203,#1204,#1205,#1206,#1207,#1208,#1209,#1210,#1211,#1212,#1213,#1214,
#1215,#1216,#1217,#1218,#1219,#1220,#1221)),.RULED_SURF.,.F.,.F.,.F.,(2,
2),(4,2,2,2,2,2,2,2,2,2,2,2,2,2,2,2,2,4),(0.,1.),(0.,0.015625,0.078125,
0.140625,0.203125,0.265625,0.328125,0.390625,0.453125,0.515625,0.578125,
0.640625,0.703125,0.765625,0.828125,0.890625,0.953125,1.),.UNSPECIFIED.);
#18=ELLIPSE('',#600,0.775177066772492,0.003);
#19=(
BOUNDED_CURVE()
B_SPLINE_CURVE(2,(#825,#826,#827,#828,#829,#830,#831,#832,#833,#834,#835,
#836,#837,#838,#839,#840,#841,#842,#843,#844,#845,#846,#847,#848,#849,#850,
#851,#852,#853,#854,#855,#856,#857,#858,#859,#860,#861,#862,#863,#864,#865,
#866,#867,#868,#869,#870,#871,#872,#873,#874,#875,#876,#877,#878,#879,#880,
#881,#882,#883,#884,#885,#886,#887,#888,#889,#890,#891,#892,#893,#894,#895,
#896,#897,#898,#899,#900,#901,#902,#903,#904,#905,#906,#907,#908,#909),
 .UNSPECIFIED.,.F.,.F.)
B_SPLINE_CURVE_WITH_KNOTS((3,2,2,2,2,2,2,2,2,2,2,2,2,2,2,2,2,2,2,2,2,2,
2,2,2,2,2,2,2,2,2,2,2,2,2,2,2,2,2,2,2,2,3),(0.,0.0238095238095238,0.0476190476190476,
0.0714285714285714,0.0952380952380952,0.119047619047619,0.142857142857143,
0.166666666666667,0.19047619047619,0.214285714285714,0.238095238095238,
0.261904761904762,0.285714285714286,0.309523809523809,0.333333333333334,
0.357142857142857,0.380952380952381,0.404761904761905,0.428571428571428,
0.452380952380952,0.476190476190476,0.5,0.523809523809524,0.547619047619048,
0.571428571428571,0.595238095238095,0.619047619047619,0.642857142857143,
0.666666666666667,0.690476190476191,0.714285714285714,0.738095238095238,
0.761904761904762,0.785714285714286,0.80952380952381,0.833333333333333,
0.857142857142857,0.880952380952381,0.904761904761905,0.928571428571429,
0.952380952380952,0.976190476190476,1.),.UNSPECIFIED.)
CURVE()
GEOMETRIC_REPRESENTATION_ITEM()
RATIONAL_B_SPLINE_CURVE((1.,0.866025403784439,1.,0.866025403784439,1.,0.866025403784439,
1.,0.866025403784439,1.,0.866025403784439,1.,0.866025403784439,1.,0.866025403784439,
1.,0.866025403784439,1.,0.866025403784439,1.,0.866025403784439,1.,0.866025403784439,
1.,0.866025403784439,1.,0.866025403784439,1.,0.866025403784439,1.,0.866025403784439,
1.,0.866025403784439,1.,0.866025403784439,1.,0.866025403784439,1.,0.866025403784439,
1.,0.866025403784439,1.,0.866025403784439,1.,0.866025403784439,1.,0.866025403784439,
1.,0.866025403784439,1.,0.866025403784439,1.,0.866025403784439,1.,0.866025403784439,
1.,0.866025403784439,1.,0.866025403784439,1.,0.866025403784439,1.,0.866025403784439,
1.,0.866025403784439,1.,0.866025403784439,1.,0.866025403784439,1.,0.866025403784439,
1.,0.866025403784439,1.,0.866025403784439,1.,0.866025403784439,1.,0.866025403784439,
1.,0.866025403784439,1.,0.866025403784439,1.,0.866025403784439,1.))
REPRESENTATION_ITEM('')
);
#20=(
BOUNDED_CURVE()
B_SPLINE_CURVE(2,(#913,#914,#915,#916,#917,#918,#919,#920,#921,#922,#923,
#924,#925,#926,#927,#928,#929,#930,#931,#932,#933,#934,#935,#936,#937,#938,
#939,#940,#941,#942,#943,#944,#945,#946,#947,#948,#949,#950,#951,#952,#953,
#954,#955,#956,#957,#958,#959,#960,#961,#962,#963,#964,#965,#966,#967,#968,
#969,#970,#971,#972,#973,#974,#975,#976,#977,#978,#979,#980,#981,#982,#983,
#984,#985,#986,#987,#988,#989,#990,#991,#992,#993,#994,#995,#996,#997),
 .UNSPECIFIED.,.F.,.F.)
B_SPLINE_CURVE_WITH_KNOTS((3,2,2,2,2,2,2,2,2,2,2,2,2,2,2,2,2,2,2,2,2,2,
2,2,2,2,2,2,2,2,2,2,2,2,2,2,2,2,2,2,2,2,3),(0.,0.0238095238095238,0.0476190476190476,
0.0714285714285714,0.0952380952380952,0.119047619047619,0.142857142857143,
0.166666666666667,0.19047619047619,0.214285714285714,0.238095238095238,
0.261904761904762,0.285714285714286,0.309523809523809,0.333333333333334,
0.357142857142857,0.380952380952381,0.404761904761905,0.428571428571428,
0.452380952380952,0.476190476190476,0.5,0.523809523809524,0.547619047619048,
0.571428571428571,0.595238095238095,0.619047619047619,0.642857142857143,
0.666666666666667,0.690476190476191,0.714285714285714,0.738095238095238,
0.761904761904762,0.785714285714286,0.80952380952381,0.833333333333333,
0.857142857142857,0.880952380952381,0.904761904761905,0.928571428571429,
0.952380952380952,0.976190476190476,1.),.UNSPECIFIED.)
CURVE()
GEOMETRIC_REPRESENTATION_ITEM()
RATIONAL_B_SPLINE_CURVE((1.,0.866025403784439,1.,0.866025403784439,1.,0.866025403784439,
1.,0.866025403784439,1.,0.866025403784439,1.,0.866025403784439,1.,0.866025403784439,
1.,0.866025403784439,1.,0.866025403784439,1.,0.866025403784439,1.,0.866025403784439,
1.,0.866025403784439,1.,0.866025403784439,1.,0.866025403784439,1.,0.866025403784439,
1.,0.866025403784439,1.,0.866025403784439,1.,0.866025403784439,1.,0.866025403784439,
1.,0.866025403784439,1.,0.866025403784439,1.,0.866025403784439,1.,0.866025403784439,
1.,0.866025403784439,1.,0.866025403784439,1.,0.866025403784439,1.,0.866025403784439,
1.,0.866025403784439,1.,0.866025403784439,1.,0.866025403784439,1.,0.866025403784439,
1.,0.866025403784439,1.,0.866025403784439,1.,0.866025403784439,1.,0.866025403784439,
1.,0.866025403784439,1.,0.866025403784439,1.,0.866025403784439,1.,0.866025403784439,
1.,0.866025403784439,1.,0.866025403784439,1.,0.866025403784439,1.))
REPRESENTATION_ITEM('')
);
#21=(
BOUNDED_CURVE()
B_SPLINE_CURVE(2,(#1402,#1403,#1404,#1405,#1406,#1407,#1408,#1409,#1410,
#1411,#1412,#1413,#1414,#1415,#1416,#1417,#1418,#1419,#1420,#1421,#1422,
#1423,#1424,#1425,#1426,#1427,#1428,#1429,#1430,#1431,#1432,#1433,#1434,
#1435,#1436,#1437,#1438,#1439,#1440,#1441,#1442,#1443,#1444,#1445,#1446,
#1447,#1448,#1449,#1450,#1451,#1452,#1453,#1454,#1455,#1456,#1457,#1458,
#1459,#1460,#1461,#1462,#1463,#1464,#1465,#1466,#1467,#1468,#1469,#1470,
#1471,#1472,#1473,#1474,#1475,#1476,#1477,#1478,#1479,#1480,#1481,#1482,
#1483,#1484,#1485,#1486),.UNSPECIFIED.,.F.,.F.)
B_SPLINE_CURVE_WITH_KNOTS((3,2,2,2,2,2,2,2,2,2,2,2,2,2,2,2,2,2,2,2,2,2,
2,2,2,2,2,2,2,2,2,2,2,2,2,2,2,2,2,2,2,2,3),(0.,0.0238095238095238,0.0476190476190476,
0.0714285714285714,0.0952380952380952,0.119047619047619,0.142857142857143,
0.166666666666667,0.19047619047619,0.214285714285714,0.238095238095238,
0.261904761904762,0.285714285714286,0.309523809523809,0.333333333333334,
0.357142857142857,0.380952380952381,0.404761904761905,0.428571428571428,
0.452380952380952,0.476190476190476,0.5,0.523809523809524,0.547619047619048,
0.571428571428571,0.595238095238095,0.619047619047619,0.642857142857143,
0.666666666666667,0.690476190476191,0.714285714285714,0.738095238095238,
0.761904761904762,0.785714285714286,0.80952380952381,0.833333333333333,
0.857142857142857,0.880952380952381,0.904761904761905,0.928571428571429,
0.952380952380952,0.976190476190476,1.),.UNSPECIFIED.)
CURVE()
GEOMETRIC_REPRESENTATION_ITEM()
RATIONAL_B_SPLINE_CURVE((1.,0.866025403784439,1.,0.866025403784439,1.,0.866025403784439,
1.,0.866025403784439,1.,0.866025403784439,1.,0.866025403784439,1.,0.866025403784439,
1.,0.866025403784439,1.,0.866025403784439,1.,0.866025403784439,1.,0.866025403784439,
1.,0.866025403784439,1.,0.866025403784439,1.,0.866025403784439,1.,0.866025403784439,
1.,0.866025403784439,1.,0.866025403784439,1.,0.866025403784439,1.,0.866025403784439,
1.,0.866025403784439,1.,0.866025403784439,1.,0.866025403784439,1.,0.866025403784439,
1.,0.866025403784439,1.,0.866025403784439,1.,0.866025403784439,1.,0.866025403784439,
1.,0.866025403784439,1.,0.866025403784439,1.,0.866025403784439,1.,0.866025403784439,
1.,0.866025403784439,1.,0.866025403784439,1.,0.866025403784439,1.,0.866025403784439,
1.,0.866025403784439,1.,0.866025403784439,1.,0.866025403784439,1.,0.866025403784439,
1.,0.866025403784439,1.,0.866025403784439,1.,0.866025403784439,1.))
REPRESENTATION_ITEM('')
);
#22=(
BOUNDED_CURVE()
B_SPLINE_CURVE(2,(#1617,#1618,#1619,#1620,#1621,#1622,#1623,#1624,#1625,
#1626,#1627,#1628,#1629,#1630,#1631,#1632,#1633,#1634,#1635,#1636,#1637,
#1638,#1639,#1640,#1641,#1642,#1643,#1644,#1645,#1646,#1647,#1648,#1649,
#1650,#1651,#1652,#1653,#1654,#1655,#1656,#1657,#1658,#1659,#1660,#1661,
#1662,#1663,#1664,#1665,#1666,#1667,#1668,#1669,#1670,#1671,#1672,#1673,
#1674,#1675,#1676,#1677,#1678,#1679,#1680,#1681,#1682,#1683,#1684,#1685,
#1686,#1687,#1688,#1689,#1690,#1691,#1692,#1693,#1694,#1695,#1696,#1697,
#1698,#1699,#1700,#1701),.UNSPECIFIED.,.F.,.F.)
B_SPLINE_CURVE_WITH_KNOTS((3,2,2,2,2,2,2,2,2,2,2,2,2,2,2,2,2,2,2,2,2,2,
2,2,2,2,2,2,2,2,2,2,2,2,2,2,2,2,2,2,2,2,3),(0.,0.0238095238095238,0.0476190476190476,
0.0714285714285714,0.0952380952380952,0.119047619047619,0.142857142857143,
0.166666666666667,0.19047619047619,0.214285714285714,0.238095238095238,
0.261904761904762,0.285714285714286,0.309523809523809,0.333333333333334,
0.357142857142857,0.380952380952381,0.404761904761905,0.428571428571428,
0.452380952380952,0.476190476190476,0.5,0.523809523809524,0.547619047619048,
0.571428571428571,0.595238095238095,0.619047619047619,0.642857142857143,
0.666666666666667,0.690476190476191,0.714285714285714,0.738095238095238,
0.761904761904762,0.785714285714286,0.80952380952381,0.833333333333333,
0.857142857142857,0.880952380952381,0.904761904761905,0.928571428571429,
0.952380952380952,0.976190476190476,1.),.UNSPECIFIED.)
CURVE()
GEOMETRIC_REPRESENTATION_ITEM()
RATIONAL_B_SPLINE_CURVE((1.,0.866025403784439,1.,0.866025403784439,1.,0.866025403784439,
1.,0.866025403784439,1.,0.866025403784439,1.,0.866025403784439,1.,0.866025403784439,
1.,0.866025403784439,1.,0.866025403784439,1.,0.866025403784439,1.,0.866025403784439,
1.,0.866025403784439,1.,0.866025403784439,1.,0.866025403784439,1.,0.866025403784439,
1.,0.866025403784439,1.,0.866025403784439,1.,0.866025403784439,1.,0.866025403784439,
1.,0.866025403784439,1.,0.866025403784439,1.,0.866025403784439,1.,0.866025403784439,
1.,0.866025403784439,1.,0.866025403784439,1.,0.866025403784439,1.,0.866025403784439,
1.,0.866025403784439,1.,0.866025403784439,1.,0.866025403784439,1.,0.866025403784439,
1.,0.866025403784439,1.,0.866025403784439,1.,0.866025403784439,1.,0.866025403784439,
1.,0.866025403784439,1.,0.866025403784439,1.,0.866025403784439,1.,0.866025403784439,
1.,0.866025403784439,1.,0.866025403784439,1.,0.866025403784439,1.))
REPRESENTATION_ITEM('')
);
#23=B_SPLINE_CURVE_WITH_KNOTS('',3,(#812,#813,#814,#815,#816,#817,#818,
#819,#820,#821,#822),.UNSPECIFIED.,.F.,.F.,(4,1,1,1,1,1,1,1,4),(7.69952949054159E-19,
0.00235420902865248,0.00470841805730497,0.00706262708595745,0.00941683611460993,
0.0117710451432624,0.0141252541719149,0.0164794632005674,0.0188336722292199),
 .UNSPECIFIED.);
#24=B_SPLINE_CURVE_WITH_KNOTS('',3,(#999,#1000,#1001,#1002,#1003,#1004,
#1005,#1006,#1007,#1008,#1009),.UNSPECIFIED.,.F.,.F.,(4,1,1,1,1,1,1,1,4),
(0.,0.00235234347285117,0.00470468694570234,0.00705703041855351,0.00940937389140468,
0.0117617173642559,0.014114060837107,0.0164664043099582,0.0188187477828094),
 .UNSPECIFIED.);
#25=B_SPLINE_CURVE_WITH_KNOTS('',3,(#1013,#1014,#1015,#1016,#1017,#1018),
 .UNSPECIFIED.,.F.,.F.,(4,1,1,4),(0.00641754982667868,0.00916434389259796,
0.0105377409255576,0.0119111379585172),.UNSPECIFIED.);
#26=B_SPLINE_CURVE_WITH_KNOTS('',3,(#1020,#1021,#1022,#1023,#1024),
 .UNSPECIFIED.,.F.,.F.,(4,1,4),(0.012268356331136,0.0142776300178434,0.0162869037045507),
 .UNSPECIFIED.);
#27=B_SPLINE_CURVE_WITH_KNOTS('',3,(#1026,#1027,#1028,#1029,#1030,#1031,
#1032),.UNSPECIFIED.,.F.,.F.,(4,1,1,1,4),(0.00516645480036736,0.00654948959495624,
0.00793252438954512,0.00931555918413401,0.0106985939787229),
 .UNSPECIFIED.);
#28=B_SPLINE_CURVE_WITH_KNOTS('',3,(#1112,#1113,#1114,#1115,#1116,#1117,
#1118,#1119,#1120,#1121,#1122,#1123,#1124,#1125,#1126,#1127,#1128,#1129,
#1130,#1131,#1132,#1133,#1134,#1135,#1136,#1137,#1138,#1139,#1140,#1141,
#1142,#1143,#1144,#1145,#1146,#1147),.UNSPECIFIED.,.F.,.F.,(4,2,2,2,2,2,
2,2,2,2,2,2,2,2,2,2,2,4),(0.,0.015625,0.078125,0.140625,0.203125,0.265625,
0.328125,0.390625,0.453125,0.515625,0.578125,0.640625,0.703125,0.765625,
0.828125,0.890625,0.953125,1.),.UNSPECIFIED.);
#29=B_SPLINE_CURVE_WITH_KNOTS('',3,(#1224,#1225,#1226,#1227,#1228,#1229,
#1230,#1231,#1232,#1233,#1234,#1235,#1236,#1237,#1238,#1239,#1240,#1241,
#1242,#1243,#1244,#1245,#1246,#1247,#1248,#1249,#1250,#1251,#1252,#1253,
#1254,#1255,#1256,#1257,#1258,#1259),.UNSPECIFIED.,.F.,.F.,(4,2,2,2,2,2,
2,2,2,2,2,2,2,2,2,2,2,4),(0.,0.015625,0.078125,0.140625,0.203125,0.265625,
0.328125,0.390625,0.453125,0.515625,0.578125,0.640625,0.703125,0.765625,
0.828125,0.890625,0.953125,1.),.UNSPECIFIED.);
#30=CYLINDRICAL_SURFACE('',#595,0.0018);
#31=CYLINDRICAL_SURFACE('',#598,0.003);
#32=CIRCLE('',#594,0.003);
#33=CIRCLE('',#596,0.0018);
#34=CIRCLE('',#597,0.0018);
#35=CIRCLE('',#599,0.003);
#36=CIRCLE('',#604,0.000119980603174702);
#37=CIRCLE('',#605,0.000119980603174702);
#38=ORIENTED_EDGE('',*,*,#190,.F.);
#39=ORIENTED_EDGE('',*,*,#191,.T.);
#40=ORIENTED_EDGE('',*,*,#192,.T.);
#41=ORIENTED_EDGE('',*,*,#193,.F.);
#42=ORIENTED_EDGE('',*,*,#194,.T.);
#43=ORIENTED_EDGE('',*,*,#195,.T.);
#44=ORIENTED_EDGE('',*,*,#196,.F.);
#45=ORIENTED_EDGE('',*,*,#197,.F.);
#46=ORIENTED_EDGE('',*,*,#198,.F.);
#47=ORIENTED_EDGE('',*,*,#199,.F.);
#48=ORIENTED_EDGE('',*,*,#200,.T.);
#49=ORIENTED_EDGE('',*,*,#201,.T.);
#50=ORIENTED_EDGE('',*,*,#194,.F.);
#51=ORIENTED_EDGE('',*,*,#202,.F.);
#52=ORIENTED_EDGE('',*,*,#203,.T.);
#53=ORIENTED_EDGE('',*,*,#204,.T.);
#54=ORIENTED_EDGE('',*,*,#197,.T.);
#55=ORIENTED_EDGE('',*,*,#205,.F.);
#56=ORIENTED_EDGE('',*,*,#206,.F.);
#57=ORIENTED_EDGE('',*,*,#202,.T.);
#58=ORIENTED_EDGE('',*,*,#207,.T.);
#59=ORIENTED_EDGE('',*,*,#208,.T.);
#60=ORIENTED_EDGE('',*,*,#209,.F.);
#61=ORIENTED_EDGE('',*,*,#210,.F.);
#62=ORIENTED_EDGE('',*,*,#196,.T.);
#63=ORIENTED_EDGE('',*,*,#211,.F.);
#64=ORIENTED_EDGE('',*,*,#212,.F.);
#65=ORIENTED_EDGE('',*,*,#205,.T.);
#66=ORIENTED_EDGE('',*,*,#195,.F.);
#67=ORIENTED_EDGE('',*,*,#204,.F.);
#68=ORIENTED_EDGE('',*,*,#213,.T.);
#69=ORIENTED_EDGE('',*,*,#211,.T.);
#70=ORIENTED_EDGE('',*,*,#214,.F.);
#71=ORIENTED_EDGE('',*,*,#203,.F.);
#72=ORIENTED_EDGE('',*,*,#206,.T.);
#73=ORIENTED_EDGE('',*,*,#212,.T.);
#74=ORIENTED_EDGE('',*,*,#213,.F.);
#75=ORIENTED_EDGE('',*,*,#215,.T.);
#76=ORIENTED_EDGE('',*,*,#216,.F.);
#77=ORIENTED_EDGE('',*,*,#217,.T.);
#78=ORIENTED_EDGE('',*,*,#218,.T.);
#79=ORIENTED_EDGE('',*,*,#219,.F.);
#80=ORIENTED_EDGE('',*,*,#220,.F.);
#81=ORIENTED_EDGE('',*,*,#221,.T.);
#82=ORIENTED_EDGE('',*,*,#222,.T.);
#83=ORIENTED_EDGE('',*,*,#214,.T.);
#84=ORIENTED_EDGE('',*,*,#223,.F.);
#85=ORIENTED_EDGE('',*,*,#224,.F.);
#86=ORIENTED_EDGE('',*,*,#225,.F.);
#87=ORIENTED_EDGE('',*,*,#219,.T.);
#88=ORIENTED_EDGE('',*,*,#215,.F.);
#89=ORIENTED_EDGE('',*,*,#216,.T.);
#90=ORIENTED_EDGE('',*,*,#226,.F.);
#91=ORIENTED_EDGE('',*,*,#227,.F.);
#92=ORIENTED_EDGE('',*,*,#228,.F.);
#93=ORIENTED_EDGE('',*,*,#222,.F.);
#94=ORIENTED_EDGE('',*,*,#228,.T.);
#95=ORIENTED_EDGE('',*,*,#229,.F.);
#96=ORIENTED_EDGE('',*,*,#230,.T.);
#97=ORIENTED_EDGE('',*,*,#217,.F.);
#98=ORIENTED_EDGE('',*,*,#231,.T.);
#99=ORIENTED_EDGE('',*,*,#232,.T.);
#100=ORIENTED_EDGE('',*,*,#226,.T.);
#101=ORIENTED_EDGE('',*,*,#221,.F.);
#102=ORIENTED_EDGE('',*,*,#225,.T.);
#103=ORIENTED_EDGE('',*,*,#233,.F.);
#104=ORIENTED_EDGE('',*,*,#231,.F.);
#105=ORIENTED_EDGE('',*,*,#220,.T.);
#106=ORIENTED_EDGE('',*,*,#223,.T.);
#107=ORIENTED_EDGE('',*,*,#218,.F.);
#108=ORIENTED_EDGE('',*,*,#230,.F.);
#109=ORIENTED_EDGE('',*,*,#234,.T.);
#110=ORIENTED_EDGE('',*,*,#224,.T.);
#111=ORIENTED_EDGE('',*,*,#234,.F.);
#112=ORIENTED_EDGE('',*,*,#235,.F.);
#113=ORIENTED_EDGE('',*,*,#233,.T.);
#114=ORIENTED_EDGE('',*,*,#232,.F.);
#115=ORIENTED_EDGE('',*,*,#235,.T.);
#116=ORIENTED_EDGE('',*,*,#229,.T.);
#117=ORIENTED_EDGE('',*,*,#227,.T.);
#118=ORIENTED_EDGE('',*,*,#236,.T.);
#119=ORIENTED_EDGE('',*,*,#237,.F.);
#120=ORIENTED_EDGE('',*,*,#238,.F.);
#121=ORIENTED_EDGE('',*,*,#199,.T.);
#122=ORIENTED_EDGE('',*,*,#239,.T.);
#123=ORIENTED_EDGE('',*,*,#240,.F.);
#124=ORIENTED_EDGE('',*,*,#241,.F.);
#125=ORIENTED_EDGE('',*,*,#237,.T.);
#126=ORIENTED_EDGE('',*,*,#242,.F.);
#127=ORIENTED_EDGE('',*,*,#201,.F.);
#128=ORIENTED_EDGE('',*,*,#243,.T.);
#129=ORIENTED_EDGE('',*,*,#240,.T.);
#130=ORIENTED_EDGE('',*,*,#200,.F.);
#131=ORIENTED_EDGE('',*,*,#238,.T.);
#132=ORIENTED_EDGE('',*,*,#241,.T.);
#133=ORIENTED_EDGE('',*,*,#243,.F.);
#134=ORIENTED_EDGE('',*,*,#198,.T.);
#135=ORIENTED_EDGE('',*,*,#242,.T.);
#136=ORIENTED_EDGE('',*,*,#239,.F.);
#137=ORIENTED_EDGE('',*,*,#236,.F.);
#138=ORIENTED_EDGE('',*,*,#244,.T.);
#139=ORIENTED_EDGE('',*,*,#245,.F.);
#140=ORIENTED_EDGE('',*,*,#246,.F.);
#141=ORIENTED_EDGE('',*,*,#190,.T.);
#142=ORIENTED_EDGE('',*,*,#247,.T.);
#143=ORIENTED_EDGE('',*,*,#248,.F.);
#144=ORIENTED_EDGE('',*,*,#249,.F.);
#145=ORIENTED_EDGE('',*,*,#245,.T.);
#146=ORIENTED_EDGE('',*,*,#250,.F.);
#147=ORIENTED_EDGE('',*,*,#192,.F.);
#148=ORIENTED_EDGE('',*,*,#251,.T.);
#149=ORIENTED_EDGE('',*,*,#248,.T.);
#150=ORIENTED_EDGE('',*,*,#191,.F.);
#151=ORIENTED_EDGE('',*,*,#246,.T.);
#152=ORIENTED_EDGE('',*,*,#249,.T.);
#153=ORIENTED_EDGE('',*,*,#251,.F.);
#154=ORIENTED_EDGE('',*,*,#193,.T.);
#155=ORIENTED_EDGE('',*,*,#250,.T.);
#156=ORIENTED_EDGE('',*,*,#247,.F.);
#157=ORIENTED_EDGE('',*,*,#244,.F.);
#158=ORIENTED_EDGE('',*,*,#207,.F.);
#159=ORIENTED_EDGE('',*,*,#252,.F.);
#160=ORIENTED_EDGE('',*,*,#253,.F.);
#161=ORIENTED_EDGE('',*,*,#254,.T.);
#162=ORIENTED_EDGE('',*,*,#255,.T.);
#163=ORIENTED_EDGE('',*,*,#209,.T.);
#164=ORIENTED_EDGE('',*,*,#256,.F.);
#165=ORIENTED_EDGE('',*,*,#257,.T.);
#166=ORIENTED_EDGE('',*,*,#208,.F.);
#167=ORIENTED_EDGE('',*,*,#254,.F.);
#168=ORIENTED_EDGE('',*,*,#258,.F.);
#169=ORIENTED_EDGE('',*,*,#259,.F.);
#170=ORIENTED_EDGE('',*,*,#260,.T.);
#171=ORIENTED_EDGE('',*,*,#256,.T.);
#172=ORIENTED_EDGE('',*,*,#252,.T.);
#173=ORIENTED_EDGE('',*,*,#210,.T.);
#174=ORIENTED_EDGE('',*,*,#255,.F.);
#175=ORIENTED_EDGE('',*,*,#261,.F.);
#176=ORIENTED_EDGE('',*,*,#262,.T.);
#177=ORIENTED_EDGE('',*,*,#263,.T.);
#178=ORIENTED_EDGE('',*,*,#263,.F.);
#179=ORIENTED_EDGE('',*,*,#264,.F.);
#180=ORIENTED_EDGE('',*,*,#258,.T.);
#181=ORIENTED_EDGE('',*,*,#253,.T.);
#182=ORIENTED_EDGE('',*,*,#262,.F.);
#183=ORIENTED_EDGE('',*,*,#265,.F.);
#184=ORIENTED_EDGE('',*,*,#259,.T.);
#185=ORIENTED_EDGE('',*,*,#264,.T.);
#186=ORIENTED_EDGE('',*,*,#261,.T.);
#187=ORIENTED_EDGE('',*,*,#257,.F.);
#188=ORIENTED_EDGE('',*,*,#260,.F.);
#189=ORIENTED_EDGE('',*,*,#265,.T.);
#190=EDGE_CURVE('',#266,#267,#317,.T.);
#191=EDGE_CURVE('',#266,#268,#318,.T.);
#192=EDGE_CURVE('',#268,#269,#319,.T.);
#193=EDGE_CURVE('',#267,#269,#320,.T.);
#194=EDGE_CURVE('',#270,#271,#321,.T.);
#195=EDGE_CURVE('',#271,#272,#322,.T.);
#196=EDGE_CURVE('',#273,#272,#323,.T.);
#197=EDGE_CURVE('',#270,#273,#324,.T.);
#198=EDGE_CURVE('',#274,#275,#325,.T.);
#199=EDGE_CURVE('',#276,#274,#326,.T.);
#200=EDGE_CURVE('',#276,#277,#327,.T.);
#201=EDGE_CURVE('',#277,#275,#328,.T.);
#202=EDGE_CURVE('',#278,#270,#329,.T.);
#203=EDGE_CURVE('',#278,#279,#330,.T.);
#204=EDGE_CURVE('',#279,#271,#331,.T.);
#205=EDGE_CURVE('',#280,#273,#332,.T.);
#206=EDGE_CURVE('',#278,#280,#333,.T.);
#207=EDGE_CURVE('',#281,#282,#334,.T.);
#208=EDGE_CURVE('',#282,#283,#335,.T.);
#209=EDGE_CURVE('',#284,#283,#336,.T.);
#210=EDGE_CURVE('',#281,#284,#337,.T.);
#211=EDGE_CURVE('',#285,#272,#338,.T.);
#212=EDGE_CURVE('',#280,#285,#339,.T.);
#213=EDGE_CURVE('',#279,#285,#340,.T.);
#214=EDGE_CURVE('',#286,#286,#32,.T.);
#215=EDGE_CURVE('',#287,#287,#33,.T.);
#216=EDGE_CURVE('',#288,#288,#34,.T.);
#217=EDGE_CURVE('',#289,#290,#23,.T.);
#218=EDGE_CURVE('',#290,#291,#19,.T.);
#219=EDGE_CURVE('',#292,#291,#35,.T.);
#220=EDGE_CURVE('',#293,#292,#20,.T.);
#221=EDGE_CURVE('',#293,#294,#24,.T.);
#222=EDGE_CURVE('',#294,#289,#18,.T.);
#223=EDGE_CURVE('',#295,#291,#25,.F.);
#224=EDGE_CURVE('',#296,#295,#26,.T.);
#225=EDGE_CURVE('',#292,#296,#27,.T.);
#226=EDGE_CURVE('',#297,#294,#341,.F.);
#227=EDGE_CURVE('',#298,#297,#36,.T.);
#228=EDGE_CURVE('',#289,#298,#342,.F.);
#229=EDGE_CURVE('',#299,#298,#28,.T.);
#230=EDGE_CURVE('',#299,#290,#343,.T.);
#231=EDGE_CURVE('',#293,#300,#344,.T.);
#232=EDGE_CURVE('',#300,#297,#29,.T.);
#233=EDGE_CURVE('',#300,#296,#21,.T.);
#234=EDGE_CURVE('',#299,#295,#22,.T.);
#235=EDGE_CURVE('',#300,#299,#37,.F.);
#236=EDGE_CURVE('',#274,#301,#345,.T.);
#237=EDGE_CURVE('',#302,#301,#346,.T.);
#238=EDGE_CURVE('',#276,#302,#347,.T.);
#239=EDGE_CURVE('',#301,#303,#348,.T.);
#240=EDGE_CURVE('',#304,#303,#349,.T.);
#241=EDGE_CURVE('',#302,#304,#350,.T.);
#242=EDGE_CURVE('',#275,#303,#351,.T.);
#243=EDGE_CURVE('',#277,#304,#352,.T.);
#244=EDGE_CURVE('',#267,#305,#353,.T.);
#245=EDGE_CURVE('',#306,#305,#354,.T.);
#246=EDGE_CURVE('',#266,#306,#355,.T.);
#247=EDGE_CURVE('',#305,#307,#356,.T.);
#248=EDGE_CURVE('',#308,#307,#357,.T.);
#249=EDGE_CURVE('',#306,#308,#358,.T.);
#250=EDGE_CURVE('',#269,#307,#359,.T.);
#251=EDGE_CURVE('',#268,#308,#360,.T.);
#252=EDGE_CURVE('',#309,#281,#361,.T.);
#253=EDGE_CURVE('',#310,#309,#362,.T.);
#254=EDGE_CURVE('',#310,#282,#363,.T.);
#255=EDGE_CURVE('',#311,#284,#364,.T.);
#256=EDGE_CURVE('',#312,#283,#365,.T.);
#257=EDGE_CURVE('',#312,#311,#366,.T.);
#258=EDGE_CURVE('',#313,#310,#367,.T.);
#259=EDGE_CURVE('',#314,#313,#368,.T.);
#260=EDGE_CURVE('',#314,#312,#369,.T.);
#261=EDGE_CURVE('',#315,#311,#370,.T.);
#262=EDGE_CURVE('',#315,#316,#371,.T.);
#263=EDGE_CURVE('',#316,#309,#372,.T.);
#264=EDGE_CURVE('',#313,#316,#373,.T.);
#265=EDGE_CURVE('',#314,#315,#374,.T.);
#266=VERTEX_POINT('',#756);
#267=VERTEX_POINT('',#757);
#268=VERTEX_POINT('',#759);
#269=VERTEX_POINT('',#761);
#270=VERTEX_POINT('',#764);
#271=VERTEX_POINT('',#765);
#272=VERTEX_POINT('',#767);
#273=VERTEX_POINT('',#769);
#274=VERTEX_POINT('',#772);
#275=VERTEX_POINT('',#773);
#276=VERTEX_POINT('',#775);
#277=VERTEX_POINT('',#777);
#278=VERTEX_POINT('',#781);
#279=VERTEX_POINT('',#783);
#280=VERTEX_POINT('',#787);
#281=VERTEX_POINT('',#791);
#282=VERTEX_POINT('',#792);
#283=VERTEX_POINT('',#794);
#284=VERTEX_POINT('',#796);
#285=VERTEX_POINT('',#799);
#286=VERTEX_POINT('',#805);
#287=VERTEX_POINT('',#808);
#288=VERTEX_POINT('',#810);
#289=VERTEX_POINT('',#823);
#290=VERTEX_POINT('',#824);
#291=VERTEX_POINT('',#910);
#292=VERTEX_POINT('',#912);
#293=VERTEX_POINT('',#998);
#294=VERTEX_POINT('',#1010);
#295=VERTEX_POINT('',#1019);
#296=VERTEX_POINT('',#1025);
#297=VERTEX_POINT('',#1036);
#298=VERTEX_POINT('',#1038);
#299=VERTEX_POINT('',#1148);
#300=VERTEX_POINT('',#1223);
#301=VERTEX_POINT('',#2117);
#302=VERTEX_POINT('',#2119);
#303=VERTEX_POINT('',#2123);
#304=VERTEX_POINT('',#2125);
#305=VERTEX_POINT('',#2134);
#306=VERTEX_POINT('',#2136);
#307=VERTEX_POINT('',#2140);
#308=VERTEX_POINT('',#2142);
#309=VERTEX_POINT('',#2151);
#310=VERTEX_POINT('',#2153);
#311=VERTEX_POINT('',#2157);
#312=VERTEX_POINT('',#2159);
#313=VERTEX_POINT('',#2163);
#314=VERTEX_POINT('',#2165);
#315=VERTEX_POINT('',#2169);
#316=VERTEX_POINT('',#2171);
#317=LINE('',#755,#375);
#318=LINE('',#758,#376);
#319=LINE('',#760,#377);
#320=LINE('',#762,#378);
#321=LINE('',#763,#379);
#322=LINE('',#766,#380);
#323=LINE('',#768,#381);
#324=LINE('',#770,#382);
#325=LINE('',#771,#383);
#326=LINE('',#774,#384);
#327=LINE('',#776,#385);
#328=LINE('',#778,#386);
#329=LINE('',#780,#387);
#330=LINE('',#782,#388);
#331=LINE('',#784,#389);
#332=LINE('',#786,#390);
#333=LINE('',#788,#391);
#334=LINE('',#790,#392);
#335=LINE('',#793,#393);
#336=LINE('',#795,#394);
#337=LINE('',#797,#395);
#338=LINE('',#798,#396);
#339=LINE('',#800,#397);
#340=LINE('',#802,#398);
#341=LINE('',#1035,#399);
#342=LINE('',#1039,#400);
#343=LINE('',#1149,#401);
#344=LINE('',#1222,#402);
#345=LINE('',#2116,#403);
#346=LINE('',#2118,#404);
#347=LINE('',#2120,#405);
#348=LINE('',#2122,#406);
#349=LINE('',#2124,#407);
#350=LINE('',#2126,#408);
#351=LINE('',#2128,#409);
#352=LINE('',#2129,#410);
#353=LINE('',#2133,#411);
#354=LINE('',#2135,#412);
#355=LINE('',#2137,#413);
#356=LINE('',#2139,#414);
#357=LINE('',#2141,#415);
#358=LINE('',#2143,#416);
#359=LINE('',#2145,#417);
#360=LINE('',#2146,#418);
#361=LINE('',#2150,#419);
#362=LINE('',#2152,#420);
#363=LINE('',#2154,#421);
#364=LINE('',#2156,#422);
#365=LINE('',#2158,#423);
#366=LINE('',#2160,#424);
#367=LINE('',#2162,#425);
#368=LINE('',#2164,#426);
#369=LINE('',#2166,#427);
#370=LINE('',#2168,#428);
#371=LINE('',#2170,#429);
#372=LINE('',#2172,#430);
#373=LINE('',#2174,#431);
#374=LINE('',#2176,#432);
#375=VECTOR('',#627,1.);
#376=VECTOR('',#628,1.);
#377=VECTOR('',#629,1.);
#378=VECTOR('',#630,1.);
#379=VECTOR('',#631,1.);
#380=VECTOR('',#632,1.);
#381=VECTOR('',#633,1.);
#382=VECTOR('',#634,1.);
#383=VECTOR('',#635,1.);
#384=VECTOR('',#636,1.);
#385=VECTOR('',#637,1.);
#386=VECTOR('',#638,1.);
#387=VECTOR('',#641,1.);
#388=VECTOR('',#642,1.);
#389=VECTOR('',#643,1.);
#390=VECTOR('',#646,1.);
#391=VECTOR('',#647,1.);
#392=VECTOR('',#650,1.);
#393=VECTOR('',#651,1.);
#394=VECTOR('',#652,1.);
#395=VECTOR('',#653,1.);
#396=VECTOR('',#654,1.);
#397=VECTOR('',#655,1.);
#398=VECTOR('',#658,1.);
#399=VECTOR('',#681,1.);
#400=VECTOR('',#684,1.);
#401=VECTOR('',#685,1.);
#402=VECTOR('',#686,1.);
#403=VECTOR('',#691,1.);
#404=VECTOR('',#692,1.);
#405=VECTOR('',#693,1.);
#406=VECTOR('',#696,1.);
#407=VECTOR('',#697,1.);
#408=VECTOR('',#698,1.);
#409=VECTOR('',#701,1.);
#410=VECTOR('',#702,1.);
#411=VECTOR('',#709,1.);
#412=VECTOR('',#710,1.);
#413=VECTOR('',#711,1.);
#414=VECTOR('',#714,1.);
#415=VECTOR('',#715,1.);
#416=VECTOR('',#716,1.);
#417=VECTOR('',#719,1.);
#418=VECTOR('',#720,1.);
#419=VECTOR('',#727,1.);
#420=VECTOR('',#728,1.);
#421=VECTOR('',#729,1.);
#422=VECTOR('',#732,1.);
#423=VECTOR('',#733,1.);
#424=VECTOR('',#734,1.);
#425=VECTOR('',#737,1.);
#426=VECTOR('',#738,1.);
#427=VECTOR('',#739,1.);
#428=VECTOR('',#742,1.);
#429=VECTOR('',#743,1.);
#430=VECTOR('',#744,1.);
#431=VECTOR('',#747,1.);
#432=VECTOR('',#750,1.);
#433=EDGE_LOOP('',(#38,#39,#40,#41));
#434=EDGE_LOOP('',(#42,#43,#44,#45));
#435=EDGE_LOOP('',(#46,#47,#48,#49));
#436=EDGE_LOOP('',(#50,#51,#52,#53));
#437=EDGE_LOOP('',(#54,#55,#56,#57));
#438=EDGE_LOOP('',(#58,#59,#60,#61));
#439=EDGE_LOOP('',(#62,#63,#64,#65));
#440=EDGE_LOOP('',(#66,#67,#68,#69));
#441=EDGE_LOOP('',(#70));
#442=EDGE_LOOP('',(#71,#72,#73,#74));
#443=EDGE_LOOP('',(#75));
#444=EDGE_LOOP('',(#76));
#445=EDGE_LOOP('',(#77,#78,#79,#80,#81,#82));
#446=EDGE_LOOP('',(#83));
#447=EDGE_LOOP('',(#84,#85,#86,#87));
#448=EDGE_LOOP('',(#88));
#449=EDGE_LOOP('',(#89));
#450=EDGE_LOOP('',(#90,#91,#92,#93));
#451=EDGE_LOOP('',(#94,#95,#96,#97));
#452=EDGE_LOOP('',(#98,#99,#100,#101));
#453=EDGE_LOOP('',(#102,#103,#104,#105));
#454=EDGE_LOOP('',(#106,#107,#108,#109));
#455=EDGE_LOOP('',(#110,#111,#112,#113));
#456=EDGE_LOOP('',(#114,#115,#116,#117));
#457=EDGE_LOOP('',(#118,#119,#120,#121));
#458=EDGE_LOOP('',(#122,#123,#124,#125));
#459=EDGE_LOOP('',(#126,#127,#128,#129));
#460=EDGE_LOOP('',(#130,#131,#132,#133));
#461=EDGE_LOOP('',(#134,#135,#136,#137));
#462=EDGE_LOOP('',(#138,#139,#140,#141));
#463=EDGE_LOOP('',(#142,#143,#144,#145));
#464=EDGE_LOOP('',(#146,#147,#148,#149));
#465=EDGE_LOOP('',(#150,#151,#152,#153));
#466=EDGE_LOOP('',(#154,#155,#156,#157));
#467=EDGE_LOOP('',(#158,#159,#160,#161));
#468=EDGE_LOOP('',(#162,#163,#164,#165));
#469=EDGE_LOOP('',(#166,#167,#168,#169,#170,#171));
#470=EDGE_LOOP('',(#172,#173,#174,#175,#176,#177));
#471=EDGE_LOOP('',(#178,#179,#180,#181));
#472=EDGE_LOOP('',(#182,#183,#184,#185));
#473=EDGE_LOOP('',(#186,#187,#188,#189));
#474=FACE_BOUND('',#433,.T.);
#475=FACE_BOUND('',#434,.T.);
#476=FACE_BOUND('',#435,.T.);
#477=FACE_BOUND('',#436,.T.);
#478=FACE_BOUND('',#437,.T.);
#479=FACE_BOUND('',#438,.T.);
#480=FACE_BOUND('',#439,.T.);
#481=FACE_BOUND('',#440,.T.);
#482=FACE_BOUND('',#441,.T.);
#483=FACE_BOUND('',#442,.T.);
#484=FACE_BOUND('',#443,.T.);
#485=FACE_BOUND('',#444,.T.);
#486=FACE_BOUND('',#445,.T.);
#487=FACE_BOUND('',#446,.T.);
#488=FACE_BOUND('',#447,.T.);
#489=FACE_BOUND('',#448,.T.);
#490=FACE_BOUND('',#449,.T.);
#491=FACE_BOUND('',#450,.T.);
#492=FACE_BOUND('',#451,.T.);
#493=FACE_BOUND('',#452,.T.);
#494=FACE_BOUND('',#453,.T.);
#495=FACE_BOUND('',#454,.T.);
#496=FACE_BOUND('',#455,.T.);
#497=FACE_BOUND('',#456,.T.);
#498=FACE_BOUND('',#457,.T.);
#499=FACE_BOUND('',#458,.T.);
#500=FACE_BOUND('',#459,.T.);
#501=FACE_BOUND('',#460,.T.);
#502=FACE_BOUND('',#461,.T.);
#503=FACE_BOUND('',#462,.T.);
#504=FACE_BOUND('',#463,.T.);
#505=FACE_BOUND('',#464,.T.);
#506=FACE_BOUND('',#465,.T.);
#507=FACE_BOUND('',#466,.T.);
#508=FACE_BOUND('',#467,.T.);
#509=FACE_BOUND('',#468,.T.);
#510=FACE_BOUND('',#469,.T.);
#511=FACE_BOUND('',#470,.T.);
#512=FACE_BOUND('',#471,.T.);
#513=FACE_BOUND('',#472,.T.);
#514=FACE_BOUND('',#473,.T.);
#515=PLANE('',#588);
#516=PLANE('',#589);
#517=PLANE('',#590);
#518=PLANE('',#591);
#519=PLANE('',#592);
#520=PLANE('',#593);
#521=PLANE('',#601);
#522=PLANE('',#602);
#523=PLANE('',#603);
#524=PLANE('',#606);
#525=PLANE('',#607);
#526=PLANE('',#608);
#527=PLANE('',#609);
#528=PLANE('',#610);
#529=PLANE('',#611);
#530=PLANE('',#612);
#531=PLANE('',#613);
#532=PLANE('',#614);
#533=PLANE('',#615);
#534=PLANE('',#616);
#535=PLANE('',#617);
#536=PLANE('',#618);
#537=PLANE('',#619);
#538=PLANE('',#620);
#539=PLANE('',#621);
#540=PLANE('',#622);
#541=ADVANCED_FACE('',(#474,#475,#476),#515,.F.);
#542=ADVANCED_FACE('',(#477),#516,.T.);
#543=ADVANCED_FACE('',(#478),#517,.F.);
#544=ADVANCED_FACE('',(#479,#480),#518,.F.);
#545=ADVANCED_FACE('',(#481),#519,.T.);
#546=ADVANCED_FACE('',(#482,#483),#520,.T.);
#547=ADVANCED_FACE('',(#484,#485),#30,.F.);
#548=ADVANCED_FACE('',(#486,#487),#31,.T.);
#549=ADVANCED_FACE('',(#488,#489),#521,.T.);
#550=ADVANCED_FACE('',(#490),#522,.T.);
#551=ADVANCED_FACE('',(#491),#523,.F.);
#552=ADVANCED_FACE('',(#492),#16,.F.);
#553=ADVANCED_FACE('',(#493),#17,.F.);
#554=ADVANCED_FACE('',(#494),#12,.F.);
#555=ADVANCED_FACE('',(#495),#13,.F.);
#556=ADVANCED_FACE('',(#496),#14,.F.);
#557=ADVANCED_FACE('',(#497),#15,.F.);
#558=ADVANCED_FACE('',(#498),#524,.F.);
#559=ADVANCED_FACE('',(#499),#525,.F.);
#560=ADVANCED_FACE('',(#500),#526,.T.);
#561=ADVANCED_FACE('',(#501),#527,.T.);
#562=ADVANCED_FACE('',(#502),#528,.F.);
#563=ADVANCED_FACE('',(#503),#529,.F.);
#564=ADVANCED_FACE('',(#504),#530,.F.);
#565=ADVANCED_FACE('',(#505),#531,.T.);
#566=ADVANCED_FACE('',(#506),#532,.T.);
#567=ADVANCED_FACE('',(#507),#533,.F.);
#568=ADVANCED_FACE('',(#508),#534,.T.);
#569=ADVANCED_FACE('',(#509),#535,.F.);
#570=ADVANCED_FACE('',(#510),#536,.T.);
#571=ADVANCED_FACE('',(#511),#537,.F.);
#572=ADVANCED_FACE('',(#512),#538,.T.);
#573=ADVANCED_FACE('',(#513),#539,.T.);
#574=ADVANCED_FACE('',(#514),#540,.F.);
#575=CLOSED_SHELL('',(#541,#542,#543,#544,#545,#546,#547,#548,#549,#550,
#551,#552,#553,#554,#555,#556,#557,#558,#559,#560,#561,#562,#563,#564,#565,
#566,#567,#568,#569,#570,#571,#572,#573,#574));
#576=STYLED_ITEM('',(#577),#584);
#577=PRESENTATION_STYLE_ASSIGNMENT((#578));
#578=SURFACE_STYLE_USAGE(.BOTH.,#579);
#579=SURFACE_SIDE_STYLE('',(#580));
#580=SURFACE_STYLE_FILL_AREA(#581);
#581=FILL_AREA_STYLE('',(#582));
#582=FILL_AREA_STYLE_COLOUR('',#583);
#583=COLOUR_RGB('',0.349019607843138,0.376470588235294,0.4);
#584=MANIFOLD_SOLID_BREP('jack 3.5mm',#575);
#585=SHAPE_DEFINITION_REPRESENTATION(#2184,#586);
#586=SHAPE_REPRESENTATION('jack 3.5mm',(#587),#2179);
#587=AXIS2_PLACEMENT_3D('',#753,#623,#624);
#588=AXIS2_PLACEMENT_3D('',#754,#625,#626);
#589=AXIS2_PLACEMENT_3D('',#779,#639,#640);
#590=AXIS2_PLACEMENT_3D('',#785,#644,#645);
#591=AXIS2_PLACEMENT_3D('',#789,#648,#649);
#592=AXIS2_PLACEMENT_3D('',#801,#656,#657);
#593=AXIS2_PLACEMENT_3D('',#803,#659,#660);
#594=AXIS2_PLACEMENT_3D('',#804,#661,#662);
#595=AXIS2_PLACEMENT_3D('',#806,#663,#664);
#596=AXIS2_PLACEMENT_3D('',#807,#665,#666);
#597=AXIS2_PLACEMENT_3D('',#809,#667,#668);
#598=AXIS2_PLACEMENT_3D('',#811,#669,#670);
#599=AXIS2_PLACEMENT_3D('',#911,#671,#672);
#600=AXIS2_PLACEMENT_3D('',#1011,#673,#674);
#601=AXIS2_PLACEMENT_3D('',#1012,#675,#676);
#602=AXIS2_PLACEMENT_3D('',#1033,#677,#678);
#603=AXIS2_PLACEMENT_3D('',#1034,#679,#680);
#604=AXIS2_PLACEMENT_3D('',#1037,#682,#683);
#605=AXIS2_PLACEMENT_3D('',#1970,#687,#688);
#606=AXIS2_PLACEMENT_3D('',#2115,#689,#690);
#607=AXIS2_PLACEMENT_3D('',#2121,#694,#695);
#608=AXIS2_PLACEMENT_3D('',#2127,#699,#700);
#609=AXIS2_PLACEMENT_3D('',#2130,#703,#704);
#610=AXIS2_PLACEMENT_3D('',#2131,#705,#706);
#611=AXIS2_PLACEMENT_3D('',#2132,#707,#708);
#612=AXIS2_PLACEMENT_3D('',#2138,#712,#713);
#613=AXIS2_PLACEMENT_3D('',#2144,#717,#718);
#614=AXIS2_PLACEMENT_3D('',#2147,#721,#722);
#615=AXIS2_PLACEMENT_3D('',#2148,#723,#724);
#616=AXIS2_PLACEMENT_3D('',#2149,#725,#726);
#617=AXIS2_PLACEMENT_3D('',#2155,#730,#731);
#618=AXIS2_PLACEMENT_3D('',#2161,#735,#736);
#619=AXIS2_PLACEMENT_3D('',#2167,#740,#741);
#620=AXIS2_PLACEMENT_3D('',#2173,#745,#746);
#621=AXIS2_PLACEMENT_3D('',#2175,#748,#749);
#622=AXIS2_PLACEMENT_3D('',#2177,#751,#752);
#623=DIRECTION('',(0.,0.,1.));
#624=DIRECTION('',(1.,0.,0.));
#625=DIRECTION('',(0.,0.,1.));
#626=DIRECTION('',(1.,0.,0.));
#627=DIRECTION('',(-1.,0.,0.));
#628=DIRECTION('',(0.,1.,0.));
#629=DIRECTION('',(-1.,0.,0.));
#630=DIRECTION('',(0.,1.,0.));
#631=DIRECTION('',(1.,0.,0.));
#632=DIRECTION('',(0.,-1.,0.));
#633=DIRECTION('',(1.,0.,0.));
#634=DIRECTION('',(0.,-1.,0.));
#635=DIRECTION('',(0.,1.,0.));
#636=DIRECTION('',(-1.,0.,0.));
#637=DIRECTION('',(0.,1.,0.));
#638=DIRECTION('',(-1.,0.,0.));
#639=DIRECTION('',(0.,1.,0.));
#640=DIRECTION('',(0.,0.,1.));
#641=DIRECTION('',(0.,0.,-1.));
#642=DIRECTION('',(1.,0.,0.));
#643=DIRECTION('',(0.,0.,-1.));
#644=DIRECTION('',(1.,0.,0.));
#645=DIRECTION('',(0.,0.,-1.));
#646=DIRECTION('',(0.,0.,-1.));
#647=DIRECTION('',(0.,-1.,0.));
#648=DIRECTION('',(0.,1.,0.));
#649=DIRECTION('',(0.,0.,1.));
#650=DIRECTION('',(1.,0.,0.));
#651=DIRECTION('',(0.,0.,-1.));
#652=DIRECTION('',(1.,0.,0.));
#653=DIRECTION('',(0.,0.,-1.));
#654=DIRECTION('',(0.,0.,-1.));
#655=DIRECTION('',(1.,0.,0.));
#656=DIRECTION('',(1.,0.,0.));
#657=DIRECTION('',(0.,0.,-1.));
#658=DIRECTION('',(0.,-1.,0.));
#659=DIRECTION('',(0.,0.,1.));
#660=DIRECTION('',(1.,0.,0.));
#661=DIRECTION('',(0.,0.,1.));
#662=DIRECTION('',(1.,0.,0.));
#663=DIRECTION('',(0.,0.,-1.));
#664=DIRECTION('',(-1.,0.,0.));
#665=DIRECTION('',(0.,0.,1.));
#666=DIRECTION('',(1.,0.,0.));
#667=DIRECTION('',(0.,0.,1.));
#668=DIRECTION('',(1.,0.,0.));
#669=DIRECTION('',(0.,0.,-1.));
#670=DIRECTION('',(-1.,0.,0.));
#671=DIRECTION('',(0.,0.,1.));
#672=DIRECTION('',(1.,0.,0.));
#673=DIRECTION('',(0.00194453070667146,0.999990620582909,0.00387008353135462));
#674=DIRECTION('',(7.52555262147092E-6,0.00387007621445882,-0.999992511198689));
#675=DIRECTION('',(0.,0.,1.));
#676=DIRECTION('',(1.,0.,0.));
#677=DIRECTION('',(0.,0.,1.));
#678=DIRECTION('',(1.,0.,0.));
#679=DIRECTION('',(0.00194453070667146,0.999990620582909,0.00387008353135462));
#680=DIRECTION('',(-0.999998089264253,0.00194373949532492,0.000208193698956476));
#681=DIRECTION('',(0.866124082748969,-0.00361856827363826,0.4998159453698));
#682=DIRECTION('',(0.00194453070667146,0.999990620582909,0.00387008353135462));
#683=DIRECTION('',(0.684355566323005,-0.00415260899798271,0.729136622781511));
#684=DIRECTION('',(-0.8659234134363,-0.000251912714735195,0.500176547433814));
#685=DIRECTION('',(-0.866025402838329,0.,0.50000000163871));
#686=DIRECTION('',(0.866025402838329,0.,0.50000000163871));
#687=DIRECTION('',(0.,1.,0.));
#688=DIRECTION('',(0.684210528639938,0.,0.729284548374814));
#689=DIRECTION('',(0.,1.,0.));
#690=DIRECTION('',(0.,0.,1.));
#691=DIRECTION('',(0.,0.,-1.));
#692=DIRECTION('',(-1.,0.,0.));
#693=DIRECTION('',(0.,0.,-1.));
#694=DIRECTION('',(0.,0.,1.));
#695=DIRECTION('',(1.,0.,0.));
#696=DIRECTION('',(0.,1.,0.));
#697=DIRECTION('',(-1.,0.,0.));
#698=DIRECTION('',(0.,1.,0.));
#699=DIRECTION('',(0.,1.,0.));
#700=DIRECTION('',(0.,0.,1.));
#701=DIRECTION('',(0.,0.,-1.));
#702=DIRECTION('',(0.,0.,-1.));
#703=DIRECTION('',(1.,0.,0.));
#704=DIRECTION('',(0.,1.,0.));
#705=DIRECTION('',(1.,0.,0.));
#706=DIRECTION('',(0.,1.,0.));
#707=DIRECTION('',(0.,1.,0.));
#708=DIRECTION('',(0.,0.,1.));
#709=DIRECTION('',(0.,0.,-1.));
#710=DIRECTION('',(-1.,0.,0.));
#711=DIRECTION('',(0.,0.,-1.));
#712=DIRECTION('',(0.,0.,1.));
#713=DIRECTION('',(1.,0.,0.));
#714=DIRECTION('',(0.,1.,0.));
#715=DIRECTION('',(-1.,0.,0.));
#716=DIRECTION('',(0.,1.,0.));
#717=DIRECTION('',(0.,1.,0.));
#718=DIRECTION('',(0.,0.,1.));
#719=DIRECTION('',(0.,0.,-1.));
#720=DIRECTION('',(0.,0.,-1.));
#721=DIRECTION('',(1.,0.,0.));
#722=DIRECTION('',(0.,1.,0.));
#723=DIRECTION('',(1.,0.,0.));
#724=DIRECTION('',(0.,1.,0.));
#725=DIRECTION('',(0.,-4.56506177888634E-16,1.));
#726=DIRECTION('',(0.,-1.,-4.56506177888634E-16));
#727=DIRECTION('',(0.,1.,4.56506177888634E-16));
#728=DIRECTION('',(-1.,0.,0.));
#729=DIRECTION('',(0.,1.,4.56506177888634E-16));
#730=DIRECTION('',(0.,-4.56506177888634E-16,1.));
#731=DIRECTION('',(0.,-1.,-4.56506177888634E-16));
#732=DIRECTION('',(0.,1.,4.56506177888634E-16));
#733=DIRECTION('',(0.,1.,4.56506177888634E-16));
#734=DIRECTION('',(-1.,0.,0.));
#735=DIRECTION('',(1.,0.,0.));
#736=DIRECTION('',(0.,1.,0.));
#737=DIRECTION('',(0.,-1.23908819712629E-16,1.));
#738=DIRECTION('',(0.,-1.,0.));
#739=DIRECTION('',(0.,-6.37765983815003E-17,1.));
#740=DIRECTION('',(1.,0.,0.));
#741=DIRECTION('',(0.,1.,0.));
#742=DIRECTION('',(0.,-6.37765983815003E-17,1.));
#743=DIRECTION('',(0.,-1.,0.));
#744=DIRECTION('',(0.,-1.23908819712629E-16,1.));
#745=DIRECTION('',(0.,-1.,-1.23908819712629E-16));
#746=DIRECTION('',(0.,1.23908819712629E-16,-1.));
#747=DIRECTION('',(-1.,0.,0.));
#748=DIRECTION('',(0.,0.,-1.));
#749=DIRECTION('',(-1.,0.,0.));
#750=DIRECTION('',(-1.,0.,0.));
#751=DIRECTION('',(0.,-1.,-6.37765983815003E-17));
#752=DIRECTION('',(0.,6.37765983815003E-17,-1.));
#753=CARTESIAN_POINT('',(0.,0.,0.));
#754=CARTESIAN_POINT('',(8.67361737988404E-19,0.00055,0.));
#755=CARTESIAN_POINT('',(0.0005,0.00416,0.));
#756=CARTESIAN_POINT('',(0.0005,0.00416,0.));
#757=CARTESIAN_POINT('',(-0.0005,0.00416,0.));
#758=CARTESIAN_POINT('',(0.0005,0.00436,0.));
#759=CARTESIAN_POINT('',(0.0005,0.00456,0.));
#760=CARTESIAN_POINT('',(0.0005,0.00456,0.));
#761=CARTESIAN_POINT('',(-0.0005,0.00456,0.));
#762=CARTESIAN_POINT('',(-0.0005,0.00436,0.));
#763=CARTESIAN_POINT('',(-8.67361737988404E-19,0.0058,0.));
#764=CARTESIAN_POINT('',(-0.0045,0.0058,0.));
#765=CARTESIAN_POINT('',(0.0045,0.0058,0.));
#766=CARTESIAN_POINT('',(0.0045,0.00055,0.));
#767=CARTESIAN_POINT('',(0.0045,-0.0047,0.));
#768=CARTESIAN_POINT('',(8.67361737988404E-19,-0.0047,0.));
#769=CARTESIAN_POINT('',(-0.0045,-0.0047,0.));
#770=CARTESIAN_POINT('',(-0.0045,0.00055,0.));
#771=CARTESIAN_POINT('',(-0.0005,-0.00326,0.));
#772=CARTESIAN_POINT('',(-0.0005,-0.00346,0.));
#773=CARTESIAN_POINT('',(-0.0005,-0.00306,0.));
#774=CARTESIAN_POINT('',(0.0005,-0.00346,0.));
#775=CARTESIAN_POINT('',(0.0005,-0.00346,0.));
#776=CARTESIAN_POINT('',(0.0005,-0.00326,0.));
#777=CARTESIAN_POINT('',(0.0005,-0.00306,0.));
#778=CARTESIAN_POINT('',(0.0005,-0.00306,0.));
#779=CARTESIAN_POINT('',(-8.67361737988404E-19,0.0058,0.009));
#780=CARTESIAN_POINT('',(-0.0045,0.0058,0.009));
#781=CARTESIAN_POINT('',(-0.0045,0.0058,0.009));
#782=CARTESIAN_POINT('',(-8.67361737988404E-19,0.0058,0.009));
#783=CARTESIAN_POINT('',(0.0045,0.0058,0.009));
#784=CARTESIAN_POINT('',(0.0045,0.0058,0.009));
#785=CARTESIAN_POINT('',(-0.0045,0.00055,0.009));
#786=CARTESIAN_POINT('',(-0.0045,-0.0047,0.009));
#787=CARTESIAN_POINT('',(-0.0045,-0.0047,0.009));
#788=CARTESIAN_POINT('',(-0.0045,0.00055,0.009));
#789=CARTESIAN_POINT('',(8.67361737988404E-19,-0.0047,0.009));
#790=CARTESIAN_POINT('',(8.67361737988404E-19,-0.0047,0.0085));
#791=CARTESIAN_POINT('',(-0.0005,-0.0047,0.0085));
#792=CARTESIAN_POINT('',(0.0005,-0.0047,0.0085));
#793=CARTESIAN_POINT('',(0.0005,-0.0047,0.009));
#794=CARTESIAN_POINT('',(0.0005,-0.0047,0.0081));
#795=CARTESIAN_POINT('',(8.67361737988404E-19,-0.0047,0.0081));
#796=CARTESIAN_POINT('',(-0.0005,-0.0047,0.0081));
#797=CARTESIAN_POINT('',(-0.0005,-0.0047,0.009));
#798=CARTESIAN_POINT('',(0.0045,-0.0047,0.009));
#799=CARTESIAN_POINT('',(0.0045,-0.0047,0.009));
#800=CARTESIAN_POINT('',(8.67361737988404E-19,-0.0047,0.009));
#801=CARTESIAN_POINT('',(0.0045,0.00055,0.009));
#802=CARTESIAN_POINT('',(0.0045,0.00055,0.009));
#803=CARTESIAN_POINT('',(8.67361737988404E-19,0.00055,0.009));
#804=CARTESIAN_POINT('',(0.,1.83697019872103E-19,0.009));
#805=CARTESIAN_POINT('',(0.003,1.83697019872103E-19,0.009));
#806=CARTESIAN_POINT('',(0.,1.10218211923262E-19,0.0145));
#807=CARTESIAN_POINT('',(0.,1.10218211923262E-19,0.0145));
#808=CARTESIAN_POINT('',(0.0018,1.10218211923262E-19,0.0145));
#809=CARTESIAN_POINT('',(0.,1.10218211923262E-19,0.009));
#810=CARTESIAN_POINT('',(0.0018,1.10218211923262E-19,0.009));
#811=CARTESIAN_POINT('',(0.,1.83697019872103E-19,0.0145));
#812=CARTESIAN_POINT('',(-0.00299999914202759,-2.26888380182693E-6,0.0102103981457961));
#813=CARTESIAN_POINT('',(-0.00299939972197026,-0.000794843477646291,0.0102483370560331));
#814=CARTESIAN_POINT('',(-0.00234615505095456,-0.00235151425996971,0.0103233218260636));
#815=CARTESIAN_POINT('',(2.76486905644381E-6,-0.00332537008620328,0.0104360502933546));
#816=CARTESIAN_POINT('',(0.0023544776936028,-0.0023469949600327,0.010548926722868));
#817=CARTESIAN_POINT('',(0.00332348292369565,1.6851095212133E-6,0.010661549412163));
#818=CARTESIAN_POINT('',(0.0023515878827073,0.00235016616433468,0.0107742218722841));
#819=CARTESIAN_POINT('',(-1.67596431215503E-6,0.00332533586125121,0.0108870683861673));
#820=CARTESIAN_POINT('',(-0.00234864339560388,0.0023484899980809,0.0109998419074019));
#821=CARTESIAN_POINT('',(-0.003,0.000792575065073961,0.0110745665366342));
#822=CARTESIAN_POINT('',(-0.003,1.83697019872103E-19,0.0111125));
#823=CARTESIAN_POINT('',(-0.0029999991420276,-2.26888380182693E-6,0.0102103981457961));
#824=CARTESIAN_POINT('',(-0.003,1.83697019872103E-19,0.0111125));
#825=CARTESIAN_POINT('',(-0.003,1.83697019872103E-19,0.0111125));
#826=CARTESIAN_POINT('',(-0.003,-0.00173205080756888,0.0111708333333333));
#827=CARTESIAN_POINT('',(-0.0015,-0.00259807621135332,0.0112291666666667));
#828=CARTESIAN_POINT('',(-2.12115047744981E-19,-0.00346410161513775,0.0112875));
#829=CARTESIAN_POINT('',(0.0015,-0.00259807621135332,0.0113458333333333));
#830=CARTESIAN_POINT('',(0.003,-0.00173205080756888,0.0114041666666667));
#831=CARTESIAN_POINT('',(0.003,-1.83697019872103E-19,0.0114625));
#832=CARTESIAN_POINT('',(0.003,0.00173205080756888,0.0115208333333333));
#833=CARTESIAN_POINT('',(0.0015,0.00259807621135332,0.0115791666666667));
#834=CARTESIAN_POINT('',(6.36345143234944E-19,0.00346410161513775,0.0116375));
#835=CARTESIAN_POINT('',(-0.0015,0.00259807621135332,0.0116958333333333));
#836=CARTESIAN_POINT('',(-0.003,0.00173205080756888,0.0117541666666667));
#837=CARTESIAN_POINT('',(-0.003,9.18485099360515E-19,0.0118125));
#838=CARTESIAN_POINT('',(-0.003,-0.00173205080756888,0.0118708333333333));
#839=CARTESIAN_POINT('',(-0.0015,-0.00259807621135332,0.0119291666666667));
#840=CARTESIAN_POINT('',(-4.13731553693861E-18,-0.00346410161513775,0.0119875));
#841=CARTESIAN_POINT('',(0.0015,-0.00259807621135332,0.0120458333333333));
#842=CARTESIAN_POINT('',(0.003,-0.00173205080756888,0.0121041666666667));
#843=CARTESIAN_POINT('',(0.003,-9.18485099360515E-19,0.0121625));
#844=CARTESIAN_POINT('',(0.003,0.00173205080756888,0.0122208333333333));
#845=CARTESIAN_POINT('',(0.0015,0.00259807621135332,0.0122791666666667));
#846=CARTESIAN_POINT('',(1.48480533421487E-18,0.00346410161513775,0.0123375));
#847=CARTESIAN_POINT('',(-0.0015,0.00259807621135332,0.0123958333333333));
#848=CARTESIAN_POINT('',(-0.003,0.00173205080756888,0.0124541666666667));
#849=CARTESIAN_POINT('',(-0.003,1.65327317884893E-18,0.0125125));
#850=CARTESIAN_POINT('',(-0.003,-0.00173205080756888,0.0125708333333333));
#851=CARTESIAN_POINT('',(-0.0015,-0.00259807621135332,0.0126291666666667));
#852=CARTESIAN_POINT('',(-8.06251602613224E-18,-0.00346410161513775,0.0126875));
#853=CARTESIAN_POINT('',(0.0015,-0.00259807621135332,0.0127458333333333));
#854=CARTESIAN_POINT('',(0.003,-0.00173205080756888,0.0128041666666667));
#855=CARTESIAN_POINT('',(0.003,-6.98234369704968E-18,0.0128625));
#856=CARTESIAN_POINT('',(0.003,0.00173205080756888,0.0129208333333333));
#857=CARTESIAN_POINT('',(0.0015,0.00259807621135332,0.0129791666666667));
#858=CARTESIAN_POINT('',(8.48674612162219E-18,0.00346410161513775,0.0130375));
#859=CARTESIAN_POINT('',(-0.0015,0.00259807621135332,0.0130958333333333));
#860=CARTESIAN_POINT('',(-0.00299999999999999,0.00173205080756888,0.0131541666666667));
#861=CARTESIAN_POINT('',(-0.003,2.38806125833734E-18,0.0132125));
#862=CARTESIAN_POINT('',(-0.003,-0.00173205080756888,0.0132708333333333));
#863=CARTESIAN_POINT('',(-0.0015,-0.00259807621135332,0.0133291666666667));
#864=CARTESIAN_POINT('',(-8.91097621711216E-18,-0.00346410161513775,0.0133875));
#865=CARTESIAN_POINT('',(0.0015,-0.00259807621135332,0.0134458333333333));
#866=CARTESIAN_POINT('',(0.00299999999999999,-0.00173205080756888,0.0135041666666667));
#867=CARTESIAN_POINT('',(0.003,-2.38806125833734E-18,0.0135625));
#868=CARTESIAN_POINT('',(0.003,0.00173205080756888,0.0136208333333333));
#869=CARTESIAN_POINT('',(0.0015,0.00259807621135332,0.0136791666666667));
#870=CARTESIAN_POINT('',(9.33520631260213E-18,0.00346410161513775,0.0137375));
#871=CARTESIAN_POINT('',(-0.0015,0.00259807621135332,0.0137958333333333));
#872=CARTESIAN_POINT('',(-0.00299999999999999,0.00173205080756888,0.0138541666666667));
#873=CARTESIAN_POINT('',(-0.003,3.12284933782575E-18,0.0139125));
#874=CARTESIAN_POINT('',(-0.003,-0.00173205080756888,0.0139708333333333));
#875=CARTESIAN_POINT('',(-0.0015,-0.00259807621135332,0.0140291666666667));
#876=CARTESIAN_POINT('',(-9.75943640809208E-18,-0.00346410161513775,0.0140875));
#877=CARTESIAN_POINT('',(0.0015,-0.00259807621135332,0.0141458333333333));
#878=CARTESIAN_POINT('',(0.00299999999999999,-0.00173205080756888,0.0142041666666667));
#879=CARTESIAN_POINT('',(0.003,-1.37809903742272E-17,0.0142625));
#880=CARTESIAN_POINT('',(0.003,0.00173205080756888,0.0143208333333333));
#881=CARTESIAN_POINT('',(0.0015,0.00259807621135332,0.0143791666666667));
#882=CARTESIAN_POINT('',(1.0183666503582E-17,0.00346410161513775,0.0144375));
#883=CARTESIAN_POINT('',(-0.0015,0.00259807621135332,0.0144958333333333));
#884=CARTESIAN_POINT('',(-0.00299999999999999,0.00173205080756888,0.0145541666666667));
#885=CARTESIAN_POINT('',(-0.003,1.45157784537157E-17,0.0146125));
#886=CARTESIAN_POINT('',(-0.003,-0.00173205080756888,0.0146708333333333));
#887=CARTESIAN_POINT('',(-0.0015,-0.00259807621135331,0.0147291666666667));
#888=CARTESIAN_POINT('',(-2.29148577919268E-17,-0.00346410161513775,0.0147875));
#889=CARTESIAN_POINT('',(0.0015,-0.00259807621135332,0.0148458333333333));
#890=CARTESIAN_POINT('',(0.003,-0.00173205080756888,0.0149041666666667));
#891=CARTESIAN_POINT('',(0.003,-1.45157784537157E-17,0.0149625));
#892=CARTESIAN_POINT('',(0.003,0.00173205080756888,0.0150208333333333));
#893=CARTESIAN_POINT('',(0.0015,0.00259807621135331,0.0150791666666667));
#894=CARTESIAN_POINT('',(1.1032126694562E-17,0.00346410161513775,0.0151375));
#895=CARTESIAN_POINT('',(-0.00149999999999998,0.00259807621135332,0.0151958333333333));
#896=CARTESIAN_POINT('',(-0.00299999999999999,0.00173205080756888,0.0152541666666667));
#897=CARTESIAN_POINT('',(-0.003,4.59242549680257E-18,0.0153125));
#898=CARTESIAN_POINT('',(-0.00300000000000001,-0.00173205080756886,0.0153708333333333));
#899=CARTESIAN_POINT('',(-0.0015,-0.00259807621135331,0.0154291666666667));
#900=CARTESIAN_POINT('',(-2.37633179829068E-17,-0.00346410161513775,0.0154875));
#901=CARTESIAN_POINT('',(0.0015,-0.00259807621135332,0.0155458333333333));
#902=CARTESIAN_POINT('',(0.003,-0.00173205080756888,0.0156041666666667));
#903=CARTESIAN_POINT('',(0.003,-1.52505665332041E-17,0.0156625));
#904=CARTESIAN_POINT('',(0.003,0.00173205080756888,0.0157208333333333));
#905=CARTESIAN_POINT('',(0.0015,0.00259807621135331,0.0157791666666666));
#906=CARTESIAN_POINT('',(1.18805868855419E-17,0.00346410161513775,0.0158375));
#907=CARTESIAN_POINT('',(-0.00149999999999998,0.00259807621135333,0.0158958333333334));
#908=CARTESIAN_POINT('',(-0.00299999999999999,0.00173205080756888,0.0159541666666667));
#909=CARTESIAN_POINT('',(-0.003,5.32721357629099E-18,0.0160125));
#910=CARTESIAN_POINT('',(-0.00160464981374079,0.00253477789466092,0.0145));
#911=CARTESIAN_POINT('',(0.,1.83697019872103E-19,0.0145));
#912=CARTESIAN_POINT('',(0.000642857142857109,0.00293031307096658,0.0145));
#913=CARTESIAN_POINT('',(-0.003,1.83697019872103E-19,0.0105));
#914=CARTESIAN_POINT('',(-0.003,-0.00173205080756888,0.0105583333333333));
#915=CARTESIAN_POINT('',(-0.0015,-0.00259807621135332,0.0106166666666667));
#916=CARTESIAN_POINT('',(-2.12115047744981E-19,-0.00346410161513775,0.010675));
#917=CARTESIAN_POINT('',(0.0015,-0.00259807621135332,0.0107333333333333));
#918=CARTESIAN_POINT('',(0.003,-0.00173205080756888,0.0107916666666667));
#919=CARTESIAN_POINT('',(0.003,-1.83697019872103E-19,0.01085));
#920=CARTESIAN_POINT('',(0.003,0.00173205080756888,0.0109083333333333));
#921=CARTESIAN_POINT('',(0.0015,0.00259807621135332,0.0109666666666667));
#922=CARTESIAN_POINT('',(6.36345143234944E-19,0.00346410161513775,0.011025));
#923=CARTESIAN_POINT('',(-0.0015,0.00259807621135332,0.0110833333333333));
#924=CARTESIAN_POINT('',(-0.003,0.00173205080756888,0.0111416666666667));
#925=CARTESIAN_POINT('',(-0.003,9.18485099360515E-19,0.0112));
#926=CARTESIAN_POINT('',(-0.003,-0.00173205080756888,0.0112583333333333));
#927=CARTESIAN_POINT('',(-0.0015,-0.00259807621135332,0.0113166666666667));
#928=CARTESIAN_POINT('',(-4.13731553693861E-18,-0.00346410161513775,0.011375));
#929=CARTESIAN_POINT('',(0.0015,-0.00259807621135332,0.0114333333333333));
#930=CARTESIAN_POINT('',(0.003,-0.00173205080756888,0.0114916666666667));
#931=CARTESIAN_POINT('',(0.003,-9.18485099360515E-19,0.01155));
#932=CARTESIAN_POINT('',(0.003,0.00173205080756888,0.0116083333333333));
#933=CARTESIAN_POINT('',(0.0015,0.00259807621135332,0.0116666666666667));
#934=CARTESIAN_POINT('',(1.48480533421487E-18,0.00346410161513775,0.011725));
#935=CARTESIAN_POINT('',(-0.0015,0.00259807621135332,0.0117833333333333));
#936=CARTESIAN_POINT('',(-0.003,0.00173205080756888,0.0118416666666667));
#937=CARTESIAN_POINT('',(-0.003,1.65327317884893E-18,0.0119));
#938=CARTESIAN_POINT('',(-0.003,-0.00173205080756888,0.0119583333333333));
#939=CARTESIAN_POINT('',(-0.0015,-0.00259807621135332,0.0120166666666667));
#940=CARTESIAN_POINT('',(-8.06251602613224E-18,-0.00346410161513775,0.012075));
#941=CARTESIAN_POINT('',(0.0015,-0.00259807621135332,0.0121333333333333));
#942=CARTESIAN_POINT('',(0.003,-0.00173205080756888,0.0121916666666667));
#943=CARTESIAN_POINT('',(0.003,-6.98234369704968E-18,0.01225));
#944=CARTESIAN_POINT('',(0.003,0.00173205080756888,0.0123083333333333));
#945=CARTESIAN_POINT('',(0.0015,0.00259807621135332,0.0123666666666667));
#946=CARTESIAN_POINT('',(8.48674612162219E-18,0.00346410161513775,0.012425));
#947=CARTESIAN_POINT('',(-0.0015,0.00259807621135332,0.0124833333333333));
#948=CARTESIAN_POINT('',(-0.00299999999999999,0.00173205080756888,0.0125416666666666));
#949=CARTESIAN_POINT('',(-0.003,2.38806125833734E-18,0.0126));
#950=CARTESIAN_POINT('',(-0.003,-0.00173205080756888,0.0126583333333333));
#951=CARTESIAN_POINT('',(-0.0015,-0.00259807621135332,0.0127166666666667));
#952=CARTESIAN_POINT('',(-8.91097621711216E-18,-0.00346410161513775,0.012775));
#953=CARTESIAN_POINT('',(0.0015,-0.00259807621135332,0.0128333333333333));
#954=CARTESIAN_POINT('',(0.00299999999999999,-0.00173205080756888,0.0128916666666667));
#955=CARTESIAN_POINT('',(0.003,-2.38806125833734E-18,0.01295));
#956=CARTESIAN_POINT('',(0.003,0.00173205080756888,0.0130083333333333));
#957=CARTESIAN_POINT('',(0.0015,0.00259807621135332,0.0130666666666667));
#958=CARTESIAN_POINT('',(9.33520631260213E-18,0.00346410161513775,0.013125));
#959=CARTESIAN_POINT('',(-0.0015,0.00259807621135332,0.0131833333333333));
#960=CARTESIAN_POINT('',(-0.00299999999999999,0.00173205080756888,0.0132416666666667));
#961=CARTESIAN_POINT('',(-0.003,3.12284933782575E-18,0.0133));
#962=CARTESIAN_POINT('',(-0.003,-0.00173205080756888,0.0133583333333333));
#963=CARTESIAN_POINT('',(-0.0015,-0.00259807621135332,0.0134166666666667));
#964=CARTESIAN_POINT('',(-9.75943640809208E-18,-0.00346410161513775,0.013475));
#965=CARTESIAN_POINT('',(0.0015,-0.00259807621135332,0.0135333333333333));
#966=CARTESIAN_POINT('',(0.00299999999999999,-0.00173205080756888,0.0135916666666667));
#967=CARTESIAN_POINT('',(0.003,-1.37809903742272E-17,0.01365));
#968=CARTESIAN_POINT('',(0.003,0.00173205080756888,0.0137083333333333));
#969=CARTESIAN_POINT('',(0.0015,0.00259807621135332,0.0137666666666667));
#970=CARTESIAN_POINT('',(1.0183666503582E-17,0.00346410161513775,0.013825));
#971=CARTESIAN_POINT('',(-0.0015,0.00259807621135332,0.0138833333333333));
#972=CARTESIAN_POINT('',(-0.00299999999999999,0.00173205080756888,0.0139416666666667));
#973=CARTESIAN_POINT('',(-0.003,1.45157784537157E-17,0.014));
#974=CARTESIAN_POINT('',(-0.003,-0.00173205080756888,0.0140583333333333));
#975=CARTESIAN_POINT('',(-0.0015,-0.00259807621135331,0.0141166666666667));
#976=CARTESIAN_POINT('',(-2.29148577919268E-17,-0.00346410161513775,0.014175));
#977=CARTESIAN_POINT('',(0.0015,-0.00259807621135332,0.0142333333333333));
#978=CARTESIAN_POINT('',(0.003,-0.00173205080756888,0.0142916666666667));
#979=CARTESIAN_POINT('',(0.003,-1.45157784537157E-17,0.01435));
#980=CARTESIAN_POINT('',(0.003,0.00173205080756888,0.0144083333333333));
#981=CARTESIAN_POINT('',(0.0015,0.00259807621135331,0.0144666666666667));
#982=CARTESIAN_POINT('',(1.1032126694562E-17,0.00346410161513775,0.014525));
#983=CARTESIAN_POINT('',(-0.00149999999999998,0.00259807621135332,0.0145833333333333));
#984=CARTESIAN_POINT('',(-0.00299999999999999,0.00173205080756888,0.0146416666666667));
#985=CARTESIAN_POINT('',(-0.003,4.59242549680257E-18,0.0147));
#986=CARTESIAN_POINT('',(-0.00300000000000001,-0.00173205080756886,0.0147583333333333));
#987=CARTESIAN_POINT('',(-0.0015,-0.00259807621135331,0.0148166666666667));
#988=CARTESIAN_POINT('',(-2.37633179829068E-17,-0.00346410161513775,0.014875));
#989=CARTESIAN_POINT('',(0.0015,-0.00259807621135332,0.0149333333333333));
#990=CARTESIAN_POINT('',(0.003,-0.00173205080756888,0.0149916666666667));
#991=CARTESIAN_POINT('',(0.003,-1.52505665332041E-17,0.01505));
#992=CARTESIAN_POINT('',(0.003,0.00173205080756888,0.0151083333333333));
#993=CARTESIAN_POINT('',(0.0015,0.00259807621135331,0.0151666666666666));
#994=CARTESIAN_POINT('',(1.18805868855419E-17,0.00346410161513775,0.015225));
#995=CARTESIAN_POINT('',(-0.00149999999999998,0.00259807621135333,0.0152833333333333));
#996=CARTESIAN_POINT('',(-0.00299999999999999,0.00173205080756888,0.0153416666666667));
#997=CARTESIAN_POINT('',(-0.003,5.32721357629099E-18,0.0154));
#998=CARTESIAN_POINT('',(-0.003,1.83697019872103E-19,0.0105));
#999=CARTESIAN_POINT('',(-0.003,1.83697019872103E-19,0.0105));
#1000=CARTESIAN_POINT('',(-0.003,0.000792606215789463,0.0104790626187156));
#1001=CARTESIAN_POINT('',(-0.00234791025946921,0.00234978733843901,0.0104376452567989));
#1002=CARTESIAN_POINT('',(4.20217843473649E-7,0.00332540450967845,0.0103754369097219));
#1003=CARTESIAN_POINT('',(0.00235290447822585,0.00234859338515748,0.0103131261905769));
#1004=CARTESIAN_POINT('',(0.00332351535527043,5.08007984202666E-7,0.010250953877721));
#1005=CARTESIAN_POINT('',(0.00235303400637528,-0.00234878275117468,0.0101887437503316));
#1006=CARTESIAN_POINT('',(2.4234428672878E-7,-0.00332532240505591,0.0101264392281459));
#1007=CARTESIAN_POINT('',(-0.00234728148941031,-0.0023499263734944,0.0100641618975838));
#1008=CARTESIAN_POINT('',(-0.00299961331096123,-0.000794068517997504,0.0100229088948626));
#1009=CARTESIAN_POINT('',(-0.00299999964363171,-1.4622618289115E-6,0.0100019754010797));
#1010=CARTESIAN_POINT('',(-0.00299999964363171,-1.46226182891151E-6,0.0100019754010797));
#1011=CARTESIAN_POINT('',(0.,1.83697019872103E-19,0.00811678623612135));
#1012=CARTESIAN_POINT('',(-1.7347234759768E-18,0.00055,0.0145));
#1013=CARTESIAN_POINT('',(-0.0016046498137408,0.00253477789466091,0.0145));
#1014=CARTESIAN_POINT('',(-0.00235120835979246,0.00199733112128908,0.0145));
#1015=CARTESIAN_POINT('',(-0.00304325069982257,0.000641104251604015,0.0145));
#1016=CARTESIAN_POINT('',(-0.0025765076476701,-0.00119980532883388,0.0145));
#1017=CARTESIAN_POINT('',(-0.00192535888475722,-0.00188362331919792,0.0145));
#1018=CARTESIAN_POINT('',(-0.0015313955673498,-0.00212722016433344,0.0145));
#1019=CARTESIAN_POINT('',(-0.0015313955673498,-0.00212722016433343,0.0145));
#1020=CARTESIAN_POINT('',(0.00214387113923203,-0.00150799686657941,0.0145));
#1021=CARTESIAN_POINT('',(0.00172149738753194,-0.00205197054829532,0.0145));
#1022=CARTESIAN_POINT('',(0.000473260473265145,-0.00281902044244863,0.0145000000000005));
#1023=CARTESIAN_POINT('',(-0.000961733555843714,-0.00250103998339791,0.014499999999999));
#1024=CARTESIAN_POINT('',(-0.00153139556734941,-0.00212722016433289,0.014499999999999));
#1025=CARTESIAN_POINT('',(0.00214387113923172,-0.00150799686657985,0.0145));
#1026=CARTESIAN_POINT('',(0.000642857142857117,0.00293031307096655,0.0145));
#1027=CARTESIAN_POINT('',(0.00109119646876123,0.00280058562331122,0.0145));
#1028=CARTESIAN_POINT('',(0.0019188549252869,0.00234077067457624,0.0145));
#1029=CARTESIAN_POINT('',(0.00269821264861621,0.00114670630088065,0.0145));
#1030=CARTESIAN_POINT('',(0.00283038602561924,-0.000283485933572448,0.0145));
#1031=CARTESIAN_POINT('',(0.00243787552237214,-0.00115151128856381,0.0145));
#1032=CARTESIAN_POINT('',(0.00214387113923173,-0.00150799686657985,0.0145));
#1033=CARTESIAN_POINT('',(8.67361737988404E-19,0.00055,0.009));
#1034=CARTESIAN_POINT('',(-0.00314155158132138,-1.59038554439413E-6,0.0101062043149817));
#1035=CARTESIAN_POINT('',(-0.00316053535751962,-7.91561807250697E-7,0.00990933473769131));
#1036=CARTESIAN_POINT('',(-0.00297107071503923,-1.58312361451478E-6,0.0100186694753826));
#1037=CARTESIAN_POINT('',(-0.00305314499154304,-1.76222525293357E-6,0.0101061859092516));
#1038=CARTESIAN_POINT('',(-0.00297103559790964,-2.26045778526024E-6,0.0101936681610497));
#1039=CARTESIAN_POINT('',(-0.00316045634397801,-2.31556369142795E-6,0.0103030817804423));
#1040=CARTESIAN_POINT('',(-0.003,1.83697019872103E-19,0.0111125));
#1041=CARTESIAN_POINT('',(-0.00300182255277813,9.81609458832348E-5,0.0111088541668211));
#1042=CARTESIAN_POINT('',(-0.00299882074100778,0.000196501066800254,0.0111052083328639));
#1043=CARTESIAN_POINT('',(-0.00295970819129444,0.000686727105719635,0.0110869791615699));
#1044=CARTESIAN_POINT('',(-0.00285028489718791,0.00107400538033758,0.0110723958170721));
#1045=CARTESIAN_POINT('',(-0.00248964538286794,0.00177978247551931,0.0110432291141904));
#1046=CARTESIAN_POINT('',(-0.00223851226120367,0.00209797629586971,0.011028645755481));
#1047=CARTESIAN_POINT('',(-0.00163083576636082,0.00261568407946509,0.0109994790249729));
#1048=CARTESIAN_POINT('',(-0.00127448827055752,0.00281494667173894,0.0109848956526789));
#1049=CARTESIAN_POINT('',(-0.000509482661245347,0.0030624003830958,0.0109557288957416));
#1050=CARTESIAN_POINT('',(-0.000101104155302016,0.00311043398239386,0.0109411455104322));
#1051=CARTESIAN_POINT('',(0.00070606789796674,0.00304577607467664,0.0109119787282045));
#1052=CARTESIAN_POINT('',(0.00110454055367997,0.00293304665493007,0.0108973953304938));
#1053=CARTESIAN_POINT('',(0.00183059566603429,0.0025617560721317,0.0108682285239919));
#1054=CARTESIAN_POINT('',(0.00215786543788695,0.00230328310494626,0.010853645114298));
#1055=CARTESIAN_POINT('',(0.00269022978416479,0.00167800457154277,0.0108244782846988));
#1056=CARTESIAN_POINT('',(0.00289506795582133,0.00131140237989775,0.0108098948635778));
#1057=CARTESIAN_POINT('',(0.0031493246808827,0.000524525136079743,0.0107807280118091));
#1058=CARTESIAN_POINT('',(0.00319858384864442,0.000104538645883138,0.0107661445797598));
#1059=CARTESIAN_POINT('',(0.00313183895840639,-0.000725443421902806,0.0107369777067728));
#1060=CARTESIAN_POINT('',(0.00301579845903214,-0.00113510917407911,0.0107223942642648));
#1061=CARTESIAN_POINT('',(0.00263384831340549,-0.00188143861212698,0.0106932273709777));
#1062=CARTESIAN_POINT('',(0.00236803242665435,-0.00221778171536394,0.010678643918461));
#1063=CARTESIAN_POINT('',(0.00172514612989895,-0.00276479613954853,0.0106494770057483));
#1064=CARTESIAN_POINT('',(0.0013482868727452,-0.00297520584956628,0.0106348935436547));
#1065=CARTESIAN_POINT('',(0.00053953515584237,-0.00323625728986024,0.0106057266123604));
#1066=CARTESIAN_POINT('',(0.000107940098839018,-0.00328673762125646,0.0105911431411033));
#1067=CARTESIAN_POINT('',(-0.000744851438490857,-0.00321789717314737,0.0105619761920333));
#1068=CARTESIAN_POINT('',(-0.00116570915560953,-0.00309854146659938,0.0105473927120117));
#1069=CARTESIAN_POINT('',(-0.00193230896729596,-0.00270592465906658,0.0105182257459378));
#1070=CARTESIAN_POINT('',(-0.00227772279854566,-0.00243276212920934,0.0105036422575315));
#1071=CARTESIAN_POINT('',(-0.0028393811627061,-0.00177226268018603,0.0104744752752017));
#1072=CARTESIAN_POINT('',(-0.00305535882409904,-0.00138514429213808,0.0104598917787757));
#1073=CARTESIAN_POINT('',(-0.00328971757914661,-0.000658344123433889,0.0104343706556337));
#1074=CARTESIAN_POINT('',(-0.00334416861488848,-0.000331234569106833,0.0104234338221096));
#1075=CARTESIAN_POINT('',(-0.0033498770900464,-2.37066959759568E-6,0.0104124953998348));
#1076=CARTESIAN_POINT('',(-0.0026211138875,1.83697019872103E-19,0.01089375));
#1077=CARTESIAN_POINT('',(-0.00262293657352723,8.57527430997518E-5,0.0108901039352737));
#1078=CARTESIAN_POINT('',(-0.00262054394939885,0.000171714150268304,0.0108864562147506));
#1079=CARTESIAN_POINT('',(-0.00258751037122912,0.000600197868003407,0.0108682301591287));
#1080=CARTESIAN_POINT('',(-0.00249274229282787,0.000939183054065669,0.0108536360381992));
#1081=CARTESIAN_POINT('',(-0.00217889096031682,0.00155741399752858,0.0108244745411234));
#1082=CARTESIAN_POINT('',(-0.00195977733760861,0.00183659871479479,0.0108098806337718));
#1083=CARTESIAN_POINT('',(-0.00142882810438295,0.00229132843753524,0.0107807191155506));
#1084=CARTESIAN_POINT('',(-0.00111699011203895,0.00246680391326856,0.0107661252484079));
#1085=CARTESIAN_POINT('',(-0.000446970683834238,0.00268543419258085,0.0107369635332791));
#1086=CARTESIAN_POINT('',(-8.8816028503716E-5,0.00272852337132813,0.0107223698457527));
#1087=CARTESIAN_POINT('',(0.000619570513442112,0.00267358374782888,0.0106932081209544));
#1088=CARTESIAN_POINT('',(0.000969750232686618,0.00257550503307365,0.0106786145706822));
#1089=CARTESIAN_POINT('',(0.0016082582577884,0.00225099440093397,0.0106494530148701));
#1090=CARTESIAN_POINT('',(0.00189651749015459,0.00202453691741735,0.0106348592634716));
#1091=CARTESIAN_POINT('',(0.00236589977245305,0.001475978693896,0.0106056975187117));
#1092=CARTESIAN_POINT('',(0.00254694791966821,0.0011538827438117,0.0105911040807649));
#1093=CARTESIAN_POINT('',(0.00277237483421608,0.000461986839009815,0.0105619423258027));
#1094=CARTESIAN_POINT('',(0.00281668574873488,9.22223552210845E-5,0.0105473489684188));
#1095=CARTESIAN_POINT('',(0.00275965150344818,-0.000638976184937529,0.0105181872030649));
#1096=CARTESIAN_POINT('',(0.00265825752083997,-0.0010003492900017,0.0105035939250929));
#1097=CARTESIAN_POINT('',(0.00232307977971944,-0.0016591304779628,0.0104744321490108));
#1098=CARTESIAN_POINT('',(0.00208927535551484,-0.00195646163064529,0.0104598389493006));
#1099=CARTESIAN_POINT('',(0.00152310278302976,-0.00244049007981282,0.0104306771623716));
#1100=CARTESIAN_POINT('',(0.00119074675274445,-0.00262710703203832,0.010416084039644));
#1101=CARTESIAN_POINT('',(0.000476971866939263,-0.00285932260387969,0.0103869222418646));
#1102=CARTESIAN_POINT('',(9.55971101610686E-5,-0.00290485105079404,0.0103723291948313));
#1103=CARTESIAN_POINT('',(-0.00065841270263115,-0.00284571402399109,0.0103431673861714));
#1104=CARTESIAN_POINT('',(-0.00103097794749606,-0.00274100088198284,0.0103285744138482));
#1105=CARTESIAN_POINT('',(-0.00171002840852756,-0.00239514922040994,0.0102994125937625));
#1106=CARTESIAN_POINT('',(-0.00201642894862394,-0.00215399448940964,0.010284819695086));
#1107=CARTESIAN_POINT('',(-0.00251509758103429,-0.00157020257551358,0.0102556578637696));
#1108=CARTESIAN_POINT('',(-0.00270727987399369,-0.00122758458802485,0.0102410650374962));
#1109=CARTESIAN_POINT('',(-0.00291640219635602,-0.000583885464379436,0.0102155484251616));
#1110=CARTESIAN_POINT('',(-0.00296534003001598,-0.000293910156632866,0.0102046030201783));
#1111=CARTESIAN_POINT('',(-0.00297103559790964,-2.26045778526024E-6,0.0101936681610497));
#1112=CARTESIAN_POINT('',(-0.0026211138875,1.83697019872103E-19,0.01089375));
#1113=CARTESIAN_POINT('',(-0.00262293657352723,8.57527430997518E-5,0.0108901039352737));
#1114=CARTESIAN_POINT('',(-0.00262054394939885,0.000171714150268304,0.0108864562147506));
#1115=CARTESIAN_POINT('',(-0.00258751037122912,0.000600197868003407,0.0108682301591287));
#1116=CARTESIAN_POINT('',(-0.00249274229282787,0.000939183054065669,0.0108536360381992));
#1117=CARTESIAN_POINT('',(-0.00217889096031682,0.00155741399752858,0.0108244745411234));
#1118=CARTESIAN_POINT('',(-0.00195977733760861,0.00183659871479479,0.0108098806337718));
#1119=CARTESIAN_POINT('',(-0.00142882810438295,0.00229132843753524,0.0107807191155506));
#1120=CARTESIAN_POINT('',(-0.00111699011203895,0.00246680391326856,0.0107661252484079));
#1121=CARTESIAN_POINT('',(-0.000446970683834238,0.00268543419258085,0.0107369635332791));
#1122=CARTESIAN_POINT('',(-8.8816028503716E-5,0.00272852337132813,0.0107223698457527));
#1123=CARTESIAN_POINT('',(0.000619570513442112,0.00267358374782888,0.0106932081209544));
#1124=CARTESIAN_POINT('',(0.000969750232686618,0.00257550503307365,0.0106786145706822));
#1125=CARTESIAN_POINT('',(0.0016082582577884,0.00225099440093397,0.0106494530148701));
#1126=CARTESIAN_POINT('',(0.00189651749015459,0.00202453691741735,0.0106348592634716));
#1127=CARTESIAN_POINT('',(0.00236589977245305,0.001475978693896,0.0106056975187117));
#1128=CARTESIAN_POINT('',(0.00254694791966821,0.0011538827438117,0.0105911040807649));
#1129=CARTESIAN_POINT('',(0.00277237483421608,0.000461986839009815,0.0105619423258027));
#1130=CARTESIAN_POINT('',(0.00281668574873488,9.22223552210845E-5,0.0105473489684188));
#1131=CARTESIAN_POINT('',(0.00275965150344818,-0.000638976184937529,0.0105181872030649));
#1132=CARTESIAN_POINT('',(0.00265825752083997,-0.0010003492900017,0.0105035939250929));
#1133=CARTESIAN_POINT('',(0.00232307977971944,-0.0016591304779628,0.0104744321490108));
#1134=CARTESIAN_POINT('',(0.00208927535551484,-0.00195646163064529,0.0104598389493006));
#1135=CARTESIAN_POINT('',(0.00152310278302976,-0.00244049007981282,0.0104306771623716));
#1136=CARTESIAN_POINT('',(0.00119074675274445,-0.00262710703203832,0.010416084039644));
#1137=CARTESIAN_POINT('',(0.000476971866939263,-0.00285932260387969,0.0103869222418646));
#1138=CARTESIAN_POINT('',(9.55971101610686E-5,-0.00290485105079404,0.0103723291948313));
#1139=CARTESIAN_POINT('',(-0.00065841270263115,-0.00284571402399109,0.0103431673861714));
#1140=CARTESIAN_POINT('',(-0.00103097794749606,-0.00274100088198284,0.0103285744138482));
#1141=CARTESIAN_POINT('',(-0.00171002840852756,-0.00239514922040994,0.0102994125937625));
#1142=CARTESIAN_POINT('',(-0.00201642894862394,-0.00215399448940964,0.010284819695086));
#1143=CARTESIAN_POINT('',(-0.00251509758103429,-0.00157020257551358,0.0102556578637696));
#1144=CARTESIAN_POINT('',(-0.00270727987399369,-0.00122758458802485,0.0102410650374962));
#1145=CARTESIAN_POINT('',(-0.00291640219635602,-0.000583885464379436,0.0102155484251616));
#1146=CARTESIAN_POINT('',(-0.00296534003001598,-0.000293910156632866,0.0102046030201783));
#1147=CARTESIAN_POINT('',(-0.00297103559790964,-2.26045778526024E-6,0.0101936681610497));
#1148=CARTESIAN_POINT('',(-0.0026211138875,1.83697019872103E-19,0.01089375));
#1149=CARTESIAN_POINT('',(-0.00281055694375,1.83697019872103E-19,0.011003125));
#1150=CARTESIAN_POINT('',(-0.0026211138875,1.83697019872103E-19,0.01071875));
#1151=CARTESIAN_POINT('',(-0.00262293667749146,8.57566933510381E-5,0.0107151039352516));
#1152=CARTESIAN_POINT('',(-0.00262054454012095,0.000171722072634476,0.0107114562148847));
#1153=CARTESIAN_POINT('',(-0.00258750566502331,0.000600225185451415,0.010693230160585));
#1154=CARTESIAN_POINT('',(-0.00249273297358269,0.000939226332609473,0.0106786360428457));
#1155=CARTESIAN_POINT('',(-0.00217885093538995,0.00155747707992552,0.0106494745561162));
#1156=CARTESIAN_POINT('',(-0.00195972201857259,0.00183667086621575,0.0106348806560153));
#1157=CARTESIAN_POINT('',(-0.00142872900586589,0.00229139793514767,0.0106057191560346));
#1158=CARTESIAN_POINT('',(-0.00111687045798012,0.00246687057532857,0.0105911253000234));
#1159=CARTESIAN_POINT('',(-0.000446807963961587,0.00268547039372757,0.0105619636106863));
#1160=CARTESIAN_POINT('',(-8.86346958576364E-5,0.00272854302932098,0.0105473699380102));
#1161=CARTESIAN_POINT('',(0.00061977903093009,0.00267354707558827,0.0105182082462294));
#1162=CARTESIAN_POINT('',(0.00096996796195886,0.00257544019277574,0.0105036147143504));
#1163=CARTESIAN_POINT('',(0.0016084742270511,0.00225085673608878,0.0104744531984917));
#1164=CARTESIAN_POINT('',(0.00189672760216251,0.00202436520020759,0.0104598594689103));
#1165=CARTESIAN_POINT('',(0.00236607175006175,0.00147573302883109,0.0104306977707025));
#1166=CARTESIAN_POINT('',(0.00254709629598952,0.00115360497580274,0.0104161043578375));
#1167=CARTESIAN_POINT('',(0.00277244896106506,0.000461651896165823,0.0103869426557624));
#1168=CARTESIAN_POINT('',(0.00281672009790803,9.18661347038849E-5,0.0103723493265829));
#1169=CARTESIAN_POINT('',(0.00275958430661814,-0.000639355908642626,0.0103431876201772));
#1170=CARTESIAN_POINT('',(0.00265814000388993,-0.00100073189394826,0.0103285943733985));
#1171=CARTESIAN_POINT('',(0.00232284970903753,-0.0016594909308155,0.0102994326620646));
#1172=CARTESIAN_POINT('',(0.00208899333457253,-0.00195680202047362,0.0102848394964073));
#1173=CARTESIAN_POINT('',(0.00152271826493186,-0.00244075869121268,0.0102556777797765));
#1174=CARTESIAN_POINT('',(0.00119031925464011,-0.00262733242120489,0.0102410846938381));
#1175=CARTESIAN_POINT('',(0.000476473886845747,-0.00285943230450768,0.0102119229716662));
#1176=CARTESIAN_POINT('',(9.50753514789348E-5,-0.00290489898605229,0.0101973299640401));
#1177=CARTESIAN_POINT('',(-0.000658954438768814,-0.00284561762404558,0.0101681682360665));
#1178=CARTESIAN_POINT('',(-0.00103151653764452,-0.0027408331791839,0.0101535753056547));
#1179=CARTESIAN_POINT('',(-0.00171052547069408,-0.00239483129899076,0.0101244135711133));
#1180=CARTESIAN_POINT('',(-0.0020168925289306,-0.0021536077702052,0.0101098207167436));
#1181=CARTESIAN_POINT('',(-0.00251545749257352,-0.0015696863495472,0.0100806589756168));
#1182=CARTESIAN_POINT('',(-0.00270757796721036,-0.00122701509509532,0.0100660661959414));
#1183=CARTESIAN_POINT('',(-0.00291656469749843,-0.000583243299515385,0.010040549666409));
#1184=CARTESIAN_POINT('',(-0.00296544352164944,-0.000293246170787884,0.0100296043112533));
#1185=CARTESIAN_POINT('',(-0.00297107071503924,-1.58312361451478E-6,0.0100186694753826));
#1186=CARTESIAN_POINT('',(-0.003,1.83697019872103E-19,0.0105));
#1187=CARTESIAN_POINT('',(-0.00300182291659778,9.81747690735385E-5,0.0104963541668523));
#1188=CARTESIAN_POINT('',(-0.00299882280853514,0.000196528795081853,0.0104927083333333));
#1189=CARTESIAN_POINT('',(-0.00295969171957417,0.00068682271678768,0.0104744791666666));
#1190=CARTESIAN_POINT('',(-0.00285025227982985,0.001074156855241,0.010459895833334));
#1191=CARTESIAN_POINT('',(-0.0024895052956238,0.0017800032639085,0.010430729166666));
#1192=CARTESIAN_POINT('',(-0.00223831864457747,0.00209822882584317,0.0104161458333334));
#1193=CARTESIAN_POINT('',(-0.00163048892155126,0.00261592732110854,0.0103869791666666));
#1194=CARTESIAN_POINT('',(-0.00127406948135157,0.00281517998894906,0.0103723958333335));
#1195=CARTESIAN_POINT('',(-0.000508913141691115,0.00306252708710923,0.0103432291666665));
#1196=CARTESIAN_POINT('',(-0.000100469491040775,0.00311050278536895,0.0103286458333338));
#1197=CARTESIAN_POINT('',(0.000706797709174701,0.00304564772183438,0.0102994791666662));
#1198=CARTESIAN_POINT('',(0.00110530260613291,0.00293281971388725,0.0102848958333332));
#1199=CARTESIAN_POINT('',(0.00183135155845367,0.00256127424517365,0.0102557291666668));
#1200=CARTESIAN_POINT('',(0.00215860082991524,0.00230268209471203,0.0102411458333338));
#1201=CARTESIAN_POINT('',(0.00269083170579466,0.00167714474381568,0.0102119791666662));
#1202=CARTESIAN_POINT('',(0.00289558727294576,0.00131043019186636,0.010197395833333));
#1203=CARTESIAN_POINT('',(0.00314958412485428,0.000523352836125808,0.010168229166667));
#1204=CARTESIAN_POINT('',(0.0031987040707504,0.000103291874072911,0.0101536458333336));
#1205=CARTESIAN_POINT('',(0.00313160376950129,-0.00072677245487062,0.0101244791666664));
#1206=CARTESIAN_POINT('',(0.00301538714970707,-0.00113644828789209,0.010109895833333));
#1207=CARTESIAN_POINT('',(0.00263304306601872,-0.00188270019711142,0.010080729166667));
#1208=CARTESIAN_POINT('',(0.00236704535335648,-0.00221897307976316,0.0100661458333335));
#1209=CARTESIAN_POINT('',(0.00172380031655612,-0.00276573627944799,0.0100369791666665));
#1210=CARTESIAN_POINT('',(0.00134679062938003,-0.00297599471164923,0.0100223958333334));
#1211=CARTESIAN_POINT('',(0.000537792225515078,-0.00323664124205828,0.00999322916666662));
#1212=CARTESIAN_POINT('',(0.000106113943451561,-0.00328690539466009,0.00997864583333336));
#1213=CARTESIAN_POINT('',(-0.000746747514972692,-0.00321755977333836,0.00994947916666664));
#1214=CARTESIAN_POINT('',(-0.00116759422112923,-0.00309795450680339,0.00993489583333425));
#1215=CARTESIAN_POINT('',(-0.00193404868487867,-0.00270481193409914,0.00990572916666575));
#1216=CARTESIAN_POINT('',(-0.00227934532961846,-0.00243140861199419,0.00989114583333338));
#1217=CARTESIAN_POINT('',(-0.00284064085309391,-0.00177045588930332,0.00986197916666662));
#1218=CARTESIAN_POINT('',(-0.003056402150357,-0.00138315106688471,0.00984739583333341));
#1219=CARTESIAN_POINT('',(-0.00329028633314534,-0.000656096546409747,0.009821875));
#1220=CARTESIAN_POINT('',(-0.00334453083140942,-0.000328910606255887,0.00981093833525359));
#1221=CARTESIAN_POINT('',(-0.00335,1.3389896830196E-17,0.0098));
#1222=CARTESIAN_POINT('',(-0.00281055694375,1.83697019872103E-19,0.010609375));
#1223=CARTESIAN_POINT('',(-0.0026211138875,1.83697019872103E-19,0.01071875));
#1224=CARTESIAN_POINT('',(-0.0026211138875,1.83697019872103E-19,0.01071875));
#1225=CARTESIAN_POINT('',(-0.00262293667749146,8.57566933510381E-5,0.0107151039352516));
#1226=CARTESIAN_POINT('',(-0.00262054454012095,0.000171722072634476,0.0107114562148847));
#1227=CARTESIAN_POINT('',(-0.00258750566502331,0.000600225185451415,0.010693230160585));
#1228=CARTESIAN_POINT('',(-0.00249273297358269,0.000939226332609473,0.0106786360428457));
#1229=CARTESIAN_POINT('',(-0.00217885093538995,0.00155747707992552,0.0106494745561162));
#1230=CARTESIAN_POINT('',(-0.00195972201857259,0.00183667086621583,0.0106348806560153));
#1231=CARTESIAN_POINT('',(-0.00142872900586589,0.00229139793514759,0.0106057191560346));
#1232=CARTESIAN_POINT('',(-0.00111687045798012,0.00246687057532857,0.0105911253000234));
#1233=CARTESIAN_POINT('',(-0.000446807963961587,0.00268547039372757,0.0105619636106863));
#1234=CARTESIAN_POINT('',(-8.86346958576475E-5,0.00272854302932098,0.0105473699380102));
#1235=CARTESIAN_POINT('',(0.000619779030930101,0.00267354707558827,0.0105182082462294));
#1236=CARTESIAN_POINT('',(0.00096996796195886,0.00257544019277574,0.0105036147143504));
#1237=CARTESIAN_POINT('',(0.0016084742270511,0.00225085673608878,0.0104744531984917));
#1238=CARTESIAN_POINT('',(0.00189672760216251,0.00202436520020764,0.0104598594689103));
#1239=CARTESIAN_POINT('',(0.00236607175006175,0.00147573302883104,0.0104306977707025));
#1240=CARTESIAN_POINT('',(0.00254709629598952,0.00115360497580274,0.0104161043578375));
#1241=CARTESIAN_POINT('',(0.00277244896106506,0.000461651896165823,0.0103869426557624));
#1242=CARTESIAN_POINT('',(0.00281672009790803,9.18661347038851E-5,0.0103723493265829));
#1243=CARTESIAN_POINT('',(0.00275958430661814,-0.000639355908642626,0.0103431876201772));
#1244=CARTESIAN_POINT('',(0.00265814000388993,-0.00100073189394826,0.0103285943733985));
#1245=CARTESIAN_POINT('',(0.00232284970903753,-0.0016594909308155,0.0102994326620646));
#1246=CARTESIAN_POINT('',(0.00208899333457258,-0.00195680202047362,0.0102848394964073));
#1247=CARTESIAN_POINT('',(0.00152271826493181,-0.00244075869121268,0.0102556777797765));
#1248=CARTESIAN_POINT('',(0.00119031925464011,-0.00262733242120489,0.0102410846938381));
#1249=CARTESIAN_POINT('',(0.000476473886845747,-0.00285943230450768,0.0102119229716662));
#1250=CARTESIAN_POINT('',(9.50753514789348E-5,-0.00290489898605229,0.0101973299640401));
#1251=CARTESIAN_POINT('',(-0.000658954438768814,-0.00284561762404558,0.0101681682360665));
#1252=CARTESIAN_POINT('',(-0.00103151653764451,-0.002740833179184,0.0101535753056547));
#1253=CARTESIAN_POINT('',(-0.00171052547069408,-0.00239483129899066,0.0101244135711133));
#1254=CARTESIAN_POINT('',(-0.0020168925289307,-0.0021536077702052,0.0101098207167436));
#1255=CARTESIAN_POINT('',(-0.00251545749257342,-0.0015696863495472,0.0100806589756168));
#1256=CARTESIAN_POINT('',(-0.00270757796721036,-0.00122701509509532,0.0100660661959414));
#1257=CARTESIAN_POINT('',(-0.00291656469749843,-0.000583243299515385,0.010040549666409));
#1258=CARTESIAN_POINT('',(-0.00296544352164944,-0.000293246170787884,0.0100296043112533));
#1259=CARTESIAN_POINT('',(-0.00297107071503923,-1.58312361451478E-6,0.0100186694753826));
#1260=CARTESIAN_POINT('',(-0.003,1.83697019872103E-19,0.0105));
#1261=CARTESIAN_POINT('',(-0.003,-0.00173205080756888,0.0105583333333333));
#1262=CARTESIAN_POINT('',(-0.0015,-0.00259807621135332,0.0106166666666667));
#1263=CARTESIAN_POINT('',(-2.12115047744981E-19,-0.00346410161513775,0.010675));
#1264=CARTESIAN_POINT('',(0.0015,-0.00259807621135332,0.0107333333333333));
#1265=CARTESIAN_POINT('',(0.003,-0.00173205080756888,0.0107916666666667));
#1266=CARTESIAN_POINT('',(0.003,-1.83697019872103E-19,0.01085));
#1267=CARTESIAN_POINT('',(0.003,0.00173205080756888,0.0109083333333333));
#1268=CARTESIAN_POINT('',(0.0015,0.00259807621135332,0.0109666666666667));
#1269=CARTESIAN_POINT('',(6.36345143234944E-19,0.00346410161513775,0.011025));
#1270=CARTESIAN_POINT('',(-0.0015,0.00259807621135332,0.0110833333333333));
#1271=CARTESIAN_POINT('',(-0.003,0.00173205080756888,0.0111416666666667));
#1272=CARTESIAN_POINT('',(-0.003,1.83697019872103E-19,0.0112));
#1273=CARTESIAN_POINT('',(-0.003,-0.00173205080756888,0.0112583333333333));
#1274=CARTESIAN_POINT('',(-0.0015,-0.00259807621135332,0.0113166666666667));
#1275=CARTESIAN_POINT('',(-2.12115047744981E-19,-0.00346410161513775,0.011375));
#1276=CARTESIAN_POINT('',(0.0015,-0.00259807621135332,0.0114333333333333));
#1277=CARTESIAN_POINT('',(0.003,-0.00173205080756888,0.0114916666666667));
#1278=CARTESIAN_POINT('',(0.003,-1.83697019872103E-19,0.01155));
#1279=CARTESIAN_POINT('',(0.003,0.00173205080756888,0.0116083333333333));
#1280=CARTESIAN_POINT('',(0.0015,0.00259807621135332,0.0116666666666667));
#1281=CARTESIAN_POINT('',(6.36345143234944E-19,0.00346410161513775,0.011725));
#1282=CARTESIAN_POINT('',(-0.0015,0.00259807621135332,0.0117833333333333));
#1283=CARTESIAN_POINT('',(-0.003,0.00173205080756888,0.0118416666666667));
#1284=CARTESIAN_POINT('',(-0.003,1.83697019872103E-19,0.0119));
#1285=CARTESIAN_POINT('',(-0.003,-0.00173205080756888,0.0119583333333333));
#1286=CARTESIAN_POINT('',(-0.0015,-0.00259807621135332,0.0120166666666667));
#1287=CARTESIAN_POINT('',(-2.12115047744981E-19,-0.00346410161513775,0.012075));
#1288=CARTESIAN_POINT('',(0.0015,-0.00259807621135332,0.0121333333333333));
#1289=CARTESIAN_POINT('',(0.003,-0.00173205080756888,0.0121916666666667));
#1290=CARTESIAN_POINT('',(0.003,-1.83697019872103E-19,0.01225));
#1291=CARTESIAN_POINT('',(0.003,0.00173205080756888,0.0123083333333333));
#1292=CARTESIAN_POINT('',(0.0015,0.00259807621135332,0.0123666666666667));
#1293=CARTESIAN_POINT('',(6.36345143234944E-19,0.00346410161513775,0.012425));
#1294=CARTESIAN_POINT('',(-0.0015,0.00259807621135332,0.0124833333333333));
#1295=CARTESIAN_POINT('',(-0.003,0.00173205080756888,0.0125416666666666));
#1296=CARTESIAN_POINT('',(-0.003,1.83697019872103E-19,0.0126));
#1297=CARTESIAN_POINT('',(-0.003,-0.00173205080756888,0.0126583333333333));
#1298=CARTESIAN_POINT('',(-0.0015,-0.00259807621135332,0.0127166666666667));
#1299=CARTESIAN_POINT('',(-2.12115047744981E-19,-0.00346410161513775,0.012775));
#1300=CARTESIAN_POINT('',(0.0015,-0.00259807621135332,0.0128333333333333));
#1301=CARTESIAN_POINT('',(0.003,-0.00173205080756888,0.0128916666666667));
#1302=CARTESIAN_POINT('',(0.003,-1.83697019872103E-19,0.01295));
#1303=CARTESIAN_POINT('',(0.003,0.00173205080756888,0.0130083333333333));
#1304=CARTESIAN_POINT('',(0.0015,0.00259807621135332,0.0130666666666667));
#1305=CARTESIAN_POINT('',(6.36345143234944E-19,0.00346410161513775,0.013125));
#1306=CARTESIAN_POINT('',(-0.0015,0.00259807621135332,0.0131833333333333));
#1307=CARTESIAN_POINT('',(-0.003,0.00173205080756888,0.0132416666666667));
#1308=CARTESIAN_POINT('',(-0.003,1.83697019872103E-19,0.0133));
#1309=CARTESIAN_POINT('',(-0.003,-0.00173205080756888,0.0133583333333333));
#1310=CARTESIAN_POINT('',(-0.0015,-0.00259807621135332,0.0134166666666667));
#1311=CARTESIAN_POINT('',(-2.12115047744981E-19,-0.00346410161513775,0.013475));
#1312=CARTESIAN_POINT('',(0.0015,-0.00259807621135332,0.0135333333333333));
#1313=CARTESIAN_POINT('',(0.003,-0.00173205080756888,0.0135916666666667));
#1314=CARTESIAN_POINT('',(0.003,-1.83697019872103E-19,0.01365));
#1315=CARTESIAN_POINT('',(0.003,0.00173205080756888,0.0137083333333333));
#1316=CARTESIAN_POINT('',(0.0015,0.00259807621135332,0.0137666666666667));
#1317=CARTESIAN_POINT('',(6.36345143234944E-19,0.00346410161513775,0.013825));
#1318=CARTESIAN_POINT('',(-0.0015,0.00259807621135332,0.0138833333333333));
#1319=CARTESIAN_POINT('',(-0.003,0.00173205080756888,0.0139416666666667));
#1320=CARTESIAN_POINT('',(-0.003,1.83697019872103E-19,0.014));
#1321=CARTESIAN_POINT('',(-0.003,-0.00173205080756888,0.0140583333333333));
#1322=CARTESIAN_POINT('',(-0.0015,-0.00259807621135332,0.0141166666666667));
#1323=CARTESIAN_POINT('',(-2.12115047744981E-19,-0.00346410161513775,0.014175));
#1324=CARTESIAN_POINT('',(0.0015,-0.00259807621135332,0.0142333333333333));
#1325=CARTESIAN_POINT('',(0.003,-0.00173205080756888,0.0142916666666667));
#1326=CARTESIAN_POINT('',(0.003,-1.83697019872103E-19,0.01435));
#1327=CARTESIAN_POINT('',(0.003,0.00173205080756888,0.0144083333333333));
#1328=CARTESIAN_POINT('',(0.0015,0.00259807621135332,0.0144666666666667));
#1329=CARTESIAN_POINT('',(0.000798613594587377,0.00300302184132424,0.0144939428046549));
#1330=CARTESIAN_POINT('',(-1.12719485447743E-5,0.00299997882378793,0.0145254383535545));
#1331=CARTESIAN_POINT('',(-0.0026211138875,1.83697019872103E-19,0.01071875));
#1332=CARTESIAN_POINT('',(-0.0026211138875,-0.00151330080852479,0.0107770833333333));
#1333=CARTESIAN_POINT('',(-0.00131055694375,-0.00226995121278719,0.0108354166666667));
#1334=CARTESIAN_POINT('',(-1.85325899130699E-19,-0.00302660161704958,0.01089375));
#1335=CARTESIAN_POINT('',(0.00131055694375,-0.00226995121278719,0.0109520833333333));
#1336=CARTESIAN_POINT('',(0.0026211138875,-0.00151330080852479,0.0110104166666667));
#1337=CARTESIAN_POINT('',(0.0026211138875,-1.37296853380652E-19,0.01106875));
#1338=CARTESIAN_POINT('',(0.0026211138875,0.00151330080852479,0.0111270833333333));
#1339=CARTESIAN_POINT('',(0.00131055694375,0.00226995121278719,0.0111854166666667));
#1340=CARTESIAN_POINT('',(5.55977697392096E-19,0.00302660161704958,0.01124375));
#1341=CARTESIAN_POINT('',(-0.00131055694375,0.00226995121278719,0.0113020833333333));
#1342=CARTESIAN_POINT('',(-0.0026211138875,0.00151330080852479,0.0113604166666667));
#1343=CARTESIAN_POINT('',(-0.0026211138875,1.83697019872103E-19,0.01141875));
#1344=CARTESIAN_POINT('',(-0.0026211138875,-0.00151330080852479,0.0114770833333333));
#1345=CARTESIAN_POINT('',(-0.00131055694375,-0.00226995121278719,0.0115354166666667));
#1346=CARTESIAN_POINT('',(-1.85325899130699E-19,-0.00302660161704958,0.01159375));
#1347=CARTESIAN_POINT('',(0.00131055694375,-0.00226995121278719,0.0116520833333333));
#1348=CARTESIAN_POINT('',(0.0026211138875,-0.00151330080852479,0.0117104166666667));
#1349=CARTESIAN_POINT('',(0.0026211138875,-1.37296853380652E-19,0.01176875));
#1350=CARTESIAN_POINT('',(0.0026211138875,0.00151330080852479,0.0118270833333333));
#1351=CARTESIAN_POINT('',(0.00131055694375,0.00226995121278719,0.0118854166666667));
#1352=CARTESIAN_POINT('',(5.55977697392096E-19,0.00302660161704958,0.01194375));
#1353=CARTESIAN_POINT('',(-0.00131055694375,0.00226995121278719,0.0120020833333333));
#1354=CARTESIAN_POINT('',(-0.0026211138875,0.00151330080852479,0.0120604166666667));
#1355=CARTESIAN_POINT('',(-0.0026211138875,1.83697019872103E-19,0.01211875));
#1356=CARTESIAN_POINT('',(-0.0026211138875,-0.00151330080852479,0.0121770833333333));
#1357=CARTESIAN_POINT('',(-0.00131055694375,-0.00226995121278719,0.0122354166666667));
#1358=CARTESIAN_POINT('',(-1.85325899130699E-19,-0.00302660161704958,0.01229375));
#1359=CARTESIAN_POINT('',(0.00131055694375,-0.00226995121278719,0.0123520833333333));
#1360=CARTESIAN_POINT('',(0.0026211138875,-0.00151330080852479,0.0124104166666667));
#1361=CARTESIAN_POINT('',(0.0026211138875,-1.37296853380652E-19,0.01246875));
#1362=CARTESIAN_POINT('',(0.0026211138875,0.00151330080852479,0.0125270833333333));
#1363=CARTESIAN_POINT('',(0.00131055694375,0.00226995121278719,0.0125854166666667));
#1364=CARTESIAN_POINT('',(5.55977697392096E-19,0.00302660161704958,0.01264375));
#1365=CARTESIAN_POINT('',(-0.00131055694375,0.00226995121278719,0.0127020833333333));
#1366=CARTESIAN_POINT('',(-0.0026211138875,0.00151330080852479,0.0127604166666667));
#1367=CARTESIAN_POINT('',(-0.0026211138875,1.83697019872103E-19,0.01281875));
#1368=CARTESIAN_POINT('',(-0.0026211138875,-0.00151330080852479,0.0128770833333333));
#1369=CARTESIAN_POINT('',(-0.00131055694375,-0.00226995121278719,0.0129354166666667));
#1370=CARTESIAN_POINT('',(-1.85325899130699E-19,-0.00302660161704958,0.01299375));
#1371=CARTESIAN_POINT('',(0.00131055694375,-0.00226995121278719,0.0130520833333333));
#1372=CARTESIAN_POINT('',(0.0026211138875,-0.00151330080852479,0.0131104166666667));
#1373=CARTESIAN_POINT('',(0.0026211138875,-1.37296853380652E-19,0.01316875));
#1374=CARTESIAN_POINT('',(0.0026211138875,0.00151330080852479,0.0132270833333333));
#1375=CARTESIAN_POINT('',(0.00131055694375,0.00226995121278719,0.0132854166666667));
#1376=CARTESIAN_POINT('',(5.55977697392096E-19,0.00302660161704958,0.01334375));
#1377=CARTESIAN_POINT('',(-0.00131055694375,0.00226995121278719,0.0134020833333333));
#1378=CARTESIAN_POINT('',(-0.0026211138875,0.00151330080852479,0.0134604166666667));
#1379=CARTESIAN_POINT('',(-0.0026211138875,1.83697019872103E-19,0.01351875));
#1380=CARTESIAN_POINT('',(-0.0026211138875,-0.00151330080852479,0.0135770833333333));
#1381=CARTESIAN_POINT('',(-0.00131055694375,-0.00226995121278719,0.0136354166666667));
#1382=CARTESIAN_POINT('',(-1.85325899130699E-19,-0.00302660161704958,0.01369375));
#1383=CARTESIAN_POINT('',(0.00131055694375,-0.00226995121278719,0.0137520833333333));
#1384=CARTESIAN_POINT('',(0.0026211138875,-0.00151330080852479,0.0138104166666667));
#1385=CARTESIAN_POINT('',(0.0026211138875,-1.37296853380652E-19,0.01386875));
#1386=CARTESIAN_POINT('',(0.0026211138875,0.00151330080852479,0.0139270833333333));
#1387=CARTESIAN_POINT('',(0.00131055694375,0.00226995121278719,0.0139854166666667));
#1388=CARTESIAN_POINT('',(5.55977697392096E-19,0.00302660161704958,0.01404375));
#1389=CARTESIAN_POINT('',(-0.00131055694375,0.00226995121278719,0.0141020833333333));
#1390=CARTESIAN_POINT('',(-0.0026211138875,0.00151330080852479,0.0141604166666667));
#1391=CARTESIAN_POINT('',(-0.0026211138875,1.83697019872103E-19,0.01421875));
#1392=CARTESIAN_POINT('',(-0.0026211138875,-0.00151330080852479,0.0142770833333333));
#1393=CARTESIAN_POINT('',(-0.00131055694375,-0.00226995121278719,0.0143354166666667));
#1394=CARTESIAN_POINT('',(-1.85325899130699E-19,-0.00302660161704958,0.01439375));
#1395=CARTESIAN_POINT('',(0.00131055694375,-0.00226995121278719,0.0144520833333333));
#1396=CARTESIAN_POINT('',(0.0026211138875,-0.00151330080852479,0.0145104166666667));
#1397=CARTESIAN_POINT('',(0.0026211138875,-1.37296853380652E-19,0.01456875));
#1398=CARTESIAN_POINT('',(0.0026211138875,0.00151330080852479,0.0146270833333333));
#1399=CARTESIAN_POINT('',(0.00131055694375,0.00226995121278719,0.0146854166666667));
#1400=CARTESIAN_POINT('',(0.000697752394506423,0.00262375408425359,0.0147126928046549));
#1401=CARTESIAN_POINT('',(-9.84835362329722E-6,0.00262109538574548,0.0147441883535545));
#1402=CARTESIAN_POINT('',(-0.0026211138875,1.83697019872103E-19,0.01071875));
#1403=CARTESIAN_POINT('',(-0.0026211138875,-0.00151330080852479,0.0107770833333333));
#1404=CARTESIAN_POINT('',(-0.00131055694375,-0.00226995121278719,0.0108354166666667));
#1405=CARTESIAN_POINT('',(-1.85325899130699E-19,-0.00302660161704958,0.01089375));
#1406=CARTESIAN_POINT('',(0.00131055694375,-0.00226995121278719,0.0109520833333333));
#1407=CARTESIAN_POINT('',(0.0026211138875,-0.00151330080852479,0.0110104166666667));
#1408=CARTESIAN_POINT('',(0.0026211138875,-1.37296853380652E-19,0.01106875));
#1409=CARTESIAN_POINT('',(0.0026211138875,0.00151330080852479,0.0111270833333333));
#1410=CARTESIAN_POINT('',(0.00131055694375,0.00226995121278719,0.0111854166666667));
#1411=CARTESIAN_POINT('',(5.55977697392096E-19,0.00302660161704958,0.01124375));
#1412=CARTESIAN_POINT('',(-0.00131055694375,0.00226995121278719,0.0113020833333333));
#1413=CARTESIAN_POINT('',(-0.0026211138875,0.00151330080852479,0.0113604166666667));
#1414=CARTESIAN_POINT('',(-0.0026211138875,8.25684766377613E-19,0.01141875));
#1415=CARTESIAN_POINT('',(-0.0026211138875,-0.00151330080852479,0.0114770833333333));
#1416=CARTESIAN_POINT('',(-0.00131055694375,-0.00226995121278719,0.0115354166666667));
#1417=CARTESIAN_POINT('',(-3.61479173694644E-18,-0.00302660161704958,0.01159375));
#1418=CARTESIAN_POINT('',(0.00131055694375,-0.00226995121278719,0.0116520833333333));
#1419=CARTESIAN_POINT('',(0.0026211138875,-0.00151330080852479,0.0117104166666667));
#1420=CARTESIAN_POINT('',(0.0026211138875,-7.79284599886162E-19,0.01176875));
#1421=CARTESIAN_POINT('',(0.0026211138875,0.00151330080852479,0.0118270833333333));
#1422=CARTESIAN_POINT('',(0.00131055694375,0.00226995121278719,0.0118854166666667));
#1423=CARTESIAN_POINT('',(1.29728129391489E-18,0.00302660161704958,0.01194375));
#1424=CARTESIAN_POINT('',(-0.00131055694375,0.00226995121278719,0.0120020833333333));
#1425=CARTESIAN_POINT('',(-0.0026211138875,0.0015133008085248,0.0120604166666667));
#1426=CARTESIAN_POINT('',(-0.0026211138875,1.46767251288312E-18,0.01211875));
#1427=CARTESIAN_POINT('',(-0.0026211138875,-0.00151330080852479,0.0121770833333333));
#1428=CARTESIAN_POINT('',(-0.00131055694375,-0.00226995121278719,0.0122354166666667));
#1429=CARTESIAN_POINT('',(-7.04425757476217E-18,-0.00302660161704958,0.01229375));
#1430=CARTESIAN_POINT('',(0.00131055694375,-0.00226995121278719,0.0123520833333333));
#1431=CARTESIAN_POINT('',(0.0026211138875,-0.0015133008085248,0.0124104166666667));
#1432=CARTESIAN_POINT('',(0.0026211138875,-6.07730592729928E-18,0.01246875));
#1433=CARTESIAN_POINT('',(0.0026211138875,0.00151330080852479,0.0125270833333333));
#1434=CARTESIAN_POINT('',(0.00131055694375,0.00226995121278719,0.0125854166666667));
#1435=CARTESIAN_POINT('',(7.41490937302357E-18,0.00302660161704958,0.01264375));
#1436=CARTESIAN_POINT('',(-0.00131055694374999,0.00226995121278719,0.0127020833333333));
#1437=CARTESIAN_POINT('',(-0.0026211138875,0.0015133008085248,0.0127604166666667));
#1438=CARTESIAN_POINT('',(-0.0026211138875,2.10966025938863E-18,0.01281875));
#1439=CARTESIAN_POINT('',(-0.0026211138875,-0.00151330080852479,0.0128770833333333));
#1440=CARTESIAN_POINT('',(-0.00131055694375,-0.00226995121278719,0.0129354166666667));
#1441=CARTESIAN_POINT('',(-7.78556117128496E-18,-0.00302660161704958,0.01299375));
#1442=CARTESIAN_POINT('',(0.00131055694374999,-0.00226995121278719,0.0130520833333333));
#1443=CARTESIAN_POINT('',(0.00262111388749999,-0.0015133008085248,0.0131104166666667));
#1444=CARTESIAN_POINT('',(0.0026211138875,-2.06326009289718E-18,0.01316875));
#1445=CARTESIAN_POINT('',(0.0026211138875,0.00151330080852479,0.0132270833333333));
#1446=CARTESIAN_POINT('',(0.00131055694375,0.00226995121278719,0.0132854166666667));
#1447=CARTESIAN_POINT('',(8.15621296954637E-18,0.00302660161704958,0.01334375));
#1448=CARTESIAN_POINT('',(-0.00131055694374999,0.00226995121278719,0.0134020833333333));
#1449=CARTESIAN_POINT('',(-0.00262111388749999,0.0015133008085248,0.0134604166666667));
#1450=CARTESIAN_POINT('',(-0.0026211138875,2.75164800589414E-18,0.01351875));
#1451=CARTESIAN_POINT('',(-0.0026211138875,-0.00151330080852479,0.0135770833333333));
#1452=CARTESIAN_POINT('',(-0.00131055694375,-0.00226995121278719,0.0136354166666667));
#1453=CARTESIAN_POINT('',(-8.52686476780776E-18,-0.00302660161704958,0.01369375));
#1454=CARTESIAN_POINT('',(0.00131055694374999,-0.00226995121278719,0.0137520833333333));
#1455=CARTESIAN_POINT('',(0.00262111388749999,-0.0015133008085248,0.0138104166666667));
#1456=CARTESIAN_POINT('',(0.0026211138875,-1.20173150012179E-17,0.01386875));
#1457=CARTESIAN_POINT('',(0.0026211138875,0.00151330080852479,0.0139270833333333));
#1458=CARTESIAN_POINT('',(0.00131055694375,0.00226995121278719,0.0139854166666667));
#1459=CARTESIAN_POINT('',(8.89751656606916E-18,0.00302660161704958,0.01404375));
#1460=CARTESIAN_POINT('',(-0.00131055694374999,0.00226995121278719,0.0141020833333333));
#1461=CARTESIAN_POINT('',(-0.00262111388749999,0.0015133008085248,0.0141604166666667));
#1462=CARTESIAN_POINT('',(-0.0026211138875,1.27057029142149E-17,0.01421875));
#1463=CARTESIAN_POINT('',(-0.0026211138875,-0.00151330080852479,0.0142770833333333));
#1464=CARTESIAN_POINT('',(-0.00131055694375001,-0.00226995121278719,0.0143354166666667));
#1465=CARTESIAN_POINT('',(-2.00208173295023E-17,-0.00302660161704958,0.01439375));
#1466=CARTESIAN_POINT('',(0.00131055694374999,-0.00226995121278719,0.0144520833333333));
#1467=CARTESIAN_POINT('',(0.0026211138875,-0.00151330080852479,0.0145104166666667));
#1468=CARTESIAN_POINT('',(0.0026211138875,-1.26593027477234E-17,0.01456875));
#1469=CARTESIAN_POINT('',(0.0026211138875,0.00151330080852479,0.0146270833333333));
#1470=CARTESIAN_POINT('',(0.00131055694375001,0.00226995121278718,0.0146854166666667));
#1471=CARTESIAN_POINT('',(9.63882016259196E-18,0.00302660161704958,0.01474375));
#1472=CARTESIAN_POINT('',(-0.00131055694374998,0.0022699512127872,0.0148020833333333));
#1473=CARTESIAN_POINT('',(-0.00262111388749999,0.0015133008085248,0.0148604166666667));
#1474=CARTESIAN_POINT('',(-0.0026211138875,4.03562349890516E-18,0.01491875));
#1475=CARTESIAN_POINT('',(-0.00262111388750001,-0.00151330080852477,0.0149770833333333));
#1476=CARTESIAN_POINT('',(-0.00131055694375001,-0.00226995121278719,0.0150354166666667));
#1477=CARTESIAN_POINT('',(-2.07621209260251E-17,-0.00302660161704958,0.01509375));
#1478=CARTESIAN_POINT('',(0.00131055694374999,-0.0022699512127872,0.0151520833333333));
#1479=CARTESIAN_POINT('',(0.0026211138875,-0.00151330080852479,0.0152104166666667));
#1480=CARTESIAN_POINT('',(0.0026211138875,-1.33012904942289E-17,0.01526875));
#1481=CARTESIAN_POINT('',(0.0026211138875,0.00151330080852478,0.0153270833333333));
#1482=CARTESIAN_POINT('',(0.00131055694375001,0.00226995121278718,0.0153854166666666));
#1483=CARTESIAN_POINT('',(1.03801237591148E-17,0.00302660161704958,0.01544375));
#1484=CARTESIAN_POINT('',(-0.00131055694374998,0.0022699512127872,0.0155020833333333));
#1485=CARTESIAN_POINT('',(-0.00262111388749999,0.0015133008085248,0.0155604166666667));
#1486=CARTESIAN_POINT('',(-0.0026211138875,4.67761124541067E-18,0.01561875));
#1487=CARTESIAN_POINT('',(-0.0026211138875,1.83697019872103E-19,0.01089375));
#1488=CARTESIAN_POINT('',(-0.0026211138875,-0.00151330080852479,0.0109520833333333));
#1489=CARTESIAN_POINT('',(-0.00131055694375,-0.00226995121278719,0.0110104166666667));
#1490=CARTESIAN_POINT('',(-1.85325899130699E-19,-0.00302660161704958,0.01106875));
#1491=CARTESIAN_POINT('',(0.00131055694375,-0.00226995121278719,0.0111270833333333));
#1492=CARTESIAN_POINT('',(0.0026211138875,-0.00151330080852479,0.0111854166666667));
#1493=CARTESIAN_POINT('',(0.0026211138875,-1.37296853380652E-19,0.01124375));
#1494=CARTESIAN_POINT('',(0.0026211138875,0.00151330080852479,0.0113020833333333));
#1495=CARTESIAN_POINT('',(0.00131055694375,0.00226995121278719,0.0113604166666667));
#1496=CARTESIAN_POINT('',(5.55977697392096E-19,0.00302660161704958,0.01141875));
#1497=CARTESIAN_POINT('',(-0.00131055694375,0.00226995121278719,0.0114770833333333));
#1498=CARTESIAN_POINT('',(-0.0026211138875,0.00151330080852479,0.0115354166666667));
#1499=CARTESIAN_POINT('',(-0.0026211138875,1.83697019872103E-19,0.01159375));
#1500=CARTESIAN_POINT('',(-0.0026211138875,-0.00151330080852479,0.0116520833333333));
#1501=CARTESIAN_POINT('',(-0.00131055694375,-0.00226995121278719,0.0117104166666667));
#1502=CARTESIAN_POINT('',(-1.85325899130699E-19,-0.00302660161704958,0.01176875));
#1503=CARTESIAN_POINT('',(0.00131055694375,-0.00226995121278719,0.0118270833333333));
#1504=CARTESIAN_POINT('',(0.0026211138875,-0.00151330080852479,0.0118854166666667));
#1505=CARTESIAN_POINT('',(0.0026211138875,-1.37296853380652E-19,0.01194375));
#1506=CARTESIAN_POINT('',(0.0026211138875,0.00151330080852479,0.0120020833333333));
#1507=CARTESIAN_POINT('',(0.00131055694375,0.00226995121278719,0.0120604166666667));
#1508=CARTESIAN_POINT('',(5.55977697392096E-19,0.00302660161704958,0.01211875));
#1509=CARTESIAN_POINT('',(-0.00131055694375,0.00226995121278719,0.0121770833333333));
#1510=CARTESIAN_POINT('',(-0.0026211138875,0.00151330080852479,0.0122354166666666));
#1511=CARTESIAN_POINT('',(-0.0026211138875,1.83697019872103E-19,0.01229375));
#1512=CARTESIAN_POINT('',(-0.0026211138875,-0.00151330080852479,0.0123520833333333));
#1513=CARTESIAN_POINT('',(-0.00131055694375,-0.00226995121278719,0.0124104166666667));
#1514=CARTESIAN_POINT('',(-1.85325899130699E-19,-0.00302660161704958,0.01246875));
#1515=CARTESIAN_POINT('',(0.00131055694375,-0.00226995121278719,0.0125270833333333));
#1516=CARTESIAN_POINT('',(0.0026211138875,-0.00151330080852479,0.0125854166666667));
#1517=CARTESIAN_POINT('',(0.0026211138875,-1.37296853380652E-19,0.01264375));
#1518=CARTESIAN_POINT('',(0.0026211138875,0.00151330080852479,0.0127020833333333));
#1519=CARTESIAN_POINT('',(0.00131055694375,0.00226995121278719,0.0127604166666667));
#1520=CARTESIAN_POINT('',(5.55977697392096E-19,0.00302660161704958,0.01281875));
#1521=CARTESIAN_POINT('',(-0.00131055694375,0.00226995121278719,0.0128770833333333));
#1522=CARTESIAN_POINT('',(-0.0026211138875,0.00151330080852479,0.0129354166666667));
#1523=CARTESIAN_POINT('',(-0.0026211138875,1.83697019872103E-19,0.01299375));
#1524=CARTESIAN_POINT('',(-0.0026211138875,-0.00151330080852479,0.0130520833333333));
#1525=CARTESIAN_POINT('',(-0.00131055694375,-0.00226995121278719,0.0131104166666667));
#1526=CARTESIAN_POINT('',(-1.85325899130699E-19,-0.00302660161704958,0.01316875));
#1527=CARTESIAN_POINT('',(0.00131055694375,-0.00226995121278719,0.0132270833333333));
#1528=CARTESIAN_POINT('',(0.0026211138875,-0.00151330080852479,0.0132854166666667));
#1529=CARTESIAN_POINT('',(0.0026211138875,-1.37296853380652E-19,0.01334375));
#1530=CARTESIAN_POINT('',(0.0026211138875,0.00151330080852479,0.0134020833333333));
#1531=CARTESIAN_POINT('',(0.00131055694375,0.00226995121278719,0.0134604166666667));
#1532=CARTESIAN_POINT('',(5.55977697392096E-19,0.00302660161704958,0.01351875));
#1533=CARTESIAN_POINT('',(-0.00131055694375,0.00226995121278719,0.0135770833333333));
#1534=CARTESIAN_POINT('',(-0.0026211138875,0.00151330080852479,0.0136354166666667));
#1535=CARTESIAN_POINT('',(-0.0026211138875,1.83697019872103E-19,0.01369375));
#1536=CARTESIAN_POINT('',(-0.0026211138875,-0.00151330080852479,0.0137520833333333));
#1537=CARTESIAN_POINT('',(-0.00131055694375,-0.00226995121278719,0.0138104166666667));
#1538=CARTESIAN_POINT('',(-1.85325899130699E-19,-0.00302660161704958,0.01386875));
#1539=CARTESIAN_POINT('',(0.00131055694375,-0.00226995121278719,0.0139270833333333));
#1540=CARTESIAN_POINT('',(0.0026211138875,-0.00151330080852479,0.0139854166666667));
#1541=CARTESIAN_POINT('',(0.0026211138875,-1.37296853380652E-19,0.01404375));
#1542=CARTESIAN_POINT('',(0.0026211138875,0.00151330080852479,0.0141020833333333));
#1543=CARTESIAN_POINT('',(0.00131055694375,0.00226995121278719,0.0141604166666667));
#1544=CARTESIAN_POINT('',(5.55977697392096E-19,0.00302660161704958,0.01421875));
#1545=CARTESIAN_POINT('',(-0.00131055694375,0.00226995121278719,0.0142770833333333));
#1546=CARTESIAN_POINT('',(-0.0026211138875,0.00151330080852479,0.0143354166666666));
#1547=CARTESIAN_POINT('',(-0.0026211138875,1.83697019872103E-19,0.01439375));
#1548=CARTESIAN_POINT('',(-0.0026211138875,-0.00151330080852479,0.0144520833333333));
#1549=CARTESIAN_POINT('',(-0.00131055694375,-0.00226995121278719,0.0145104166666667));
#1550=CARTESIAN_POINT('',(-0.0012114705702219,-0.00232715875721666,0.014514827034704));
#1551=CARTESIAN_POINT('',(-0.00110777621280664,-0.00237551465446651,0.0145194425056644));
#1552=CARTESIAN_POINT('',(-0.003,1.83697019872103E-19,0.0111125));
#1553=CARTESIAN_POINT('',(-0.003,-0.00173205080756888,0.0111708333333333));
#1554=CARTESIAN_POINT('',(-0.0015,-0.00259807621135332,0.0112291666666667));
#1555=CARTESIAN_POINT('',(-2.12115047744981E-19,-0.00346410161513775,0.0112875));
#1556=CARTESIAN_POINT('',(0.0015,-0.00259807621135332,0.0113458333333333));
#1557=CARTESIAN_POINT('',(0.003,-0.00173205080756888,0.0114041666666667));
#1558=CARTESIAN_POINT('',(0.003,-1.83697019872103E-19,0.0114625));
#1559=CARTESIAN_POINT('',(0.003,0.00173205080756888,0.0115208333333333));
#1560=CARTESIAN_POINT('',(0.0015,0.00259807621135332,0.0115791666666667));
#1561=CARTESIAN_POINT('',(6.36345143234944E-19,0.00346410161513775,0.0116375));
#1562=CARTESIAN_POINT('',(-0.0015,0.00259807621135332,0.0116958333333333));
#1563=CARTESIAN_POINT('',(-0.003,0.00173205080756888,0.0117541666666667));
#1564=CARTESIAN_POINT('',(-0.003,1.83697019872103E-19,0.0118125));
#1565=CARTESIAN_POINT('',(-0.003,-0.00173205080756888,0.0118708333333333));
#1566=CARTESIAN_POINT('',(-0.0015,-0.00259807621135332,0.0119291666666667));
#1567=CARTESIAN_POINT('',(-2.12115047744981E-19,-0.00346410161513775,0.0119875));
#1568=CARTESIAN_POINT('',(0.0015,-0.00259807621135332,0.0120458333333333));
#1569=CARTESIAN_POINT('',(0.003,-0.00173205080756888,0.0121041666666667));
#1570=CARTESIAN_POINT('',(0.003,-1.83697019872103E-19,0.0121625));
#1571=CARTESIAN_POINT('',(0.003,0.00173205080756888,0.0122208333333333));
#1572=CARTESIAN_POINT('',(0.0015,0.00259807621135332,0.0122791666666667));
#1573=CARTESIAN_POINT('',(6.36345143234944E-19,0.00346410161513775,0.0123375));
#1574=CARTESIAN_POINT('',(-0.0015,0.00259807621135332,0.0123958333333333));
#1575=CARTESIAN_POINT('',(-0.003,0.00173205080756888,0.0124541666666667));
#1576=CARTESIAN_POINT('',(-0.003,1.83697019872103E-19,0.0125125));
#1577=CARTESIAN_POINT('',(-0.003,-0.00173205080756888,0.0125708333333333));
#1578=CARTESIAN_POINT('',(-0.0015,-0.00259807621135332,0.0126291666666667));
#1579=CARTESIAN_POINT('',(-2.12115047744981E-19,-0.00346410161513775,0.0126875));
#1580=CARTESIAN_POINT('',(0.0015,-0.00259807621135332,0.0127458333333333));
#1581=CARTESIAN_POINT('',(0.003,-0.00173205080756888,0.0128041666666667));
#1582=CARTESIAN_POINT('',(0.003,-1.83697019872103E-19,0.0128625));
#1583=CARTESIAN_POINT('',(0.003,0.00173205080756888,0.0129208333333333));
#1584=CARTESIAN_POINT('',(0.0015,0.00259807621135332,0.0129791666666667));
#1585=CARTESIAN_POINT('',(6.36345143234944E-19,0.00346410161513775,0.0130375));
#1586=CARTESIAN_POINT('',(-0.0015,0.00259807621135332,0.0130958333333333));
#1587=CARTESIAN_POINT('',(-0.003,0.00173205080756888,0.0131541666666667));
#1588=CARTESIAN_POINT('',(-0.003,1.83697019872103E-19,0.0132125));
#1589=CARTESIAN_POINT('',(-0.003,-0.00173205080756888,0.0132708333333333));
#1590=CARTESIAN_POINT('',(-0.0015,-0.00259807621135332,0.0133291666666667));
#1591=CARTESIAN_POINT('',(-2.12115047744981E-19,-0.00346410161513775,0.0133875));
#1592=CARTESIAN_POINT('',(0.0015,-0.00259807621135332,0.0134458333333333));
#1593=CARTESIAN_POINT('',(0.003,-0.00173205080756888,0.0135041666666667));
#1594=CARTESIAN_POINT('',(0.003,-1.83697019872103E-19,0.0135625));
#1595=CARTESIAN_POINT('',(0.003,0.00173205080756888,0.0136208333333333));
#1596=CARTESIAN_POINT('',(0.0015,0.00259807621135332,0.0136791666666667));
#1597=CARTESIAN_POINT('',(6.36345143234944E-19,0.00346410161513775,0.0137375));
#1598=CARTESIAN_POINT('',(-0.0015,0.00259807621135332,0.0137958333333333));
#1599=CARTESIAN_POINT('',(-0.003,0.00173205080756888,0.0138541666666667));
#1600=CARTESIAN_POINT('',(-0.003,1.83697019872103E-19,0.0139125));
#1601=CARTESIAN_POINT('',(-0.003,-0.00173205080756888,0.0139708333333333));
#1602=CARTESIAN_POINT('',(-0.0015,-0.00259807621135332,0.0140291666666667));
#1603=CARTESIAN_POINT('',(-2.12115047744981E-19,-0.00346410161513775,0.0140875));
#1604=CARTESIAN_POINT('',(0.0015,-0.00259807621135332,0.0141458333333333));
#1605=CARTESIAN_POINT('',(0.003,-0.00173205080756888,0.0142041666666667));
#1606=CARTESIAN_POINT('',(0.003,-1.83697019872103E-19,0.0142625));
#1607=CARTESIAN_POINT('',(0.003,0.00173205080756888,0.0143208333333333));
#1608=CARTESIAN_POINT('',(0.0015,0.00259807621135332,0.0143791666666667));
#1609=CARTESIAN_POINT('',(6.36345143234944E-19,0.00346410161513775,0.0144375));
#1610=CARTESIAN_POINT('',(-0.0015,0.00259807621135332,0.0144958333333333));
#1611=CARTESIAN_POINT('',(-0.003,0.00173205080756888,0.0145541666666667));
#1612=CARTESIAN_POINT('',(-0.003,1.83697019872103E-19,0.0146125));
#1613=CARTESIAN_POINT('',(-0.003,-0.00173205080756888,0.0146708333333333));
#1614=CARTESIAN_POINT('',(-0.0015,-0.00259807621135332,0.0147291666666667));
#1615=CARTESIAN_POINT('',(-0.00138659053618314,-0.00266355319581663,0.014733577034704));
#1616=CARTESIAN_POINT('',(-0.00126790699720022,-0.00271889901365437,0.0147381925056644));
#1617=CARTESIAN_POINT('',(-0.0026211138875,1.83697019872103E-19,0.01089375));
#1618=CARTESIAN_POINT('',(-0.0026211138875,-0.00151330080852479,0.0109520833333333));
#1619=CARTESIAN_POINT('',(-0.00131055694375,-0.00226995121278719,0.0110104166666667));
#1620=CARTESIAN_POINT('',(-1.85325899130699E-19,-0.00302660161704958,0.01106875));
#1621=CARTESIAN_POINT('',(0.00131055694375,-0.00226995121278719,0.0111270833333333));
#1622=CARTESIAN_POINT('',(0.0026211138875,-0.00151330080852479,0.0111854166666667));
#1623=CARTESIAN_POINT('',(0.0026211138875,-1.37296853380652E-19,0.01124375));
#1624=CARTESIAN_POINT('',(0.0026211138875,0.00151330080852479,0.0113020833333333));
#1625=CARTESIAN_POINT('',(0.00131055694375,0.00226995121278719,0.0113604166666667));
#1626=CARTESIAN_POINT('',(5.55977697392096E-19,0.00302660161704958,0.01141875));
#1627=CARTESIAN_POINT('',(-0.00131055694375,0.00226995121278719,0.0114770833333333));
#1628=CARTESIAN_POINT('',(-0.0026211138875,0.00151330080852479,0.0115354166666667));
#1629=CARTESIAN_POINT('',(-0.0026211138875,8.25684766377613E-19,0.01159375));
#1630=CARTESIAN_POINT('',(-0.0026211138875,-0.00151330080852479,0.0116520833333333));
#1631=CARTESIAN_POINT('',(-0.00131055694375,-0.00226995121278719,0.0117104166666667));
#1632=CARTESIAN_POINT('',(-3.61479173694644E-18,-0.00302660161704958,0.01176875));
#1633=CARTESIAN_POINT('',(0.00131055694375,-0.00226995121278719,0.0118270833333333));
#1634=CARTESIAN_POINT('',(0.0026211138875,-0.0015133008085248,0.0118854166666667));
#1635=CARTESIAN_POINT('',(0.0026211138875,-7.79284599886163E-19,0.01194375));
#1636=CARTESIAN_POINT('',(0.0026211138875,0.00151330080852479,0.0120020833333333));
#1637=CARTESIAN_POINT('',(0.00131055694375,0.00226995121278719,0.0120604166666667));
#1638=CARTESIAN_POINT('',(1.29728129391489E-18,0.00302660161704958,0.01211875));
#1639=CARTESIAN_POINT('',(-0.00131055694375,0.00226995121278719,0.0121770833333333));
#1640=CARTESIAN_POINT('',(-0.0026211138875,0.0015133008085248,0.0122354166666666));
#1641=CARTESIAN_POINT('',(-0.0026211138875,1.46767251288312E-18,0.01229375));
#1642=CARTESIAN_POINT('',(-0.0026211138875,-0.00151330080852479,0.0123520833333333));
#1643=CARTESIAN_POINT('',(-0.00131055694375,-0.00226995121278719,0.0124104166666667));
#1644=CARTESIAN_POINT('',(-7.04425757476217E-18,-0.00302660161704958,0.01246875));
#1645=CARTESIAN_POINT('',(0.00131055694375,-0.00226995121278719,0.0125270833333333));
#1646=CARTESIAN_POINT('',(0.0026211138875,-0.0015133008085248,0.0125854166666667));
#1647=CARTESIAN_POINT('',(0.0026211138875,-6.07730592729928E-18,0.01264375));
#1648=CARTESIAN_POINT('',(0.0026211138875,0.00151330080852479,0.0127020833333333));
#1649=CARTESIAN_POINT('',(0.00131055694375,0.00226995121278719,0.0127604166666667));
#1650=CARTESIAN_POINT('',(7.41490937302357E-18,0.00302660161704958,0.01281875));
#1651=CARTESIAN_POINT('',(-0.00131055694374999,0.00226995121278719,0.0128770833333333));
#1652=CARTESIAN_POINT('',(-0.0026211138875,0.0015133008085248,0.0129354166666667));
#1653=CARTESIAN_POINT('',(-0.0026211138875,2.10966025938863E-18,0.01299375));
#1654=CARTESIAN_POINT('',(-0.0026211138875,-0.00151330080852479,0.0130520833333333));
#1655=CARTESIAN_POINT('',(-0.00131055694375,-0.00226995121278719,0.0131104166666667));
#1656=CARTESIAN_POINT('',(-7.78556117128497E-18,-0.00302660161704958,0.01316875));
#1657=CARTESIAN_POINT('',(0.00131055694374999,-0.0022699512127872,0.0132270833333333));
#1658=CARTESIAN_POINT('',(0.0026211138875,-0.0015133008085248,0.0132854166666667));
#1659=CARTESIAN_POINT('',(0.0026211138875,-2.06326009289718E-18,0.01334375));
#1660=CARTESIAN_POINT('',(0.0026211138875,0.00151330080852479,0.0134020833333333));
#1661=CARTESIAN_POINT('',(0.00131055694375,0.00226995121278719,0.0134604166666667));
#1662=CARTESIAN_POINT('',(8.15621296954637E-18,0.00302660161704958,0.01351875));
#1663=CARTESIAN_POINT('',(-0.00131055694374999,0.0022699512127872,0.0135770833333333));
#1664=CARTESIAN_POINT('',(-0.0026211138875,0.0015133008085248,0.0136354166666667));
#1665=CARTESIAN_POINT('',(-0.0026211138875,2.75164800589414E-18,0.01369375));
#1666=CARTESIAN_POINT('',(-0.0026211138875,-0.00151330080852479,0.0137520833333333));
#1667=CARTESIAN_POINT('',(-0.00131055694375001,-0.00226995121278719,0.0138104166666667));
#1668=CARTESIAN_POINT('',(-8.52686476780776E-18,-0.00302660161704958,0.01386875));
#1669=CARTESIAN_POINT('',(0.00131055694374999,-0.0022699512127872,0.0139270833333333));
#1670=CARTESIAN_POINT('',(0.0026211138875,-0.0015133008085248,0.0139854166666667));
#1671=CARTESIAN_POINT('',(0.0026211138875,-1.20173150012179E-17,0.01404375));
#1672=CARTESIAN_POINT('',(0.0026211138875,0.00151330080852479,0.0141020833333333));
#1673=CARTESIAN_POINT('',(0.00131055694375001,0.00226995121278719,0.0141604166666667));
#1674=CARTESIAN_POINT('',(8.89751656606916E-18,0.00302660161704958,0.01421875));
#1675=CARTESIAN_POINT('',(-0.00131055694374999,0.0022699512127872,0.0142770833333333));
#1676=CARTESIAN_POINT('',(-0.0026211138875,0.0015133008085248,0.0143354166666666));
#1677=CARTESIAN_POINT('',(-0.0026211138875,1.27057029142149E-17,0.01439375));
#1678=CARTESIAN_POINT('',(-0.0026211138875,-0.00151330080852479,0.0144520833333333));
#1679=CARTESIAN_POINT('',(-0.00131055694375001,-0.00226995121278719,0.0145104166666667));
#1680=CARTESIAN_POINT('',(-2.00208173295023E-17,-0.00302660161704958,0.01456875));
#1681=CARTESIAN_POINT('',(0.00131055694374999,-0.0022699512127872,0.0146270833333333));
#1682=CARTESIAN_POINT('',(0.0026211138875,-0.00151330080852479,0.0146854166666667));
#1683=CARTESIAN_POINT('',(0.0026211138875,-1.26593027477234E-17,0.01474375));
#1684=CARTESIAN_POINT('',(0.0026211138875,0.00151330080852479,0.0148020833333333));
#1685=CARTESIAN_POINT('',(0.00131055694375001,0.00226995121278718,0.0148604166666667));
#1686=CARTESIAN_POINT('',(9.63882016259196E-18,0.00302660161704958,0.01491875));
#1687=CARTESIAN_POINT('',(-0.00131055694374998,0.0022699512127872,0.0149770833333333));
#1688=CARTESIAN_POINT('',(-0.0026211138875,0.0015133008085248,0.0150354166666667));
#1689=CARTESIAN_POINT('',(-0.0026211138875,4.03562349890516E-18,0.01509375));
#1690=CARTESIAN_POINT('',(-0.00262111388750001,-0.00151330080852478,0.0151520833333333));
#1691=CARTESIAN_POINT('',(-0.00131055694375001,-0.00226995121278719,0.0152104166666666));
#1692=CARTESIAN_POINT('',(-2.07621209260251E-17,-0.00302660161704958,0.01526875));
#1693=CARTESIAN_POINT('',(0.00131055694374999,-0.0022699512127872,0.0153270833333333));
#1694=CARTESIAN_POINT('',(0.0026211138875,-0.00151330080852479,0.0153854166666666));
#1695=CARTESIAN_POINT('',(0.0026211138875,-1.33012904942289E-17,0.01544375));
#1696=CARTESIAN_POINT('',(0.0026211138875,0.00151330080852479,0.0155020833333333));
#1697=CARTESIAN_POINT('',(0.00131055694375001,0.00226995121278718,0.0155604166666666));
#1698=CARTESIAN_POINT('',(1.03801237591148E-17,0.00302660161704958,0.01561875));
#1699=CARTESIAN_POINT('',(-0.00131055694374998,0.0022699512127872,0.0156770833333334));
#1700=CARTESIAN_POINT('',(-0.00262111388749999,0.0015133008085248,0.0157354166666667));
#1701=CARTESIAN_POINT('',(-0.0026211138875,4.67761124541068E-18,0.01579375));
#1702=CARTESIAN_POINT('',(-0.0026211138875,1.83697019872103E-19,0.01071875));
#1703=CARTESIAN_POINT('',(-0.0026211138875,-0.00151330080852479,0.0107770833333333));
#1704=CARTESIAN_POINT('',(-0.00131055694375,-0.00226995121278719,0.0108354166666667));
#1705=CARTESIAN_POINT('',(-1.85325899130699E-19,-0.00302660161704958,0.01089375));
#1706=CARTESIAN_POINT('',(0.00131055694375,-0.00226995121278719,0.0109520833333333));
#1707=CARTESIAN_POINT('',(0.0026211138875,-0.00151330080852479,0.0110104166666667));
#1708=CARTESIAN_POINT('',(0.0026211138875,-1.37296853380652E-19,0.01106875));
#1709=CARTESIAN_POINT('',(0.0026211138875,0.00151330080852479,0.0111270833333333));
#1710=CARTESIAN_POINT('',(0.00131055694375,0.00226995121278719,0.0111854166666667));
#1711=CARTESIAN_POINT('',(5.55977697392096E-19,0.00302660161704958,0.01124375));
#1712=CARTESIAN_POINT('',(-0.00131055694375,0.00226995121278719,0.0113020833333333));
#1713=CARTESIAN_POINT('',(-0.0026211138875,0.00151330080852479,0.0113604166666667));
#1714=CARTESIAN_POINT('',(-0.0026211138875,1.83697019872103E-19,0.01141875));
#1715=CARTESIAN_POINT('',(-0.0026211138875,-0.00151330080852479,0.0114770833333333));
#1716=CARTESIAN_POINT('',(-0.00131055694375,-0.00226995121278719,0.0115354166666667));
#1717=CARTESIAN_POINT('',(-1.85325899130699E-19,-0.00302660161704958,0.01159375));
#1718=CARTESIAN_POINT('',(0.00131055694375,-0.00226995121278719,0.0116520833333333));
#1719=CARTESIAN_POINT('',(0.0026211138875,-0.00151330080852479,0.0117104166666667));
#1720=CARTESIAN_POINT('',(0.0026211138875,-1.37296853380652E-19,0.01176875));
#1721=CARTESIAN_POINT('',(0.0026211138875,0.00151330080852479,0.0118270833333333));
#1722=CARTESIAN_POINT('',(0.00131055694375,0.00226995121278719,0.0118854166666667));
#1723=CARTESIAN_POINT('',(5.55977697392096E-19,0.00302660161704958,0.01194375));
#1724=CARTESIAN_POINT('',(-0.00131055694375,0.00226995121278719,0.0120020833333333));
#1725=CARTESIAN_POINT('',(-0.0026211138875,0.00151330080852479,0.0120604166666667));
#1726=CARTESIAN_POINT('',(-0.0026211138875,1.83697019872103E-19,0.01211875));
#1727=CARTESIAN_POINT('',(-0.0026211138875,-0.00151330080852479,0.0121770833333333));
#1728=CARTESIAN_POINT('',(-0.00131055694375,-0.00226995121278719,0.0122354166666667));
#1729=CARTESIAN_POINT('',(-1.85325899130699E-19,-0.00302660161704958,0.01229375));
#1730=CARTESIAN_POINT('',(0.00131055694375,-0.00226995121278719,0.0123520833333333));
#1731=CARTESIAN_POINT('',(0.0026211138875,-0.00151330080852479,0.0124104166666667));
#1732=CARTESIAN_POINT('',(0.0026211138875,-1.37296853380652E-19,0.01246875));
#1733=CARTESIAN_POINT('',(0.0026211138875,0.00151330080852479,0.0125270833333333));
#1734=CARTESIAN_POINT('',(0.00131055694375,0.00226995121278719,0.0125854166666667));
#1735=CARTESIAN_POINT('',(5.55977697392096E-19,0.00302660161704958,0.01264375));
#1736=CARTESIAN_POINT('',(-0.00131055694375,0.00226995121278719,0.0127020833333333));
#1737=CARTESIAN_POINT('',(-0.0026211138875,0.00151330080852479,0.0127604166666667));
#1738=CARTESIAN_POINT('',(-0.0026211138875,1.83697019872103E-19,0.01281875));
#1739=CARTESIAN_POINT('',(-0.0026211138875,-0.00151330080852479,0.0128770833333333));
#1740=CARTESIAN_POINT('',(-0.00131055694375,-0.00226995121278719,0.0129354166666667));
#1741=CARTESIAN_POINT('',(-1.85325899130699E-19,-0.00302660161704958,0.01299375));
#1742=CARTESIAN_POINT('',(0.00131055694375,-0.00226995121278719,0.0130520833333333));
#1743=CARTESIAN_POINT('',(0.0026211138875,-0.00151330080852479,0.0131104166666667));
#1744=CARTESIAN_POINT('',(0.0026211138875,-1.37296853380652E-19,0.01316875));
#1745=CARTESIAN_POINT('',(0.0026211138875,0.00151330080852479,0.0132270833333333));
#1746=CARTESIAN_POINT('',(0.00131055694375,0.00226995121278719,0.0132854166666667));
#1747=CARTESIAN_POINT('',(5.55977697392096E-19,0.00302660161704958,0.01334375));
#1748=CARTESIAN_POINT('',(-0.00131055694375,0.00226995121278719,0.0134020833333333));
#1749=CARTESIAN_POINT('',(-0.0026211138875,0.00151330080852479,0.0134604166666667));
#1750=CARTESIAN_POINT('',(-0.0026211138875,1.83697019872103E-19,0.01351875));
#1751=CARTESIAN_POINT('',(-0.0026211138875,-0.00151330080852479,0.0135770833333333));
#1752=CARTESIAN_POINT('',(-0.00131055694375,-0.00226995121278719,0.0136354166666667));
#1753=CARTESIAN_POINT('',(-1.85325899130699E-19,-0.00302660161704958,0.01369375));
#1754=CARTESIAN_POINT('',(0.00131055694375,-0.00226995121278719,0.0137520833333333));
#1755=CARTESIAN_POINT('',(0.0026211138875,-0.00151330080852479,0.0138104166666667));
#1756=CARTESIAN_POINT('',(0.0026211138875,-1.37296853380652E-19,0.01386875));
#1757=CARTESIAN_POINT('',(0.0026211138875,0.00151330080852479,0.0139270833333333));
#1758=CARTESIAN_POINT('',(0.00131055694375,0.00226995121278719,0.0139854166666667));
#1759=CARTESIAN_POINT('',(5.55977697392096E-19,0.00302660161704958,0.01404375));
#1760=CARTESIAN_POINT('',(-0.00131055694375,0.00226995121278719,0.0141020833333333));
#1761=CARTESIAN_POINT('',(-0.0026211138875,0.00151330080852479,0.0141604166666667));
#1762=CARTESIAN_POINT('',(-0.0026211138875,1.83697019872103E-19,0.01421875));
#1763=CARTESIAN_POINT('',(-0.0026211138875,-0.00151330080852479,0.0142770833333333));
#1764=CARTESIAN_POINT('',(-0.00131055694375,-0.00226995121278719,0.0143354166666667));
#1765=CARTESIAN_POINT('',(-1.85325899130699E-19,-0.00302660161704958,0.01439375));
#1766=CARTESIAN_POINT('',(0.00131055694375,-0.00226995121278719,0.0144520833333333));
#1767=CARTESIAN_POINT('',(0.0020658919493182,-0.00183385834399404,0.0144857035501948));
#1768=CARTESIAN_POINT('',(0.0024093408118454,-0.00103214091267691,0.0145242509319205));
#1769=CARTESIAN_POINT('',(-0.00256722786264251,1.83697019872103E-19,0.0107693055556281));
#1770=CARTESIAN_POINT('',(-0.00256722786264251,-0.00148218969756776,0.0108276388889614));
#1771=CARTESIAN_POINT('',(-0.00128361393132125,-0.00222328454635164,0.0108859722222947));
#1772=CARTESIAN_POINT('',(-1.81515886885554E-19,-0.00296437939513552,0.0109443055556281));
#1773=CARTESIAN_POINT('',(0.00128361393132125,-0.00222328454635164,0.0110026388889614));
#1774=CARTESIAN_POINT('',(0.00256722786264251,-0.00148218969756776,0.0110609722222947));
#1775=CARTESIAN_POINT('',(0.00256722786264251,-1.30697718594602E-19,0.0111193055556281));
#1776=CARTESIAN_POINT('',(0.00256722786264251,0.00148218969756776,0.0111776388889614));
#1777=CARTESIAN_POINT('',(0.00128361393132125,0.00222328454635164,0.0112359722222947));
#1778=CARTESIAN_POINT('',(5.44547660656661E-19,0.00296437939513552,0.0112943055556281));
#1779=CARTESIAN_POINT('',(-0.00128361393132125,0.00222328454635164,0.0113526388889614));
#1780=CARTESIAN_POINT('',(-0.00256722786264251,0.00148218969756776,0.0114109722222947));
#1781=CARTESIAN_POINT('',(-0.00256722786264251,1.83697019872103E-19,0.0114693055556281));
#1782=CARTESIAN_POINT('',(-0.00256722786264251,-0.00148218969756776,0.0115276388889614));
#1783=CARTESIAN_POINT('',(-0.00128361393132125,-0.00222328454635164,0.0115859722222947));
#1784=CARTESIAN_POINT('',(-1.81515886885554E-19,-0.00296437939513552,0.0116443055556281));
#1785=CARTESIAN_POINT('',(0.00128361393132125,-0.00222328454635164,0.0117026388889614));
#1786=CARTESIAN_POINT('',(0.00256722786264251,-0.00148218969756776,0.0117609722222947));
#1787=CARTESIAN_POINT('',(0.00256722786264251,-1.30697718594602E-19,0.0118193055556281));
#1788=CARTESIAN_POINT('',(0.00256722786264251,0.00148218969756776,0.0118776388889614));
#1789=CARTESIAN_POINT('',(0.00128361393132125,0.00222328454635164,0.0119359722222947));
#1790=CARTESIAN_POINT('',(5.44547660656661E-19,0.00296437939513552,0.0119943055556281));
#1791=CARTESIAN_POINT('',(-0.00128361393132125,0.00222328454635164,0.0120526388889614));
#1792=CARTESIAN_POINT('',(-0.00256722786264251,0.00148218969756776,0.0121109722222947));
#1793=CARTESIAN_POINT('',(-0.00256722786264251,1.83697019872103E-19,0.0121693055556281));
#1794=CARTESIAN_POINT('',(-0.00256722786264251,-0.00148218969756776,0.0122276388889614));
#1795=CARTESIAN_POINT('',(-0.00128361393132125,-0.00222328454635164,0.0122859722222947));
#1796=CARTESIAN_POINT('',(-1.81515886885554E-19,-0.00296437939513552,0.0123443055556281));
#1797=CARTESIAN_POINT('',(0.00128361393132125,-0.00222328454635164,0.0124026388889614));
#1798=CARTESIAN_POINT('',(0.00256722786264251,-0.00148218969756776,0.0124609722222947));
#1799=CARTESIAN_POINT('',(0.00256722786264251,-1.30697718594602E-19,0.0125193055556281));
#1800=CARTESIAN_POINT('',(0.00256722786264251,0.00148218969756776,0.0125776388889614));
#1801=CARTESIAN_POINT('',(0.00128361393132125,0.00222328454635164,0.0126359722222947));
#1802=CARTESIAN_POINT('',(5.44547660656661E-19,0.00296437939513552,0.0126943055556281));
#1803=CARTESIAN_POINT('',(-0.00128361393132125,0.00222328454635164,0.0127526388889614));
#1804=CARTESIAN_POINT('',(-0.00256722786264251,0.00148218969756776,0.0128109722222947));
#1805=CARTESIAN_POINT('',(-0.00256722786264251,1.83697019872103E-19,0.0128693055556281));
#1806=CARTESIAN_POINT('',(-0.00256722786264251,-0.00148218969756776,0.0129276388889614));
#1807=CARTESIAN_POINT('',(-0.00128361393132125,-0.00222328454635164,0.0129859722222947));
#1808=CARTESIAN_POINT('',(-1.81515886885554E-19,-0.00296437939513552,0.0130443055556281));
#1809=CARTESIAN_POINT('',(0.00128361393132125,-0.00222328454635164,0.0131026388889614));
#1810=CARTESIAN_POINT('',(0.00256722786264251,-0.00148218969756776,0.0131609722222947));
#1811=CARTESIAN_POINT('',(0.00256722786264251,-1.30697718594602E-19,0.0132193055556281));
#1812=CARTESIAN_POINT('',(0.00256722786264251,0.00148218969756776,0.0132776388889614));
#1813=CARTESIAN_POINT('',(0.00128361393132125,0.00222328454635164,0.0133359722222947));
#1814=CARTESIAN_POINT('',(5.44547660656661E-19,0.00296437939513552,0.0133943055556281));
#1815=CARTESIAN_POINT('',(-0.00128361393132125,0.00222328454635164,0.0134526388889614));
#1816=CARTESIAN_POINT('',(-0.00256722786264251,0.00148218969756776,0.0135109722222947));
#1817=CARTESIAN_POINT('',(-0.00256722786264251,1.83697019872103E-19,0.0135693055556281));
#1818=CARTESIAN_POINT('',(-0.00256722786264251,-0.00148218969756776,0.0136276388889614));
#1819=CARTESIAN_POINT('',(-0.00128361393132125,-0.00222328454635164,0.0136859722222947));
#1820=CARTESIAN_POINT('',(-1.81515886885554E-19,-0.00296437939513552,0.0137443055556281));
#1821=CARTESIAN_POINT('',(0.00128361393132125,-0.00222328454635164,0.0138026388889614));
#1822=CARTESIAN_POINT('',(0.00256722786264251,-0.00148218969756776,0.0138609722222947));
#1823=CARTESIAN_POINT('',(0.00256722786264251,-1.30697718594602E-19,0.0139193055556281));
#1824=CARTESIAN_POINT('',(0.00256722786264251,0.00148218969756776,0.0139776388889614));
#1825=CARTESIAN_POINT('',(0.00128361393132125,0.00222328454635164,0.0140359722222947));
#1826=CARTESIAN_POINT('',(5.44547660656661E-19,0.00296437939513552,0.0140943055556281));
#1827=CARTESIAN_POINT('',(-0.00128361393132125,0.00222328454635164,0.0141526388889614));
#1828=CARTESIAN_POINT('',(-0.00256722786264251,0.00148218969756776,0.0142109722222947));
#1829=CARTESIAN_POINT('',(-0.00256722786264251,1.83697019872103E-19,0.0142693055556281));
#1830=CARTESIAN_POINT('',(-0.00256722786264251,-0.00148218969756776,0.0143276388889614));
#1831=CARTESIAN_POINT('',(-0.00128361393132125,-0.00222328454635164,0.0143859722222947));
#1832=CARTESIAN_POINT('',(-1.81515886885554E-19,-0.00296437939513552,0.0144443055556281));
#1833=CARTESIAN_POINT('',(0.00128361393132125,-0.00222328454635164,0.0145026388889614));
#1834=CARTESIAN_POINT('',(0.00202342042396223,-0.00179615706867714,0.0145362591058228));
#1835=CARTESIAN_POINT('',(0.00235980851204857,-0.00101092170082115,0.0145748064875486));
#1836=CARTESIAN_POINT('',(-0.00256722786264251,1.83697019872103E-19,0.0108431944443719));
#1837=CARTESIAN_POINT('',(-0.00256722786264251,-0.00148218969756776,0.0109015277777053));
#1838=CARTESIAN_POINT('',(-0.00128361393132125,-0.00222328454635164,0.0109598611110386));
#1839=CARTESIAN_POINT('',(-1.81515886885554E-19,-0.00296437939513552,0.0110181944443719));
#1840=CARTESIAN_POINT('',(0.00128361393132125,-0.00222328454635164,0.0110765277777053));
#1841=CARTESIAN_POINT('',(0.00256722786264251,-0.00148218969756776,0.0111348611110386));
#1842=CARTESIAN_POINT('',(0.00256722786264251,-1.30697718594602E-19,0.0111931944443719));
#1843=CARTESIAN_POINT('',(0.00256722786264251,0.00148218969756776,0.0112515277777053));
#1844=CARTESIAN_POINT('',(0.00128361393132126,0.00222328454635164,0.0113098611110386));
#1845=CARTESIAN_POINT('',(5.44547660656662E-19,0.00296437939513552,0.0113681944443719));
#1846=CARTESIAN_POINT('',(-0.00128361393132125,0.00222328454635164,0.0114265277777053));
#1847=CARTESIAN_POINT('',(-0.00256722786264251,0.00148218969756776,0.0114848611110386));
#1848=CARTESIAN_POINT('',(-0.00256722786264251,1.83697019872103E-19,0.0115431944443719));
#1849=CARTESIAN_POINT('',(-0.00256722786264251,-0.00148218969756776,0.0116015277777053));
#1850=CARTESIAN_POINT('',(-0.00128361393132125,-0.00222328454635164,0.0116598611110386));
#1851=CARTESIAN_POINT('',(-1.81515886885554E-19,-0.00296437939513552,0.0117181944443719));
#1852=CARTESIAN_POINT('',(0.00128361393132125,-0.00222328454635164,0.0117765277777053));
#1853=CARTESIAN_POINT('',(0.00256722786264251,-0.00148218969756776,0.0118348611110386));
#1854=CARTESIAN_POINT('',(0.00256722786264251,-1.30697718594602E-19,0.0118931944443719));
#1855=CARTESIAN_POINT('',(0.00256722786264251,0.00148218969756776,0.0119515277777053));
#1856=CARTESIAN_POINT('',(0.00128361393132126,0.00222328454635164,0.0120098611110386));
#1857=CARTESIAN_POINT('',(5.44547660656662E-19,0.00296437939513552,0.0120681944443719));
#1858=CARTESIAN_POINT('',(-0.00128361393132125,0.00222328454635164,0.0121265277777053));
#1859=CARTESIAN_POINT('',(-0.00256722786264251,0.00148218969756776,0.0121848611110386));
#1860=CARTESIAN_POINT('',(-0.00256722786264251,1.83697019872103E-19,0.0122431944443719));
#1861=CARTESIAN_POINT('',(-0.00256722786264251,-0.00148218969756776,0.0123015277777053));
#1862=CARTESIAN_POINT('',(-0.00128361393132125,-0.00222328454635164,0.0123598611110386));
#1863=CARTESIAN_POINT('',(-1.81515886885554E-19,-0.00296437939513552,0.0124181944443719));
#1864=CARTESIAN_POINT('',(0.00128361393132125,-0.00222328454635164,0.0124765277777053));
#1865=CARTESIAN_POINT('',(0.00256722786264251,-0.00148218969756776,0.0125348611110386));
#1866=CARTESIAN_POINT('',(0.00256722786264251,-1.30697718594602E-19,0.0125931944443719));
#1867=CARTESIAN_POINT('',(0.00256722786264251,0.00148218969756776,0.0126515277777053));
#1868=CARTESIAN_POINT('',(0.00128361393132126,0.00222328454635164,0.0127098611110386));
#1869=CARTESIAN_POINT('',(5.44547660656662E-19,0.00296437939513552,0.0127681944443719));
#1870=CARTESIAN_POINT('',(-0.00128361393132125,0.00222328454635164,0.0128265277777053));
#1871=CARTESIAN_POINT('',(-0.00256722786264251,0.00148218969756776,0.0128848611110386));
#1872=CARTESIAN_POINT('',(-0.00256722786264251,1.83697019872103E-19,0.0129431944443719));
#1873=CARTESIAN_POINT('',(-0.00256722786264251,-0.00148218969756776,0.0130015277777053));
#1874=CARTESIAN_POINT('',(-0.00128361393132125,-0.00222328454635164,0.0130598611110386));
#1875=CARTESIAN_POINT('',(-1.81515886885554E-19,-0.00296437939513552,0.0131181944443719));
#1876=CARTESIAN_POINT('',(0.00128361393132125,-0.00222328454635164,0.0131765277777053));
#1877=CARTESIAN_POINT('',(0.00256722786264251,-0.00148218969756776,0.0132348611110386));
#1878=CARTESIAN_POINT('',(0.00256722786264251,-1.30697718594602E-19,0.0132931944443719));
#1879=CARTESIAN_POINT('',(0.00256722786264251,0.00148218969756776,0.0133515277777053));
#1880=CARTESIAN_POINT('',(0.00128361393132126,0.00222328454635164,0.0134098611110386));
#1881=CARTESIAN_POINT('',(5.44547660656662E-19,0.00296437939513552,0.0134681944443719));
#1882=CARTESIAN_POINT('',(-0.00128361393132125,0.00222328454635164,0.0135265277777053));
#1883=CARTESIAN_POINT('',(-0.00256722786264251,0.00148218969756776,0.0135848611110386));
#1884=CARTESIAN_POINT('',(-0.00256722786264251,1.83697019872103E-19,0.0136431944443719));
#1885=CARTESIAN_POINT('',(-0.00256722786264251,-0.00148218969756776,0.0137015277777053));
#1886=CARTESIAN_POINT('',(-0.00128361393132125,-0.00222328454635164,0.0137598611110386));
#1887=CARTESIAN_POINT('',(-1.81515886885554E-19,-0.00296437939513552,0.0138181944443719));
#1888=CARTESIAN_POINT('',(0.00128361393132125,-0.00222328454635164,0.0138765277777053));
#1889=CARTESIAN_POINT('',(0.00256722786264251,-0.00148218969756776,0.0139348611110386));
#1890=CARTESIAN_POINT('',(0.00256722786264251,-1.30697718594602E-19,0.0139931944443719));
#1891=CARTESIAN_POINT('',(0.00256722786264251,0.00148218969756776,0.0140515277777053));
#1892=CARTESIAN_POINT('',(0.00128361393132126,0.00222328454635164,0.0141098611110386));
#1893=CARTESIAN_POINT('',(5.44547660656662E-19,0.00296437939513552,0.0141681944443719));
#1894=CARTESIAN_POINT('',(-0.00128361393132125,0.00222328454635164,0.0142265277777053));
#1895=CARTESIAN_POINT('',(-0.00256722786264251,0.00148218969756776,0.0142848611110386));
#1896=CARTESIAN_POINT('',(-0.00256722786264251,1.83697019872103E-19,0.0143431944443719));
#1897=CARTESIAN_POINT('',(-0.00256722786264251,-0.00148218969756776,0.0144015277777053));
#1898=CARTESIAN_POINT('',(-0.00128361393132125,-0.00222328454635164,0.0144598611110386));
#1899=CARTESIAN_POINT('',(-1.81515886885554E-19,-0.00296437939513552,0.0145181944443719));
#1900=CARTESIAN_POINT('',(0.00128361393132125,-0.00222328454635164,0.0145765277777053));
#1901=CARTESIAN_POINT('',(0.00202342042396223,-0.00179615706867714,0.0146101479945667));
#1902=CARTESIAN_POINT('',(0.00235980851204857,-0.00101092170082115,0.0146486953762925));
#1903=CARTESIAN_POINT('',(-0.0026211138875,1.83697019872103E-19,0.01089375));
#1904=CARTESIAN_POINT('',(-0.0026211138875,-0.00151330080852479,0.0109520833333333));
#1905=CARTESIAN_POINT('',(-0.00131055694375,-0.00226995121278719,0.0110104166666667));
#1906=CARTESIAN_POINT('',(-1.85325899130699E-19,-0.00302660161704958,0.01106875));
#1907=CARTESIAN_POINT('',(0.00131055694375,-0.00226995121278719,0.0111270833333333));
#1908=CARTESIAN_POINT('',(0.0026211138875,-0.00151330080852479,0.0111854166666667));
#1909=CARTESIAN_POINT('',(0.0026211138875,-1.37296853380652E-19,0.01124375));
#1910=CARTESIAN_POINT('',(0.0026211138875,0.00151330080852479,0.0113020833333333));
#1911=CARTESIAN_POINT('',(0.00131055694375,0.00226995121278719,0.0113604166666667));
#1912=CARTESIAN_POINT('',(5.55977697392096E-19,0.00302660161704958,0.01141875));
#1913=CARTESIAN_POINT('',(-0.00131055694375,0.00226995121278719,0.0114770833333333));
#1914=CARTESIAN_POINT('',(-0.0026211138875,0.00151330080852479,0.0115354166666667));
#1915=CARTESIAN_POINT('',(-0.0026211138875,1.83697019872103E-19,0.01159375));
#1916=CARTESIAN_POINT('',(-0.0026211138875,-0.00151330080852479,0.0116520833333333));
#1917=CARTESIAN_POINT('',(-0.00131055694375,-0.00226995121278719,0.0117104166666667));
#1918=CARTESIAN_POINT('',(-1.85325899130699E-19,-0.00302660161704958,0.01176875));
#1919=CARTESIAN_POINT('',(0.00131055694375,-0.00226995121278719,0.0118270833333333));
#1920=CARTESIAN_POINT('',(0.0026211138875,-0.00151330080852479,0.0118854166666667));
#1921=CARTESIAN_POINT('',(0.0026211138875,-1.37296853380652E-19,0.01194375));
#1922=CARTESIAN_POINT('',(0.0026211138875,0.00151330080852479,0.0120020833333333));
#1923=CARTESIAN_POINT('',(0.00131055694375,0.00226995121278719,0.0120604166666667));
#1924=CARTESIAN_POINT('',(5.55977697392096E-19,0.00302660161704958,0.01211875));
#1925=CARTESIAN_POINT('',(-0.00131055694375,0.00226995121278719,0.0121770833333333));
#1926=CARTESIAN_POINT('',(-0.0026211138875,0.00151330080852479,0.0122354166666666));
#1927=CARTESIAN_POINT('',(-0.0026211138875,1.83697019872103E-19,0.01229375));
#1928=CARTESIAN_POINT('',(-0.0026211138875,-0.00151330080852479,0.0123520833333333));
#1929=CARTESIAN_POINT('',(-0.00131055694375,-0.00226995121278719,0.0124104166666667));
#1930=CARTESIAN_POINT('',(-1.85325899130699E-19,-0.00302660161704958,0.01246875));
#1931=CARTESIAN_POINT('',(0.00131055694375,-0.00226995121278719,0.0125270833333333));
#1932=CARTESIAN_POINT('',(0.0026211138875,-0.00151330080852479,0.0125854166666667));
#1933=CARTESIAN_POINT('',(0.0026211138875,-1.37296853380652E-19,0.01264375));
#1934=CARTESIAN_POINT('',(0.0026211138875,0.00151330080852479,0.0127020833333333));
#1935=CARTESIAN_POINT('',(0.00131055694375,0.00226995121278719,0.0127604166666667));
#1936=CARTESIAN_POINT('',(5.55977697392096E-19,0.00302660161704958,0.01281875));
#1937=CARTESIAN_POINT('',(-0.00131055694375,0.00226995121278719,0.0128770833333333));
#1938=CARTESIAN_POINT('',(-0.0026211138875,0.00151330080852479,0.0129354166666667));
#1939=CARTESIAN_POINT('',(-0.0026211138875,1.83697019872103E-19,0.01299375));
#1940=CARTESIAN_POINT('',(-0.0026211138875,-0.00151330080852479,0.0130520833333333));
#1941=CARTESIAN_POINT('',(-0.00131055694375,-0.00226995121278719,0.0131104166666667));
#1942=CARTESIAN_POINT('',(-1.85325899130699E-19,-0.00302660161704958,0.01316875));
#1943=CARTESIAN_POINT('',(0.00131055694375,-0.00226995121278719,0.0132270833333333));
#1944=CARTESIAN_POINT('',(0.0026211138875,-0.00151330080852479,0.0132854166666667));
#1945=CARTESIAN_POINT('',(0.0026211138875,-1.37296853380652E-19,0.01334375));
#1946=CARTESIAN_POINT('',(0.0026211138875,0.00151330080852479,0.0134020833333333));
#1947=CARTESIAN_POINT('',(0.00131055694375,0.00226995121278719,0.0134604166666667));
#1948=CARTESIAN_POINT('',(5.55977697392096E-19,0.00302660161704958,0.01351875));
#1949=CARTESIAN_POINT('',(-0.00131055694375,0.00226995121278719,0.0135770833333333));
#1950=CARTESIAN_POINT('',(-0.0026211138875,0.00151330080852479,0.0136354166666667));
#1951=CARTESIAN_POINT('',(-0.0026211138875,1.83697019872103E-19,0.01369375));
#1952=CARTESIAN_POINT('',(-0.0026211138875,-0.00151330080852479,0.0137520833333333));
#1953=CARTESIAN_POINT('',(-0.00131055694375,-0.00226995121278719,0.0138104166666667));
#1954=CARTESIAN_POINT('',(-1.85325899130699E-19,-0.00302660161704958,0.01386875));
#1955=CARTESIAN_POINT('',(0.00131055694375,-0.00226995121278719,0.0139270833333333));
#1956=CARTESIAN_POINT('',(0.0026211138875,-0.00151330080852479,0.0139854166666667));
#1957=CARTESIAN_POINT('',(0.0026211138875,-1.37296853380652E-19,0.01404375));
#1958=CARTESIAN_POINT('',(0.0026211138875,0.00151330080852479,0.0141020833333333));
#1959=CARTESIAN_POINT('',(0.00131055694375,0.00226995121278719,0.0141604166666667));
#1960=CARTESIAN_POINT('',(5.55977697392096E-19,0.00302660161704958,0.01421875));
#1961=CARTESIAN_POINT('',(-0.00131055694375,0.00226995121278719,0.0142770833333333));
#1962=CARTESIAN_POINT('',(-0.0026211138875,0.00151330080852479,0.0143354166666666));
#1963=CARTESIAN_POINT('',(-0.0026211138875,1.83697019872103E-19,0.01439375));
#1964=CARTESIAN_POINT('',(-0.0026211138875,-0.00151330080852479,0.0144520833333333));
#1965=CARTESIAN_POINT('',(-0.00131055694375,-0.00226995121278719,0.0145104166666667));
#1966=CARTESIAN_POINT('',(-1.85325899130699E-19,-0.00302660161704958,0.01456875));
#1967=CARTESIAN_POINT('',(0.00131055694375,-0.00226995121278719,0.0146270833333333));
#1968=CARTESIAN_POINT('',(0.00206589194931821,-0.00183385834399404,0.0146607035501948));
#1969=CARTESIAN_POINT('',(0.0024093408118454,-0.00103214091267691,0.0146992509319205));
#1970=CARTESIAN_POINT('',(-0.0027032058794247,1.83697019872103E-19,0.01080625));
#1971=CARTESIAN_POINT('',(-0.0026211138875,1.83697019872103E-19,0.01089375));
#1972=CARTESIAN_POINT('',(-0.00262293657352723,8.57527430997518E-5,0.0108901039352737));
#1973=CARTESIAN_POINT('',(-0.00262054394939885,0.000171714150268304,0.0108864562147506));
#1974=CARTESIAN_POINT('',(-0.00258751037122912,0.000600197868003407,0.0108682301591287));
#1975=CARTESIAN_POINT('',(-0.00249274229282787,0.000939183054065669,0.0108536360381992));
#1976=CARTESIAN_POINT('',(-0.00217889096031682,0.00155741399752858,0.0108244745411234));
#1977=CARTESIAN_POINT('',(-0.00195977733760861,0.00183659871479479,0.0108098806337718));
#1978=CARTESIAN_POINT('',(-0.00142882810438295,0.00229132843753524,0.0107807191155506));
#1979=CARTESIAN_POINT('',(-0.00111699011203895,0.00246680391326856,0.0107661252484079));
#1980=CARTESIAN_POINT('',(-0.000446970683834238,0.00268543419258085,0.0107369635332791));
#1981=CARTESIAN_POINT('',(-8.8816028503716E-5,0.00272852337132813,0.0107223698457527));
#1982=CARTESIAN_POINT('',(0.000619570513442112,0.00267358374782888,0.0106932081209544));
#1983=CARTESIAN_POINT('',(0.000969750232686619,0.00257550503307365,0.0106786145706822));
#1984=CARTESIAN_POINT('',(0.0016082582577884,0.00225099440093397,0.0106494530148701));
#1985=CARTESIAN_POINT('',(0.0018965174901545,0.00202453691741739,0.0106348592634716));
#1986=CARTESIAN_POINT('',(0.00236589977245314,0.00147597869389596,0.0106056975187117));
#1987=CARTESIAN_POINT('',(0.00254694791966821,0.0011538827438117,0.0105911040807649));
#1988=CARTESIAN_POINT('',(0.00277237483421608,0.000461986839009815,0.0105619423258027));
#1989=CARTESIAN_POINT('',(0.00281668574873488,9.22223552210845E-5,0.0105473489684188));
#1990=CARTESIAN_POINT('',(0.00275965150344818,-0.000638976184937529,0.0105181872030649));
#1991=CARTESIAN_POINT('',(0.00265825752084006,-0.00100034929000174,0.0105035939250929));
#1992=CARTESIAN_POINT('',(0.00232307977971936,-0.00165913047796276,0.0104744321490108));
#1993=CARTESIAN_POINT('',(0.00208927535551484,-0.00195646163064529,0.0104598389493006));
#1994=CARTESIAN_POINT('',(0.00152310278302976,-0.00244049007981282,0.0104306771623716));
#1995=CARTESIAN_POINT('',(0.00119074675274445,-0.00262710703203823,0.010416084039644));
#1996=CARTESIAN_POINT('',(0.000476971866939263,-0.00285932260387978,0.0103869222418646));
#1997=CARTESIAN_POINT('',(9.55971101610568E-5,-0.00290485105079404,0.0103723291948313));
#1998=CARTESIAN_POINT('',(-0.000658412702631139,-0.00284571402399109,0.0103431673861714));
#1999=CARTESIAN_POINT('',(-0.00103097794749606,-0.00274100088198284,0.0103285744138482));
#2000=CARTESIAN_POINT('',(-0.00171002840852756,-0.00239514922040995,0.0102994125937625));
#2001=CARTESIAN_POINT('',(-0.00201642894862404,-0.00215399448940964,0.010284819695086));
#2002=CARTESIAN_POINT('',(-0.0025150975810342,-0.00157020257551358,0.0102556578637696));
#2003=CARTESIAN_POINT('',(-0.00270727987399369,-0.00122758458802485,0.0102410650374962));
#2004=CARTESIAN_POINT('',(-0.00291640219635602,-0.000583885464379436,0.0102155484251616));
#2005=CARTESIAN_POINT('',(-0.00296534003001598,-0.000293910156632866,0.0102046030201783));
#2006=CARTESIAN_POINT('',(-0.00297103559790964,-2.26045778526024E-6,0.0101936681610497));
#2007=CARTESIAN_POINT('',(-0.00256722786264251,1.83697019872103E-19,0.0108431944443719));
#2008=CARTESIAN_POINT('',(-0.0025690505792725,8.39884608680958E-5,0.0108395483465119));
#2009=CARTESIAN_POINT('',(-0.00256674464914823,0.00016818978018206,0.0108359003578947));
#2010=CARTESIAN_POINT('',(-0.00253457504727237,0.000587894522807395,0.0108176747455372));
#2011=CARTESIAN_POINT('',(-0.00244189075365447,0.000920013131956432,0.0108030790923144));
#2012=CARTESIAN_POINT('',(-0.00213469032858798,0.0015257952676102,0.0107739183367694));
#2013=CARTESIAN_POINT('',(-0.00192012889082752,0.00179943303122149,0.010759322929972));
#2014=CARTESIAN_POINT('',(-0.00140008711486086,0.00224520557933351,0.010730162155081));
#2015=CARTESIAN_POINT('',(-0.00109457707905609,0.00241729768343274,0.010715566796574));
#2016=CARTESIAN_POINT('',(-0.000438062011510571,0.00263182524564411,0.0106864058013684));
#2017=CARTESIAN_POINT('',(-8.70482357326507E-5,0.00267420937978511,0.0106718106502878));
#2018=CARTESIAN_POINT('',(0.00060729183181566,0.00262064565334805,0.0106426496484369));
#2019=CARTESIAN_POINT('',(0.000950604245853581,0.00252464746462835,0.0106280546562886));
#2020=CARTESIAN_POINT('',(0.00157666093410778,0.0022067818894065,0.0105988938516805));
#2021=CARTESIAN_POINT('',(0.00185937135005526,0.00198487393552404,0.0105842986318851));
#2022=CARTESIAN_POINT('',(0.00231979194610425,0.00144721882852899,0.0105551376154764));
#2023=CARTESIAN_POINT('',(0.00249745400081326,0.00113144908802474,0.0105405427557002));
#2024=CARTESIAN_POINT('',(0.00271877242570467,0.000453055287559969,0.010511381731494));
#2025=CARTESIAN_POINT('',(0.00276237516890958,9.04311249369665E-5,0.0104967869656405));
#2026=CARTESIAN_POINT('',(0.00270671071023734,-0.000626720813877066,0.0104676259332553));
#2027=CARTESIAN_POINT('',(0.00260739419666553,-0.00098122595138283,0.0104530312599279));
#2028=CARTESIAN_POINT('',(0.00227885602487841,-0.00162755337143943,0.01042387021882));
#2029=CARTESIAN_POINT('',(0.00204959856975997,-0.00191933392859918,0.0104092756366265));
#2030=CARTESIAN_POINT('',(0.00149432500503619,-0.00239439639705517,0.0103801145865078));
#2031=CARTESIAN_POINT('',(0.00116829354701226,-0.00257762468792636,0.0103655200939119));
#2032=CARTESIAN_POINT('',(0.000468018645845345,-0.00280572630419676,0.0103363590346326));
#2033=CARTESIAN_POINT('',(9.37836896962687E-5,-0.00285054362027758,0.0103217646300899));
#2034=CARTESIAN_POINT('',(-0.000646179386442724,-0.0027927705983701,0.010292603561476));
#2035=CARTESIAN_POINT('',(-0.00101187601903673,-0.00269013203188916,0.0102780092437936));
#2036=CARTESIAN_POINT('',(-0.00167847040265103,-0.00235091472233566,0.0102488481650858));
#2037=CARTESIAN_POINT('',(-0.00197931866558007,-0.00211430456741607,0.0102342539329837));
#2038=CARTESIAN_POINT('',(-0.0024690172396167,-0.00154140777998039,0.010205092844276));
#2039=CARTESIAN_POINT('',(-0.0026578084336985,-0.00120511281979379,0.010190498696269));
#2040=CARTESIAN_POINT('',(-0.00286332650873927,-0.00057322443677929,0.0101649827346717));
#2041=CARTESIAN_POINT('',(-0.0029114736821887,-0.000288528018017536,0.0101540361235402));
#2042=CARTESIAN_POINT('',(-0.00291715982096266,-2.16952386374803E-6,0.010143101766387));
#2043=CARTESIAN_POINT('',(-0.00256722786264251,1.83697019872103E-19,0.0107693055556281));
#2044=CARTESIAN_POINT('',(-0.00256905062316973,8.39901288058395E-5,0.0107656594577561));
#2045=CARTESIAN_POINT('',(-0.00256674489856423,0.000168193125181106,0.0107620114692076));
#2046=CARTESIAN_POINT('',(-0.0025345730602077,0.000587906056840965,0.010743785857408));
#2047=CARTESIAN_POINT('',(-0.00244188681886221,0.000920031405119255,0.0107291902055322));
#2048=CARTESIAN_POINT('',(-0.0021346734291743,0.00152582190240005,0.0107000294543561));
#2049=CARTESIAN_POINT('',(-0.00192010553390121,0.00179946349515469,0.0106854340506197));
#2050=CARTESIAN_POINT('',(-0.00140004527326489,0.00224523492276985,0.0106562732834304));
#2051=CARTESIAN_POINT('',(-0.00109452655845358,0.00241732582963587,0.0106416779296237));
#2052=CARTESIAN_POINT('',(-0.000437993307564467,0.00263184053057261,0.0106125169453073));
#2053=CARTESIAN_POINT('',(-8.69716730600161E-5,0.00267421767982654,0.0105979218004974));
#2054=CARTESIAN_POINT('',(0.000607379872532637,0.00262063016951313,0.0105687608125865));
#2055=CARTESIAN_POINT('',(0.00095069617599053,0.00252462008761374,0.0105541658282043));
#2056=CARTESIAN_POINT('',(0.00157675212112967,0.00220672376424975,0.0105250050404661));
#2057=CARTESIAN_POINT('',(0.00185946006401397,0.00198480143270235,0.0105104098298826));
#2058=CARTESIAN_POINT('',(0.00231986455887223,0.00144711510327949,0.010481248833128));
#2059=CARTESIAN_POINT('',(0.00249751664859329,0.00113133180819892,0.0104666539839423));
#2060=CARTESIAN_POINT('',(0.00271880372370746,0.000452913867248381,0.0104374929820667));
#2061=CARTESIAN_POINT('',(0.00276238967189383,9.02807207188817E-5,0.0104228982281213));
#2062=CARTESIAN_POINT('',(0.00270668233824242,-0.000626881141663342,0.0103937372206257));
#2063=CARTESIAN_POINT('',(0.0026073445783978,-0.000981387495271094,0.0103791425604681));
#2064=CARTESIAN_POINT('',(0.00227875888392405,-0.00162770556264357,0.0103499815466992));
#2065=CARTESIAN_POINT('',(0.00204947949425115,-0.00191947764874857,0.0103353869788831));
#2066=CARTESIAN_POINT('',(0.00149416265295081,-0.00239450981075717,0.0103062259584462));
#2067=CARTESIAN_POINT('',(0.001168113047813,-0.00257771985224084,0.0102916314813833));
#2068=CARTESIAN_POINT('',(0.000467808387584058,-0.0028057726222397,0.0102624704540272));
#2069=CARTESIAN_POINT('',(9.35633915864611E-5,-0.00285056385960866,0.0102478760661228));
#2070=CARTESIAN_POINT('',(-0.000646408119478172,-0.0027927298961711,0.0102187150315769));
#2071=CARTESIAN_POINT('',(-0.00101210342376566,-0.00269006122404098,0.0102041207315904));
#2072=CARTESIAN_POINT('',(-0.00167868027334312,-0.0023507804888477,0.010174959689001));
#2073=CARTESIAN_POINT('',(-0.00197951439948688,-0.00211414128597455,0.0101603654756064));
#2074=CARTESIAN_POINT('',(-0.00246916920226636,-0.00154118981790609,0.0101312044249786));
#2075=CARTESIAN_POINT('',(-0.00265793429527862,-0.00120487236722403,0.0101166102966465));
#2076=CARTESIAN_POINT('',(-0.0028633951203326,-0.00057295330050388,0.01009109437001));
#2077=CARTESIAN_POINT('',(-0.00291151737873814,-0.000288247668683378,0.0100801477800293));
#2078=CARTESIAN_POINT('',(-0.00291717464819513,-1.88353832555013E-6,0.0100692134325837));
#2079=CARTESIAN_POINT('',(-0.0026211138875,1.83697019872103E-19,0.01071875));
#2080=CARTESIAN_POINT('',(-0.00262293667749146,8.57566933510381E-5,0.0107151039352516));
#2081=CARTESIAN_POINT('',(-0.00262054454012095,0.000171722072634476,0.0107114562148847));
#2082=CARTESIAN_POINT('',(-0.00258750566502331,0.000600225185451415,0.010693230160585));
#2083=CARTESIAN_POINT('',(-0.00249273297358269,0.000939226332609473,0.0106786360428457));
#2084=CARTESIAN_POINT('',(-0.00217885093538995,0.00155747707992552,0.0106494745561162));
#2085=CARTESIAN_POINT('',(-0.00195972201857259,0.00183667086621583,0.0106348806560153));
#2086=CARTESIAN_POINT('',(-0.00142872900586589,0.00229139793514759,0.0106057191560346));
#2087=CARTESIAN_POINT('',(-0.00111687045798012,0.00246687057532857,0.0105911253000234));
#2088=CARTESIAN_POINT('',(-0.000446807963961587,0.00268547039372757,0.0105619636106863));
#2089=CARTESIAN_POINT('',(-8.86346958576475E-5,0.00272854302932098,0.0105473699380102));
#2090=CARTESIAN_POINT('',(0.000619779030930101,0.00267354707558827,0.0105182082462294));
#2091=CARTESIAN_POINT('',(0.00096996796195886,0.00257544019277574,0.0105036147143504));
#2092=CARTESIAN_POINT('',(0.0016084742270511,0.00225085673608878,0.0104744531984917));
#2093=CARTESIAN_POINT('',(0.00189672760216251,0.00202436520020764,0.0104598594689103));
#2094=CARTESIAN_POINT('',(0.00236607175006175,0.00147573302883104,0.0104306977707025));
#2095=CARTESIAN_POINT('',(0.00254709629598952,0.00115360497580274,0.0104161043578375));
#2096=CARTESIAN_POINT('',(0.00277244896106506,0.000461651896165823,0.0103869426557624));
#2097=CARTESIAN_POINT('',(0.00281672009790803,9.18661347038851E-5,0.0103723493265829));
#2098=CARTESIAN_POINT('',(0.00275958430661814,-0.000639355908642626,0.0103431876201772));
#2099=CARTESIAN_POINT('',(0.00265814000388993,-0.00100073189394826,0.0103285943733985));
#2100=CARTESIAN_POINT('',(0.00232284970903753,-0.0016594909308155,0.0102994326620646));
#2101=CARTESIAN_POINT('',(0.00208899333457258,-0.00195680202047362,0.0102848394964073));
#2102=CARTESIAN_POINT('',(0.00152271826493181,-0.00244075869121268,0.0102556777797765));
#2103=CARTESIAN_POINT('',(0.00119031925464011,-0.00262733242120489,0.0102410846938381));
#2104=CARTESIAN_POINT('',(0.000476473886845747,-0.00285943230450768,0.0102119229716662));
#2105=CARTESIAN_POINT('',(9.50753514789348E-5,-0.00290489898605229,0.0101973299640401));
#2106=CARTESIAN_POINT('',(-0.000658954438768814,-0.00284561762404558,0.0101681682360665));
#2107=CARTESIAN_POINT('',(-0.00103151653764451,-0.002740833179184,0.0101535753056547));
#2108=CARTESIAN_POINT('',(-0.00171052547069408,-0.00239483129899066,0.0101244135711133));
#2109=CARTESIAN_POINT('',(-0.0020168925289307,-0.0021536077702052,0.0101098207167436));
#2110=CARTESIAN_POINT('',(-0.00251545749257342,-0.0015696863495472,0.0100806589756168));
#2111=CARTESIAN_POINT('',(-0.00270757796721036,-0.00122701509509532,0.0100660661959414));
#2112=CARTESIAN_POINT('',(-0.00291656469749843,-0.000583243299515385,0.010040549666409));
#2113=CARTESIAN_POINT('',(-0.00296544352164944,-0.000293246170787884,0.0100296043112533));
#2114=CARTESIAN_POINT('',(-0.00297107071503923,-1.58312361451478E-6,0.0100186694753826));
#2115=CARTESIAN_POINT('',(0.0005,-0.00346,-0.00275));
#2116=CARTESIAN_POINT('',(-0.0005,-0.00346,-0.00275));
#2117=CARTESIAN_POINT('',(-0.0005,-0.00346,-0.0055));
#2118=CARTESIAN_POINT('',(0.0005,-0.00346,-0.0055));
#2119=CARTESIAN_POINT('',(0.0005,-0.00346,-0.0055));
#2120=CARTESIAN_POINT('',(0.0005,-0.00346,-0.00275));
#2121=CARTESIAN_POINT('',(0.0005,-0.00326,-0.0055));
#2122=CARTESIAN_POINT('',(-0.0005,-0.00326,-0.0055));
#2123=CARTESIAN_POINT('',(-0.0005,-0.00306,-0.0055));
#2124=CARTESIAN_POINT('',(0.0005,-0.00306,-0.0055));
#2125=CARTESIAN_POINT('',(0.0005,-0.00306,-0.0055));
#2126=CARTESIAN_POINT('',(0.0005,-0.00326,-0.0055));
#2127=CARTESIAN_POINT('',(0.0005,-0.00306,-0.00275));
#2128=CARTESIAN_POINT('',(-0.0005,-0.00306,-0.00275));
#2129=CARTESIAN_POINT('',(0.0005,-0.00306,-0.00275));
#2130=CARTESIAN_POINT('',(0.0005,-0.00072,0.0015));
#2131=CARTESIAN_POINT('',(-0.0005,-0.00072,0.0015));
#2132=CARTESIAN_POINT('',(0.0005,0.00416,-0.00275));
#2133=CARTESIAN_POINT('',(-0.0005,0.00416,-0.00275));
#2134=CARTESIAN_POINT('',(-0.0005,0.00416,-0.0055));
#2135=CARTESIAN_POINT('',(0.0005,0.00416,-0.0055));
#2136=CARTESIAN_POINT('',(0.0005,0.00416,-0.0055));
#2137=CARTESIAN_POINT('',(0.0005,0.00416,-0.00275));
#2138=CARTESIAN_POINT('',(0.0005,0.00436,-0.0055));
#2139=CARTESIAN_POINT('',(-0.0005,0.00436,-0.0055));
#2140=CARTESIAN_POINT('',(-0.0005,0.00456,-0.0055));
#2141=CARTESIAN_POINT('',(0.0005,0.00456,-0.0055));
#2142=CARTESIAN_POINT('',(0.0005,0.00456,-0.0055));
#2143=CARTESIAN_POINT('',(0.0005,0.00436,-0.0055));
#2144=CARTESIAN_POINT('',(0.0005,0.00456,-0.00275));
#2145=CARTESIAN_POINT('',(-0.0005,0.00456,-0.00275));
#2146=CARTESIAN_POINT('',(0.0005,0.00456,-0.00275));
#2147=CARTESIAN_POINT('',(0.0005,-0.00072,0.0015));
#2148=CARTESIAN_POINT('',(-0.0005,-0.00072,0.0015));
#2149=CARTESIAN_POINT('',(0.0005,-0.0037,0.0085));
#2150=CARTESIAN_POINT('',(-0.0005,-0.0037,0.0085));
#2151=CARTESIAN_POINT('',(-0.0005,-0.006,0.0085));
#2152=CARTESIAN_POINT('',(0.0005,-0.006,0.0085));
#2153=CARTESIAN_POINT('',(0.0005,-0.006,0.0085));
#2154=CARTESIAN_POINT('',(0.0005,-0.0037,0.0085));
#2155=CARTESIAN_POINT('',(0.0005,-0.0037,0.0081));
#2156=CARTESIAN_POINT('',(-0.0005,-0.0037,0.0081));
#2157=CARTESIAN_POINT('',(-0.0005,-0.0056,0.0081));
#2158=CARTESIAN_POINT('',(0.0005,-0.0037,0.0081));
#2159=CARTESIAN_POINT('',(0.0005,-0.0056,0.0081));
#2160=CARTESIAN_POINT('',(0.0005,-0.0056,0.0081));
#2161=CARTESIAN_POINT('',(0.0005,-0.00072,0.0015));
#2162=CARTESIAN_POINT('',(0.0005,-0.006,0.0015));
#2163=CARTESIAN_POINT('',(0.0005,-0.006,-0.0055));
#2164=CARTESIAN_POINT('',(0.0005,-0.0058,-0.0055));
#2165=CARTESIAN_POINT('',(0.0005,-0.0056,-0.0055));
#2166=CARTESIAN_POINT('',(0.0005,-0.0056,0.0013));
#2167=CARTESIAN_POINT('',(-0.0005,-0.00072,0.0015));
#2168=CARTESIAN_POINT('',(-0.0005,-0.0056,0.0013));
#2169=CARTESIAN_POINT('',(-0.0005,-0.0056,-0.0055));
#2170=CARTESIAN_POINT('',(-0.0005,-0.0058,-0.0055));
#2171=CARTESIAN_POINT('',(-0.0005,-0.006,-0.0055));
#2172=CARTESIAN_POINT('',(-0.0005,-0.006,0.0015));
#2173=CARTESIAN_POINT('',(0.0005,-0.006,0.0015));
#2174=CARTESIAN_POINT('',(0.0005,-0.006,-0.0055));
#2175=CARTESIAN_POINT('',(0.0005,-0.0058,-0.0055));
#2176=CARTESIAN_POINT('',(0.0005,-0.0056,-0.0055));
#2177=CARTESIAN_POINT('',(0.0005,-0.0056,0.0013));
#2178=MECHANICAL_DESIGN_GEOMETRIC_PRESENTATION_REPRESENTATION('',(#576),
#2179);
#2179=(
GEOMETRIC_REPRESENTATION_CONTEXT(3)
GLOBAL_UNCERTAINTY_ASSIGNED_CONTEXT((#2180))
GLOBAL_UNIT_ASSIGNED_CONTEXT((#2183,#2182,#2181))
REPRESENTATION_CONTEXT('jack 3.5mm','TOP_LEVEL_ASSEMBLY_PART')
);
#2180=UNCERTAINTY_MEASURE_WITH_UNIT(LENGTH_MEASURE(2.E-5),#2183,
'DISTANCE_ACCURACY_VALUE','Maximum Tolerance applied to model');
#2181=(
NAMED_UNIT(*)
SI_UNIT($,.STERADIAN.)
SOLID_ANGLE_UNIT()
);
#2182=(
NAMED_UNIT(*)
PLANE_ANGLE_UNIT()
SI_UNIT($,.RADIAN.)
);
#2183=(
LENGTH_UNIT()
NAMED_UNIT(*)
SI_UNIT($,.METRE.)
);
#2184=PRODUCT_DEFINITION_SHAPE('','',#2185);
#2185=PRODUCT_DEFINITION('','',#2187,#2186);
#2186=PRODUCT_DEFINITION_CONTEXT('',#2193,'design');
#2187=PRODUCT_DEFINITION_FORMATION_WITH_SPECIFIED_SOURCE('','',#2189,
 .NOT_KNOWN.);
#2188=PRODUCT_RELATED_PRODUCT_CATEGORY('','',(#2189));
#2189=PRODUCT('jack 3.5mm','jack 3.5mm','jack 3.5mm',(#2191));
#2190=PRODUCT_CATEGORY('','');
#2191=PRODUCT_CONTEXT('',#2193,'mechanical');
#2192=APPLICATION_PROTOCOL_DEFINITION('international standard',
'ap242_managed_model_based_3d_engineering',2020,#2193);
#2193=APPLICATION_CONTEXT('managed model based 3d engineering');
ENDSEC;
END-ISO-10303-21;
