ISO-10303-21;
HEADER;
/* Generated by software containing ST-Developer
 * from STEP Tools, Inc. (www.steptools.com) 
 */
/* OPTION: using custom renumber hook */

FILE_DESCRIPTION(
/* description */ ('STEP AP242 Edition 2',
'CAx-IF Rec.Pracs.---Representation and Presentation of Product Manufa
cturing Information (PMI)---4.0---2014-10-13',
'CAx-IF Rec.Pracs.---3D Tessellated Geometry---0.4---2014-09-14','2;1',
'CAx-IF Rec.Pracs.---User Defined Attributes---1.5---2016-08-15'),
/* implementation_level */ '2;1');

FILE_NAME(
/* name */ '693d861def6a6e629e03ecb1',
/* time_stamp */ '2025-12-13T15:28:30Z',
/* author */ (''),
/* organization */ (''),
/* preprocessor_version */ 'ST-DEVELOPER v20',
/* originating_system */ 'ONSHAPE BY PTC INC, 1.208',
/* authorisation */ '  ');

FILE_SCHEMA (('AP242_MANAGED_MODEL_BASED_3D_ENGINEERING_MIM_LF { 1 0 10303 442 3 1 4 }'));
ENDSEC;

DATA;
#10=CONTEXT_DEPENDENT_SHAPE_REPRESENTATION(#14,#5087);
#11=CONTEXT_DEPENDENT_SHAPE_REPRESENTATION(#15,#5089);
#12=NEXT_ASSEMBLY_USAGE_OCCURRENCE('NAUO1','Spade Crimp_4.8mm',
'Spade Crimp_4.8mm',#5090,#5091,'');
#13=NEXT_ASSEMBLY_USAGE_OCCURRENCE('NAUO2','spade','spade',#5090,#5092,
'');
#14=(
REPRESENTATION_RELATIONSHIP(' ',' ',#2783,#2782)
REPRESENTATION_RELATIONSHIP_WITH_TRANSFORMATION(#16)
SHAPE_REPRESENTATION_RELATIONSHIP()
);
#15=(
REPRESENTATION_RELATIONSHIP(' ',' ',#2784,#2782)
REPRESENTATION_RELATIONSHIP_WITH_TRANSFORMATION(#17)
SHAPE_REPRESENTATION_RELATIONSHIP()
);
#16=ITEM_DEFINED_TRANSFORMATION(' ',' ',#2785,#3037);
#17=ITEM_DEFINED_TRANSFORMATION(' ',' ',#2785,#3067);
#18=SHAPE_REPRESENTATION_RELATIONSHIP('','',#2783,#20);
#19=SHAPE_REPRESENTATION_RELATIONSHIP('','',#2784,#21);
#20=ADVANCED_BREP_SHAPE_REPRESENTATION('',(#2777),#5077);
#21=ADVANCED_BREP_SHAPE_REPRESENTATION('',(#2778),#5078);
#22=TOROIDAL_SURFACE('',#2851,0.001019444444444,0.00015);
#23=TOROIDAL_SURFACE('',#2865,0.001019444444444,0.00035);
#24=TOROIDAL_SURFACE('',#2870,0.001216666666667,0.00035);
#25=TOROIDAL_SURFACE('',#2893,0.001216666666667,0.00015);
#26=TOROIDAL_SURFACE('',#2923,0.001019444444444,0.00015);
#27=TOROIDAL_SURFACE('',#2927,0.001216666666667,0.00015);
#28=TOROIDAL_SURFACE('',#2932,0.000749461534431,0.00015);
#29=TOROIDAL_SURFACE('',#2937,0.00075,0.00015);
#30=TOROIDAL_SURFACE('',#2952,0.00075,0.00015);
#31=TOROIDAL_SURFACE('',#2957,0.000749461534431,0.00015);
#32=TOROIDAL_SURFACE('',#2982,0.000749461534431,0.00035);
#33=TOROIDAL_SURFACE('',#2986,0.00075,0.00035);
#34=TOROIDAL_SURFACE('',#2992,0.00075,0.00035);
#35=TOROIDAL_SURFACE('',#2997,0.000749461534431,0.00035);
#36=TOROIDAL_SURFACE('',#2998,0.001216666666667,0.00035);
#37=TOROIDAL_SURFACE('',#3002,0.001019444444444,0.00035);
#38=B_SPLINE_CURVE_WITH_KNOTS('',6,(#3998,#3999,#4000,#4001,#4002,#4003,
#4004,#4005,#4006,#4007,#4008,#4009,#4010,#4011,#4012,#4013,#4014,#4015,
#4016,#4017,#4018,#4019,#4020,#4021,#4022,#4023,#4024,#4025,#4026,#4027,
#4028,#4029),.UNSPECIFIED.,.F.,.F.,(7,5,5,5,5,5,7),(0.,0.177281578953,0.263613987784,
0.331660531783,0.551588791178,0.776238959569,1.),.UNSPECIFIED.);
#39=B_SPLINE_CURVE_WITH_KNOTS('',6,(#4033,#4034,#4035,#4036,#4037,#4038,
#4039,#4040,#4041,#4042,#4043,#4044,#4045,#4046,#4047,#4048,#4049,#4050,
#4051,#4052,#4053,#4054,#4055,#4056,#4057,#4058,#4059,#4060,#4061,#4062,
#4063,#4064),.UNSPECIFIED.,.F.,.F.,(7,5,5,5,5,5,7),(0.,0.177281546141,0.26361394926,
0.331660496819,0.55158876772,0.776238947863,1.),.UNSPECIFIED.);
#40=B_SPLINE_CURVE_WITH_KNOTS('',6,(#4068,#4069,#4070,#4071,#4072,#4073,
#4074,#4075,#4076,#4077,#4078,#4079,#4080,#4081,#4082,#4083,#4084,#4085,
#4086,#4087,#4088,#4089,#4090,#4091,#4092,#4093,#4094,#4095,#4096,#4097,
#4098,#4099),.UNSPECIFIED.,.F.,.F.,(7,5,5,5,5,5,7),(0.,0.21982523059,0.447099903888,
0.668037839522,0.735408421223,0.823955721903,1.),.UNSPECIFIED.);
#41=B_SPLINE_CURVE_WITH_KNOTS('',6,(#4105,#4106,#4107,#4108,#4109,#4110,
#4111,#4112,#4113,#4114,#4115,#4116,#4117,#4118,#4119,#4120,#4121,#4122,
#4123,#4124,#4125,#4126,#4127,#4128,#4129,#4130,#4131,#4132,#4133,#4134,
#4135,#4136),.UNSPECIFIED.,.F.,.F.,(7,5,5,5,5,5,7),(0.,0.219825218304,0.447099878897,
0.66803780217,0.735408380104,0.823955687054,1.),.UNSPECIFIED.);
#42=B_SPLINE_CURVE_WITH_KNOTS('',6,(#4186,#4187,#4188,#4189,#4190,#4191,
#4192,#4193,#4194,#4195,#4196,#4197,#4198,#4199,#4200,#4201,#4202),
 .UNSPECIFIED.,.F.,.F.,(7,5,5,7),(0.,0.31149195987,0.783834720103,1.),
 .UNSPECIFIED.);
#43=B_SPLINE_CURVE_WITH_KNOTS('',6,(#4204,#4205,#4206,#4207,#4208,#4209,
#4210,#4211,#4212,#4213,#4214,#4215,#4216,#4217,#4218,#4219,#4220),
 .UNSPECIFIED.,.F.,.F.,(7,5,5,7),(0.,0.216163296267,0.688389858154,1.),
 .UNSPECIFIED.);
#44=B_SPLINE_CURVE_WITH_KNOTS('',6,(#4228,#4229,#4230,#4231,#4232,#4233,
#4234,#4235,#4236,#4237,#4238,#4239,#4240,#4241,#4242,#4243,#4244),
 .UNSPECIFIED.,.F.,.F.,(7,5,5,7),(0.,0.31149195987,0.783834720103,1.),
 .UNSPECIFIED.);
#45=B_SPLINE_CURVE_WITH_KNOTS('',6,(#4246,#4247,#4248,#4249,#4250,#4251,
#4252,#4253,#4254,#4255,#4256,#4257,#4258,#4259,#4260,#4261,#4262),
 .UNSPECIFIED.,.F.,.F.,(7,5,5,7),(0.,0.216163296267,0.688389858154,1.),
 .UNSPECIFIED.);
#46=B_SPLINE_CURVE_WITH_KNOTS('',6,(#4276,#4277,#4278,#4279,#4280,#4281,
#4282,#4283,#4284,#4285,#4286,#4287,#4288,#4289,#4290,#4291,#4292),
 .UNSPECIFIED.,.F.,.F.,(7,5,5,7),(0.,0.311491985428,0.783834761128,1.),
 .UNSPECIFIED.);
#47=B_SPLINE_CURVE_WITH_KNOTS('',6,(#4338,#4339,#4340,#4341,#4342,#4343,
#4344,#4345,#4346,#4347,#4348,#4349,#4350,#4351,#4352,#4353,#4354,#4355,
#4356,#4357,#4358,#4359,#4360,#4361,#4362,#4363,#4364,#4365,#4366,#4367,
#4368,#4369),.UNSPECIFIED.,.F.,.F.,(7,5,5,5,5,5,7),(0.,0.17728155376,0.263613961819,
0.331660513594,0.551588799208,0.776238976589,1.),.UNSPECIFIED.);
#48=B_SPLINE_CURVE_WITH_KNOTS('',6,(#4378,#4379,#4380,#4381,#4382,#4383,
#4384,#4385,#4386,#4387,#4388,#4389,#4390,#4391,#4392,#4393,#4394),
 .UNSPECIFIED.,.F.,.F.,(7,5,5,7),(0.,0.216163290332,0.688389839253,1.),
 .UNSPECIFIED.);
#49=B_SPLINE_CURVE_WITH_KNOTS('',6,(#4397,#4398,#4399,#4400,#4401,#4402,
#4403,#4404,#4405,#4406,#4407,#4408,#4409,#4410,#4411,#4412,#4413,#4414,
#4415,#4416,#4417,#4418,#4419,#4420,#4421,#4422,#4423,#4424,#4425,#4426,
#4427,#4428),.UNSPECIFIED.,.F.,.F.,(7,5,5,5,5,5,7),(0.,0.219825225605,0.447099893748,
0.668037824369,0.735408404542,0.823955703187,1.),.UNSPECIFIED.);
#50=B_SPLINE_CURVE_WITH_KNOTS('',6,(#4434,#4435,#4436,#4437,#4438,#4439,
#4440,#4441,#4442,#4443,#4444,#4445,#4446,#4447,#4448,#4449,#4450),
 .UNSPECIFIED.,.F.,.F.,(7,5,5,7),(0.,0.311491979102,0.783834743488,1.),
 .UNSPECIFIED.);
#51=B_SPLINE_CURVE_WITH_KNOTS('',6,(#4451,#4452,#4453,#4454,#4455,#4456,
#4457,#4458,#4459,#4460,#4461,#4462,#4463,#4464,#4465,#4466,#4467),
 .UNSPECIFIED.,.F.,.F.,(7,5,5,7),(0.,0.216163293998,0.688389850927,1.),
 .UNSPECIFIED.);
#52=B_SPLINE_CURVE_WITH_KNOTS('',6,(#4470,#4471,#4472,#4473,#4474,#4475,
#4476,#4477,#4478,#4479,#4480,#4481,#4482,#4483,#4484,#4485,#4486,#4487,
#4488,#4489,#4490,#4491,#4492,#4493,#4494,#4495,#4496,#4497,#4498,#4499,
#4500,#4501),.UNSPECIFIED.,.F.,.F.,(7,5,5,5,5,5,7),(0.,0.219825228768,0.44709990018,
0.668037833972,0.735408415113,0.823955715091,1.),.UNSPECIFIED.);
#53=B_SPLINE_CURVE_WITH_KNOTS('',6,(#4503,#4504,#4505,#4506,#4507,#4508,
#4509,#4510,#4511,#4512,#4513,#4514,#4515,#4516,#4517,#4518,#4519,#4520,
#4521,#4522,#4523,#4524,#4525,#4526,#4527,#4528,#4529,#4530,#4531,#4532,
#4533,#4534),.UNSPECIFIED.,.F.,.F.,(7,5,5,5,5,5,7),(0.,0.177281556614,0.263613965394,
0.331660517629,0.551588764029,0.776238950557,1.),.UNSPECIFIED.);
#54=CYLINDRICAL_SURFACE('',#2789,0.001);
#55=CYLINDRICAL_SURFACE('',#2794,0.0008);
#56=CYLINDRICAL_SURFACE('',#2810,0.001169444444444);
#57=CYLINDRICAL_SURFACE('',#2812,0.00015);
#58=CYLINDRICAL_SURFACE('',#2813,0.00015);
#59=CYLINDRICAL_SURFACE('',#2814,0.00015);
#60=CYLINDRICAL_SURFACE('',#2816,0.001369444444444);
#61=CYLINDRICAL_SURFACE('',#2819,0.000866666666667);
#62=CYLINDRICAL_SURFACE('',#2826,0.001066666666667);
#63=CYLINDRICAL_SURFACE('',#2829,0.00035);
#64=CYLINDRICAL_SURFACE('',#2831,0.00035);
#65=CYLINDRICAL_SURFACE('',#2834,0.00035);
#66=CYLINDRICAL_SURFACE('',#2838,0.00035);
#67=CYLINDRICAL_SURFACE('',#2841,0.001);
#68=CYLINDRICAL_SURFACE('',#2846,0.0008);
#69=CYLINDRICAL_SURFACE('',#2849,0.00015);
#70=CYLINDRICAL_SURFACE('',#2854,0.00025);
#71=CYLINDRICAL_SURFACE('',#2855,0.00025);
#72=CYLINDRICAL_SURFACE('',#2868,0.00035);
#73=CYLINDRICAL_SURFACE('',#2874,0.00065);
#74=CYLINDRICAL_SURFACE('',#2876,0.00065);
#75=CYLINDRICAL_SURFACE('',#2885,0.00045);
#76=CYLINDRICAL_SURFACE('',#2890,0.00045);
#77=CYLINDRICAL_SURFACE('',#2896,0.00015);
#78=CYLINDRICAL_SURFACE('',#2912,0.001369444444444);
#79=CYLINDRICAL_SURFACE('',#2915,0.00035);
#80=CYLINDRICAL_SURFACE('',#2916,0.00035);
#81=CYLINDRICAL_SURFACE('',#2918,0.001169444444444);
#82=CYLINDRICAL_SURFACE('',#2920,0.00015);
#83=CYLINDRICAL_SURFACE('',#2921,0.00015);
#84=CYLINDRICAL_SURFACE('',#2925,0.00015);
#85=CYLINDRICAL_SURFACE('',#2930,0.00015);
#86=CYLINDRICAL_SURFACE('',#2935,0.00015);
#87=CYLINDRICAL_SURFACE('',#2940,0.00015);
#88=CYLINDRICAL_SURFACE('',#2950,0.00015);
#89=CYLINDRICAL_SURFACE('',#2955,0.00015);
#90=CYLINDRICAL_SURFACE('',#2960,0.00015);
#91=CYLINDRICAL_SURFACE('',#2961,0.00035);
#92=CYLINDRICAL_SURFACE('',#2964,0.000399461534431);
#93=CYLINDRICAL_SURFACE('',#2967,0.00035);
#94=CYLINDRICAL_SURFACE('',#2970,0.000866666666667);
#95=CYLINDRICAL_SURFACE('',#2972,0.000399461534431);
#96=CYLINDRICAL_SURFACE('',#2976,0.001066666666667);
#97=CYLINDRICAL_SURFACE('',#2978,0.000599461534431);
#98=CYLINDRICAL_SURFACE('',#2980,0.000599461534431);
#99=CYLINDRICAL_SURFACE('',#2984,0.00035);
#100=CYLINDRICAL_SURFACE('',#2989,0.00035);
#101=CYLINDRICAL_SURFACE('',#2990,0.00035);
#102=CYLINDRICAL_SURFACE('',#2995,0.00035);
#103=CYLINDRICAL_SURFACE('',#3000,0.00035);
#104=CYLINDRICAL_SURFACE('',#3004,0.0009);
#105=CYLINDRICAL_SURFACE('',#3007,0.00079);
#106=CYLINDRICAL_SURFACE('',#3011,0.00079);
#107=CYLINDRICAL_SURFACE('',#3016,0.00059);
#108=CYLINDRICAL_SURFACE('',#3019,0.00059);
#109=CYLINDRICAL_SURFACE('',#3024,0.0009);
#110=CYLINDRICAL_SURFACE('',#3033,0.0011);
#111=CYLINDRICAL_SURFACE('',#3034,0.0011);
#112=CYLINDRICAL_SURFACE('',#3039,0.0005715);
#113=CYLINDRICAL_SURFACE('',#3053,0.0005715);
#114=CYLINDRICAL_SURFACE('',#3060,0.0006985);
#115=LINE('',#3898,#374);
#116=LINE('',#3900,#375);
#117=LINE('',#3902,#376);
#118=LINE('',#3906,#377);
#119=LINE('',#3908,#378);
#120=LINE('',#3910,#379);
#121=LINE('',#3915,#380);
#122=LINE('',#3916,#381);
#123=LINE('',#3918,#382);
#124=LINE('',#3920,#383);
#125=LINE('',#3922,#384);
#126=LINE('',#3924,#385);
#127=LINE('',#3926,#386);
#128=LINE('',#3928,#387);
#129=LINE('',#3930,#388);
#130=LINE('',#3934,#389);
#131=LINE('',#3936,#390);
#132=LINE('',#3938,#391);
#133=LINE('',#3940,#392);
#134=LINE('',#3942,#393);
#135=LINE('',#3948,#394);
#136=LINE('',#3952,#395);
#137=LINE('',#3956,#396);
#138=LINE('',#3958,#397);
#139=LINE('',#3961,#398);
#140=LINE('',#3963,#399);
#141=LINE('',#3965,#400);
#142=LINE('',#3966,#401);
#143=LINE('',#3970,#402);
#144=LINE('',#3974,#403);
#145=LINE('',#3978,#404);
#146=LINE('',#3980,#405);
#147=LINE('',#3982,#406);
#148=LINE('',#3986,#407);
#149=LINE('',#3990,#408);
#150=LINE('',#3994,#409);
#151=LINE('',#4031,#410);
#152=LINE('',#4066,#411);
#153=LINE('',#4103,#412);
#154=LINE('',#4140,#413);
#155=LINE('',#4142,#414);
#156=LINE('',#4144,#415);
#157=LINE('',#4148,#416);
#158=LINE('',#4153,#417);
#159=LINE('',#4155,#418);
#160=LINE('',#4157,#419);
#161=LINE('',#4161,#420);
#162=LINE('',#4163,#421);
#163=LINE('',#4165,#422);
#164=LINE('',#4169,#423);
#165=LINE('',#4170,#424);
#166=LINE('',#4177,#425);
#167=LINE('',#4178,#426);
#168=LINE('',#4180,#427);
#169=LINE('',#4182,#428);
#170=LINE('',#4224,#429);
#171=LINE('',#4266,#430);
#172=LINE('',#4270,#431);
#173=LINE('',#4272,#432);
#174=LINE('',#4274,#433);
#175=LINE('',#4296,#434);
#176=LINE('',#4298,#435);
#177=LINE('',#4300,#436);
#178=LINE('',#4302,#437);
#179=LINE('',#4304,#438);
#180=LINE('',#4306,#439);
#181=LINE('',#4310,#440);
#182=LINE('',#4312,#441);
#183=LINE('',#4314,#442);
#184=LINE('',#4316,#443);
#185=LINE('',#4318,#444);
#186=LINE('',#4320,#445);
#187=LINE('',#4322,#446);
#188=LINE('',#4326,#447);
#189=LINE('',#4328,#448);
#190=LINE('',#4330,#449);
#191=LINE('',#4332,#450);
#192=LINE('',#4334,#451);
#193=LINE('',#4336,#452);
#194=LINE('',#4371,#453);
#195=LINE('',#4377,#454);
#196=LINE('',#4396,#455);
#197=LINE('',#4430,#456);
#198=LINE('',#4432,#457);
#199=LINE('',#4469,#458);
#200=LINE('',#4536,#459);
#201=LINE('',#4537,#460);
#202=LINE('',#4539,#461);
#203=LINE('',#4541,#462);
#204=LINE('',#4543,#463);
#205=LINE('',#4547,#464);
#206=LINE('',#4551,#465);
#207=LINE('',#4555,#466);
#208=LINE('',#4557,#467);
#209=LINE('',#4559,#468);
#210=LINE('',#4563,#469);
#211=LINE('',#4567,#470);
#212=LINE('',#4571,#471);
#213=LINE('',#4579,#472);
#214=LINE('',#4587,#473);
#215=LINE('',#4589,#474);
#216=LINE('',#4591,#475);
#217=LINE('',#4593,#476);
#218=LINE('',#4597,#477);
#219=LINE('',#4601,#478);
#220=LINE('',#4603,#479);
#221=LINE('',#4605,#480);
#222=LINE('',#4607,#481);
#223=LINE('',#4609,#482);
#224=LINE('',#4613,#483);
#225=LINE('',#4618,#484);
#226=LINE('',#4621,#485);
#227=LINE('',#4623,#486);
#228=LINE('',#4626,#487);
#229=LINE('',#4628,#488);
#230=LINE('',#4630,#489);
#231=LINE('',#4631,#490);
#232=LINE('',#4635,#491);
#233=LINE('',#4637,#492);
#234=LINE('',#4639,#493);
#235=LINE('',#4641,#494);
#236=LINE('',#4643,#495);
#237=LINE('',#4645,#496);
#238=LINE('',#4647,#497);
#239=LINE('',#4651,#498);
#240=LINE('',#4653,#499);
#241=LINE('',#4655,#500);
#242=LINE('',#4657,#501);
#243=LINE('',#4664,#502);
#244=LINE('',#4668,#503);
#245=LINE('',#4670,#504);
#246=LINE('',#4674,#505);
#247=LINE('',#4676,#506);
#248=LINE('',#4680,#507);
#249=LINE('',#4684,#508);
#250=LINE('',#4688,#509);
#251=LINE('',#4692,#510);
#252=LINE('',#4694,#511);
#253=LINE('',#4696,#512);
#254=LINE('',#4700,#513);
#255=LINE('',#4704,#514);
#256=LINE('',#4708,#515);
#257=LINE('',#4718,#516);
#258=LINE('',#4727,#517);
#259=LINE('',#4740,#518);
#260=LINE('',#4748,#519);
#261=LINE('',#4753,#520);
#262=LINE('',#4758,#521);
#263=LINE('',#4762,#522);
#264=LINE('',#4764,#523);
#265=LINE('',#4766,#524);
#266=LINE('',#4770,#525);
#267=LINE('',#4773,#526);
#268=LINE('',#4777,#527);
#269=LINE('',#4779,#528);
#270=LINE('',#4781,#529);
#271=LINE('',#4785,#530);
#272=LINE('',#4793,#531);
#273=LINE('',#4801,#532);
#274=LINE('',#4802,#533);
#275=LINE('',#4806,#534);
#276=LINE('',#4815,#535);
#277=LINE('',#4819,#536);
#278=LINE('',#4823,#537);
#279=LINE('',#4826,#538);
#280=LINE('',#4828,#539);
#281=LINE('',#4834,#540);
#282=LINE('',#4838,#541);
#283=LINE('',#4846,#542);
#284=LINE('',#4848,#543);
#285=LINE('',#4857,#544);
#286=LINE('',#4865,#545);
#287=LINE('',#4867,#546);
#288=LINE('',#4869,#547);
#289=LINE('',#4873,#548);
#290=LINE('',#4875,#549);
#291=LINE('',#4877,#550);
#292=LINE('',#4879,#551);
#293=LINE('',#4883,#552);
#294=LINE('',#4885,#553);
#295=LINE('',#4887,#554);
#296=LINE('',#4889,#555);
#297=LINE('',#4891,#556);
#298=LINE('',#4893,#557);
#299=LINE('',#4897,#558);
#300=LINE('',#4899,#559);
#301=LINE('',#4901,#560);
#302=LINE('',#4903,#561);
#303=LINE('',#4905,#562);
#304=LINE('',#4907,#563);
#305=LINE('',#4911,#564);
#306=LINE('',#4913,#565);
#307=LINE('',#4915,#566);
#308=LINE('',#4919,#567);
#309=LINE('',#4921,#568);
#310=LINE('',#4923,#569);
#311=LINE('',#4925,#570);
#312=LINE('',#4927,#571);
#313=LINE('',#4929,#572);
#314=LINE('',#4931,#573);
#315=LINE('',#4935,#574);
#316=LINE('',#4937,#575);
#317=LINE('',#4940,#576);
#318=LINE('',#4942,#577);
#319=LINE('',#4945,#578);
#320=LINE('',#4947,#579);
#321=LINE('',#4949,#580);
#322=LINE('',#4956,#581);
#323=LINE('',#4959,#582);
#324=LINE('',#4961,#583);
#325=LINE('',#4963,#584);
#326=LINE('',#4967,#585);
#327=LINE('',#4971,#586);
#328=LINE('',#4973,#587);
#329=LINE('',#4975,#588);
#330=LINE('',#4977,#589);
#331=LINE('',#4979,#590);
#332=LINE('',#4981,#591);
#333=LINE('',#4983,#592);
#334=LINE('',#4985,#593);
#335=LINE('',#4987,#594);
#336=LINE('',#4989,#595);
#337=LINE('',#4991,#596);
#338=LINE('',#4993,#597);
#339=LINE('',#4995,#598);
#340=LINE('',#4998,#599);
#341=LINE('',#4999,#600);
#342=LINE('',#5001,#601);
#343=LINE('',#5004,#602);
#344=LINE('',#5005,#603);
#345=LINE('',#5007,#604);
#346=LINE('',#5010,#605);
#347=LINE('',#5011,#606);
#348=LINE('',#5013,#607);
#349=LINE('',#5015,#608);
#350=LINE('',#5017,#609);
#351=LINE('',#5019,#610);
#352=LINE('',#5021,#611);
#353=LINE('',#5023,#612);
#354=LINE('',#5025,#613);
#355=LINE('',#5027,#614);
#356=LINE('',#5029,#615);
#357=LINE('',#5031,#616);
#358=LINE('',#5033,#617);
#359=LINE('',#5035,#618);
#360=LINE('',#5039,#619);
#361=LINE('',#5043,#620);
#362=LINE('',#5045,#621);
#363=LINE('',#5047,#622);
#364=LINE('',#5049,#623);
#365=LINE('',#5051,#624);
#366=LINE('',#5053,#625);
#367=LINE('',#5055,#626);
#368=LINE('',#5057,#627);
#369=LINE('',#5059,#628);
#370=LINE('',#5061,#629);
#371=LINE('',#5062,#630);
#372=LINE('',#5069,#631);
#373=LINE('',#5071,#632);
#374=VECTOR('',#3074,1.);
#375=VECTOR('',#3075,1.);
#376=VECTOR('',#3076,1.);
#377=VECTOR('',#3079,1.);
#378=VECTOR('',#3080,1.);
#379=VECTOR('',#3081,1.);
#380=VECTOR('',#3086,1.);
#381=VECTOR('',#3087,1.);
#382=VECTOR('',#3090,1.);
#383=VECTOR('',#3091,1.);
#384=VECTOR('',#3094,1.);
#385=VECTOR('',#3095,1.);
#386=VECTOR('',#3098,1.);
#387=VECTOR('',#3099,1.);
#388=VECTOR('',#3102,1.);
#389=VECTOR('',#3107,1.);
#390=VECTOR('',#3108,1.);
#391=VECTOR('',#3109,1.);
#392=VECTOR('',#3110,1.);
#393=VECTOR('',#3111,1.);
#394=VECTOR('',#3118,1.);
#395=VECTOR('',#3121,1.);
#396=VECTOR('',#3124,1.);
#397=VECTOR('',#3127,1.);
#398=VECTOR('',#3128,1.);
#399=VECTOR('',#3129,1.);
#400=VECTOR('',#3130,1.);
#401=VECTOR('',#3131,1.);
#402=VECTOR('',#3136,1.);
#403=VECTOR('',#3139,1.);
#404=VECTOR('',#3142,1.);
#405=VECTOR('',#3143,1.);
#406=VECTOR('',#3144,1.);
#407=VECTOR('',#3147,1.);
#408=VECTOR('',#3150,1.);
#409=VECTOR('',#3155,1.);
#410=VECTOR('',#3160,1.);
#411=VECTOR('',#3163,1.);
#412=VECTOR('',#3168,1.);
#413=VECTOR('',#3173,1.);
#414=VECTOR('',#3176,1.);
#415=VECTOR('',#3177,1.);
#416=VECTOR('',#3182,1.);
#417=VECTOR('',#3187,1.);
#418=VECTOR('',#3188,1.);
#419=VECTOR('',#3189,1.);
#420=VECTOR('',#3192,1.);
#421=VECTOR('',#3193,1.);
#422=VECTOR('',#3194,1.);
#423=VECTOR('',#3197,1.);
#424=VECTOR('',#3198,1.);
#425=VECTOR('',#3205,1.);
#426=VECTOR('',#3206,1.);
#427=VECTOR('',#3209,1.);
#428=VECTOR('',#3212,1.);
#429=VECTOR('',#3219,1.);
#430=VECTOR('',#3226,1.);
#431=VECTOR('',#3231,1.);
#432=VECTOR('',#3232,1.);
#433=VECTOR('',#3235,1.);
#434=VECTOR('',#3240,1.);
#435=VECTOR('',#3241,1.);
#436=VECTOR('',#3242,1.);
#437=VECTOR('',#3243,1.);
#438=VECTOR('',#3244,1.);
#439=VECTOR('',#3247,1.);
#440=VECTOR('',#3252,1.);
#441=VECTOR('',#3253,1.);
#442=VECTOR('',#3256,1.);
#443=VECTOR('',#3257,1.);
#444=VECTOR('',#3260,1.);
#445=VECTOR('',#3261,1.);
#446=VECTOR('',#3264,1.);
#447=VECTOR('',#3269,1.);
#448=VECTOR('',#3270,1.);
#449=VECTOR('',#3271,1.);
#450=VECTOR('',#3272,1.);
#451=VECTOR('',#3273,1.);
#452=VECTOR('',#3276,1.);
#453=VECTOR('',#3279,1.);
#454=VECTOR('',#3288,1.);
#455=VECTOR('',#3289,1.);
#456=VECTOR('',#3290,1.);
#457=VECTOR('',#3293,1.);
#458=VECTOR('',#3294,1.);
#459=VECTOR('',#3295,1.);
#460=VECTOR('',#3296,1.);
#461=VECTOR('',#3299,1.);
#462=VECTOR('',#3302,1.);
#463=VECTOR('',#3303,1.);
#464=VECTOR('',#3306,1.);
#465=VECTOR('',#3309,1.);
#466=VECTOR('',#3312,1.);
#467=VECTOR('',#3313,1.);
#468=VECTOR('',#3314,1.);
#469=VECTOR('',#3317,1.);
#470=VECTOR('',#3320,1.);
#471=VECTOR('',#3323,1.);
#472=VECTOR('',#3334,1.);
#473=VECTOR('',#3345,1.);
#474=VECTOR('',#3346,1.);
#475=VECTOR('',#3347,1.);
#476=VECTOR('',#3348,1.);
#477=VECTOR('',#3353,1.);
#478=VECTOR('',#3358,1.);
#479=VECTOR('',#3361,1.);
#480=VECTOR('',#3362,1.);
#481=VECTOR('',#3363,1.);
#482=VECTOR('',#3364,1.);
#483=VECTOR('',#3369,1.);
#484=VECTOR('',#3374,1.);
#485=VECTOR('',#3377,1.);
#486=VECTOR('',#3380,1.);
#487=VECTOR('',#3381,1.);
#488=VECTOR('',#3382,1.);
#489=VECTOR('',#3383,1.);
#490=VECTOR('',#3384,1.);
#491=VECTOR('',#3389,1.);
#492=VECTOR('',#3392,1.);
#493=VECTOR('',#3393,1.);
#494=VECTOR('',#3396,1.);
#495=VECTOR('',#3397,1.);
#496=VECTOR('',#3400,1.);
#497=VECTOR('',#3401,1.);
#498=VECTOR('',#3406,1.);
#499=VECTOR('',#3409,1.);
#500=VECTOR('',#3410,1.);
#501=VECTOR('',#3411,1.);
#502=VECTOR('',#3424,1.);
#503=VECTOR('',#3429,1.);
#504=VECTOR('',#3430,1.);
#505=VECTOR('',#3437,1.);
#506=VECTOR('',#3438,1.);
#507=VECTOR('',#3441,1.);
#508=VECTOR('',#3444,1.);
#509=VECTOR('',#3447,1.);
#510=VECTOR('',#3450,1.);
#511=VECTOR('',#3451,1.);
#512=VECTOR('',#3452,1.);
#513=VECTOR('',#3455,1.);
#514=VECTOR('',#3458,1.);
#515=VECTOR('',#3465,1.);
#516=VECTOR('',#3480,1.);
#517=VECTOR('',#3495,1.);
#518=VECTOR('',#3516,1.);
#519=VECTOR('',#3527,1.);
#520=VECTOR('',#3532,1.);
#521=VECTOR('',#3537,1.);
#522=VECTOR('',#3540,1.);
#523=VECTOR('',#3541,1.);
#524=VECTOR('',#3542,1.);
#525=VECTOR('',#3545,1.);
#526=VECTOR('',#3548,1.);
#527=VECTOR('',#3551,1.);
#528=VECTOR('',#3552,1.);
#529=VECTOR('',#3553,1.);
#530=VECTOR('',#3558,1.);
#531=VECTOR('',#3569,1.);
#532=VECTOR('',#3584,1.);
#533=VECTOR('',#3585,1.);
#534=VECTOR('',#3590,1.);
#535=VECTOR('',#3603,1.);
#536=VECTOR('',#3608,1.);
#537=VECTOR('',#3613,1.);
#538=VECTOR('',#3618,1.);
#539=VECTOR('',#3621,1.);
#540=VECTOR('',#3628,1.);
#541=VECTOR('',#3635,1.);
#542=VECTOR('',#3646,1.);
#543=VECTOR('',#3649,1.);
#544=VECTOR('',#3662,1.);
#545=VECTOR('',#3677,1.);
#546=VECTOR('',#3678,1.);
#547=VECTOR('',#3681,1.);
#548=VECTOR('',#3686,1.);
#549=VECTOR('',#3687,1.);
#550=VECTOR('',#3690,1.);
#551=VECTOR('',#3691,1.);
#552=VECTOR('',#3696,1.);
#553=VECTOR('',#3697,1.);
#554=VECTOR('',#3700,1.);
#555=VECTOR('',#3701,1.);
#556=VECTOR('',#3702,1.);
#557=VECTOR('',#3705,1.);
#558=VECTOR('',#3710,1.);
#559=VECTOR('',#3711,1.);
#560=VECTOR('',#3714,1.);
#561=VECTOR('',#3715,1.);
#562=VECTOR('',#3718,1.);
#563=VECTOR('',#3719,1.);
#564=VECTOR('',#3726,1.);
#565=VECTOR('',#3727,1.);
#566=VECTOR('',#3728,1.);
#567=VECTOR('',#3733,1.);
#568=VECTOR('',#3736,1.);
#569=VECTOR('',#3737,1.);
#570=VECTOR('',#3740,1.);
#571=VECTOR('',#3741,1.);
#572=VECTOR('',#3744,1.);
#573=VECTOR('',#3747,1.);
#574=VECTOR('',#3752,1.);
#575=VECTOR('',#3755,1.);
#576=VECTOR('',#3758,1.);
#577=VECTOR('',#3761,1.);
#578=VECTOR('',#3764,1.);
#579=VECTOR('',#3767,1.);
#580=VECTOR('',#3770,1.);
#581=VECTOR('',#3783,1.);
#582=VECTOR('',#3784,1.);
#583=VECTOR('',#3785,1.);
#584=VECTOR('',#3786,1.);
#585=VECTOR('',#3791,1.);
#586=VECTOR('',#3796,1.);
#587=VECTOR('',#3797,1.);
#588=VECTOR('',#3798,1.);
#589=VECTOR('',#3801,1.);
#590=VECTOR('',#3802,1.);
#591=VECTOR('',#3803,1.);
#592=VECTOR('',#3806,1.);
#593=VECTOR('',#3807,1.);
#594=VECTOR('',#3808,1.);
#595=VECTOR('',#3811,1.);
#596=VECTOR('',#3812,1.);
#597=VECTOR('',#3813,1.);
#598=VECTOR('',#3816,1.);
#599=VECTOR('',#3817,1.);
#600=VECTOR('',#3818,1.);
#601=VECTOR('',#3821,1.);
#602=VECTOR('',#3822,1.);
#603=VECTOR('',#3823,1.);
#604=VECTOR('',#3826,1.);
#605=VECTOR('',#3827,1.);
#606=VECTOR('',#3828,1.);
#607=VECTOR('',#3831,1.);
#608=VECTOR('',#3832,1.);
#609=VECTOR('',#3833,1.);
#610=VECTOR('',#3836,1.);
#611=VECTOR('',#3837,1.);
#612=VECTOR('',#3838,1.);
#613=VECTOR('',#3841,1.);
#614=VECTOR('',#3842,1.);
#615=VECTOR('',#3843,1.);
#616=VECTOR('',#3846,1.);
#617=VECTOR('',#3847,1.);
#618=VECTOR('',#3848,1.);
#619=VECTOR('',#3853,1.);
#620=VECTOR('',#3858,1.);
#621=VECTOR('',#3859,1.);
#622=VECTOR('',#3860,1.);
#623=VECTOR('',#3863,1.);
#624=VECTOR('',#3864,1.);
#625=VECTOR('',#3865,1.);
#626=VECTOR('',#3868,1.);
#627=VECTOR('',#3869,1.);
#628=VECTOR('',#3870,1.);
#629=VECTOR('',#3873,1.);
#630=VECTOR('',#3874,1.);
#631=VECTOR('',#3883,1.);
#632=VECTOR('',#3886,1.);
#633=ORIENTED_EDGE('',*,*,#1435,.F.);
#634=ORIENTED_EDGE('',*,*,#1436,.T.);
#635=ORIENTED_EDGE('',*,*,#1437,.T.);
#636=ORIENTED_EDGE('',*,*,#1438,.T.);
#637=ORIENTED_EDGE('',*,*,#1439,.T.);
#638=ORIENTED_EDGE('',*,*,#1440,.F.);
#639=ORIENTED_EDGE('',*,*,#1441,.F.);
#640=ORIENTED_EDGE('',*,*,#1442,.F.);
#641=ORIENTED_EDGE('',*,*,#1443,.F.);
#642=ORIENTED_EDGE('',*,*,#1444,.T.);
#643=ORIENTED_EDGE('',*,*,#1435,.T.);
#644=ORIENTED_EDGE('',*,*,#1445,.F.);
#645=ORIENTED_EDGE('',*,*,#1446,.F.);
#646=ORIENTED_EDGE('',*,*,#1445,.T.);
#647=ORIENTED_EDGE('',*,*,#1442,.T.);
#648=ORIENTED_EDGE('',*,*,#1447,.F.);
#649=ORIENTED_EDGE('',*,*,#1448,.F.);
#650=ORIENTED_EDGE('',*,*,#1447,.T.);
#651=ORIENTED_EDGE('',*,*,#1441,.T.);
#652=ORIENTED_EDGE('',*,*,#1449,.F.);
#653=ORIENTED_EDGE('',*,*,#1450,.F.);
#654=ORIENTED_EDGE('',*,*,#1449,.T.);
#655=ORIENTED_EDGE('',*,*,#1440,.T.);
#656=ORIENTED_EDGE('',*,*,#1451,.F.);
#657=ORIENTED_EDGE('',*,*,#1451,.T.);
#658=ORIENTED_EDGE('',*,*,#1439,.F.);
#659=ORIENTED_EDGE('',*,*,#1452,.F.);
#660=ORIENTED_EDGE('',*,*,#1453,.T.);
#661=ORIENTED_EDGE('',*,*,#1452,.T.);
#662=ORIENTED_EDGE('',*,*,#1438,.F.);
#663=ORIENTED_EDGE('',*,*,#1454,.F.);
#664=ORIENTED_EDGE('',*,*,#1455,.F.);
#665=ORIENTED_EDGE('',*,*,#1456,.F.);
#666=ORIENTED_EDGE('',*,*,#1457,.F.);
#667=ORIENTED_EDGE('',*,*,#1458,.T.);
#668=ORIENTED_EDGE('',*,*,#1459,.F.);
#669=ORIENTED_EDGE('',*,*,#1437,.F.);
#670=ORIENTED_EDGE('',*,*,#1460,.T.);
#671=ORIENTED_EDGE('',*,*,#1461,.T.);
#672=ORIENTED_EDGE('',*,*,#1462,.T.);
#673=ORIENTED_EDGE('',*,*,#1463,.T.);
#674=ORIENTED_EDGE('',*,*,#1464,.F.);
#675=ORIENTED_EDGE('',*,*,#1465,.F.);
#676=ORIENTED_EDGE('',*,*,#1466,.T.);
#677=ORIENTED_EDGE('',*,*,#1467,.T.);
#678=ORIENTED_EDGE('',*,*,#1468,.T.);
#679=ORIENTED_EDGE('',*,*,#1469,.F.);
#680=ORIENTED_EDGE('',*,*,#1436,.F.);
#681=ORIENTED_EDGE('',*,*,#1444,.F.);
#682=ORIENTED_EDGE('',*,*,#1470,.T.);
#683=ORIENTED_EDGE('',*,*,#1446,.T.);
#684=ORIENTED_EDGE('',*,*,#1448,.T.);
#685=ORIENTED_EDGE('',*,*,#1450,.T.);
#686=ORIENTED_EDGE('',*,*,#1453,.F.);
#687=ORIENTED_EDGE('',*,*,#1458,.F.);
#688=ORIENTED_EDGE('',*,*,#1471,.F.);
#689=ORIENTED_EDGE('',*,*,#1472,.F.);
#690=ORIENTED_EDGE('',*,*,#1473,.F.);
#691=ORIENTED_EDGE('',*,*,#1474,.T.);
#692=ORIENTED_EDGE('',*,*,#1475,.F.);
#693=ORIENTED_EDGE('',*,*,#1476,.F.);
#694=ORIENTED_EDGE('',*,*,#1477,.F.);
#695=ORIENTED_EDGE('',*,*,#1478,.F.);
#696=ORIENTED_EDGE('',*,*,#1479,.T.);
#697=ORIENTED_EDGE('',*,*,#1480,.F.);
#698=ORIENTED_EDGE('',*,*,#1481,.T.);
#699=ORIENTED_EDGE('',*,*,#1482,.F.);
#700=ORIENTED_EDGE('',*,*,#1483,.T.);
#701=ORIENTED_EDGE('',*,*,#1470,.F.);
#702=ORIENTED_EDGE('',*,*,#1443,.T.);
#703=ORIENTED_EDGE('',*,*,#1454,.T.);
#704=ORIENTED_EDGE('',*,*,#1459,.T.);
#705=ORIENTED_EDGE('',*,*,#1484,.F.);
#706=ORIENTED_EDGE('',*,*,#1485,.F.);
#707=ORIENTED_EDGE('',*,*,#1457,.T.);
#708=ORIENTED_EDGE('',*,*,#1486,.T.);
#709=ORIENTED_EDGE('',*,*,#1487,.F.);
#710=ORIENTED_EDGE('',*,*,#1471,.T.);
#711=ORIENTED_EDGE('',*,*,#1488,.T.);
#712=ORIENTED_EDGE('',*,*,#1489,.F.);
#713=ORIENTED_EDGE('',*,*,#1490,.T.);
#714=ORIENTED_EDGE('',*,*,#1456,.T.);
#715=ORIENTED_EDGE('',*,*,#1491,.F.);
#716=ORIENTED_EDGE('',*,*,#1492,.F.);
#717=ORIENTED_EDGE('',*,*,#1493,.T.);
#718=ORIENTED_EDGE('',*,*,#1455,.T.);
#719=ORIENTED_EDGE('',*,*,#1460,.F.);
#720=ORIENTED_EDGE('',*,*,#1469,.T.);
#721=ORIENTED_EDGE('',*,*,#1494,.T.);
#722=ORIENTED_EDGE('',*,*,#1495,.T.);
#723=ORIENTED_EDGE('',*,*,#1461,.F.);
#724=ORIENTED_EDGE('',*,*,#1495,.F.);
#725=ORIENTED_EDGE('',*,*,#1496,.T.);
#726=ORIENTED_EDGE('',*,*,#1497,.F.);
#727=ORIENTED_EDGE('',*,*,#1497,.T.);
#728=ORIENTED_EDGE('',*,*,#1498,.T.);
#729=ORIENTED_EDGE('',*,*,#1499,.F.);
#730=ORIENTED_EDGE('',*,*,#1462,.F.);
#731=ORIENTED_EDGE('',*,*,#1500,.T.);
#732=ORIENTED_EDGE('',*,*,#1501,.F.);
#733=ORIENTED_EDGE('',*,*,#1502,.T.);
#734=ORIENTED_EDGE('',*,*,#1503,.T.);
#735=ORIENTED_EDGE('',*,*,#1504,.F.);
#736=ORIENTED_EDGE('',*,*,#1505,.F.);
#737=ORIENTED_EDGE('',*,*,#1506,.T.);
#738=ORIENTED_EDGE('',*,*,#1507,.T.);
#739=ORIENTED_EDGE('',*,*,#1508,.F.);
#740=ORIENTED_EDGE('',*,*,#1509,.F.);
#741=ORIENTED_EDGE('',*,*,#1463,.F.);
#742=ORIENTED_EDGE('',*,*,#1510,.F.);
#743=ORIENTED_EDGE('',*,*,#1511,.T.);
#744=ORIENTED_EDGE('',*,*,#1512,.F.);
#745=ORIENTED_EDGE('',*,*,#1513,.T.);
#746=ORIENTED_EDGE('',*,*,#1464,.T.);
#747=ORIENTED_EDGE('',*,*,#1514,.F.);
#748=ORIENTED_EDGE('',*,*,#1515,.F.);
#749=ORIENTED_EDGE('',*,*,#1484,.T.);
#750=ORIENTED_EDGE('',*,*,#1465,.T.);
#751=ORIENTED_EDGE('',*,*,#1513,.F.);
#752=ORIENTED_EDGE('',*,*,#1483,.F.);
#753=ORIENTED_EDGE('',*,*,#1516,.T.);
#754=ORIENTED_EDGE('',*,*,#1517,.T.);
#755=ORIENTED_EDGE('',*,*,#1518,.F.);
#756=ORIENTED_EDGE('',*,*,#1466,.F.);
#757=ORIENTED_EDGE('',*,*,#1467,.F.);
#758=ORIENTED_EDGE('',*,*,#1519,.F.);
#759=ORIENTED_EDGE('',*,*,#1520,.F.);
#760=ORIENTED_EDGE('',*,*,#1521,.T.);
#761=ORIENTED_EDGE('',*,*,#1522,.T.);
#762=ORIENTED_EDGE('',*,*,#1523,.F.);
#763=ORIENTED_EDGE('',*,*,#1468,.F.);
#764=ORIENTED_EDGE('',*,*,#1524,.F.);
#765=ORIENTED_EDGE('',*,*,#1525,.F.);
#766=ORIENTED_EDGE('',*,*,#1526,.T.);
#767=ORIENTED_EDGE('',*,*,#1527,.T.);
#768=ORIENTED_EDGE('',*,*,#1516,.F.);
#769=ORIENTED_EDGE('',*,*,#1482,.T.);
#770=ORIENTED_EDGE('',*,*,#1528,.T.);
#771=ORIENTED_EDGE('',*,*,#1529,.F.);
#772=ORIENTED_EDGE('',*,*,#1481,.F.);
#773=ORIENTED_EDGE('',*,*,#1530,.T.);
#774=ORIENTED_EDGE('',*,*,#1531,.T.);
#775=ORIENTED_EDGE('',*,*,#1532,.T.);
#776=ORIENTED_EDGE('',*,*,#1528,.F.);
#777=ORIENTED_EDGE('',*,*,#1533,.T.);
#778=ORIENTED_EDGE('',*,*,#1534,.F.);
#779=ORIENTED_EDGE('',*,*,#1535,.F.);
#780=ORIENTED_EDGE('',*,*,#1536,.F.);
#781=ORIENTED_EDGE('',*,*,#1537,.F.);
#782=ORIENTED_EDGE('',*,*,#1530,.F.);
#783=ORIENTED_EDGE('',*,*,#1480,.T.);
#784=ORIENTED_EDGE('',*,*,#1479,.F.);
#785=ORIENTED_EDGE('',*,*,#1538,.T.);
#786=ORIENTED_EDGE('',*,*,#1539,.T.);
#787=ORIENTED_EDGE('',*,*,#1533,.F.);
#788=ORIENTED_EDGE('',*,*,#1540,.T.);
#789=ORIENTED_EDGE('',*,*,#1541,.F.);
#790=ORIENTED_EDGE('',*,*,#1538,.F.);
#791=ORIENTED_EDGE('',*,*,#1478,.T.);
#792=ORIENTED_EDGE('',*,*,#1542,.T.);
#793=ORIENTED_EDGE('',*,*,#1543,.F.);
#794=ORIENTED_EDGE('',*,*,#1540,.F.);
#795=ORIENTED_EDGE('',*,*,#1477,.T.);
#796=ORIENTED_EDGE('',*,*,#1544,.T.);
#797=ORIENTED_EDGE('',*,*,#1545,.F.);
#798=ORIENTED_EDGE('',*,*,#1542,.F.);
#799=ORIENTED_EDGE('',*,*,#1476,.T.);
#800=ORIENTED_EDGE('',*,*,#1546,.T.);
#801=ORIENTED_EDGE('',*,*,#1547,.F.);
#802=ORIENTED_EDGE('',*,*,#1544,.F.);
#803=ORIENTED_EDGE('',*,*,#1475,.T.);
#804=ORIENTED_EDGE('',*,*,#1474,.F.);
#805=ORIENTED_EDGE('',*,*,#1548,.T.);
#806=ORIENTED_EDGE('',*,*,#1549,.T.);
#807=ORIENTED_EDGE('',*,*,#1550,.T.);
#808=ORIENTED_EDGE('',*,*,#1551,.T.);
#809=ORIENTED_EDGE('',*,*,#1552,.T.);
#810=ORIENTED_EDGE('',*,*,#1546,.F.);
#811=ORIENTED_EDGE('',*,*,#1553,.T.);
#812=ORIENTED_EDGE('',*,*,#1554,.F.);
#813=ORIENTED_EDGE('',*,*,#1548,.F.);
#814=ORIENTED_EDGE('',*,*,#1473,.T.);
#815=ORIENTED_EDGE('',*,*,#1553,.F.);
#816=ORIENTED_EDGE('',*,*,#1472,.T.);
#817=ORIENTED_EDGE('',*,*,#1487,.T.);
#818=ORIENTED_EDGE('',*,*,#1555,.F.);
#819=ORIENTED_EDGE('',*,*,#1491,.T.);
#820=ORIENTED_EDGE('',*,*,#1485,.T.);
#821=ORIENTED_EDGE('',*,*,#1556,.F.);
#822=ORIENTED_EDGE('',*,*,#1557,.F.);
#823=ORIENTED_EDGE('',*,*,#1518,.T.);
#824=ORIENTED_EDGE('',*,*,#1558,.T.);
#825=ORIENTED_EDGE('',*,*,#1531,.F.);
#826=ORIENTED_EDGE('',*,*,#1559,.F.);
#827=ORIENTED_EDGE('',*,*,#1560,.F.);
#828=ORIENTED_EDGE('',*,*,#1519,.T.);
#829=ORIENTED_EDGE('',*,*,#1561,.T.);
#830=ORIENTED_EDGE('',*,*,#1554,.T.);
#831=ORIENTED_EDGE('',*,*,#1555,.T.);
#832=ORIENTED_EDGE('',*,*,#1486,.F.);
#833=ORIENTED_EDGE('',*,*,#1490,.F.);
#834=ORIENTED_EDGE('',*,*,#1562,.F.);
#835=ORIENTED_EDGE('',*,*,#1523,.T.);
#836=ORIENTED_EDGE('',*,*,#1563,.T.);
#837=ORIENTED_EDGE('',*,*,#1564,.F.);
#838=ORIENTED_EDGE('',*,*,#1565,.F.);
#839=ORIENTED_EDGE('',*,*,#1566,.F.);
#840=ORIENTED_EDGE('',*,*,#1524,.T.);
#841=ORIENTED_EDGE('',*,*,#1567,.T.);
#842=ORIENTED_EDGE('',*,*,#1568,.T.);
#843=ORIENTED_EDGE('',*,*,#1569,.T.);
#844=ORIENTED_EDGE('',*,*,#1488,.F.);
#845=ORIENTED_EDGE('',*,*,#1493,.F.);
#846=ORIENTED_EDGE('',*,*,#1570,.F.);
#847=ORIENTED_EDGE('',*,*,#1571,.F.);
#848=ORIENTED_EDGE('',*,*,#1562,.T.);
#849=ORIENTED_EDGE('',*,*,#1489,.T.);
#850=ORIENTED_EDGE('',*,*,#1569,.F.);
#851=ORIENTED_EDGE('',*,*,#1572,.F.);
#852=ORIENTED_EDGE('',*,*,#1570,.T.);
#853=ORIENTED_EDGE('',*,*,#1492,.T.);
#854=ORIENTED_EDGE('',*,*,#1557,.T.);
#855=ORIENTED_EDGE('',*,*,#1573,.T.);
#856=ORIENTED_EDGE('',*,*,#1574,.F.);
#857=ORIENTED_EDGE('',*,*,#1575,.T.);
#858=ORIENTED_EDGE('',*,*,#1576,.F.);
#859=ORIENTED_EDGE('',*,*,#1577,.T.);
#860=ORIENTED_EDGE('',*,*,#1578,.T.);
#861=ORIENTED_EDGE('',*,*,#1579,.T.);
#862=ORIENTED_EDGE('',*,*,#1580,.F.);
#863=ORIENTED_EDGE('',*,*,#1581,.F.);
#864=ORIENTED_EDGE('',*,*,#1582,.F.);
#865=ORIENTED_EDGE('',*,*,#1583,.F.);
#866=ORIENTED_EDGE('',*,*,#1584,.T.);
#867=ORIENTED_EDGE('',*,*,#1585,.F.);
#868=ORIENTED_EDGE('',*,*,#1586,.T.);
#869=ORIENTED_EDGE('',*,*,#1587,.F.);
#870=ORIENTED_EDGE('',*,*,#1588,.F.);
#871=ORIENTED_EDGE('',*,*,#1494,.F.);
#872=ORIENTED_EDGE('',*,*,#1527,.F.);
#873=ORIENTED_EDGE('',*,*,#1589,.T.);
#874=ORIENTED_EDGE('',*,*,#1590,.T.);
#875=ORIENTED_EDGE('',*,*,#1496,.F.);
#876=ORIENTED_EDGE('',*,*,#1590,.F.);
#877=ORIENTED_EDGE('',*,*,#1591,.T.);
#878=ORIENTED_EDGE('',*,*,#1592,.F.);
#879=ORIENTED_EDGE('',*,*,#1498,.F.);
#880=ORIENTED_EDGE('',*,*,#1592,.T.);
#881=ORIENTED_EDGE('',*,*,#1593,.F.);
#882=ORIENTED_EDGE('',*,*,#1594,.T.);
#883=ORIENTED_EDGE('',*,*,#1510,.T.);
#884=ORIENTED_EDGE('',*,*,#1499,.T.);
#885=ORIENTED_EDGE('',*,*,#1595,.T.);
#886=ORIENTED_EDGE('',*,*,#1596,.F.);
#887=ORIENTED_EDGE('',*,*,#1597,.F.);
#888=ORIENTED_EDGE('',*,*,#1598,.F.);
#889=ORIENTED_EDGE('',*,*,#1598,.T.);
#890=ORIENTED_EDGE('',*,*,#1599,.T.);
#891=ORIENTED_EDGE('',*,*,#1600,.F.);
#892=ORIENTED_EDGE('',*,*,#1511,.F.);
#893=ORIENTED_EDGE('',*,*,#1600,.T.);
#894=ORIENTED_EDGE('',*,*,#1601,.T.);
#895=ORIENTED_EDGE('',*,*,#1602,.F.);
#896=ORIENTED_EDGE('',*,*,#1500,.F.);
#897=ORIENTED_EDGE('',*,*,#1603,.T.);
#898=ORIENTED_EDGE('',*,*,#1501,.T.);
#899=ORIENTED_EDGE('',*,*,#1602,.T.);
#900=ORIENTED_EDGE('',*,*,#1604,.F.);
#901=ORIENTED_EDGE('',*,*,#1605,.F.);
#902=ORIENTED_EDGE('',*,*,#1606,.F.);
#903=ORIENTED_EDGE('',*,*,#1607,.T.);
#904=ORIENTED_EDGE('',*,*,#1608,.T.);
#905=ORIENTED_EDGE('',*,*,#1609,.T.);
#906=ORIENTED_EDGE('',*,*,#1502,.F.);
#907=ORIENTED_EDGE('',*,*,#1610,.F.);
#908=ORIENTED_EDGE('',*,*,#1611,.F.);
#909=ORIENTED_EDGE('',*,*,#1612,.F.);
#910=ORIENTED_EDGE('',*,*,#1613,.T.);
#911=ORIENTED_EDGE('',*,*,#1614,.T.);
#912=ORIENTED_EDGE('',*,*,#1615,.T.);
#913=ORIENTED_EDGE('',*,*,#1616,.T.);
#914=ORIENTED_EDGE('',*,*,#1617,.F.);
#915=ORIENTED_EDGE('',*,*,#1503,.F.);
#916=ORIENTED_EDGE('',*,*,#1618,.F.);
#917=ORIENTED_EDGE('',*,*,#1504,.T.);
#918=ORIENTED_EDGE('',*,*,#1617,.T.);
#919=ORIENTED_EDGE('',*,*,#1619,.F.);
#920=ORIENTED_EDGE('',*,*,#1620,.F.);
#921=ORIENTED_EDGE('',*,*,#1505,.T.);
#922=ORIENTED_EDGE('',*,*,#1620,.T.);
#923=ORIENTED_EDGE('',*,*,#1621,.F.);
#924=ORIENTED_EDGE('',*,*,#1622,.F.);
#925=ORIENTED_EDGE('',*,*,#1622,.T.);
#926=ORIENTED_EDGE('',*,*,#1623,.T.);
#927=ORIENTED_EDGE('',*,*,#1624,.F.);
#928=ORIENTED_EDGE('',*,*,#1506,.F.);
#929=ORIENTED_EDGE('',*,*,#1624,.T.);
#930=ORIENTED_EDGE('',*,*,#1625,.T.);
#931=ORIENTED_EDGE('',*,*,#1626,.F.);
#932=ORIENTED_EDGE('',*,*,#1507,.F.);
#933=ORIENTED_EDGE('',*,*,#1508,.T.);
#934=ORIENTED_EDGE('',*,*,#1626,.T.);
#935=ORIENTED_EDGE('',*,*,#1627,.F.);
#936=ORIENTED_EDGE('',*,*,#1628,.F.);
#937=ORIENTED_EDGE('',*,*,#1514,.T.);
#938=ORIENTED_EDGE('',*,*,#1509,.T.);
#939=ORIENTED_EDGE('',*,*,#1628,.T.);
#940=ORIENTED_EDGE('',*,*,#1629,.F.);
#941=ORIENTED_EDGE('',*,*,#1630,.F.);
#942=ORIENTED_EDGE('',*,*,#1631,.F.);
#943=ORIENTED_EDGE('',*,*,#1632,.F.);
#944=ORIENTED_EDGE('',*,*,#1512,.T.);
#945=ORIENTED_EDGE('',*,*,#1633,.F.);
#946=ORIENTED_EDGE('',*,*,#1574,.T.);
#947=ORIENTED_EDGE('',*,*,#1556,.T.);
#948=ORIENTED_EDGE('',*,*,#1515,.T.);
#949=ORIENTED_EDGE('',*,*,#1632,.T.);
#950=ORIENTED_EDGE('',*,*,#1573,.F.);
#951=ORIENTED_EDGE('',*,*,#1529,.T.);
#952=ORIENTED_EDGE('',*,*,#1532,.F.);
#953=ORIENTED_EDGE('',*,*,#1558,.F.);
#954=ORIENTED_EDGE('',*,*,#1517,.F.);
#955=ORIENTED_EDGE('',*,*,#1634,.T.);
#956=ORIENTED_EDGE('',*,*,#1635,.F.);
#957=ORIENTED_EDGE('',*,*,#1563,.F.);
#958=ORIENTED_EDGE('',*,*,#1522,.F.);
#959=ORIENTED_EDGE('',*,*,#1521,.F.);
#960=ORIENTED_EDGE('',*,*,#1636,.T.);
#961=ORIENTED_EDGE('',*,*,#1637,.T.);
#962=ORIENTED_EDGE('',*,*,#1634,.F.);
#963=ORIENTED_EDGE('',*,*,#1560,.T.);
#964=ORIENTED_EDGE('',*,*,#1638,.T.);
#965=ORIENTED_EDGE('',*,*,#1636,.F.);
#966=ORIENTED_EDGE('',*,*,#1520,.T.);
#967=ORIENTED_EDGE('',*,*,#1526,.F.);
#968=ORIENTED_EDGE('',*,*,#1639,.T.);
#969=ORIENTED_EDGE('',*,*,#1640,.T.);
#970=ORIENTED_EDGE('',*,*,#1641,.T.);
#971=ORIENTED_EDGE('',*,*,#1642,.T.);
#972=ORIENTED_EDGE('',*,*,#1643,.F.);
#973=ORIENTED_EDGE('',*,*,#1644,.T.);
#974=ORIENTED_EDGE('',*,*,#1645,.F.);
#975=ORIENTED_EDGE('',*,*,#1646,.T.);
#976=ORIENTED_EDGE('',*,*,#1647,.T.);
#977=ORIENTED_EDGE('',*,*,#1648,.T.);
#978=ORIENTED_EDGE('',*,*,#1649,.F.);
#979=ORIENTED_EDGE('',*,*,#1650,.F.);
#980=ORIENTED_EDGE('',*,*,#1651,.F.);
#981=ORIENTED_EDGE('',*,*,#1652,.F.);
#982=ORIENTED_EDGE('',*,*,#1653,.T.);
#983=ORIENTED_EDGE('',*,*,#1654,.F.);
#984=ORIENTED_EDGE('',*,*,#1593,.T.);
#985=ORIENTED_EDGE('',*,*,#1591,.F.);
#986=ORIENTED_EDGE('',*,*,#1589,.F.);
#987=ORIENTED_EDGE('',*,*,#1566,.T.);
#988=ORIENTED_EDGE('',*,*,#1655,.T.);
#989=ORIENTED_EDGE('',*,*,#1639,.F.);
#990=ORIENTED_EDGE('',*,*,#1525,.T.);
#991=ORIENTED_EDGE('',*,*,#1656,.F.);
#992=ORIENTED_EDGE('',*,*,#1657,.F.);
#993=ORIENTED_EDGE('',*,*,#1535,.T.);
#994=ORIENTED_EDGE('',*,*,#1612,.T.);
#995=ORIENTED_EDGE('',*,*,#1613,.F.);
#996=ORIENTED_EDGE('',*,*,#1534,.T.);
#997=ORIENTED_EDGE('',*,*,#1539,.F.);
#998=ORIENTED_EDGE('',*,*,#1541,.T.);
#999=ORIENTED_EDGE('',*,*,#1543,.T.);
#1000=ORIENTED_EDGE('',*,*,#1545,.T.);
#1001=ORIENTED_EDGE('',*,*,#1547,.T.);
#1002=ORIENTED_EDGE('',*,*,#1552,.F.);
#1003=ORIENTED_EDGE('',*,*,#1559,.T.);
#1004=ORIENTED_EDGE('',*,*,#1537,.T.);
#1005=ORIENTED_EDGE('',*,*,#1564,.T.);
#1006=ORIENTED_EDGE('',*,*,#1635,.T.);
#1007=ORIENTED_EDGE('',*,*,#1637,.F.);
#1008=ORIENTED_EDGE('',*,*,#1638,.F.);
#1009=ORIENTED_EDGE('',*,*,#1565,.T.);
#1010=ORIENTED_EDGE('',*,*,#1536,.T.);
#1011=ORIENTED_EDGE('',*,*,#1658,.T.);
#1012=ORIENTED_EDGE('',*,*,#1640,.F.);
#1013=ORIENTED_EDGE('',*,*,#1655,.F.);
#1014=ORIENTED_EDGE('',*,*,#1659,.T.);
#1015=ORIENTED_EDGE('',*,*,#1660,.T.);
#1016=ORIENTED_EDGE('',*,*,#1607,.F.);
#1017=ORIENTED_EDGE('',*,*,#1551,.F.);
#1018=ORIENTED_EDGE('',*,*,#1571,.T.);
#1019=ORIENTED_EDGE('',*,*,#1568,.F.);
#1020=ORIENTED_EDGE('',*,*,#1549,.F.);
#1021=ORIENTED_EDGE('',*,*,#1561,.F.);
#1022=ORIENTED_EDGE('',*,*,#1572,.T.);
#1023=ORIENTED_EDGE('',*,*,#1661,.F.);
#1024=ORIENTED_EDGE('',*,*,#1550,.F.);
#1025=ORIENTED_EDGE('',*,*,#1567,.F.);
#1026=ORIENTED_EDGE('',*,*,#1588,.T.);
#1027=ORIENTED_EDGE('',*,*,#1662,.T.);
#1028=ORIENTED_EDGE('',*,*,#1659,.F.);
#1029=ORIENTED_EDGE('',*,*,#1661,.T.);
#1030=ORIENTED_EDGE('',*,*,#1587,.T.);
#1031=ORIENTED_EDGE('',*,*,#1663,.F.);
#1032=ORIENTED_EDGE('',*,*,#1664,.F.);
#1033=ORIENTED_EDGE('',*,*,#1662,.F.);
#1034=ORIENTED_EDGE('',*,*,#1586,.F.);
#1035=ORIENTED_EDGE('',*,*,#1665,.F.);
#1036=ORIENTED_EDGE('',*,*,#1666,.F.);
#1037=ORIENTED_EDGE('',*,*,#1663,.T.);
#1038=ORIENTED_EDGE('',*,*,#1665,.T.);
#1039=ORIENTED_EDGE('',*,*,#1585,.T.);
#1040=ORIENTED_EDGE('',*,*,#1667,.F.);
#1041=ORIENTED_EDGE('',*,*,#1614,.F.);
#1042=ORIENTED_EDGE('',*,*,#1584,.F.);
#1043=ORIENTED_EDGE('',*,*,#1668,.T.);
#1044=ORIENTED_EDGE('',*,*,#1669,.T.);
#1045=ORIENTED_EDGE('',*,*,#1667,.T.);
#1046=ORIENTED_EDGE('',*,*,#1583,.T.);
#1047=ORIENTED_EDGE('',*,*,#1670,.F.);
#1048=ORIENTED_EDGE('',*,*,#1671,.T.);
#1049=ORIENTED_EDGE('',*,*,#1668,.F.);
#1050=ORIENTED_EDGE('',*,*,#1582,.T.);
#1051=ORIENTED_EDGE('',*,*,#1672,.F.);
#1052=ORIENTED_EDGE('',*,*,#1673,.T.);
#1053=ORIENTED_EDGE('',*,*,#1670,.T.);
#1054=ORIENTED_EDGE('',*,*,#1672,.T.);
#1055=ORIENTED_EDGE('',*,*,#1581,.T.);
#1056=ORIENTED_EDGE('',*,*,#1674,.F.);
#1057=ORIENTED_EDGE('',*,*,#1675,.F.);
#1058=ORIENTED_EDGE('',*,*,#1676,.F.);
#1059=ORIENTED_EDGE('',*,*,#1677,.T.);
#1060=ORIENTED_EDGE('',*,*,#1678,.F.);
#1061=ORIENTED_EDGE('',*,*,#1649,.T.);
#1062=ORIENTED_EDGE('',*,*,#1679,.F.);
#1063=ORIENTED_EDGE('',*,*,#1680,.T.);
#1064=ORIENTED_EDGE('',*,*,#1681,.F.);
#1065=ORIENTED_EDGE('',*,*,#1682,.T.);
#1066=ORIENTED_EDGE('',*,*,#1683,.T.);
#1067=ORIENTED_EDGE('',*,*,#1684,.T.);
#1068=ORIENTED_EDGE('',*,*,#1685,.T.);
#1069=ORIENTED_EDGE('',*,*,#1686,.F.);
#1070=ORIENTED_EDGE('',*,*,#1674,.T.);
#1071=ORIENTED_EDGE('',*,*,#1580,.T.);
#1072=ORIENTED_EDGE('',*,*,#1687,.T.);
#1073=ORIENTED_EDGE('',*,*,#1688,.T.);
#1074=ORIENTED_EDGE('',*,*,#1689,.T.);
#1075=ORIENTED_EDGE('',*,*,#1690,.F.);
#1076=ORIENTED_EDGE('',*,*,#1691,.F.);
#1077=ORIENTED_EDGE('',*,*,#1692,.F.);
#1078=ORIENTED_EDGE('',*,*,#1693,.T.);
#1079=ORIENTED_EDGE('',*,*,#1694,.T.);
#1080=ORIENTED_EDGE('',*,*,#1687,.F.);
#1081=ORIENTED_EDGE('',*,*,#1579,.F.);
#1082=ORIENTED_EDGE('',*,*,#1695,.F.);
#1083=ORIENTED_EDGE('',*,*,#1696,.F.);
#1084=ORIENTED_EDGE('',*,*,#1693,.F.);
#1085=ORIENTED_EDGE('',*,*,#1578,.F.);
#1086=ORIENTED_EDGE('',*,*,#1697,.T.);
#1087=ORIENTED_EDGE('',*,*,#1698,.F.);
#1088=ORIENTED_EDGE('',*,*,#1695,.T.);
#1089=ORIENTED_EDGE('',*,*,#1577,.F.);
#1090=ORIENTED_EDGE('',*,*,#1699,.T.);
#1091=ORIENTED_EDGE('',*,*,#1700,.F.);
#1092=ORIENTED_EDGE('',*,*,#1697,.F.);
#1093=ORIENTED_EDGE('',*,*,#1576,.T.);
#1094=ORIENTED_EDGE('',*,*,#1633,.T.);
#1095=ORIENTED_EDGE('',*,*,#1631,.T.);
#1096=ORIENTED_EDGE('',*,*,#1699,.F.);
#1097=ORIENTED_EDGE('',*,*,#1575,.F.);
#1098=ORIENTED_EDGE('',*,*,#1654,.T.);
#1099=ORIENTED_EDGE('',*,*,#1701,.T.);
#1100=ORIENTED_EDGE('',*,*,#1595,.F.);
#1101=ORIENTED_EDGE('',*,*,#1594,.F.);
#1102=ORIENTED_EDGE('',*,*,#1599,.F.);
#1103=ORIENTED_EDGE('',*,*,#1597,.T.);
#1104=ORIENTED_EDGE('',*,*,#1702,.F.);
#1105=ORIENTED_EDGE('',*,*,#1629,.T.);
#1106=ORIENTED_EDGE('',*,*,#1627,.T.);
#1107=ORIENTED_EDGE('',*,*,#1625,.F.);
#1108=ORIENTED_EDGE('',*,*,#1623,.F.);
#1109=ORIENTED_EDGE('',*,*,#1621,.T.);
#1110=ORIENTED_EDGE('',*,*,#1619,.T.);
#1111=ORIENTED_EDGE('',*,*,#1616,.F.);
#1112=ORIENTED_EDGE('',*,*,#1703,.T.);
#1113=ORIENTED_EDGE('',*,*,#1604,.T.);
#1114=ORIENTED_EDGE('',*,*,#1601,.F.);
#1115=ORIENTED_EDGE('',*,*,#1596,.T.);
#1116=ORIENTED_EDGE('',*,*,#1704,.F.);
#1117=ORIENTED_EDGE('',*,*,#1705,.F.);
#1118=ORIENTED_EDGE('',*,*,#1706,.T.);
#1119=ORIENTED_EDGE('',*,*,#1606,.T.);
#1120=ORIENTED_EDGE('',*,*,#1707,.T.);
#1121=ORIENTED_EDGE('',*,*,#1644,.F.);
#1122=ORIENTED_EDGE('',*,*,#1708,.F.);
#1123=ORIENTED_EDGE('',*,*,#1610,.T.);
#1124=ORIENTED_EDGE('',*,*,#1603,.F.);
#1125=ORIENTED_EDGE('',*,*,#1709,.F.);
#1126=ORIENTED_EDGE('',*,*,#1710,.F.);
#1127=ORIENTED_EDGE('',*,*,#1711,.F.);
#1128=ORIENTED_EDGE('',*,*,#1712,.T.);
#1129=ORIENTED_EDGE('',*,*,#1713,.T.);
#1130=ORIENTED_EDGE('',*,*,#1605,.T.);
#1131=ORIENTED_EDGE('',*,*,#1714,.T.);
#1132=ORIENTED_EDGE('',*,*,#1608,.F.);
#1133=ORIENTED_EDGE('',*,*,#1660,.F.);
#1134=ORIENTED_EDGE('',*,*,#1664,.T.);
#1135=ORIENTED_EDGE('',*,*,#1618,.T.);
#1136=ORIENTED_EDGE('',*,*,#1609,.F.);
#1137=ORIENTED_EDGE('',*,*,#1714,.F.);
#1138=ORIENTED_EDGE('',*,*,#1666,.T.);
#1139=ORIENTED_EDGE('',*,*,#1710,.T.);
#1140=ORIENTED_EDGE('',*,*,#1715,.F.);
#1141=ORIENTED_EDGE('',*,*,#1656,.T.);
#1142=ORIENTED_EDGE('',*,*,#1611,.T.);
#1143=ORIENTED_EDGE('',*,*,#1716,.T.);
#1144=ORIENTED_EDGE('',*,*,#1717,.T.);
#1145=ORIENTED_EDGE('',*,*,#1615,.F.);
#1146=ORIENTED_EDGE('',*,*,#1669,.F.);
#1147=ORIENTED_EDGE('',*,*,#1700,.T.);
#1148=ORIENTED_EDGE('',*,*,#1630,.T.);
#1149=ORIENTED_EDGE('',*,*,#1718,.F.);
#1150=ORIENTED_EDGE('',*,*,#1719,.F.);
#1151=ORIENTED_EDGE('',*,*,#1704,.T.);
#1152=ORIENTED_EDGE('',*,*,#1701,.F.);
#1153=ORIENTED_EDGE('',*,*,#1653,.F.);
#1154=ORIENTED_EDGE('',*,*,#1720,.T.);
#1155=ORIENTED_EDGE('',*,*,#1721,.T.);
#1156=ORIENTED_EDGE('',*,*,#1720,.F.);
#1157=ORIENTED_EDGE('',*,*,#1652,.T.);
#1158=ORIENTED_EDGE('',*,*,#1722,.F.);
#1159=ORIENTED_EDGE('',*,*,#1723,.T.);
#1160=ORIENTED_EDGE('',*,*,#1722,.T.);
#1161=ORIENTED_EDGE('',*,*,#1651,.T.);
#1162=ORIENTED_EDGE('',*,*,#1724,.T.);
#1163=ORIENTED_EDGE('',*,*,#1650,.T.);
#1164=ORIENTED_EDGE('',*,*,#1678,.T.);
#1165=ORIENTED_EDGE('',*,*,#1725,.F.);
#1166=ORIENTED_EDGE('',*,*,#1724,.F.);
#1167=ORIENTED_EDGE('',*,*,#1726,.T.);
#1168=ORIENTED_EDGE('',*,*,#1679,.T.);
#1169=ORIENTED_EDGE('',*,*,#1648,.F.);
#1170=ORIENTED_EDGE('',*,*,#1727,.F.);
#1171=ORIENTED_EDGE('',*,*,#1727,.T.);
#1172=ORIENTED_EDGE('',*,*,#1647,.F.);
#1173=ORIENTED_EDGE('',*,*,#1728,.F.);
#1174=ORIENTED_EDGE('',*,*,#1729,.F.);
#1175=ORIENTED_EDGE('',*,*,#1728,.T.);
#1176=ORIENTED_EDGE('',*,*,#1646,.F.);
#1177=ORIENTED_EDGE('',*,*,#1730,.T.);
#1178=ORIENTED_EDGE('',*,*,#1731,.F.);
#1179=ORIENTED_EDGE('',*,*,#1730,.F.);
#1180=ORIENTED_EDGE('',*,*,#1645,.T.);
#1181=ORIENTED_EDGE('',*,*,#1707,.F.);
#1182=ORIENTED_EDGE('',*,*,#1713,.F.);
#1183=ORIENTED_EDGE('',*,*,#1708,.T.);
#1184=ORIENTED_EDGE('',*,*,#1643,.T.);
#1185=ORIENTED_EDGE('',*,*,#1732,.F.);
#1186=ORIENTED_EDGE('',*,*,#1709,.T.);
#1187=ORIENTED_EDGE('',*,*,#1732,.T.);
#1188=ORIENTED_EDGE('',*,*,#1642,.F.);
#1189=ORIENTED_EDGE('',*,*,#1733,.T.);
#1190=ORIENTED_EDGE('',*,*,#1715,.T.);
#1191=ORIENTED_EDGE('',*,*,#1733,.F.);
#1192=ORIENTED_EDGE('',*,*,#1641,.F.);
#1193=ORIENTED_EDGE('',*,*,#1658,.F.);
#1194=ORIENTED_EDGE('',*,*,#1657,.T.);
#1195=ORIENTED_EDGE('',*,*,#1671,.F.);
#1196=ORIENTED_EDGE('',*,*,#1734,.F.);
#1197=ORIENTED_EDGE('',*,*,#1735,.T.);
#1198=ORIENTED_EDGE('',*,*,#1716,.F.);
#1199=ORIENTED_EDGE('',*,*,#1673,.F.);
#1200=ORIENTED_EDGE('',*,*,#1736,.T.);
#1201=ORIENTED_EDGE('',*,*,#1737,.T.);
#1202=ORIENTED_EDGE('',*,*,#1734,.T.);
#1203=ORIENTED_EDGE('',*,*,#1675,.T.);
#1204=ORIENTED_EDGE('',*,*,#1686,.T.);
#1205=ORIENTED_EDGE('',*,*,#1738,.F.);
#1206=ORIENTED_EDGE('',*,*,#1739,.F.);
#1207=ORIENTED_EDGE('',*,*,#1736,.F.);
#1208=ORIENTED_EDGE('',*,*,#1740,.T.);
#1209=ORIENTED_EDGE('',*,*,#1676,.T.);
#1210=ORIENTED_EDGE('',*,*,#1741,.F.);
#1211=ORIENTED_EDGE('',*,*,#1742,.F.);
#1212=ORIENTED_EDGE('',*,*,#1743,.T.);
#1213=ORIENTED_EDGE('',*,*,#1744,.T.);
#1214=ORIENTED_EDGE('',*,*,#1725,.T.);
#1215=ORIENTED_EDGE('',*,*,#1677,.F.);
#1216=ORIENTED_EDGE('',*,*,#1740,.F.);
#1217=ORIENTED_EDGE('',*,*,#1745,.T.);
#1218=ORIENTED_EDGE('',*,*,#1746,.T.);
#1219=ORIENTED_EDGE('',*,*,#1747,.T.);
#1220=ORIENTED_EDGE('',*,*,#1680,.F.);
#1221=ORIENTED_EDGE('',*,*,#1726,.F.);
#1222=ORIENTED_EDGE('',*,*,#1748,.T.);
#1223=ORIENTED_EDGE('',*,*,#1681,.T.);
#1224=ORIENTED_EDGE('',*,*,#1747,.F.);
#1225=ORIENTED_EDGE('',*,*,#1749,.F.);
#1226=ORIENTED_EDGE('',*,*,#1750,.T.);
#1227=ORIENTED_EDGE('',*,*,#1751,.T.);
#1228=ORIENTED_EDGE('',*,*,#1682,.F.);
#1229=ORIENTED_EDGE('',*,*,#1748,.F.);
#1230=ORIENTED_EDGE('',*,*,#1752,.T.);
#1231=ORIENTED_EDGE('',*,*,#1753,.T.);
#1232=ORIENTED_EDGE('',*,*,#1683,.F.);
#1233=ORIENTED_EDGE('',*,*,#1751,.F.);
#1234=ORIENTED_EDGE('',*,*,#1754,.T.);
#1235=ORIENTED_EDGE('',*,*,#1755,.T.);
#1236=ORIENTED_EDGE('',*,*,#1684,.F.);
#1237=ORIENTED_EDGE('',*,*,#1753,.F.);
#1238=ORIENTED_EDGE('',*,*,#1756,.T.);
#1239=ORIENTED_EDGE('',*,*,#1738,.T.);
#1240=ORIENTED_EDGE('',*,*,#1685,.F.);
#1241=ORIENTED_EDGE('',*,*,#1755,.F.);
#1242=ORIENTED_EDGE('',*,*,#1757,.T.);
#1243=ORIENTED_EDGE('',*,*,#1758,.T.);
#1244=ORIENTED_EDGE('',*,*,#1759,.T.);
#1245=ORIENTED_EDGE('',*,*,#1688,.F.);
#1246=ORIENTED_EDGE('',*,*,#1694,.F.);
#1247=ORIENTED_EDGE('',*,*,#1760,.T.);
#1248=ORIENTED_EDGE('',*,*,#1761,.T.);
#1249=ORIENTED_EDGE('',*,*,#1689,.F.);
#1250=ORIENTED_EDGE('',*,*,#1759,.F.);
#1251=ORIENTED_EDGE('',*,*,#1762,.T.);
#1252=ORIENTED_EDGE('',*,*,#1690,.T.);
#1253=ORIENTED_EDGE('',*,*,#1761,.F.);
#1254=ORIENTED_EDGE('',*,*,#1763,.F.);
#1255=ORIENTED_EDGE('',*,*,#1764,.T.);
#1256=ORIENTED_EDGE('',*,*,#1691,.T.);
#1257=ORIENTED_EDGE('',*,*,#1762,.F.);
#1258=ORIENTED_EDGE('',*,*,#1765,.F.);
#1259=ORIENTED_EDGE('',*,*,#1741,.T.);
#1260=ORIENTED_EDGE('',*,*,#1692,.T.);
#1261=ORIENTED_EDGE('',*,*,#1764,.F.);
#1262=ORIENTED_EDGE('',*,*,#1766,.F.);
#1263=ORIENTED_EDGE('',*,*,#1767,.F.);
#1264=ORIENTED_EDGE('',*,*,#1768,.F.);
#1265=ORIENTED_EDGE('',*,*,#1757,.F.);
#1266=ORIENTED_EDGE('',*,*,#1696,.T.);
#1267=ORIENTED_EDGE('',*,*,#1719,.T.);
#1268=ORIENTED_EDGE('',*,*,#1769,.F.);
#1269=ORIENTED_EDGE('',*,*,#1767,.T.);
#1270=ORIENTED_EDGE('',*,*,#1698,.T.);
#1271=ORIENTED_EDGE('',*,*,#1717,.F.);
#1272=ORIENTED_EDGE('',*,*,#1735,.F.);
#1273=ORIENTED_EDGE('',*,*,#1737,.F.);
#1274=ORIENTED_EDGE('',*,*,#1770,.T.);
#1275=ORIENTED_EDGE('',*,*,#1771,.T.);
#1276=ORIENTED_EDGE('',*,*,#1772,.T.);
#1277=ORIENTED_EDGE('',*,*,#1711,.T.);
#1278=ORIENTED_EDGE('',*,*,#1703,.F.);
#1279=ORIENTED_EDGE('',*,*,#1718,.T.);
#1280=ORIENTED_EDGE('',*,*,#1702,.T.);
#1281=ORIENTED_EDGE('',*,*,#1706,.F.);
#1282=ORIENTED_EDGE('',*,*,#1773,.F.);
#1283=ORIENTED_EDGE('',*,*,#1774,.F.);
#1284=ORIENTED_EDGE('',*,*,#1775,.F.);
#1285=ORIENTED_EDGE('',*,*,#1768,.T.);
#1286=ORIENTED_EDGE('',*,*,#1769,.T.);
#1287=ORIENTED_EDGE('',*,*,#1705,.T.);
#1288=ORIENTED_EDGE('',*,*,#1721,.F.);
#1289=ORIENTED_EDGE('',*,*,#1776,.F.);
#1290=ORIENTED_EDGE('',*,*,#1773,.T.);
#1291=ORIENTED_EDGE('',*,*,#1772,.F.);
#1292=ORIENTED_EDGE('',*,*,#1777,.T.);
#1293=ORIENTED_EDGE('',*,*,#1731,.T.);
#1294=ORIENTED_EDGE('',*,*,#1712,.F.);
#1295=ORIENTED_EDGE('',*,*,#1774,.T.);
#1296=ORIENTED_EDGE('',*,*,#1776,.T.);
#1297=ORIENTED_EDGE('',*,*,#1723,.F.);
#1298=ORIENTED_EDGE('',*,*,#1744,.F.);
#1299=ORIENTED_EDGE('',*,*,#1745,.F.);
#1300=ORIENTED_EDGE('',*,*,#1729,.T.);
#1301=ORIENTED_EDGE('',*,*,#1777,.F.);
#1302=ORIENTED_EDGE('',*,*,#1771,.F.);
#1303=ORIENTED_EDGE('',*,*,#1739,.T.);
#1304=ORIENTED_EDGE('',*,*,#1756,.F.);
#1305=ORIENTED_EDGE('',*,*,#1754,.F.);
#1306=ORIENTED_EDGE('',*,*,#1752,.F.);
#1307=ORIENTED_EDGE('',*,*,#1750,.F.);
#1308=ORIENTED_EDGE('',*,*,#1749,.T.);
#1309=ORIENTED_EDGE('',*,*,#1746,.F.);
#1310=ORIENTED_EDGE('',*,*,#1770,.F.);
#1311=ORIENTED_EDGE('',*,*,#1766,.T.);
#1312=ORIENTED_EDGE('',*,*,#1765,.T.);
#1313=ORIENTED_EDGE('',*,*,#1763,.T.);
#1314=ORIENTED_EDGE('',*,*,#1760,.F.);
#1315=ORIENTED_EDGE('',*,*,#1758,.F.);
#1316=ORIENTED_EDGE('',*,*,#1775,.T.);
#1317=ORIENTED_EDGE('',*,*,#1743,.F.);
#1318=ORIENTED_EDGE('',*,*,#1742,.T.);
#1319=ORIENTED_EDGE('',*,*,#1778,.F.);
#1320=ORIENTED_EDGE('',*,*,#1779,.F.);
#1321=ORIENTED_EDGE('',*,*,#1780,.T.);
#1322=ORIENTED_EDGE('',*,*,#1781,.T.);
#1323=ORIENTED_EDGE('',*,*,#1782,.T.);
#1324=ORIENTED_EDGE('',*,*,#1783,.F.);
#1325=ORIENTED_EDGE('',*,*,#1784,.F.);
#1326=ORIENTED_EDGE('',*,*,#1779,.T.);
#1327=ORIENTED_EDGE('',*,*,#1785,.T.);
#1328=ORIENTED_EDGE('',*,*,#1786,.F.);
#1329=ORIENTED_EDGE('',*,*,#1787,.F.);
#1330=ORIENTED_EDGE('',*,*,#1783,.T.);
#1331=ORIENTED_EDGE('',*,*,#1788,.T.);
#1332=ORIENTED_EDGE('',*,*,#1789,.F.);
#1333=ORIENTED_EDGE('',*,*,#1790,.F.);
#1334=ORIENTED_EDGE('',*,*,#1786,.T.);
#1335=ORIENTED_EDGE('',*,*,#1791,.T.);
#1336=ORIENTED_EDGE('',*,*,#1792,.F.);
#1337=ORIENTED_EDGE('',*,*,#1793,.F.);
#1338=ORIENTED_EDGE('',*,*,#1789,.T.);
#1339=ORIENTED_EDGE('',*,*,#1794,.T.);
#1340=ORIENTED_EDGE('',*,*,#1795,.F.);
#1341=ORIENTED_EDGE('',*,*,#1796,.F.);
#1342=ORIENTED_EDGE('',*,*,#1792,.T.);
#1343=ORIENTED_EDGE('',*,*,#1797,.F.);
#1344=ORIENTED_EDGE('',*,*,#1798,.T.);
#1345=ORIENTED_EDGE('',*,*,#1795,.T.);
#1346=ORIENTED_EDGE('',*,*,#1799,.T.);
#1347=ORIENTED_EDGE('',*,*,#1800,.F.);
#1348=ORIENTED_EDGE('',*,*,#1801,.T.);
#1349=ORIENTED_EDGE('',*,*,#1797,.T.);
#1350=ORIENTED_EDGE('',*,*,#1802,.T.);
#1351=ORIENTED_EDGE('',*,*,#1803,.F.);
#1352=ORIENTED_EDGE('',*,*,#1804,.T.);
#1353=ORIENTED_EDGE('',*,*,#1800,.T.);
#1354=ORIENTED_EDGE('',*,*,#1805,.T.);
#1355=ORIENTED_EDGE('',*,*,#1806,.F.);
#1356=ORIENTED_EDGE('',*,*,#1807,.F.);
#1357=ORIENTED_EDGE('',*,*,#1808,.T.);
#1358=ORIENTED_EDGE('',*,*,#1803,.T.);
#1359=ORIENTED_EDGE('',*,*,#1809,.F.);
#1360=ORIENTED_EDGE('',*,*,#1810,.F.);
#1361=ORIENTED_EDGE('',*,*,#1811,.T.);
#1362=ORIENTED_EDGE('',*,*,#1807,.T.);
#1363=ORIENTED_EDGE('',*,*,#1812,.F.);
#1364=ORIENTED_EDGE('',*,*,#1813,.F.);
#1365=ORIENTED_EDGE('',*,*,#1814,.T.);
#1366=ORIENTED_EDGE('',*,*,#1810,.T.);
#1367=ORIENTED_EDGE('',*,*,#1815,.F.);
#1368=ORIENTED_EDGE('',*,*,#1816,.F.);
#1369=ORIENTED_EDGE('',*,*,#1817,.T.);
#1370=ORIENTED_EDGE('',*,*,#1813,.T.);
#1371=ORIENTED_EDGE('',*,*,#1818,.F.);
#1372=ORIENTED_EDGE('',*,*,#1819,.F.);
#1373=ORIENTED_EDGE('',*,*,#1820,.T.);
#1374=ORIENTED_EDGE('',*,*,#1816,.T.);
#1375=ORIENTED_EDGE('',*,*,#1821,.T.);
#1376=ORIENTED_EDGE('',*,*,#1822,.F.);
#1377=ORIENTED_EDGE('',*,*,#1823,.F.);
#1378=ORIENTED_EDGE('',*,*,#1819,.T.);
#1379=ORIENTED_EDGE('',*,*,#1824,.F.);
#1380=ORIENTED_EDGE('',*,*,#1825,.F.);
#1381=ORIENTED_EDGE('',*,*,#1826,.T.);
#1382=ORIENTED_EDGE('',*,*,#1822,.T.);
#1383=ORIENTED_EDGE('',*,*,#1827,.F.);
#1384=ORIENTED_EDGE('',*,*,#1828,.F.);
#1385=ORIENTED_EDGE('',*,*,#1829,.T.);
#1386=ORIENTED_EDGE('',*,*,#1825,.T.);
#1387=ORIENTED_EDGE('',*,*,#1830,.T.);
#1388=ORIENTED_EDGE('',*,*,#1781,.F.);
#1389=ORIENTED_EDGE('',*,*,#1831,.F.);
#1390=ORIENTED_EDGE('',*,*,#1828,.T.);
#1391=ORIENTED_EDGE('',*,*,#1832,.T.);
#1392=ORIENTED_EDGE('',*,*,#1833,.F.);
#1393=ORIENTED_EDGE('',*,*,#1796,.T.);
#1394=ORIENTED_EDGE('',*,*,#1834,.T.);
#1395=ORIENTED_EDGE('',*,*,#1808,.F.);
#1396=ORIENTED_EDGE('',*,*,#1811,.F.);
#1397=ORIENTED_EDGE('',*,*,#1814,.F.);
#1398=ORIENTED_EDGE('',*,*,#1817,.F.);
#1399=ORIENTED_EDGE('',*,*,#1820,.F.);
#1400=ORIENTED_EDGE('',*,*,#1823,.T.);
#1401=ORIENTED_EDGE('',*,*,#1826,.F.);
#1402=ORIENTED_EDGE('',*,*,#1829,.F.);
#1403=ORIENTED_EDGE('',*,*,#1831,.T.);
#1404=ORIENTED_EDGE('',*,*,#1780,.F.);
#1405=ORIENTED_EDGE('',*,*,#1784,.T.);
#1406=ORIENTED_EDGE('',*,*,#1787,.T.);
#1407=ORIENTED_EDGE('',*,*,#1790,.T.);
#1408=ORIENTED_EDGE('',*,*,#1793,.T.);
#1409=ORIENTED_EDGE('',*,*,#1832,.F.);
#1410=ORIENTED_EDGE('',*,*,#1806,.T.);
#1411=ORIENTED_EDGE('',*,*,#1835,.T.);
#1412=ORIENTED_EDGE('',*,*,#1794,.F.);
#1413=ORIENTED_EDGE('',*,*,#1791,.F.);
#1414=ORIENTED_EDGE('',*,*,#1788,.F.);
#1415=ORIENTED_EDGE('',*,*,#1785,.F.);
#1416=ORIENTED_EDGE('',*,*,#1782,.F.);
#1417=ORIENTED_EDGE('',*,*,#1778,.T.);
#1418=ORIENTED_EDGE('',*,*,#1830,.F.);
#1419=ORIENTED_EDGE('',*,*,#1827,.T.);
#1420=ORIENTED_EDGE('',*,*,#1824,.T.);
#1421=ORIENTED_EDGE('',*,*,#1821,.F.);
#1422=ORIENTED_EDGE('',*,*,#1818,.T.);
#1423=ORIENTED_EDGE('',*,*,#1815,.T.);
#1424=ORIENTED_EDGE('',*,*,#1812,.T.);
#1425=ORIENTED_EDGE('',*,*,#1809,.T.);
#1426=ORIENTED_EDGE('',*,*,#1833,.T.);
#1427=ORIENTED_EDGE('',*,*,#1798,.F.);
#1428=ORIENTED_EDGE('',*,*,#1801,.F.);
#1429=ORIENTED_EDGE('',*,*,#1804,.F.);
#1430=ORIENTED_EDGE('',*,*,#1834,.F.);
#1431=ORIENTED_EDGE('',*,*,#1799,.F.);
#1432=ORIENTED_EDGE('',*,*,#1835,.F.);
#1433=ORIENTED_EDGE('',*,*,#1805,.F.);
#1434=ORIENTED_EDGE('',*,*,#1802,.F.);
#1435=EDGE_CURVE('',#1836,#1837,#2084,.T.);
#1436=EDGE_CURVE('',#1836,#1838,#115,.T.);
#1437=EDGE_CURVE('',#1838,#1839,#116,.T.);
#1438=EDGE_CURVE('',#1839,#1840,#117,.T.);
#1439=EDGE_CURVE('',#1840,#1841,#2085,.T.);
#1440=EDGE_CURVE('',#1842,#1841,#118,.T.);
#1441=EDGE_CURVE('',#1843,#1842,#119,.T.);
#1442=EDGE_CURVE('',#1837,#1843,#120,.T.);
#1443=EDGE_CURVE('',#1844,#1845,#2086,.T.);
#1444=EDGE_CURVE('',#1844,#1836,#121,.T.);
#1445=EDGE_CURVE('',#1845,#1837,#122,.T.);
#1446=EDGE_CURVE('',#1845,#1846,#123,.T.);
#1447=EDGE_CURVE('',#1846,#1843,#124,.T.);
#1448=EDGE_CURVE('',#1846,#1847,#125,.T.);
#1449=EDGE_CURVE('',#1847,#1842,#126,.T.);
#1450=EDGE_CURVE('',#1847,#1848,#127,.T.);
#1451=EDGE_CURVE('',#1848,#1841,#128,.T.);
#1452=EDGE_CURVE('',#1849,#1840,#129,.T.);
#1453=EDGE_CURVE('',#1849,#1848,#2087,.T.);
#1454=EDGE_CURVE('',#1850,#1839,#130,.T.);
#1455=EDGE_CURVE('',#1851,#1850,#131,.T.);
#1456=EDGE_CURVE('',#1852,#1851,#132,.T.);
#1457=EDGE_CURVE('',#1853,#1852,#133,.T.);
#1458=EDGE_CURVE('',#1853,#1849,#134,.T.);
#1459=EDGE_CURVE('',#1839,#1854,#2088,.T.);
#1460=EDGE_CURVE('',#1838,#1855,#2089,.T.);
#1461=EDGE_CURVE('',#1855,#1856,#135,.T.);
#1462=EDGE_CURVE('',#1856,#1857,#2090,.T.);
#1463=EDGE_CURVE('',#1857,#1858,#136,.T.);
#1464=EDGE_CURVE('',#1859,#1858,#2091,.T.);
#1465=EDGE_CURVE('',#1854,#1859,#137,.T.);
#1466=EDGE_CURVE('',#1860,#1861,#138,.T.);
#1467=EDGE_CURVE('',#1861,#1862,#139,.T.);
#1468=EDGE_CURVE('',#1862,#1863,#140,.T.);
#1469=EDGE_CURVE('',#1838,#1863,#141,.T.);
#1470=EDGE_CURVE('',#1844,#1860,#142,.T.);
#1471=EDGE_CURVE('',#1864,#1853,#2092,.T.);
#1472=EDGE_CURVE('',#1865,#1864,#143,.T.);
#1473=EDGE_CURVE('',#1866,#1865,#2093,.T.);
#1474=EDGE_CURVE('',#1866,#1867,#144,.T.);
#1475=EDGE_CURVE('',#1868,#1867,#2094,.T.);
#1476=EDGE_CURVE('',#1869,#1868,#145,.T.);
#1477=EDGE_CURVE('',#1870,#1869,#146,.T.);
#1478=EDGE_CURVE('',#1871,#1870,#147,.T.);
#1479=EDGE_CURVE('',#1871,#1872,#2095,.T.);
#1480=EDGE_CURVE('',#1873,#1872,#148,.T.);
#1481=EDGE_CURVE('',#1873,#1874,#2096,.T.);
#1482=EDGE_CURVE('',#1875,#1874,#149,.T.);
#1483=EDGE_CURVE('',#1875,#1860,#2097,.T.);
#1484=EDGE_CURVE('',#1876,#1854,#150,.T.);
#1485=EDGE_CURVE('',#1850,#1876,#2098,.T.);
#1486=EDGE_CURVE('',#1852,#1877,#38,.T.);
#1487=EDGE_CURVE('',#1864,#1877,#151,.T.);
#1488=EDGE_CURVE('',#1851,#1878,#39,.T.);
#1489=EDGE_CURVE('',#1879,#1878,#152,.T.);
#1490=EDGE_CURVE('',#1879,#1852,#40,.T.);
#1491=EDGE_CURVE('',#1880,#1850,#2099,.T.);
#1492=EDGE_CURVE('',#1881,#1880,#153,.T.);
#1493=EDGE_CURVE('',#1881,#1851,#41,.T.);
#1494=EDGE_CURVE('',#1863,#1882,#2100,.T.);
#1495=EDGE_CURVE('',#1882,#1855,#154,.T.);
#1496=EDGE_CURVE('',#1882,#1883,#155,.T.);
#1497=EDGE_CURVE('',#1856,#1883,#156,.T.);
#1498=EDGE_CURVE('',#1883,#1884,#2101,.T.);
#1499=EDGE_CURVE('',#1857,#1884,#157,.T.);
#1500=EDGE_CURVE('',#1885,#1886,#2102,.T.);
#1501=EDGE_CURVE('',#1887,#1886,#158,.T.);
#1502=EDGE_CURVE('',#1887,#1888,#159,.T.);
#1503=EDGE_CURVE('',#1888,#1889,#160,.T.);
#1504=EDGE_CURVE('',#1890,#1889,#2103,.T.);
#1505=EDGE_CURVE('',#1891,#1890,#161,.T.);
#1506=EDGE_CURVE('',#1891,#1892,#162,.T.);
#1507=EDGE_CURVE('',#1892,#1893,#163,.T.);
#1508=EDGE_CURVE('',#1894,#1893,#2104,.T.);
#1509=EDGE_CURVE('',#1858,#1894,#164,.T.);
#1510=EDGE_CURVE('',#1895,#1857,#165,.T.);
#1511=EDGE_CURVE('',#1895,#1885,#2105,.T.);
#1512=EDGE_CURVE('',#1896,#1897,#2106,.T.);
#1513=EDGE_CURVE('',#1896,#1859,#166,.T.);
#1514=EDGE_CURVE('',#1897,#1858,#167,.T.);
#1515=EDGE_CURVE('',#1876,#1896,#168,.T.);
#1516=EDGE_CURVE('',#1875,#1898,#169,.T.);
#1517=EDGE_CURVE('',#1898,#1899,#2107,.T.);
#1518=EDGE_CURVE('',#1861,#1899,#42,.T.);
#1519=EDGE_CURVE('',#1900,#1861,#43,.T.);
#1520=EDGE_CURVE('',#1901,#1900,#2108,.T.);
#1521=EDGE_CURVE('',#1901,#1902,#170,.T.);
#1522=EDGE_CURVE('',#1902,#1903,#2109,.T.);
#1523=EDGE_CURVE('',#1862,#1903,#44,.T.);
#1524=EDGE_CURVE('',#1904,#1862,#45,.T.);
#1525=EDGE_CURVE('',#1905,#1904,#2110,.T.);
#1526=EDGE_CURVE('',#1905,#1906,#171,.T.);
#1527=EDGE_CURVE('',#1906,#1863,#2111,.T.);
#1528=EDGE_CURVE('',#1874,#1907,#172,.T.);
#1529=EDGE_CURVE('',#1898,#1907,#173,.T.);
#1530=EDGE_CURVE('',#1873,#1908,#174,.T.);
#1531=EDGE_CURVE('',#1908,#1909,#46,.T.);
#1532=EDGE_CURVE('',#1909,#1907,#2112,.T.);
#1533=EDGE_CURVE('',#1872,#1910,#175,.T.);
#1534=EDGE_CURVE('',#1911,#1910,#176,.T.);
#1535=EDGE_CURVE('',#1912,#1911,#177,.T.);
#1536=EDGE_CURVE('',#1913,#1912,#178,.T.);
#1537=EDGE_CURVE('',#1908,#1913,#179,.T.);
#1538=EDGE_CURVE('',#1871,#1914,#180,.T.);
#1539=EDGE_CURVE('',#1914,#1910,#2113,.T.);
#1540=EDGE_CURVE('',#1870,#1915,#181,.T.);
#1541=EDGE_CURVE('',#1914,#1915,#182,.T.);
#1542=EDGE_CURVE('',#1869,#1916,#183,.T.);
#1543=EDGE_CURVE('',#1915,#1916,#184,.T.);
#1544=EDGE_CURVE('',#1868,#1917,#185,.T.);
#1545=EDGE_CURVE('',#1916,#1917,#186,.T.);
#1546=EDGE_CURVE('',#1867,#1918,#187,.T.);
#1547=EDGE_CURVE('',#1917,#1918,#2114,.T.);
#1548=EDGE_CURVE('',#1866,#1919,#188,.T.);
#1549=EDGE_CURVE('',#1919,#1920,#189,.T.);
#1550=EDGE_CURVE('',#1920,#1921,#190,.T.);
#1551=EDGE_CURVE('',#1921,#1922,#191,.T.);
#1552=EDGE_CURVE('',#1922,#1918,#192,.T.);
#1553=EDGE_CURVE('',#1865,#1923,#193,.T.);
#1554=EDGE_CURVE('',#1919,#1923,#47,.T.);
#1555=EDGE_CURVE('',#1923,#1877,#194,.T.);
#1556=EDGE_CURVE('',#1924,#1876,#2115,.T.);
#1557=EDGE_CURVE('',#1880,#1924,#2116,.T.);
#1558=EDGE_CURVE('',#1899,#1909,#195,.T.);
#1559=EDGE_CURVE('',#1925,#1908,#48,.T.);
#1560=EDGE_CURVE('',#1900,#1925,#196,.T.);
#1561=EDGE_CURVE('',#1926,#1919,#49,.T.);
#1562=EDGE_CURVE('',#1926,#1879,#197,.T.);
#1563=EDGE_CURVE('',#1903,#1927,#198,.T.);
#1564=EDGE_CURVE('',#1913,#1927,#50,.T.);
#1565=EDGE_CURVE('',#1928,#1913,#51,.T.);
#1566=EDGE_CURVE('',#1904,#1928,#199,.T.);
#1567=EDGE_CURVE('',#1929,#1920,#52,.T.);
#1568=EDGE_CURVE('',#1920,#1930,#53,.T.);
#1569=EDGE_CURVE('',#1930,#1878,#200,.T.);
#1570=EDGE_CURVE('',#1929,#1881,#201,.T.);
#1571=EDGE_CURVE('',#1926,#1930,#202,.T.);
#1572=EDGE_CURVE('',#1929,#1931,#203,.T.);
#1573=EDGE_CURVE('',#1924,#1932,#204,.T.);
#1574=EDGE_CURVE('',#1933,#1932,#2117,.T.);
#1575=EDGE_CURVE('',#1933,#1934,#205,.T.);
#1576=EDGE_CURVE('',#1935,#1934,#2118,.T.);
#1577=EDGE_CURVE('',#1935,#1936,#206,.T.);
#1578=EDGE_CURVE('',#1936,#1937,#2119,.T.);
#1579=EDGE_CURVE('',#1937,#1938,#207,.T.);
#1580=EDGE_CURVE('',#1939,#1938,#208,.T.);
#1581=EDGE_CURVE('',#1940,#1939,#209,.T.);
#1582=EDGE_CURVE('',#1941,#1940,#2120,.T.);
#1583=EDGE_CURVE('',#1942,#1941,#210,.T.);
#1584=EDGE_CURVE('',#1942,#1943,#2121,.T.);
#1585=EDGE_CURVE('',#1944,#1943,#211,.T.);
#1586=EDGE_CURVE('',#1944,#1945,#2122,.T.);
#1587=EDGE_CURVE('',#1946,#1945,#212,.T.);
#1588=EDGE_CURVE('',#1931,#1946,#2123,.T.);
#1589=EDGE_CURVE('',#1906,#1947,#2124,.T.);
#1590=EDGE_CURVE('',#1947,#1882,#2125,.T.);
#1591=EDGE_CURVE('',#1947,#1948,#213,.T.);
#1592=EDGE_CURVE('',#1883,#1948,#2126,.T.);
#1593=EDGE_CURVE('',#1949,#1948,#2127,.T.);
#1594=EDGE_CURVE('',#1949,#1884,#2128,.T.);
#1595=EDGE_CURVE('',#1884,#1950,#214,.T.);
#1596=EDGE_CURVE('',#1951,#1950,#215,.T.);
#1597=EDGE_CURVE('',#1952,#1951,#216,.T.);
#1598=EDGE_CURVE('',#1895,#1952,#217,.T.);
#1599=EDGE_CURVE('',#1952,#1953,#2129,.T.);
#1600=EDGE_CURVE('',#1885,#1953,#218,.T.);
#1601=EDGE_CURVE('',#1953,#1954,#2130,.T.);
#1602=EDGE_CURVE('',#1886,#1954,#219,.T.);
#1603=EDGE_CURVE('',#1955,#1887,#220,.T.);
#1604=EDGE_CURVE('',#1956,#1954,#221,.T.);
#1605=EDGE_CURVE('',#1957,#1956,#222,.T.);
#1606=EDGE_CURVE('',#1955,#1957,#223,.T.);
#1607=EDGE_CURVE('',#1922,#1958,#2131,.T.);
#1608=EDGE_CURVE('',#1958,#1959,#224,.T.);
#1609=EDGE_CURVE('',#1959,#1888,#2132,.T.);
#1610=EDGE_CURVE('',#1960,#1887,#2133,.T.);
#1611=EDGE_CURVE('',#1961,#1960,#225,.T.);
#1612=EDGE_CURVE('',#1911,#1961,#2134,.T.);
#1613=EDGE_CURVE('',#1911,#1922,#226,.T.);
#1614=EDGE_CURVE('',#1962,#1963,#227,.T.);
#1615=EDGE_CURVE('',#1963,#1964,#228,.T.);
#1616=EDGE_CURVE('',#1964,#1965,#229,.T.);
#1617=EDGE_CURVE('',#1889,#1965,#230,.T.);
#1618=EDGE_CURVE('',#1962,#1888,#231,.T.);
#1619=EDGE_CURVE('',#1966,#1965,#2135,.T.);
#1620=EDGE_CURVE('',#1890,#1966,#232,.T.);
#1621=EDGE_CURVE('',#1967,#1966,#233,.T.);
#1622=EDGE_CURVE('',#1891,#1967,#234,.T.);
#1623=EDGE_CURVE('',#1967,#1968,#235,.T.);
#1624=EDGE_CURVE('',#1892,#1968,#236,.T.);
#1625=EDGE_CURVE('',#1968,#1969,#237,.T.);
#1626=EDGE_CURVE('',#1893,#1969,#238,.T.);
#1627=EDGE_CURVE('',#1970,#1969,#2136,.T.);
#1628=EDGE_CURVE('',#1894,#1970,#239,.T.);
#1629=EDGE_CURVE('',#1971,#1970,#240,.T.);
#1630=EDGE_CURVE('',#1972,#1971,#241,.T.);
#1631=EDGE_CURVE('',#1897,#1972,#242,.T.);
#1632=EDGE_CURVE('',#1896,#1932,#2137,.T.);
#1633=EDGE_CURVE('',#1933,#1897,#2138,.T.);
#1634=EDGE_CURVE('',#1902,#1973,#243,.T.);
#1635=EDGE_CURVE('',#1927,#1973,#2139,.T.);
#1636=EDGE_CURVE('',#1901,#1974,#244,.T.);
#1637=EDGE_CURVE('',#1974,#1973,#245,.T.);
#1638=EDGE_CURVE('',#1925,#1974,#2140,.T.);
#1639=EDGE_CURVE('',#1905,#1975,#246,.T.);
#1640=EDGE_CURVE('',#1975,#1976,#247,.T.);
#1641=EDGE_CURVE('',#1976,#1977,#2141,.T.);
#1642=EDGE_CURVE('',#1977,#1978,#248,.T.);
#1643=EDGE_CURVE('',#1979,#1978,#2142,.T.);
#1644=EDGE_CURVE('',#1979,#1980,#249,.T.);
#1645=EDGE_CURVE('',#1981,#1980,#2143,.T.);
#1646=EDGE_CURVE('',#1981,#1982,#250,.T.);
#1647=EDGE_CURVE('',#1982,#1983,#2144,.T.);
#1648=EDGE_CURVE('',#1983,#1984,#251,.T.);
#1649=EDGE_CURVE('',#1985,#1984,#252,.T.);
#1650=EDGE_CURVE('',#1986,#1985,#253,.T.);
#1651=EDGE_CURVE('',#1987,#1986,#2145,.T.);
#1652=EDGE_CURVE('',#1988,#1987,#254,.T.);
#1653=EDGE_CURVE('',#1988,#1989,#2146,.T.);
#1654=EDGE_CURVE('',#1949,#1989,#255,.T.);
#1655=EDGE_CURVE('',#1928,#1975,#2147,.T.);
#1656=EDGE_CURVE('',#1990,#1961,#256,.T.);
#1657=EDGE_CURVE('',#1912,#1990,#2148,.T.);
#1658=EDGE_CURVE('',#1912,#1976,#2149,.T.);
#1659=EDGE_CURVE('',#1921,#1991,#2150,.T.);
#1660=EDGE_CURVE('',#1991,#1958,#257,.T.);
#1661=EDGE_CURVE('',#1921,#1931,#2151,.T.);
#1662=EDGE_CURVE('',#1946,#1991,#2152,.T.);
#1663=EDGE_CURVE('',#1992,#1945,#2153,.T.);
#1664=EDGE_CURVE('',#1991,#1992,#258,.T.);
#1665=EDGE_CURVE('',#1962,#1944,#2154,.T.);
#1666=EDGE_CURVE('',#1992,#1962,#2155,.T.);
#1667=EDGE_CURVE('',#1963,#1943,#2156,.T.);
#1668=EDGE_CURVE('',#1942,#1993,#2157,.T.);
#1669=EDGE_CURVE('',#1993,#1963,#2158,.T.);
#1670=EDGE_CURVE('',#1994,#1941,#2159,.T.);
#1671=EDGE_CURVE('',#1994,#1993,#259,.T.);
#1672=EDGE_CURVE('',#1995,#1940,#2160,.T.);
#1673=EDGE_CURVE('',#1995,#1994,#2161,.T.);
#1674=EDGE_CURVE('',#1996,#1939,#2162,.T.);
#1675=EDGE_CURVE('',#1995,#1996,#260,.T.);
#1676=EDGE_CURVE('',#1997,#1998,#2163,.T.);
#1677=EDGE_CURVE('',#1997,#1999,#261,.T.);
#1678=EDGE_CURVE('',#1985,#1999,#2164,.T.);
#1679=EDGE_CURVE('',#2000,#1984,#2165,.T.);
#1680=EDGE_CURVE('',#2000,#2001,#262,.T.);
#1681=EDGE_CURVE('',#2002,#2001,#2166,.T.);
#1682=EDGE_CURVE('',#2002,#2003,#263,.T.);
#1683=EDGE_CURVE('',#2003,#2004,#264,.T.);
#1684=EDGE_CURVE('',#2004,#2005,#265,.T.);
#1685=EDGE_CURVE('',#2005,#2006,#2167,.T.);
#1686=EDGE_CURVE('',#1996,#2006,#266,.T.);
#1687=EDGE_CURVE('',#1938,#2007,#2168,.T.);
#1688=EDGE_CURVE('',#2007,#2008,#267,.T.);
#1689=EDGE_CURVE('',#2008,#2009,#2169,.T.);
#1690=EDGE_CURVE('',#2010,#2009,#268,.T.);
#1691=EDGE_CURVE('',#2011,#2010,#269,.T.);
#1692=EDGE_CURVE('',#1998,#2011,#270,.T.);
#1693=EDGE_CURVE('',#1937,#2012,#2170,.T.);
#1694=EDGE_CURVE('',#2012,#2007,#271,.T.);
#1695=EDGE_CURVE('',#2013,#1936,#2171,.T.);
#1696=EDGE_CURVE('',#2012,#2013,#2172,.T.);
#1697=EDGE_CURVE('',#1935,#2014,#2173,.T.);
#1698=EDGE_CURVE('',#2013,#2014,#272,.T.);
#1699=EDGE_CURVE('',#1934,#1972,#2174,.T.);
#1700=EDGE_CURVE('',#2014,#1972,#2175,.T.);
#1701=EDGE_CURVE('',#1989,#1950,#2176,.T.);
#1702=EDGE_CURVE('',#1971,#1951,#273,.T.);
#1703=EDGE_CURVE('',#1964,#1956,#274,.T.);
#1704=EDGE_CURVE('',#2015,#1950,#2177,.T.);
#1705=EDGE_CURVE('',#2016,#2015,#275,.T.);
#1706=EDGE_CURVE('',#2016,#1951,#2178,.T.);
#1707=EDGE_CURVE('',#1957,#1980,#2179,.T.);
#1708=EDGE_CURVE('',#1955,#1979,#2180,.T.);
#1709=EDGE_CURVE('',#2017,#1955,#2181,.T.);
#1710=EDGE_CURVE('',#1960,#2017,#276,.T.);
#1711=EDGE_CURVE('',#2018,#1956,#2182,.T.);
#1712=EDGE_CURVE('',#2018,#2019,#277,.T.);
#1713=EDGE_CURVE('',#2019,#1957,#2183,.F.);
#1714=EDGE_CURVE('',#1992,#1959,#278,.T.);
#1715=EDGE_CURVE('',#1990,#2017,#279,.T.);
#1716=EDGE_CURVE('',#1993,#2020,#280,.T.);
#1717=EDGE_CURVE('',#2020,#1964,#2184,.T.);
#1718=EDGE_CURVE('',#2021,#1971,#2185,.T.);
#1719=EDGE_CURVE('',#2014,#2021,#281,.T.);
#1720=EDGE_CURVE('',#1988,#2015,#2186,.T.);
#1721=EDGE_CURVE('',#2022,#2015,#282,.T.);
#1722=EDGE_CURVE('',#2022,#1987,#2187,.T.);
#1723=EDGE_CURVE('',#2023,#2022,#2188,.T.);
#1724=EDGE_CURVE('',#1986,#2023,#2189,.T.);
#1725=EDGE_CURVE('',#2023,#1999,#283,.T.);
#1726=EDGE_CURVE('',#2024,#2000,#284,.T.);
#1727=EDGE_CURVE('',#2024,#1983,#2190,.T.);
#1728=EDGE_CURVE('',#2025,#1982,#2191,.T.);
#1729=EDGE_CURVE('',#2024,#2025,#2192,.T.);
#1730=EDGE_CURVE('',#1981,#2019,#2193,.T.);
#1731=EDGE_CURVE('',#2025,#2019,#285,.T.);
#1732=EDGE_CURVE('',#2017,#1978,#2194,.T.);
#1733=EDGE_CURVE('',#1977,#1990,#2195,.T.);
#1734=EDGE_CURVE('',#2026,#1994,#286,.T.);
#1735=EDGE_CURVE('',#2026,#2020,#287,.T.);
#1736=EDGE_CURVE('',#1995,#2027,#288,.T.);
#1737=EDGE_CURVE('',#2027,#2026,#2196,.T.);
#1738=EDGE_CURVE('',#2028,#2006,#289,.T.);
#1739=EDGE_CURVE('',#2027,#2028,#290,.T.);
#1740=EDGE_CURVE('',#2029,#1997,#291,.T.);
#1741=EDGE_CURVE('',#2030,#1998,#292,.T.);
#1742=EDGE_CURVE('',#2029,#2030,#2197,.T.);
#1743=EDGE_CURVE('',#2029,#2031,#293,.T.);
#1744=EDGE_CURVE('',#2031,#2023,#294,.T.);
#1745=EDGE_CURVE('',#2024,#2032,#295,.T.);
#1746=EDGE_CURVE('',#2032,#2033,#296,.T.);
#1747=EDGE_CURVE('',#2033,#2001,#297,.T.);
#1748=EDGE_CURVE('',#2034,#2002,#298,.T.);
#1749=EDGE_CURVE('',#2034,#2033,#2198,.T.);
#1750=EDGE_CURVE('',#2034,#2035,#299,.T.);
#1751=EDGE_CURVE('',#2035,#2003,#300,.T.);
#1752=EDGE_CURVE('',#2035,#2036,#301,.T.);
#1753=EDGE_CURVE('',#2036,#2004,#302,.T.);
#1754=EDGE_CURVE('',#2036,#2037,#303,.T.);
#1755=EDGE_CURVE('',#2037,#2005,#304,.T.);
#1756=EDGE_CURVE('',#2037,#2028,#2199,.T.);
#1757=EDGE_CURVE('',#2012,#2038,#305,.T.);
#1758=EDGE_CURVE('',#2038,#2039,#306,.T.);
#1759=EDGE_CURVE('',#2039,#2008,#307,.T.);
#1760=EDGE_CURVE('',#2039,#2040,#2200,.T.);
#1761=EDGE_CURVE('',#2040,#2009,#308,.T.);
#1762=EDGE_CURVE('',#2041,#2010,#309,.T.);
#1763=EDGE_CURVE('',#2041,#2040,#310,.T.);
#1764=EDGE_CURVE('',#2042,#2011,#311,.T.);
#1765=EDGE_CURVE('',#2042,#2041,#312,.T.);
#1766=EDGE_CURVE('',#2030,#2042,#313,.T.);
#1767=EDGE_CURVE('',#2043,#2013,#314,.T.);
#1768=EDGE_CURVE('',#2038,#2043,#2201,.T.);
#1769=EDGE_CURVE('',#2043,#2021,#315,.T.);
#1770=EDGE_CURVE('',#2027,#2032,#316,.T.);
#1771=EDGE_CURVE('',#2032,#2044,#2202,.T.);
#1772=EDGE_CURVE('',#2044,#2018,#317,.T.);
#1773=EDGE_CURVE('',#2045,#2016,#318,.T.);
#1774=EDGE_CURVE('',#2031,#2045,#2203,.T.);
#1775=EDGE_CURVE('',#2038,#2031,#319,.T.);
#1776=EDGE_CURVE('',#2045,#2022,#320,.T.);
#1777=EDGE_CURVE('',#2044,#2025,#321,.T.);
#1778=EDGE_CURVE('',#2046,#2047,#322,.T.);
#1779=EDGE_CURVE('',#2048,#2046,#323,.T.);
#1780=EDGE_CURVE('',#2048,#2049,#324,.T.);
#1781=EDGE_CURVE('',#2049,#2047,#325,.T.);
#1782=EDGE_CURVE('',#2046,#2050,#2204,.T.);
#1783=EDGE_CURVE('',#2051,#2050,#326,.T.);
#1784=EDGE_CURVE('',#2048,#2051,#2205,.T.);
#1785=EDGE_CURVE('',#2050,#2052,#327,.T.);
#1786=EDGE_CURVE('',#2053,#2052,#328,.T.);
#1787=EDGE_CURVE('',#2051,#2053,#329,.T.);
#1788=EDGE_CURVE('',#2052,#2054,#330,.T.);
#1789=EDGE_CURVE('',#2055,#2054,#331,.T.);
#1790=EDGE_CURVE('',#2053,#2055,#332,.T.);
#1791=EDGE_CURVE('',#2054,#2056,#333,.T.);
#1792=EDGE_CURVE('',#2057,#2056,#334,.T.);
#1793=EDGE_CURVE('',#2055,#2057,#335,.T.);
#1794=EDGE_CURVE('',#2056,#2058,#336,.T.);
#1795=EDGE_CURVE('',#2059,#2058,#337,.T.);
#1796=EDGE_CURVE('',#2057,#2059,#338,.T.);
#1797=EDGE_CURVE('',#2060,#2061,#339,.T.);
#1798=EDGE_CURVE('',#2060,#2059,#340,.T.);
#1799=EDGE_CURVE('',#2058,#2061,#341,.F.);
#1800=EDGE_CURVE('',#2062,#2063,#342,.T.);
#1801=EDGE_CURVE('',#2062,#2060,#343,.T.);
#1802=EDGE_CURVE('',#2061,#2063,#344,.T.);
#1803=EDGE_CURVE('',#2064,#2065,#345,.T.);
#1804=EDGE_CURVE('',#2064,#2062,#346,.T.);
#1805=EDGE_CURVE('',#2063,#2065,#347,.F.);
#1806=EDGE_CURVE('',#2066,#2065,#348,.T.);
#1807=EDGE_CURVE('',#2067,#2066,#349,.T.);
#1808=EDGE_CURVE('',#2067,#2064,#350,.T.);
#1809=EDGE_CURVE('',#2068,#2066,#351,.T.);
#1810=EDGE_CURVE('',#2069,#2068,#352,.T.);
#1811=EDGE_CURVE('',#2069,#2067,#353,.T.);
#1812=EDGE_CURVE('',#2070,#2068,#354,.T.);
#1813=EDGE_CURVE('',#2071,#2070,#355,.T.);
#1814=EDGE_CURVE('',#2071,#2069,#356,.T.);
#1815=EDGE_CURVE('',#2072,#2070,#357,.T.);
#1816=EDGE_CURVE('',#2073,#2072,#358,.T.);
#1817=EDGE_CURVE('',#2073,#2071,#359,.T.);
#1818=EDGE_CURVE('',#2074,#2072,#2206,.T.);
#1819=EDGE_CURVE('',#2075,#2074,#360,.T.);
#1820=EDGE_CURVE('',#2075,#2073,#2207,.T.);
#1821=EDGE_CURVE('',#2074,#2076,#361,.T.);
#1822=EDGE_CURVE('',#2077,#2076,#362,.T.);
#1823=EDGE_CURVE('',#2075,#2077,#363,.T.);
#1824=EDGE_CURVE('',#2078,#2076,#364,.T.);
#1825=EDGE_CURVE('',#2079,#2078,#365,.T.);
#1826=EDGE_CURVE('',#2079,#2077,#366,.T.);
#1827=EDGE_CURVE('',#2080,#2078,#367,.T.);
#1828=EDGE_CURVE('',#2081,#2080,#368,.T.);
#1829=EDGE_CURVE('',#2081,#2079,#369,.T.);
#1830=EDGE_CURVE('',#2080,#2047,#370,.T.);
#1831=EDGE_CURVE('',#2081,#2049,#371,.T.);
#1832=EDGE_CURVE('',#2082,#2082,#2208,.T.);
#1833=EDGE_CURVE('',#2083,#2083,#2209,.T.);
#1834=EDGE_CURVE('',#2059,#2064,#372,.T.);
#1835=EDGE_CURVE('',#2065,#2058,#373,.T.);
#1836=VERTEX_POINT('',#3896);
#1837=VERTEX_POINT('',#3897);
#1838=VERTEX_POINT('',#3899);
#1839=VERTEX_POINT('',#3901);
#1840=VERTEX_POINT('',#3903);
#1841=VERTEX_POINT('',#3905);
#1842=VERTEX_POINT('',#3907);
#1843=VERTEX_POINT('',#3909);
#1844=VERTEX_POINT('',#3913);
#1845=VERTEX_POINT('',#3914);
#1846=VERTEX_POINT('',#3919);
#1847=VERTEX_POINT('',#3923);
#1848=VERTEX_POINT('',#3927);
#1849=VERTEX_POINT('',#3931);
#1850=VERTEX_POINT('',#3935);
#1851=VERTEX_POINT('',#3937);
#1852=VERTEX_POINT('',#3939);
#1853=VERTEX_POINT('',#3941);
#1854=VERTEX_POINT('',#3945);
#1855=VERTEX_POINT('',#3947);
#1856=VERTEX_POINT('',#3949);
#1857=VERTEX_POINT('',#3951);
#1858=VERTEX_POINT('',#3953);
#1859=VERTEX_POINT('',#3955);
#1860=VERTEX_POINT('',#3959);
#1861=VERTEX_POINT('',#3960);
#1862=VERTEX_POINT('',#3962);
#1863=VERTEX_POINT('',#3964);
#1864=VERTEX_POINT('',#3969);
#1865=VERTEX_POINT('',#3971);
#1866=VERTEX_POINT('',#3973);
#1867=VERTEX_POINT('',#3975);
#1868=VERTEX_POINT('',#3977);
#1869=VERTEX_POINT('',#3979);
#1870=VERTEX_POINT('',#3981);
#1871=VERTEX_POINT('',#3983);
#1872=VERTEX_POINT('',#3985);
#1873=VERTEX_POINT('',#3987);
#1874=VERTEX_POINT('',#3989);
#1875=VERTEX_POINT('',#3991);
#1876=VERTEX_POINT('',#3995);
#1877=VERTEX_POINT('',#4030);
#1878=VERTEX_POINT('',#4065);
#1879=VERTEX_POINT('',#4067);
#1880=VERTEX_POINT('',#4102);
#1881=VERTEX_POINT('',#4104);
#1882=VERTEX_POINT('',#4139);
#1883=VERTEX_POINT('',#4143);
#1884=VERTEX_POINT('',#4147);
#1885=VERTEX_POINT('',#4151);
#1886=VERTEX_POINT('',#4152);
#1887=VERTEX_POINT('',#4154);
#1888=VERTEX_POINT('',#4156);
#1889=VERTEX_POINT('',#4158);
#1890=VERTEX_POINT('',#4160);
#1891=VERTEX_POINT('',#4162);
#1892=VERTEX_POINT('',#4164);
#1893=VERTEX_POINT('',#4166);
#1894=VERTEX_POINT('',#4168);
#1895=VERTEX_POINT('',#4171);
#1896=VERTEX_POINT('',#4175);
#1897=VERTEX_POINT('',#4176);
#1898=VERTEX_POINT('',#4183);
#1899=VERTEX_POINT('',#4185);
#1900=VERTEX_POINT('',#4221);
#1901=VERTEX_POINT('',#4223);
#1902=VERTEX_POINT('',#4225);
#1903=VERTEX_POINT('',#4227);
#1904=VERTEX_POINT('',#4263);
#1905=VERTEX_POINT('',#4265);
#1906=VERTEX_POINT('',#4267);
#1907=VERTEX_POINT('',#4271);
#1908=VERTEX_POINT('',#4275);
#1909=VERTEX_POINT('',#4293);
#1910=VERTEX_POINT('',#4297);
#1911=VERTEX_POINT('',#4299);
#1912=VERTEX_POINT('',#4301);
#1913=VERTEX_POINT('',#4303);
#1914=VERTEX_POINT('',#4307);
#1915=VERTEX_POINT('',#4311);
#1916=VERTEX_POINT('',#4315);
#1917=VERTEX_POINT('',#4319);
#1918=VERTEX_POINT('',#4323);
#1919=VERTEX_POINT('',#4327);
#1920=VERTEX_POINT('',#4329);
#1921=VERTEX_POINT('',#4331);
#1922=VERTEX_POINT('',#4333);
#1923=VERTEX_POINT('',#4337);
#1924=VERTEX_POINT('',#4374);
#1925=VERTEX_POINT('',#4395);
#1926=VERTEX_POINT('',#4429);
#1927=VERTEX_POINT('',#4433);
#1928=VERTEX_POINT('',#4468);
#1929=VERTEX_POINT('',#4502);
#1930=VERTEX_POINT('',#4535);
#1931=VERTEX_POINT('',#4542);
#1932=VERTEX_POINT('',#4544);
#1933=VERTEX_POINT('',#4546);
#1934=VERTEX_POINT('',#4548);
#1935=VERTEX_POINT('',#4550);
#1936=VERTEX_POINT('',#4552);
#1937=VERTEX_POINT('',#4554);
#1938=VERTEX_POINT('',#4556);
#1939=VERTEX_POINT('',#4558);
#1940=VERTEX_POINT('',#4560);
#1941=VERTEX_POINT('',#4562);
#1942=VERTEX_POINT('',#4564);
#1943=VERTEX_POINT('',#4566);
#1944=VERTEX_POINT('',#4568);
#1945=VERTEX_POINT('',#4570);
#1946=VERTEX_POINT('',#4572);
#1947=VERTEX_POINT('',#4576);
#1948=VERTEX_POINT('',#4580);
#1949=VERTEX_POINT('',#4584);
#1950=VERTEX_POINT('',#4588);
#1951=VERTEX_POINT('',#4590);
#1952=VERTEX_POINT('',#4592);
#1953=VERTEX_POINT('',#4596);
#1954=VERTEX_POINT('',#4600);
#1955=VERTEX_POINT('',#4604);
#1956=VERTEX_POINT('',#4606);
#1957=VERTEX_POINT('',#4608);
#1958=VERTEX_POINT('',#4612);
#1959=VERTEX_POINT('',#4614);
#1960=VERTEX_POINT('',#4617);
#1961=VERTEX_POINT('',#4619);
#1962=VERTEX_POINT('',#4624);
#1963=VERTEX_POINT('',#4625);
#1964=VERTEX_POINT('',#4627);
#1965=VERTEX_POINT('',#4629);
#1966=VERTEX_POINT('',#4634);
#1967=VERTEX_POINT('',#4638);
#1968=VERTEX_POINT('',#4642);
#1969=VERTEX_POINT('',#4646);
#1970=VERTEX_POINT('',#4650);
#1971=VERTEX_POINT('',#4654);
#1972=VERTEX_POINT('',#4656);
#1973=VERTEX_POINT('',#4665);
#1974=VERTEX_POINT('',#4669);
#1975=VERTEX_POINT('',#4675);
#1976=VERTEX_POINT('',#4677);
#1977=VERTEX_POINT('',#4679);
#1978=VERTEX_POINT('',#4681);
#1979=VERTEX_POINT('',#4683);
#1980=VERTEX_POINT('',#4685);
#1981=VERTEX_POINT('',#4687);
#1982=VERTEX_POINT('',#4689);
#1983=VERTEX_POINT('',#4691);
#1984=VERTEX_POINT('',#4693);
#1985=VERTEX_POINT('',#4695);
#1986=VERTEX_POINT('',#4697);
#1987=VERTEX_POINT('',#4699);
#1988=VERTEX_POINT('',#4701);
#1989=VERTEX_POINT('',#4703);
#1990=VERTEX_POINT('',#4709);
#1991=VERTEX_POINT('',#4717);
#1992=VERTEX_POINT('',#4726);
#1993=VERTEX_POINT('',#4735);
#1994=VERTEX_POINT('',#4739);
#1995=VERTEX_POINT('',#4743);
#1996=VERTEX_POINT('',#4747);
#1997=VERTEX_POINT('',#4751);
#1998=VERTEX_POINT('',#4752);
#1999=VERTEX_POINT('',#4754);
#2000=VERTEX_POINT('',#4757);
#2001=VERTEX_POINT('',#4759);
#2002=VERTEX_POINT('',#4761);
#2003=VERTEX_POINT('',#4763);
#2004=VERTEX_POINT('',#4765);
#2005=VERTEX_POINT('',#4767);
#2006=VERTEX_POINT('',#4769);
#2007=VERTEX_POINT('',#4772);
#2008=VERTEX_POINT('',#4774);
#2009=VERTEX_POINT('',#4776);
#2010=VERTEX_POINT('',#4778);
#2011=VERTEX_POINT('',#4780);
#2012=VERTEX_POINT('',#4784);
#2013=VERTEX_POINT('',#4788);
#2014=VERTEX_POINT('',#4792);
#2015=VERTEX_POINT('',#4805);
#2016=VERTEX_POINT('',#4807);
#2017=VERTEX_POINT('',#4814);
#2018=VERTEX_POINT('',#4818);
#2019=VERTEX_POINT('',#4820);
#2020=VERTEX_POINT('',#4829);
#2021=VERTEX_POINT('',#4833);
#2022=VERTEX_POINT('',#4839);
#2023=VERTEX_POINT('',#4843);
#2024=VERTEX_POINT('',#4849);
#2025=VERTEX_POINT('',#4853);
#2026=VERTEX_POINT('',#4866);
#2027=VERTEX_POINT('',#4870);
#2028=VERTEX_POINT('',#4874);
#2029=VERTEX_POINT('',#4878);
#2030=VERTEX_POINT('',#4880);
#2031=VERTEX_POINT('',#4884);
#2032=VERTEX_POINT('',#4888);
#2033=VERTEX_POINT('',#4890);
#2034=VERTEX_POINT('',#4894);
#2035=VERTEX_POINT('',#4898);
#2036=VERTEX_POINT('',#4902);
#2037=VERTEX_POINT('',#4906);
#2038=VERTEX_POINT('',#4912);
#2039=VERTEX_POINT('',#4914);
#2040=VERTEX_POINT('',#4918);
#2041=VERTEX_POINT('',#4922);
#2042=VERTEX_POINT('',#4926);
#2043=VERTEX_POINT('',#4932);
#2044=VERTEX_POINT('',#4939);
#2045=VERTEX_POINT('',#4943);
#2046=VERTEX_POINT('',#4957);
#2047=VERTEX_POINT('',#4958);
#2048=VERTEX_POINT('',#4960);
#2049=VERTEX_POINT('',#4962);
#2050=VERTEX_POINT('',#4966);
#2051=VERTEX_POINT('',#4968);
#2052=VERTEX_POINT('',#4972);
#2053=VERTEX_POINT('',#4974);
#2054=VERTEX_POINT('',#4978);
#2055=VERTEX_POINT('',#4980);
#2056=VERTEX_POINT('',#4984);
#2057=VERTEX_POINT('',#4986);
#2058=VERTEX_POINT('',#4990);
#2059=VERTEX_POINT('',#4992);
#2060=VERTEX_POINT('',#4996);
#2061=VERTEX_POINT('',#4997);
#2062=VERTEX_POINT('',#5002);
#2063=VERTEX_POINT('',#5003);
#2064=VERTEX_POINT('',#5008);
#2065=VERTEX_POINT('',#5009);
#2066=VERTEX_POINT('',#5014);
#2067=VERTEX_POINT('',#5016);
#2068=VERTEX_POINT('',#5020);
#2069=VERTEX_POINT('',#5022);
#2070=VERTEX_POINT('',#5026);
#2071=VERTEX_POINT('',#5028);
#2072=VERTEX_POINT('',#5032);
#2073=VERTEX_POINT('',#5034);
#2074=VERTEX_POINT('',#5038);
#2075=VERTEX_POINT('',#5040);
#2076=VERTEX_POINT('',#5044);
#2077=VERTEX_POINT('',#5046);
#2078=VERTEX_POINT('',#5050);
#2079=VERTEX_POINT('',#5052);
#2080=VERTEX_POINT('',#5056);
#2081=VERTEX_POINT('',#5058);
#2082=VERTEX_POINT('',#5065);
#2083=VERTEX_POINT('',#5067);
#2084=CIRCLE('',#2787,0.001);
#2085=CIRCLE('',#2788,0.0008);
#2086=CIRCLE('',#2790,0.001);
#2087=CIRCLE('',#2795,0.0008);
#2088=CIRCLE('',#2798,0.001169444444444);
#2089=CIRCLE('',#2799,0.001369444444444);
#2090=CIRCLE('',#2800,0.000866666666667);
#2091=CIRCLE('',#2801,0.001066666666667);
#2092=CIRCLE('',#2804,0.00015);
#2093=CIRCLE('',#2805,0.00015);
#2094=CIRCLE('',#2806,0.0008);
#2095=CIRCLE('',#2807,0.001);
#2096=CIRCLE('',#2808,0.00035);
#2097=CIRCLE('',#2809,0.00035);
#2098=CIRCLE('',#2811,0.001169444444444);
#2099=CIRCLE('',#2815,0.00015);
#2100=CIRCLE('',#2817,0.001369444444444);
#2101=CIRCLE('',#2820,0.000866666666667);
#2102=CIRCLE('',#2822,0.00065);
#2103=CIRCLE('',#2823,0.00045);
#2104=CIRCLE('',#2824,0.00045);
#2105=CIRCLE('',#2825,0.00065);
#2106=CIRCLE('',#2827,0.001066666666667);
#2107=CIRCLE('',#2830,0.00035);
#2108=CIRCLE('',#2832,0.00035);
#2109=CIRCLE('',#2833,0.00035);
#2110=CIRCLE('',#2835,0.00035);
#2111=CIRCLE('',#2836,0.00035);
#2112=CIRCLE('',#2839,0.00035);
#2113=CIRCLE('',#2842,0.001);
#2114=CIRCLE('',#2847,0.0008);
#2115=CIRCLE('',#2852,0.00015);
#2116=CIRCLE('',#2853,0.001019444444444);
#2117=CIRCLE('',#2858,0.001216666666667);
#2118=CIRCLE('',#2859,0.00075);
#2119=CIRCLE('',#2860,0.000749461534431);
#2120=CIRCLE('',#2861,0.000749461534431);
#2121=CIRCLE('',#2862,0.00075);
#2122=CIRCLE('',#2863,0.001216666666667);
#2123=CIRCLE('',#2864,0.001019444444444);
#2124=CIRCLE('',#2866,0.001019444444444);
#2125=CIRCLE('',#2867,0.00035);
#2126=CIRCLE('',#2869,0.00035);
#2127=CIRCLE('',#2871,0.001216666666667);
#2128=CIRCLE('',#2872,0.00035);
#2129=CIRCLE('',#2875,0.00065);
#2130=CIRCLE('',#2877,0.00065);
#2131=CIRCLE('',#2880,0.001169444444444);
#2132=CIRCLE('',#2881,0.001066666666667);
#2133=CIRCLE('',#2882,0.000866666666667);
#2134=CIRCLE('',#2883,0.001369444444444);
#2135=CIRCLE('',#2886,0.00045);
#2136=CIRCLE('',#2891,0.00045);
#2137=CIRCLE('',#2894,0.00015);
#2138=CIRCLE('',#2895,0.00015);
#2139=CIRCLE('',#2899,0.00035);
#2140=CIRCLE('',#2902,0.00035);
#2141=CIRCLE('',#2904,0.001019444444444);
#2142=CIRCLE('',#2905,0.001216666666667);
#2143=CIRCLE('',#2906,0.00075);
#2144=CIRCLE('',#2907,0.000749461534431);
#2145=CIRCLE('',#2908,0.000749461534431);
#2146=CIRCLE('',#2909,0.00075);
#2147=CIRCLE('',#2911,0.00035);
#2148=CIRCLE('',#2913,0.001369444444444);
#2149=CIRCLE('',#2917,0.00035);
#2150=CIRCLE('',#2919,0.001169444444444);
#2151=CIRCLE('',#2922,0.00015);
#2152=CIRCLE('',#2924,0.00015);
#2153=CIRCLE('',#2926,0.00015);
#2154=CIRCLE('',#2928,0.00015);
#2155=CIRCLE('',#2929,0.001066666666667);
#2156=CIRCLE('',#2931,0.00015);
#2157=CIRCLE('',#2933,0.00015);
#2158=CIRCLE('',#2934,0.000599461534431);
#2159=CIRCLE('',#2936,0.00015);
#2160=CIRCLE('',#2938,0.00015);
#2161=CIRCLE('',#2939,0.0009);
#2162=CIRCLE('',#2941,0.00015);
#2163=CIRCLE('',#2943,0.00079);
#2164=CIRCLE('',#2944,0.00035);
#2165=CIRCLE('',#2945,0.00035);
#2166=CIRCLE('',#2946,0.00079);
#2167=CIRCLE('',#2947,0.00059);
#2168=CIRCLE('',#2948,0.00015);
#2169=CIRCLE('',#2949,0.00059);
#2170=CIRCLE('',#2951,0.00015);
#2171=CIRCLE('',#2953,0.00015);
#2172=CIRCLE('',#2954,0.0009);
#2173=CIRCLE('',#2956,0.00015);
#2174=CIRCLE('',#2958,0.00015);
#2175=CIRCLE('',#2959,0.000599461534431);
#2176=CIRCLE('',#2962,0.00035);
#2177=CIRCLE('',#2965,0.000399461534431);
#2178=CIRCLE('',#2966,0.000399461534431);
#2179=CIRCLE('',#2968,0.00035);
#2180=CIRCLE('',#2969,0.00035);
#2181=CIRCLE('',#2971,0.000866666666667);
#2182=CIRCLE('',#2973,0.000399461534431);
#2183=CIRCLE('',#2974,0.000399461534431);
#2184=CIRCLE('',#2979,0.000599461534431);
#2185=CIRCLE('',#2981,0.000599461534431);
#2186=CIRCLE('',#2983,0.00035);
#2187=CIRCLE('',#2985,0.00035);
#2188=CIRCLE('',#2987,0.0011);
#2189=CIRCLE('',#2988,0.00035);
#2190=CIRCLE('',#2991,0.00035);
#2191=CIRCLE('',#2993,0.00035);
#2192=CIRCLE('',#2994,0.0011);
#2193=CIRCLE('',#2996,0.00035);
#2194=CIRCLE('',#2999,0.00035);
#2195=CIRCLE('',#3001,0.00035);
#2196=CIRCLE('',#3005,0.0009);
#2197=CIRCLE('',#3008,0.00079);
#2198=CIRCLE('',#3012,0.00079);
#2199=CIRCLE('',#3017,0.00059);
#2200=CIRCLE('',#3020,0.00059);
#2201=CIRCLE('',#3025,0.0009);
#2202=CIRCLE('',#3028,0.0011);
#2203=CIRCLE('',#3030,0.0011);
#2204=CIRCLE('',#3040,0.0005715);
#2205=CIRCLE('',#3041,0.0005715);
#2206=CIRCLE('',#3054,0.0005715);
#2207=CIRCLE('',#3055,0.0005715);
#2208=CIRCLE('',#3061,0.0006985);
#2209=CIRCLE('',#3062,0.0006985);
#2210=EDGE_LOOP('',(#633,#634,#635,#636,#637,#638,#639,#640));
#2211=EDGE_LOOP('',(#641,#642,#643,#644));
#2212=EDGE_LOOP('',(#645,#646,#647,#648));
#2213=EDGE_LOOP('',(#649,#650,#651,#652));
#2214=EDGE_LOOP('',(#653,#654,#655,#656));
#2215=EDGE_LOOP('',(#657,#658,#659,#660));
#2216=EDGE_LOOP('',(#661,#662,#663,#664,#665,#666,#667));
#2217=EDGE_LOOP('',(#668,#669,#670,#671,#672,#673,#674,#675));
#2218=EDGE_LOOP('',(#676,#677,#678,#679,#680,#681,#682));
#2219=EDGE_LOOP('',(#683,#684,#685,#686,#687,#688,#689,#690,#691,#692,#693,
#694,#695,#696,#697,#698,#699,#700,#701,#702));
#2220=EDGE_LOOP('',(#703,#704,#705,#706));
#2221=EDGE_LOOP('',(#707,#708,#709,#710));
#2222=EDGE_LOOP('',(#711,#712,#713,#714));
#2223=EDGE_LOOP('',(#715,#716,#717,#718));
#2224=EDGE_LOOP('',(#719,#720,#721,#722));
#2225=EDGE_LOOP('',(#723,#724,#725,#726));
#2226=EDGE_LOOP('',(#727,#728,#729,#730));
#2227=EDGE_LOOP('',(#731,#732,#733,#734,#735,#736,#737,#738,#739,#740,#741,
#742,#743));
#2228=EDGE_LOOP('',(#744,#745,#746,#747));
#2229=EDGE_LOOP('',(#748,#749,#750,#751));
#2230=EDGE_LOOP('',(#752,#753,#754,#755,#756));
#2231=EDGE_LOOP('',(#757,#758,#759,#760,#761,#762));
#2232=EDGE_LOOP('',(#763,#764,#765,#766,#767));
#2233=EDGE_LOOP('',(#768,#769,#770,#771));
#2234=EDGE_LOOP('',(#772,#773,#774,#775,#776));
#2235=EDGE_LOOP('',(#777,#778,#779,#780,#781,#782,#783));
#2236=EDGE_LOOP('',(#784,#785,#786,#787));
#2237=EDGE_LOOP('',(#788,#789,#790,#791));
#2238=EDGE_LOOP('',(#792,#793,#794,#795));
#2239=EDGE_LOOP('',(#796,#797,#798,#799));
#2240=EDGE_LOOP('',(#800,#801,#802,#803));
#2241=EDGE_LOOP('',(#804,#805,#806,#807,#808,#809,#810));
#2242=EDGE_LOOP('',(#811,#812,#813,#814));
#2243=EDGE_LOOP('',(#815,#816,#817,#818));
#2244=EDGE_LOOP('',(#819,#820,#821,#822));
#2245=EDGE_LOOP('',(#823,#824,#825,#826,#827,#828));
#2246=EDGE_LOOP('',(#829,#830,#831,#832,#833,#834));
#2247=EDGE_LOOP('',(#835,#836,#837,#838,#839,#840));
#2248=EDGE_LOOP('',(#841,#842,#843,#844,#845,#846));
#2249=EDGE_LOOP('',(#847,#848,#849,#850));
#2250=EDGE_LOOP('',(#851,#852,#853,#854,#855,#856,#857,#858,#859,#860,#861,
#862,#863,#864,#865,#866,#867,#868,#869,#870));
#2251=EDGE_LOOP('',(#871,#872,#873,#874));
#2252=EDGE_LOOP('',(#875,#876,#877,#878));
#2253=EDGE_LOOP('',(#879,#880,#881,#882));
#2254=EDGE_LOOP('',(#883,#884,#885,#886,#887,#888));
#2255=EDGE_LOOP('',(#889,#890,#891,#892));
#2256=EDGE_LOOP('',(#893,#894,#895,#896));
#2257=EDGE_LOOP('',(#897,#898,#899,#900,#901,#902));
#2258=EDGE_LOOP('',(#903,#904,#905,#906,#907,#908,#909,#910));
#2259=EDGE_LOOP('',(#911,#912,#913,#914,#915,#916));
#2260=EDGE_LOOP('',(#917,#918,#919,#920));
#2261=EDGE_LOOP('',(#921,#922,#923,#924));
#2262=EDGE_LOOP('',(#925,#926,#927,#928));
#2263=EDGE_LOOP('',(#929,#930,#931,#932));
#2264=EDGE_LOOP('',(#933,#934,#935,#936));
#2265=EDGE_LOOP('',(#937,#938,#939,#940,#941,#942));
#2266=EDGE_LOOP('',(#943,#944,#945,#946));
#2267=EDGE_LOOP('',(#947,#948,#949,#950));
#2268=EDGE_LOOP('',(#951,#952,#953,#954));
#2269=EDGE_LOOP('',(#955,#956,#957,#958));
#2270=EDGE_LOOP('',(#959,#960,#961,#962));
#2271=EDGE_LOOP('',(#963,#964,#965,#966));
#2272=EDGE_LOOP('',(#967,#968,#969,#970,#971,#972,#973,#974,#975,#976,#977,
#978,#979,#980,#981,#982,#983,#984,#985,#986));
#2273=EDGE_LOOP('',(#987,#988,#989,#990));
#2274=EDGE_LOOP('',(#991,#992,#993,#994));
#2275=EDGE_LOOP('',(#995,#996,#997,#998,#999,#1000,#1001,#1002));
#2276=EDGE_LOOP('',(#1003,#1004,#1005,#1006,#1007,#1008));
#2277=EDGE_LOOP('',(#1009,#1010,#1011,#1012,#1013));
#2278=EDGE_LOOP('',(#1014,#1015,#1016,#1017));
#2279=EDGE_LOOP('',(#1018,#1019,#1020,#1021));
#2280=EDGE_LOOP('',(#1022,#1023,#1024,#1025));
#2281=EDGE_LOOP('',(#1026,#1027,#1028,#1029));
#2282=EDGE_LOOP('',(#1030,#1031,#1032,#1033));
#2283=EDGE_LOOP('',(#1034,#1035,#1036,#1037));
#2284=EDGE_LOOP('',(#1038,#1039,#1040,#1041));
#2285=EDGE_LOOP('',(#1042,#1043,#1044,#1045));
#2286=EDGE_LOOP('',(#1046,#1047,#1048,#1049));
#2287=EDGE_LOOP('',(#1050,#1051,#1052,#1053));
#2288=EDGE_LOOP('',(#1054,#1055,#1056,#1057));
#2289=EDGE_LOOP('',(#1058,#1059,#1060,#1061,#1062,#1063,#1064,#1065,#1066,
#1067,#1068,#1069,#1070,#1071,#1072,#1073,#1074,#1075,#1076,#1077));
#2290=EDGE_LOOP('',(#1078,#1079,#1080,#1081));
#2291=EDGE_LOOP('',(#1082,#1083,#1084,#1085));
#2292=EDGE_LOOP('',(#1086,#1087,#1088,#1089));
#2293=EDGE_LOOP('',(#1090,#1091,#1092,#1093));
#2294=EDGE_LOOP('',(#1094,#1095,#1096,#1097));
#2295=EDGE_LOOP('',(#1098,#1099,#1100,#1101));
#2296=EDGE_LOOP('',(#1102,#1103,#1104,#1105,#1106,#1107,#1108,#1109,#1110,
#1111,#1112,#1113,#1114));
#2297=EDGE_LOOP('',(#1115,#1116,#1117,#1118));
#2298=EDGE_LOOP('',(#1119,#1120,#1121,#1122));
#2299=EDGE_LOOP('',(#1123,#1124,#1125,#1126));
#2300=EDGE_LOOP('',(#1127,#1128,#1129,#1130));
#2301=EDGE_LOOP('',(#1131,#1132,#1133,#1134));
#2302=EDGE_LOOP('',(#1135,#1136,#1137,#1138));
#2303=EDGE_LOOP('',(#1139,#1140,#1141,#1142));
#2304=EDGE_LOOP('',(#1143,#1144,#1145,#1146));
#2305=EDGE_LOOP('',(#1147,#1148,#1149,#1150));
#2306=EDGE_LOOP('',(#1151,#1152,#1153,#1154));
#2307=EDGE_LOOP('',(#1155,#1156,#1157,#1158));
#2308=EDGE_LOOP('',(#1159,#1160,#1161,#1162));
#2309=EDGE_LOOP('',(#1163,#1164,#1165,#1166));
#2310=EDGE_LOOP('',(#1167,#1168,#1169,#1170));
#2311=EDGE_LOOP('',(#1171,#1172,#1173,#1174));
#2312=EDGE_LOOP('',(#1175,#1176,#1177,#1178));
#2313=EDGE_LOOP('',(#1179,#1180,#1181,#1182));
#2314=EDGE_LOOP('',(#1183,#1184,#1185,#1186));
#2315=EDGE_LOOP('',(#1187,#1188,#1189,#1190));
#2316=EDGE_LOOP('',(#1191,#1192,#1193,#1194));
#2317=EDGE_LOOP('',(#1195,#1196,#1197,#1198));
#2318=EDGE_LOOP('',(#1199,#1200,#1201,#1202));
#2319=EDGE_LOOP('',(#1203,#1204,#1205,#1206,#1207));
#2320=EDGE_LOOP('',(#1208,#1209,#1210,#1211));
#2321=EDGE_LOOP('',(#1212,#1213,#1214,#1215,#1216));
#2322=EDGE_LOOP('',(#1217,#1218,#1219,#1220,#1221));
#2323=EDGE_LOOP('',(#1222,#1223,#1224,#1225));
#2324=EDGE_LOOP('',(#1226,#1227,#1228,#1229));
#2325=EDGE_LOOP('',(#1230,#1231,#1232,#1233));
#2326=EDGE_LOOP('',(#1234,#1235,#1236,#1237));
#2327=EDGE_LOOP('',(#1238,#1239,#1240,#1241));
#2328=EDGE_LOOP('',(#1242,#1243,#1244,#1245,#1246));
#2329=EDGE_LOOP('',(#1247,#1248,#1249,#1250));
#2330=EDGE_LOOP('',(#1251,#1252,#1253,#1254));
#2331=EDGE_LOOP('',(#1255,#1256,#1257,#1258));
#2332=EDGE_LOOP('',(#1259,#1260,#1261,#1262));
#2333=EDGE_LOOP('',(#1263,#1264,#1265,#1266));
#2334=EDGE_LOOP('',(#1267,#1268,#1269,#1270));
#2335=EDGE_LOOP('',(#1271,#1272,#1273,#1274,#1275,#1276,#1277,#1278));
#2336=EDGE_LOOP('',(#1279,#1280,#1281,#1282,#1283,#1284,#1285,#1286));
#2337=EDGE_LOOP('',(#1287,#1288,#1289,#1290));
#2338=EDGE_LOOP('',(#1291,#1292,#1293,#1294));
#2339=EDGE_LOOP('',(#1295,#1296,#1297,#1298));
#2340=EDGE_LOOP('',(#1299,#1300,#1301,#1302));
#2341=EDGE_LOOP('',(#1303,#1304,#1305,#1306,#1307,#1308,#1309,#1310));
#2342=EDGE_LOOP('',(#1311,#1312,#1313,#1314,#1315,#1316,#1317,#1318));
#2343=EDGE_LOOP('',(#1319,#1320,#1321,#1322));
#2344=EDGE_LOOP('',(#1323,#1324,#1325,#1326));
#2345=EDGE_LOOP('',(#1327,#1328,#1329,#1330));
#2346=EDGE_LOOP('',(#1331,#1332,#1333,#1334));
#2347=EDGE_LOOP('',(#1335,#1336,#1337,#1338));
#2348=EDGE_LOOP('',(#1339,#1340,#1341,#1342));
#2349=EDGE_LOOP('',(#1343,#1344,#1345,#1346));
#2350=EDGE_LOOP('',(#1347,#1348,#1349,#1350));
#2351=EDGE_LOOP('',(#1351,#1352,#1353,#1354));
#2352=EDGE_LOOP('',(#1355,#1356,#1357,#1358));
#2353=EDGE_LOOP('',(#1359,#1360,#1361,#1362));
#2354=EDGE_LOOP('',(#1363,#1364,#1365,#1366));
#2355=EDGE_LOOP('',(#1367,#1368,#1369,#1370));
#2356=EDGE_LOOP('',(#1371,#1372,#1373,#1374));
#2357=EDGE_LOOP('',(#1375,#1376,#1377,#1378));
#2358=EDGE_LOOP('',(#1379,#1380,#1381,#1382));
#2359=EDGE_LOOP('',(#1383,#1384,#1385,#1386));
#2360=EDGE_LOOP('',(#1387,#1388,#1389,#1390));
#2361=EDGE_LOOP('',(#1391));
#2362=EDGE_LOOP('',(#1392));
#2363=EDGE_LOOP('',(#1393,#1394,#1395,#1396,#1397,#1398,#1399,#1400,#1401,
#1402,#1403,#1404,#1405,#1406,#1407,#1408));
#2364=EDGE_LOOP('',(#1409));
#2365=EDGE_LOOP('',(#1410,#1411,#1412,#1413,#1414,#1415,#1416,#1417,#1418,
#1419,#1420,#1421,#1422,#1423,#1424,#1425));
#2366=EDGE_LOOP('',(#1426));
#2367=EDGE_LOOP('',(#1427,#1428,#1429,#1430));
#2368=EDGE_LOOP('',(#1431,#1432,#1433,#1434));
#2369=FACE_BOUND('',#2210,.T.);
#2370=FACE_BOUND('',#2211,.T.);
#2371=FACE_BOUND('',#2212,.T.);
#2372=FACE_BOUND('',#2213,.T.);
#2373=FACE_BOUND('',#2214,.T.);
#2374=FACE_BOUND('',#2215,.T.);
#2375=FACE_BOUND('',#2216,.T.);
#2376=FACE_BOUND('',#2217,.T.);
#2377=FACE_BOUND('',#2218,.T.);
#2378=FACE_BOUND('',#2219,.T.);
#2379=FACE_BOUND('',#2220,.T.);
#2380=FACE_BOUND('',#2221,.T.);
#2381=FACE_BOUND('',#2222,.T.);
#2382=FACE_BOUND('',#2223,.T.);
#2383=FACE_BOUND('',#2224,.T.);
#2384=FACE_BOUND('',#2225,.T.);
#2385=FACE_BOUND('',#2226,.T.);
#2386=FACE_BOUND('',#2227,.T.);
#2387=FACE_BOUND('',#2228,.T.);
#2388=FACE_BOUND('',#2229,.T.);
#2389=FACE_BOUND('',#2230,.T.);
#2390=FACE_BOUND('',#2231,.T.);
#2391=FACE_BOUND('',#2232,.T.);
#2392=FACE_BOUND('',#2233,.T.);
#2393=FACE_BOUND('',#2234,.T.);
#2394=FACE_BOUND('',#2235,.T.);
#2395=FACE_BOUND('',#2236,.T.);
#2396=FACE_BOUND('',#2237,.T.);
#2397=FACE_BOUND('',#2238,.T.);
#2398=FACE_BOUND('',#2239,.T.);
#2399=FACE_BOUND('',#2240,.T.);
#2400=FACE_BOUND('',#2241,.T.);
#2401=FACE_BOUND('',#2242,.T.);
#2402=FACE_BOUND('',#2243,.T.);
#2403=FACE_BOUND('',#2244,.T.);
#2404=FACE_BOUND('',#2245,.T.);
#2405=FACE_BOUND('',#2246,.T.);
#2406=FACE_BOUND('',#2247,.T.);
#2407=FACE_BOUND('',#2248,.T.);
#2408=FACE_BOUND('',#2249,.T.);
#2409=FACE_BOUND('',#2250,.T.);
#2410=FACE_BOUND('',#2251,.T.);
#2411=FACE_BOUND('',#2252,.T.);
#2412=FACE_BOUND('',#2253,.T.);
#2413=FACE_BOUND('',#2254,.T.);
#2414=FACE_BOUND('',#2255,.T.);
#2415=FACE_BOUND('',#2256,.T.);
#2416=FACE_BOUND('',#2257,.T.);
#2417=FACE_BOUND('',#2258,.T.);
#2418=FACE_BOUND('',#2259,.T.);
#2419=FACE_BOUND('',#2260,.T.);
#2420=FACE_BOUND('',#2261,.T.);
#2421=FACE_BOUND('',#2262,.T.);
#2422=FACE_BOUND('',#2263,.T.);
#2423=FACE_BOUND('',#2264,.T.);
#2424=FACE_BOUND('',#2265,.T.);
#2425=FACE_BOUND('',#2266,.T.);
#2426=FACE_BOUND('',#2267,.T.);
#2427=FACE_BOUND('',#2268,.T.);
#2428=FACE_BOUND('',#2269,.T.);
#2429=FACE_BOUND('',#2270,.T.);
#2430=FACE_BOUND('',#2271,.T.);
#2431=FACE_BOUND('',#2272,.T.);
#2432=FACE_BOUND('',#2273,.T.);
#2433=FACE_BOUND('',#2274,.T.);
#2434=FACE_BOUND('',#2275,.T.);
#2435=FACE_BOUND('',#2276,.T.);
#2436=FACE_BOUND('',#2277,.T.);
#2437=FACE_BOUND('',#2278,.T.);
#2438=FACE_BOUND('',#2279,.T.);
#2439=FACE_BOUND('',#2280,.T.);
#2440=FACE_BOUND('',#2281,.T.);
#2441=FACE_BOUND('',#2282,.T.);
#2442=FACE_BOUND('',#2283,.T.);
#2443=FACE_BOUND('',#2284,.T.);
#2444=FACE_BOUND('',#2285,.T.);
#2445=FACE_BOUND('',#2286,.T.);
#2446=FACE_BOUND('',#2287,.T.);
#2447=FACE_BOUND('',#2288,.T.);
#2448=FACE_BOUND('',#2289,.T.);
#2449=FACE_BOUND('',#2290,.T.);
#2450=FACE_BOUND('',#2291,.T.);
#2451=FACE_BOUND('',#2292,.T.);
#2452=FACE_BOUND('',#2293,.T.);
#2453=FACE_BOUND('',#2294,.T.);
#2454=FACE_BOUND('',#2295,.T.);
#2455=FACE_BOUND('',#2296,.T.);
#2456=FACE_BOUND('',#2297,.T.);
#2457=FACE_BOUND('',#2298,.T.);
#2458=FACE_BOUND('',#2299,.T.);
#2459=FACE_BOUND('',#2300,.T.);
#2460=FACE_BOUND('',#2301,.T.);
#2461=FACE_BOUND('',#2302,.T.);
#2462=FACE_BOUND('',#2303,.T.);
#2463=FACE_BOUND('',#2304,.T.);
#2464=FACE_BOUND('',#2305,.T.);
#2465=FACE_BOUND('',#2306,.T.);
#2466=FACE_BOUND('',#2307,.T.);
#2467=FACE_BOUND('',#2308,.T.);
#2468=FACE_BOUND('',#2309,.T.);
#2469=FACE_BOUND('',#2310,.T.);
#2470=FACE_BOUND('',#2311,.T.);
#2471=FACE_BOUND('',#2312,.T.);
#2472=FACE_BOUND('',#2313,.T.);
#2473=FACE_BOUND('',#2314,.T.);
#2474=FACE_BOUND('',#2315,.T.);
#2475=FACE_BOUND('',#2316,.T.);
#2476=FACE_BOUND('',#2317,.T.);
#2477=FACE_BOUND('',#2318,.T.);
#2478=FACE_BOUND('',#2319,.T.);
#2479=FACE_BOUND('',#2320,.T.);
#2480=FACE_BOUND('',#2321,.T.);
#2481=FACE_BOUND('',#2322,.T.);
#2482=FACE_BOUND('',#2323,.T.);
#2483=FACE_BOUND('',#2324,.T.);
#2484=FACE_BOUND('',#2325,.T.);
#2485=FACE_BOUND('',#2326,.T.);
#2486=FACE_BOUND('',#2327,.T.);
#2487=FACE_BOUND('',#2328,.T.);
#2488=FACE_BOUND('',#2329,.T.);
#2489=FACE_BOUND('',#2330,.T.);
#2490=FACE_BOUND('',#2331,.T.);
#2491=FACE_BOUND('',#2332,.T.);
#2492=FACE_BOUND('',#2333,.T.);
#2493=FACE_BOUND('',#2334,.T.);
#2494=FACE_BOUND('',#2335,.T.);
#2495=FACE_BOUND('',#2336,.T.);
#2496=FACE_BOUND('',#2337,.T.);
#2497=FACE_BOUND('',#2338,.T.);
#2498=FACE_BOUND('',#2339,.T.);
#2499=FACE_BOUND('',#2340,.T.);
#2500=FACE_BOUND('',#2341,.T.);
#2501=FACE_BOUND('',#2342,.T.);
#2502=FACE_BOUND('',#2343,.T.);
#2503=FACE_BOUND('',#2344,.T.);
#2504=FACE_BOUND('',#2345,.T.);
#2505=FACE_BOUND('',#2346,.T.);
#2506=FACE_BOUND('',#2347,.T.);
#2507=FACE_BOUND('',#2348,.T.);
#2508=FACE_BOUND('',#2349,.T.);
#2509=FACE_BOUND('',#2350,.T.);
#2510=FACE_BOUND('',#2351,.T.);
#2511=FACE_BOUND('',#2352,.T.);
#2512=FACE_BOUND('',#2353,.T.);
#2513=FACE_BOUND('',#2354,.T.);
#2514=FACE_BOUND('',#2355,.T.);
#2515=FACE_BOUND('',#2356,.T.);
#2516=FACE_BOUND('',#2357,.T.);
#2517=FACE_BOUND('',#2358,.T.);
#2518=FACE_BOUND('',#2359,.T.);
#2519=FACE_BOUND('',#2360,.T.);
#2520=FACE_BOUND('',#2361,.T.);
#2521=FACE_BOUND('',#2362,.T.);
#2522=FACE_BOUND('',#2363,.T.);
#2523=FACE_BOUND('',#2364,.T.);
#2524=FACE_BOUND('',#2365,.T.);
#2525=FACE_BOUND('',#2366,.T.);
#2526=FACE_BOUND('',#2367,.T.);
#2527=FACE_BOUND('',#2368,.T.);
#2528=PLANE('',#2786);
#2529=PLANE('',#2791);
#2530=PLANE('',#2792);
#2531=PLANE('',#2793);
#2532=PLANE('',#2796);
#2533=PLANE('',#2797);
#2534=PLANE('',#2802);
#2535=PLANE('',#2803);
#2536=PLANE('',#2818);
#2537=PLANE('',#2821);
#2538=PLANE('',#2828);
#2539=PLANE('',#2837);
#2540=PLANE('',#2840);
#2541=PLANE('',#2843);
#2542=PLANE('',#2844);
#2543=PLANE('',#2845);
#2544=PLANE('',#2848);
#2545=PLANE('',#2850);
#2546=PLANE('',#2856);
#2547=PLANE('',#2857);
#2548=PLANE('',#2873);
#2549=PLANE('',#2878);
#2550=PLANE('',#2879);
#2551=PLANE('',#2884);
#2552=PLANE('',#2887);
#2553=PLANE('',#2888);
#2554=PLANE('',#2889);
#2555=PLANE('',#2892);
#2556=PLANE('',#2897);
#2557=PLANE('',#2898);
#2558=PLANE('',#2900);
#2559=PLANE('',#2901);
#2560=PLANE('',#2903);
#2561=PLANE('',#2910);
#2562=PLANE('',#2914);
#2563=PLANE('',#2942);
#2564=PLANE('',#2963);
#2565=PLANE('',#2975);
#2566=PLANE('',#2977);
#2567=PLANE('',#3003);
#2568=PLANE('',#3006);
#2569=PLANE('',#3009);
#2570=PLANE('',#3010);
#2571=PLANE('',#3013);
#2572=PLANE('',#3014);
#2573=PLANE('',#3015);
#2574=PLANE('',#3018);
#2575=PLANE('',#3021);
#2576=PLANE('',#3022);
#2577=PLANE('',#3023);
#2578=PLANE('',#3026);
#2579=PLANE('',#3027);
#2580=PLANE('',#3029);
#2581=PLANE('',#3031);
#2582=PLANE('',#3032);
#2583=PLANE('',#3035);
#2584=PLANE('',#3036);
#2585=PLANE('',#3038);
#2586=PLANE('',#3042);
#2587=PLANE('',#3043);
#2588=PLANE('',#3044);
#2589=PLANE('',#3045);
#2590=PLANE('',#3046);
#2591=PLANE('',#3047);
#2592=PLANE('',#3048);
#2593=PLANE('',#3049);
#2594=PLANE('',#3050);
#2595=PLANE('',#3051);
#2596=PLANE('',#3052);
#2597=PLANE('',#3056);
#2598=PLANE('',#3057);
#2599=PLANE('',#3058);
#2600=PLANE('',#3059);
#2601=PLANE('',#3063);
#2602=PLANE('',#3064);
#2603=PLANE('',#3065);
#2604=PLANE('',#3066);
#2605=ADVANCED_FACE('',(#2369),#2528,.T.);
#2606=ADVANCED_FACE('',(#2370),#54,.T.);
#2607=ADVANCED_FACE('',(#2371),#2529,.T.);
#2608=ADVANCED_FACE('',(#2372),#2530,.T.);
#2609=ADVANCED_FACE('',(#2373),#2531,.T.);
#2610=ADVANCED_FACE('',(#2374),#55,.F.);
#2611=ADVANCED_FACE('',(#2375),#2532,.F.);
#2612=ADVANCED_FACE('',(#2376),#2533,.T.);
#2613=ADVANCED_FACE('',(#2377),#2534,.F.);
#2614=ADVANCED_FACE('',(#2378),#2535,.F.);
#2615=ADVANCED_FACE('',(#2379),#56,.F.);
#2616=ADVANCED_FACE('',(#2380),#57,.F.);
#2617=ADVANCED_FACE('',(#2381),#58,.F.);
#2618=ADVANCED_FACE('',(#2382),#59,.F.);
#2619=ADVANCED_FACE('',(#2383),#60,.T.);
#2620=ADVANCED_FACE('',(#2384),#2536,.T.);
#2621=ADVANCED_FACE('',(#2385),#61,.F.);
#2622=ADVANCED_FACE('',(#2386),#2537,.F.);
#2623=ADVANCED_FACE('',(#2387),#62,.T.);
#2624=ADVANCED_FACE('',(#2388),#2538,.T.);
#2625=ADVANCED_FACE('',(#2389),#63,.T.);
#2626=ADVANCED_FACE('',(#2390),#64,.T.);
#2627=ADVANCED_FACE('',(#2391),#65,.T.);
#2628=ADVANCED_FACE('',(#2392),#2539,.T.);
#2629=ADVANCED_FACE('',(#2393),#66,.T.);
#2630=ADVANCED_FACE('',(#2394),#2540,.F.);
#2631=ADVANCED_FACE('',(#2395),#67,.T.);
#2632=ADVANCED_FACE('',(#2396),#2541,.F.);
#2633=ADVANCED_FACE('',(#2397),#2542,.T.);
#2634=ADVANCED_FACE('',(#2398),#2543,.F.);
#2635=ADVANCED_FACE('',(#2399),#68,.F.);
#2636=ADVANCED_FACE('',(#2400),#2544,.T.);
#2637=ADVANCED_FACE('',(#2401),#69,.F.);
#2638=ADVANCED_FACE('',(#2402),#2545,.T.);
#2639=ADVANCED_FACE('',(#2403),#22,.F.);
#2640=ADVANCED_FACE('',(#2404,#2405),#70,.F.);
#2641=ADVANCED_FACE('',(#2406,#2407),#71,.F.);
#2642=ADVANCED_FACE('',(#2408),#2546,.T.);
#2643=ADVANCED_FACE('',(#2409),#2547,.T.);
#2644=ADVANCED_FACE('',(#2410),#23,.T.);
#2645=ADVANCED_FACE('',(#2411),#72,.T.);
#2646=ADVANCED_FACE('',(#2412),#24,.T.);
#2647=ADVANCED_FACE('',(#2413),#2548,.F.);
#2648=ADVANCED_FACE('',(#2414),#73,.T.);
#2649=ADVANCED_FACE('',(#2415),#74,.T.);
#2650=ADVANCED_FACE('',(#2416),#2549,.F.);
#2651=ADVANCED_FACE('',(#2417),#2550,.T.);
#2652=ADVANCED_FACE('',(#2418),#2551,.T.);
#2653=ADVANCED_FACE('',(#2419),#75,.F.);
#2654=ADVANCED_FACE('',(#2420),#2552,.F.);
#2655=ADVANCED_FACE('',(#2421),#2553,.T.);
#2656=ADVANCED_FACE('',(#2422),#2554,.T.);
#2657=ADVANCED_FACE('',(#2423),#76,.F.);
#2658=ADVANCED_FACE('',(#2424),#2555,.F.);
#2659=ADVANCED_FACE('',(#2425),#25,.F.);
#2660=ADVANCED_FACE('',(#2426),#77,.F.);
#2661=ADVANCED_FACE('',(#2427),#2556,.F.);
#2662=ADVANCED_FACE('',(#2428),#2557,.F.);
#2663=ADVANCED_FACE('',(#2429),#2558,.T.);
#2664=ADVANCED_FACE('',(#2430),#2559,.F.);
#2665=ADVANCED_FACE('',(#2431),#2560,.T.);
#2666=ADVANCED_FACE('',(#2432),#2561,.F.);
#2667=ADVANCED_FACE('',(#2433),#78,.T.);
#2668=ADVANCED_FACE('',(#2434),#2562,.T.);
#2669=ADVANCED_FACE('',(#2435),#79,.T.);
#2670=ADVANCED_FACE('',(#2436),#80,.T.);
#2671=ADVANCED_FACE('',(#2437),#81,.F.);
#2672=ADVANCED_FACE('',(#2438),#82,.F.);
#2673=ADVANCED_FACE('',(#2439),#83,.F.);
#2674=ADVANCED_FACE('',(#2440),#26,.F.);
#2675=ADVANCED_FACE('',(#2441),#84,.F.);
#2676=ADVANCED_FACE('',(#2442),#27,.F.);
#2677=ADVANCED_FACE('',(#2443),#85,.F.);
#2678=ADVANCED_FACE('',(#2444),#28,.F.);
#2679=ADVANCED_FACE('',(#2445),#86,.F.);
#2680=ADVANCED_FACE('',(#2446),#29,.F.);
#2681=ADVANCED_FACE('',(#2447),#87,.F.);
#2682=ADVANCED_FACE('',(#2448),#2563,.T.);
#2683=ADVANCED_FACE('',(#2449),#88,.F.);
#2684=ADVANCED_FACE('',(#2450),#30,.F.);
#2685=ADVANCED_FACE('',(#2451),#89,.F.);
#2686=ADVANCED_FACE('',(#2452),#31,.F.);
#2687=ADVANCED_FACE('',(#2453),#90,.F.);
#2688=ADVANCED_FACE('',(#2454),#91,.T.);
#2689=ADVANCED_FACE('',(#2455),#2564,.T.);
#2690=ADVANCED_FACE('',(#2456),#92,.F.);
#2691=ADVANCED_FACE('',(#2457),#93,.T.);
#2692=ADVANCED_FACE('',(#2458),#94,.F.);
#2693=ADVANCED_FACE('',(#2459),#95,.F.);
#2694=ADVANCED_FACE('',(#2460),#2565,.T.);
#2695=ADVANCED_FACE('',(#2461),#96,.T.);
#2696=ADVANCED_FACE('',(#2462),#2566,.T.);
#2697=ADVANCED_FACE('',(#2463),#97,.T.);
#2698=ADVANCED_FACE('',(#2464),#98,.T.);
#2699=ADVANCED_FACE('',(#2465),#32,.T.);
#2700=ADVANCED_FACE('',(#2466),#99,.T.);
#2701=ADVANCED_FACE('',(#2467),#33,.T.);
#2702=ADVANCED_FACE('',(#2468),#100,.T.);
#2703=ADVANCED_FACE('',(#2469),#101,.T.);
#2704=ADVANCED_FACE('',(#2470),#34,.T.);
#2705=ADVANCED_FACE('',(#2471),#102,.T.);
#2706=ADVANCED_FACE('',(#2472),#35,.T.);
#2707=ADVANCED_FACE('',(#2473),#36,.T.);
#2708=ADVANCED_FACE('',(#2474),#103,.T.);
#2709=ADVANCED_FACE('',(#2475),#37,.T.);
#2710=ADVANCED_FACE('',(#2476),#2567,.F.);
#2711=ADVANCED_FACE('',(#2477),#104,.F.);
#2712=ADVANCED_FACE('',(#2478),#2568,.T.);
#2713=ADVANCED_FACE('',(#2479),#105,.T.);
#2714=ADVANCED_FACE('',(#2480),#2569,.F.);
#2715=ADVANCED_FACE('',(#2481),#2570,.F.);
#2716=ADVANCED_FACE('',(#2482),#106,.T.);
#2717=ADVANCED_FACE('',(#2483),#2571,.F.);
#2718=ADVANCED_FACE('',(#2484),#2572,.F.);
#2719=ADVANCED_FACE('',(#2485),#2573,.F.);
#2720=ADVANCED_FACE('',(#2486),#107,.F.);
#2721=ADVANCED_FACE('',(#2487),#2574,.F.);
#2722=ADVANCED_FACE('',(#2488),#108,.F.);
#2723=ADVANCED_FACE('',(#2489),#2575,.T.);
#2724=ADVANCED_FACE('',(#2490),#2576,.F.);
#2725=ADVANCED_FACE('',(#2491),#2577,.T.);
#2726=ADVANCED_FACE('',(#2492),#109,.F.);
#2727=ADVANCED_FACE('',(#2493),#2578,.F.);
#2728=ADVANCED_FACE('',(#2494),#2579,.T.);
#2729=ADVANCED_FACE('',(#2495),#2580,.T.);
#2730=ADVANCED_FACE('',(#2496),#2581,.F.);
#2731=ADVANCED_FACE('',(#2497),#2582,.F.);
#2732=ADVANCED_FACE('',(#2498),#110,.T.);
#2733=ADVANCED_FACE('',(#2499),#111,.T.);
#2734=ADVANCED_FACE('',(#2500),#2583,.F.);
#2735=ADVANCED_FACE('',(#2501),#2584,.F.);
#2736=ADVANCED_FACE('',(#2502),#2585,.T.);
#2737=ADVANCED_FACE('',(#2503),#112,.T.);
#2738=ADVANCED_FACE('',(#2504),#2586,.F.);
#2739=ADVANCED_FACE('',(#2505),#2587,.F.);
#2740=ADVANCED_FACE('',(#2506),#2588,.F.);
#2741=ADVANCED_FACE('',(#2507),#2589,.F.);
#2742=ADVANCED_FACE('',(#2508),#2590,.F.);
#2743=ADVANCED_FACE('',(#2509),#2591,.F.);
#2744=ADVANCED_FACE('',(#2510),#2592,.T.);
#2745=ADVANCED_FACE('',(#2511),#2593,.T.);
#2746=ADVANCED_FACE('',(#2512),#2594,.T.);
#2747=ADVANCED_FACE('',(#2513),#2595,.T.);
#2748=ADVANCED_FACE('',(#2514),#2596,.T.);
#2749=ADVANCED_FACE('',(#2515),#113,.T.);
#2750=ADVANCED_FACE('',(#2516),#2597,.F.);
#2751=ADVANCED_FACE('',(#2517),#2598,.T.);
#2752=ADVANCED_FACE('',(#2518),#2599,.T.);
#2753=ADVANCED_FACE('',(#2519),#2600,.F.);
#2754=ADVANCED_FACE('',(#2520,#2521),#114,.F.);
#2755=ADVANCED_FACE('',(#2522,#2523),#2601,.T.);
#2756=ADVANCED_FACE('',(#2524,#2525),#2602,.F.);
#2757=ADVANCED_FACE('',(#2526),#2603,.T.);
#2758=ADVANCED_FACE('',(#2527),#2604,.F.);
#2759=CLOSED_SHELL('',(#2605,#2606,#2607,#2608,#2609,#2610,#2611,#2612,
#2613,#2614,#2615,#2616,#2617,#2618,#2619,#2620,#2621,#2622,#2623,#2624,
#2625,#2626,#2627,#2628,#2629,#2630,#2631,#2632,#2633,#2634,#2635,#2636,
#2637,#2638,#2639,#2640,#2641,#2642,#2643,#2644,#2645,#2646,#2647,#2648,
#2649,#2650,#2651,#2652,#2653,#2654,#2655,#2656,#2657,#2658,#2659,#2660,
#2661,#2662,#2663,#2664,#2665,#2666,#2667,#2668,#2669,#2670,#2671,#2672,
#2673,#2674,#2675,#2676,#2677,#2678,#2679,#2680,#2681,#2682,#2683,#2684,
#2685,#2686,#2687,#2688,#2689,#2690,#2691,#2692,#2693,#2694,#2695,#2696,
#2697,#2698,#2699,#2700,#2701,#2702,#2703,#2704,#2705,#2706,#2707,#2708,
#2709,#2710,#2711,#2712,#2713,#2714,#2715,#2716,#2717,#2718,#2719,#2720,
#2721,#2722,#2723,#2724,#2725,#2726,#2727,#2728,#2729,#2730,#2731,#2732,
#2733,#2734,#2735));
#2760=CLOSED_SHELL('',(#2736,#2737,#2738,#2739,#2740,#2741,#2742,#2743,
#2744,#2745,#2746,#2747,#2748,#2749,#2750,#2751,#2752,#2753,#2754,#2755,
#2756,#2757,#2758));
#2761=STYLED_ITEM('',(#2763),#2777);
#2762=STYLED_ITEM('',(#2764),#2778);
#2763=PRESENTATION_STYLE_ASSIGNMENT((#2765));
#2764=PRESENTATION_STYLE_ASSIGNMENT((#2766));
#2765=SURFACE_STYLE_USAGE(.BOTH.,#2767);
#2766=SURFACE_STYLE_USAGE(.BOTH.,#2768);
#2767=SURFACE_SIDE_STYLE('',(#2769));
#2768=SURFACE_SIDE_STYLE('',(#2770));
#2769=SURFACE_STYLE_FILL_AREA(#2771);
#2770=SURFACE_STYLE_FILL_AREA(#2772);
#2771=FILL_AREA_STYLE('',(#2773));
#2772=FILL_AREA_STYLE('',(#2774));
#2773=FILL_AREA_STYLE_COLOUR('',#2775);
#2774=FILL_AREA_STYLE_COLOUR('',#2776);
#2775=COLOUR_RGB('',0.980392156862745,0.713725490196078,0.00392156862745098);
#2776=COLOUR_RGB('',0.917647058823529,0.917647058823529,0.917647058823529);
#2777=MANIFOLD_SOLID_BREP('Spade Crimp_4.8mm',#2759);
#2778=MANIFOLD_SOLID_BREP('spade',#2760);
#2779=SHAPE_DEFINITION_REPRESENTATION(#5085,#2782);
#2780=SHAPE_DEFINITION_REPRESENTATION(#5086,#2783);
#2781=SHAPE_DEFINITION_REPRESENTATION(#5088,#2784);
#2782=SHAPE_REPRESENTATION('4.8mm spade pcb connector',(#2785,#3037,#3067),
#5076);
#2783=SHAPE_REPRESENTATION('Spade Crimp_4.8mm',(#2785),#5077);
#2784=SHAPE_REPRESENTATION('spade',(#2785),#5078);
#2785=AXIS2_PLACEMENT_3D('',#3893,#3068,#3069);
#2786=AXIS2_PLACEMENT_3D('',#3894,#3070,#3071);
#2787=AXIS2_PLACEMENT_3D('',#3895,#3072,#3073);
#2788=AXIS2_PLACEMENT_3D('',#3904,#3077,#3078);
#2789=AXIS2_PLACEMENT_3D('',#3911,#3082,#3083);
#2790=AXIS2_PLACEMENT_3D('',#3912,#3084,#3085);
#2791=AXIS2_PLACEMENT_3D('',#3917,#3088,#3089);
#2792=AXIS2_PLACEMENT_3D('',#3921,#3092,#3093);
#2793=AXIS2_PLACEMENT_3D('',#3925,#3096,#3097);
#2794=AXIS2_PLACEMENT_3D('',#3929,#3100,#3101);
#2795=AXIS2_PLACEMENT_3D('',#3932,#3103,#3104);
#2796=AXIS2_PLACEMENT_3D('',#3933,#3105,#3106);
#2797=AXIS2_PLACEMENT_3D('',#3943,#3112,#3113);
#2798=AXIS2_PLACEMENT_3D('',#3944,#3114,#3115);
#2799=AXIS2_PLACEMENT_3D('',#3946,#3116,#3117);
#2800=AXIS2_PLACEMENT_3D('',#3950,#3119,#3120);
#2801=AXIS2_PLACEMENT_3D('',#3954,#3122,#3123);
#2802=AXIS2_PLACEMENT_3D('',#3957,#3125,#3126);
#2803=AXIS2_PLACEMENT_3D('',#3967,#3132,#3133);
#2804=AXIS2_PLACEMENT_3D('',#3968,#3134,#3135);
#2805=AXIS2_PLACEMENT_3D('',#3972,#3137,#3138);
#2806=AXIS2_PLACEMENT_3D('',#3976,#3140,#3141);
#2807=AXIS2_PLACEMENT_3D('',#3984,#3145,#3146);
#2808=AXIS2_PLACEMENT_3D('',#3988,#3148,#3149);
#2809=AXIS2_PLACEMENT_3D('',#3992,#3151,#3152);
#2810=AXIS2_PLACEMENT_3D('',#3993,#3153,#3154);
#2811=AXIS2_PLACEMENT_3D('',#3996,#3156,#3157);
#2812=AXIS2_PLACEMENT_3D('',#3997,#3158,#3159);
#2813=AXIS2_PLACEMENT_3D('',#4032,#3161,#3162);
#2814=AXIS2_PLACEMENT_3D('',#4100,#3164,#3165);
#2815=AXIS2_PLACEMENT_3D('',#4101,#3166,#3167);
#2816=AXIS2_PLACEMENT_3D('',#4137,#3169,#3170);
#2817=AXIS2_PLACEMENT_3D('',#4138,#3171,#3172);
#2818=AXIS2_PLACEMENT_3D('',#4141,#3174,#3175);
#2819=AXIS2_PLACEMENT_3D('',#4145,#3178,#3179);
#2820=AXIS2_PLACEMENT_3D('',#4146,#3180,#3181);
#2821=AXIS2_PLACEMENT_3D('',#4149,#3183,#3184);
#2822=AXIS2_PLACEMENT_3D('',#4150,#3185,#3186);
#2823=AXIS2_PLACEMENT_3D('',#4159,#3190,#3191);
#2824=AXIS2_PLACEMENT_3D('',#4167,#3195,#3196);
#2825=AXIS2_PLACEMENT_3D('',#4172,#3199,#3200);
#2826=AXIS2_PLACEMENT_3D('',#4173,#3201,#3202);
#2827=AXIS2_PLACEMENT_3D('',#4174,#3203,#3204);
#2828=AXIS2_PLACEMENT_3D('',#4179,#3207,#3208);
#2829=AXIS2_PLACEMENT_3D('',#4181,#3210,#3211);
#2830=AXIS2_PLACEMENT_3D('',#4184,#3213,#3214);
#2831=AXIS2_PLACEMENT_3D('',#4203,#3215,#3216);
#2832=AXIS2_PLACEMENT_3D('',#4222,#3217,#3218);
#2833=AXIS2_PLACEMENT_3D('',#4226,#3220,#3221);
#2834=AXIS2_PLACEMENT_3D('',#4245,#3222,#3223);
#2835=AXIS2_PLACEMENT_3D('',#4264,#3224,#3225);
#2836=AXIS2_PLACEMENT_3D('',#4268,#3227,#3228);
#2837=AXIS2_PLACEMENT_3D('',#4269,#3229,#3230);
#2838=AXIS2_PLACEMENT_3D('',#4273,#3233,#3234);
#2839=AXIS2_PLACEMENT_3D('',#4294,#3236,#3237);
#2840=AXIS2_PLACEMENT_3D('',#4295,#3238,#3239);
#2841=AXIS2_PLACEMENT_3D('',#4305,#3245,#3246);
#2842=AXIS2_PLACEMENT_3D('',#4308,#3248,#3249);
#2843=AXIS2_PLACEMENT_3D('',#4309,#3250,#3251);
#2844=AXIS2_PLACEMENT_3D('',#4313,#3254,#3255);
#2845=AXIS2_PLACEMENT_3D('',#4317,#3258,#3259);
#2846=AXIS2_PLACEMENT_3D('',#4321,#3262,#3263);
#2847=AXIS2_PLACEMENT_3D('',#4324,#3265,#3266);
#2848=AXIS2_PLACEMENT_3D('',#4325,#3267,#3268);
#2849=AXIS2_PLACEMENT_3D('',#4335,#3274,#3275);
#2850=AXIS2_PLACEMENT_3D('',#4370,#3277,#3278);
#2851=AXIS2_PLACEMENT_3D('',#4372,#3280,#3281);
#2852=AXIS2_PLACEMENT_3D('',#4373,#3282,#3283);
#2853=AXIS2_PLACEMENT_3D('',#4375,#3284,#3285);
#2854=AXIS2_PLACEMENT_3D('',#4376,#3286,#3287);
#2855=AXIS2_PLACEMENT_3D('',#4431,#3291,#3292);
#2856=AXIS2_PLACEMENT_3D('',#4538,#3297,#3298);
#2857=AXIS2_PLACEMENT_3D('',#4540,#3300,#3301);
#2858=AXIS2_PLACEMENT_3D('',#4545,#3304,#3305);
#2859=AXIS2_PLACEMENT_3D('',#4549,#3307,#3308);
#2860=AXIS2_PLACEMENT_3D('',#4553,#3310,#3311);
#2861=AXIS2_PLACEMENT_3D('',#4561,#3315,#3316);
#2862=AXIS2_PLACEMENT_3D('',#4565,#3318,#3319);
#2863=AXIS2_PLACEMENT_3D('',#4569,#3321,#3322);
#2864=AXIS2_PLACEMENT_3D('',#4573,#3324,#3325);
#2865=AXIS2_PLACEMENT_3D('',#4574,#3326,#3327);
#2866=AXIS2_PLACEMENT_3D('',#4575,#3328,#3329);
#2867=AXIS2_PLACEMENT_3D('',#4577,#3330,#3331);
#2868=AXIS2_PLACEMENT_3D('',#4578,#3332,#3333);
#2869=AXIS2_PLACEMENT_3D('',#4581,#3335,#3336);
#2870=AXIS2_PLACEMENT_3D('',#4582,#3337,#3338);
#2871=AXIS2_PLACEMENT_3D('',#4583,#3339,#3340);
#2872=AXIS2_PLACEMENT_3D('',#4585,#3341,#3342);
#2873=AXIS2_PLACEMENT_3D('',#4586,#3343,#3344);
#2874=AXIS2_PLACEMENT_3D('',#4594,#3349,#3350);
#2875=AXIS2_PLACEMENT_3D('',#4595,#3351,#3352);
#2876=AXIS2_PLACEMENT_3D('',#4598,#3354,#3355);
#2877=AXIS2_PLACEMENT_3D('',#4599,#3356,#3357);
#2878=AXIS2_PLACEMENT_3D('',#4602,#3359,#3360);
#2879=AXIS2_PLACEMENT_3D('',#4610,#3365,#3366);
#2880=AXIS2_PLACEMENT_3D('',#4611,#3367,#3368);
#2881=AXIS2_PLACEMENT_3D('',#4615,#3370,#3371);
#2882=AXIS2_PLACEMENT_3D('',#4616,#3372,#3373);
#2883=AXIS2_PLACEMENT_3D('',#4620,#3375,#3376);
#2884=AXIS2_PLACEMENT_3D('',#4622,#3378,#3379);
#2885=AXIS2_PLACEMENT_3D('',#4632,#3385,#3386);
#2886=AXIS2_PLACEMENT_3D('',#4633,#3387,#3388);
#2887=AXIS2_PLACEMENT_3D('',#4636,#3390,#3391);
#2888=AXIS2_PLACEMENT_3D('',#4640,#3394,#3395);
#2889=AXIS2_PLACEMENT_3D('',#4644,#3398,#3399);
#2890=AXIS2_PLACEMENT_3D('',#4648,#3402,#3403);
#2891=AXIS2_PLACEMENT_3D('',#4649,#3404,#3405);
#2892=AXIS2_PLACEMENT_3D('',#4652,#3407,#3408);
#2893=AXIS2_PLACEMENT_3D('',#4658,#3412,#3413);
#2894=AXIS2_PLACEMENT_3D('',#4659,#3414,#3415);
#2895=AXIS2_PLACEMENT_3D('',#4660,#3416,#3417);
#2896=AXIS2_PLACEMENT_3D('',#4661,#3418,#3419);
#2897=AXIS2_PLACEMENT_3D('',#4662,#3420,#3421);
#2898=AXIS2_PLACEMENT_3D('',#4663,#3422,#3423);
#2899=AXIS2_PLACEMENT_3D('',#4666,#3425,#3426);
#2900=AXIS2_PLACEMENT_3D('',#4667,#3427,#3428);
#2901=AXIS2_PLACEMENT_3D('',#4671,#3431,#3432);
#2902=AXIS2_PLACEMENT_3D('',#4672,#3433,#3434);
#2903=AXIS2_PLACEMENT_3D('',#4673,#3435,#3436);
#2904=AXIS2_PLACEMENT_3D('',#4678,#3439,#3440);
#2905=AXIS2_PLACEMENT_3D('',#4682,#3442,#3443);
#2906=AXIS2_PLACEMENT_3D('',#4686,#3445,#3446);
#2907=AXIS2_PLACEMENT_3D('',#4690,#3448,#3449);
#2908=AXIS2_PLACEMENT_3D('',#4698,#3453,#3454);
#2909=AXIS2_PLACEMENT_3D('',#4702,#3456,#3457);
#2910=AXIS2_PLACEMENT_3D('',#4705,#3459,#3460);
#2911=AXIS2_PLACEMENT_3D('',#4706,#3461,#3462);
#2912=AXIS2_PLACEMENT_3D('',#4707,#3463,#3464);
#2913=AXIS2_PLACEMENT_3D('',#4710,#3466,#3467);
#2914=AXIS2_PLACEMENT_3D('',#4711,#3468,#3469);
#2915=AXIS2_PLACEMENT_3D('',#4712,#3470,#3471);
#2916=AXIS2_PLACEMENT_3D('',#4713,#3472,#3473);
#2917=AXIS2_PLACEMENT_3D('',#4714,#3474,#3475);
#2918=AXIS2_PLACEMENT_3D('',#4715,#3476,#3477);
#2919=AXIS2_PLACEMENT_3D('',#4716,#3478,#3479);
#2920=AXIS2_PLACEMENT_3D('',#4719,#3481,#3482);
#2921=AXIS2_PLACEMENT_3D('',#4720,#3483,#3484);
#2922=AXIS2_PLACEMENT_3D('',#4721,#3485,#3486);
#2923=AXIS2_PLACEMENT_3D('',#4722,#3487,#3488);
#2924=AXIS2_PLACEMENT_3D('',#4723,#3489,#3490);
#2925=AXIS2_PLACEMENT_3D('',#4724,#3491,#3492);
#2926=AXIS2_PLACEMENT_3D('',#4725,#3493,#3494);
#2927=AXIS2_PLACEMENT_3D('',#4728,#3496,#3497);
#2928=AXIS2_PLACEMENT_3D('',#4729,#3498,#3499);
#2929=AXIS2_PLACEMENT_3D('',#4730,#3500,#3501);
#2930=AXIS2_PLACEMENT_3D('',#4731,#3502,#3503);
#2931=AXIS2_PLACEMENT_3D('',#4732,#3504,#3505);
#2932=AXIS2_PLACEMENT_3D('',#4733,#3506,#3507);
#2933=AXIS2_PLACEMENT_3D('',#4734,#3508,#3509);
#2934=AXIS2_PLACEMENT_3D('',#4736,#3510,#3511);
#2935=AXIS2_PLACEMENT_3D('',#4737,#3512,#3513);
#2936=AXIS2_PLACEMENT_3D('',#4738,#3514,#3515);
#2937=AXIS2_PLACEMENT_3D('',#4741,#3517,#3518);
#2938=AXIS2_PLACEMENT_3D('',#4742,#3519,#3520);
#2939=AXIS2_PLACEMENT_3D('',#4744,#3521,#3522);
#2940=AXIS2_PLACEMENT_3D('',#4745,#3523,#3524);
#2941=AXIS2_PLACEMENT_3D('',#4746,#3525,#3526);
#2942=AXIS2_PLACEMENT_3D('',#4749,#3528,#3529);
#2943=AXIS2_PLACEMENT_3D('',#4750,#3530,#3531);
#2944=AXIS2_PLACEMENT_3D('',#4755,#3533,#3534);
#2945=AXIS2_PLACEMENT_3D('',#4756,#3535,#3536);
#2946=AXIS2_PLACEMENT_3D('',#4760,#3538,#3539);
#2947=AXIS2_PLACEMENT_3D('',#4768,#3543,#3544);
#2948=AXIS2_PLACEMENT_3D('',#4771,#3546,#3547);
#2949=AXIS2_PLACEMENT_3D('',#4775,#3549,#3550);
#2950=AXIS2_PLACEMENT_3D('',#4782,#3554,#3555);
#2951=AXIS2_PLACEMENT_3D('',#4783,#3556,#3557);
#2952=AXIS2_PLACEMENT_3D('',#4786,#3559,#3560);
#2953=AXIS2_PLACEMENT_3D('',#4787,#3561,#3562);
#2954=AXIS2_PLACEMENT_3D('',#4789,#3563,#3564);
#2955=AXIS2_PLACEMENT_3D('',#4790,#3565,#3566);
#2956=AXIS2_PLACEMENT_3D('',#4791,#3567,#3568);
#2957=AXIS2_PLACEMENT_3D('',#4794,#3570,#3571);
#2958=AXIS2_PLACEMENT_3D('',#4795,#3572,#3573);
#2959=AXIS2_PLACEMENT_3D('',#4796,#3574,#3575);
#2960=AXIS2_PLACEMENT_3D('',#4797,#3576,#3577);
#2961=AXIS2_PLACEMENT_3D('',#4798,#3578,#3579);
#2962=AXIS2_PLACEMENT_3D('',#4799,#3580,#3581);
#2963=AXIS2_PLACEMENT_3D('',#4800,#3582,#3583);
#2964=AXIS2_PLACEMENT_3D('',#4803,#3586,#3587);
#2965=AXIS2_PLACEMENT_3D('',#4804,#3588,#3589);
#2966=AXIS2_PLACEMENT_3D('',#4808,#3591,#3592);
#2967=AXIS2_PLACEMENT_3D('',#4809,#3593,#3594);
#2968=AXIS2_PLACEMENT_3D('',#4810,#3595,#3596);
#2969=AXIS2_PLACEMENT_3D('',#4811,#3597,#3598);
#2970=AXIS2_PLACEMENT_3D('',#4812,#3599,#3600);
#2971=AXIS2_PLACEMENT_3D('',#4813,#3601,#3602);
#2972=AXIS2_PLACEMENT_3D('',#4816,#3604,#3605);
#2973=AXIS2_PLACEMENT_3D('',#4817,#3606,#3607);
#2974=AXIS2_PLACEMENT_3D('',#4821,#3609,#3610);
#2975=AXIS2_PLACEMENT_3D('',#4822,#3611,#3612);
#2976=AXIS2_PLACEMENT_3D('',#4824,#3614,#3615);
#2977=AXIS2_PLACEMENT_3D('',#4825,#3616,#3617);
#2978=AXIS2_PLACEMENT_3D('',#4827,#3619,#3620);
#2979=AXIS2_PLACEMENT_3D('',#4830,#3622,#3623);
#2980=AXIS2_PLACEMENT_3D('',#4831,#3624,#3625);
#2981=AXIS2_PLACEMENT_3D('',#4832,#3626,#3627);
#2982=AXIS2_PLACEMENT_3D('',#4835,#3629,#3630);
#2983=AXIS2_PLACEMENT_3D('',#4836,#3631,#3632);
#2984=AXIS2_PLACEMENT_3D('',#4837,#3633,#3634);
#2985=AXIS2_PLACEMENT_3D('',#4840,#3636,#3637);
#2986=AXIS2_PLACEMENT_3D('',#4841,#3638,#3639);
#2987=AXIS2_PLACEMENT_3D('',#4842,#3640,#3641);
#2988=AXIS2_PLACEMENT_3D('',#4844,#3642,#3643);
#2989=AXIS2_PLACEMENT_3D('',#4845,#3644,#3645);
#2990=AXIS2_PLACEMENT_3D('',#4847,#3647,#3648);
#2991=AXIS2_PLACEMENT_3D('',#4850,#3650,#3651);
#2992=AXIS2_PLACEMENT_3D('',#4851,#3652,#3653);
#2993=AXIS2_PLACEMENT_3D('',#4852,#3654,#3655);
#2994=AXIS2_PLACEMENT_3D('',#4854,#3656,#3657);
#2995=AXIS2_PLACEMENT_3D('',#4855,#3658,#3659);
#2996=AXIS2_PLACEMENT_3D('',#4856,#3660,#3661);
#2997=AXIS2_PLACEMENT_3D('',#4858,#3663,#3664);
#2998=AXIS2_PLACEMENT_3D('',#4859,#3665,#3666);
#2999=AXIS2_PLACEMENT_3D('',#4860,#3667,#3668);
#3000=AXIS2_PLACEMENT_3D('',#4861,#3669,#3670);
#3001=AXIS2_PLACEMENT_3D('',#4862,#3671,#3672);
#3002=AXIS2_PLACEMENT_3D('',#4863,#3673,#3674);
#3003=AXIS2_PLACEMENT_3D('',#4864,#3675,#3676);
#3004=AXIS2_PLACEMENT_3D('',#4868,#3679,#3680);
#3005=AXIS2_PLACEMENT_3D('',#4871,#3682,#3683);
#3006=AXIS2_PLACEMENT_3D('',#4872,#3684,#3685);
#3007=AXIS2_PLACEMENT_3D('',#4876,#3688,#3689);
#3008=AXIS2_PLACEMENT_3D('',#4881,#3692,#3693);
#3009=AXIS2_PLACEMENT_3D('',#4882,#3694,#3695);
#3010=AXIS2_PLACEMENT_3D('',#4886,#3698,#3699);
#3011=AXIS2_PLACEMENT_3D('',#4892,#3703,#3704);
#3012=AXIS2_PLACEMENT_3D('',#4895,#3706,#3707);
#3013=AXIS2_PLACEMENT_3D('',#4896,#3708,#3709);
#3014=AXIS2_PLACEMENT_3D('',#4900,#3712,#3713);
#3015=AXIS2_PLACEMENT_3D('',#4904,#3716,#3717);
#3016=AXIS2_PLACEMENT_3D('',#4908,#3720,#3721);
#3017=AXIS2_PLACEMENT_3D('',#4909,#3722,#3723);
#3018=AXIS2_PLACEMENT_3D('',#4910,#3724,#3725);
#3019=AXIS2_PLACEMENT_3D('',#4916,#3729,#3730);
#3020=AXIS2_PLACEMENT_3D('',#4917,#3731,#3732);
#3021=AXIS2_PLACEMENT_3D('',#4920,#3734,#3735);
#3022=AXIS2_PLACEMENT_3D('',#4924,#3738,#3739);
#3023=AXIS2_PLACEMENT_3D('',#4928,#3742,#3743);
#3024=AXIS2_PLACEMENT_3D('',#4930,#3745,#3746);
#3025=AXIS2_PLACEMENT_3D('',#4933,#3748,#3749);
#3026=AXIS2_PLACEMENT_3D('',#4934,#3750,#3751);
#3027=AXIS2_PLACEMENT_3D('',#4936,#3753,#3754);
#3028=AXIS2_PLACEMENT_3D('',#4938,#3756,#3757);
#3029=AXIS2_PLACEMENT_3D('',#4941,#3759,#3760);
#3030=AXIS2_PLACEMENT_3D('',#4944,#3762,#3763);
#3031=AXIS2_PLACEMENT_3D('',#4946,#3765,#3766);
#3032=AXIS2_PLACEMENT_3D('',#4948,#3768,#3769);
#3033=AXIS2_PLACEMENT_3D('',#4950,#3771,#3772);
#3034=AXIS2_PLACEMENT_3D('',#4951,#3773,#3774);
#3035=AXIS2_PLACEMENT_3D('',#4952,#3775,#3776);
#3036=AXIS2_PLACEMENT_3D('',#4953,#3777,#3778);
#3037=AXIS2_PLACEMENT_3D('',#4954,#3779,#3780);
#3038=AXIS2_PLACEMENT_3D('',#4955,#3781,#3782);
#3039=AXIS2_PLACEMENT_3D('',#4964,#3787,#3788);
#3040=AXIS2_PLACEMENT_3D('',#4965,#3789,#3790);
#3041=AXIS2_PLACEMENT_3D('',#4969,#3792,#3793);
#3042=AXIS2_PLACEMENT_3D('',#4970,#3794,#3795);
#3043=AXIS2_PLACEMENT_3D('',#4976,#3799,#3800);
#3044=AXIS2_PLACEMENT_3D('',#4982,#3804,#3805);
#3045=AXIS2_PLACEMENT_3D('',#4988,#3809,#3810);
#3046=AXIS2_PLACEMENT_3D('',#4994,#3814,#3815);
#3047=AXIS2_PLACEMENT_3D('',#5000,#3819,#3820);
#3048=AXIS2_PLACEMENT_3D('',#5006,#3824,#3825);
#3049=AXIS2_PLACEMENT_3D('',#5012,#3829,#3830);
#3050=AXIS2_PLACEMENT_3D('',#5018,#3834,#3835);
#3051=AXIS2_PLACEMENT_3D('',#5024,#3839,#3840);
#3052=AXIS2_PLACEMENT_3D('',#5030,#3844,#3845);
#3053=AXIS2_PLACEMENT_3D('',#5036,#3849,#3850);
#3054=AXIS2_PLACEMENT_3D('',#5037,#3851,#3852);
#3055=AXIS2_PLACEMENT_3D('',#5041,#3854,#3855);
#3056=AXIS2_PLACEMENT_3D('',#5042,#3856,#3857);
#3057=AXIS2_PLACEMENT_3D('',#5048,#3861,#3862);
#3058=AXIS2_PLACEMENT_3D('',#5054,#3866,#3867);
#3059=AXIS2_PLACEMENT_3D('',#5060,#3871,#3872);
#3060=AXIS2_PLACEMENT_3D('',#5063,#3875,#3876);
#3061=AXIS2_PLACEMENT_3D('',#5064,#3877,#3878);
#3062=AXIS2_PLACEMENT_3D('',#5066,#3879,#3880);
#3063=AXIS2_PLACEMENT_3D('',#5068,#3881,#3882);
#3064=AXIS2_PLACEMENT_3D('',#5070,#3884,#3885);
#3065=AXIS2_PLACEMENT_3D('',#5072,#3887,#3888);
#3066=AXIS2_PLACEMENT_3D('',#5073,#3889,#3890);
#3067=AXIS2_PLACEMENT_3D('',#5074,#3891,#3892);
#3068=DIRECTION('',(0.,0.,1.));
#3069=DIRECTION('',(1.,0.,0.));
#3070=DIRECTION('',(1.,0.,0.));
#3071=DIRECTION('',(0.,-1.,0.));
#3072=DIRECTION('',(-1.,4.4E-16,-2.2E-16));
#3073=DIRECTION('',(-4.4E-16,-1.,2.2E-16));
#3074=DIRECTION('',(0.,-2.2E-16,-1.));
#3075=DIRECTION('',(4.4E-16,1.,-2.2E-16));
#3076=DIRECTION('',(0.,2.2E-16,1.));
#3077=DIRECTION('',(-1.,4.4E-16,-2.2E-16));
#3078=DIRECTION('',(-4.4E-16,-1.,2.2E-16));
#3079=DIRECTION('',(0.,2.2E-16,1.));
#3080=DIRECTION('',(-1.48E-15,-1.,2.2E-16));
#3081=DIRECTION('',(0.,-2.2E-16,-1.));
#3082=DIRECTION('',(-1.,0.,0.));
#3083=DIRECTION('',(0.,-1.,2.2E-16));
#3084=DIRECTION('',(-1.,0.,0.));
#3085=DIRECTION('',(0.,-1.,0.));
#3086=DIRECTION('',(1.,-2.2E-16,2.8E-16));
#3087=DIRECTION('',(1.,-2.2E-16,2.8E-16));
#3088=DIRECTION('',(0.,1.,0.));
#3089=DIRECTION('',(2.2E-16,0.,-1.));
#3090=DIRECTION('',(0.,0.,-1.));
#3091=DIRECTION('',(1.,-2.2E-16,2.8E-16));
#3092=DIRECTION('',(0.,0.,-1.));
#3093=DIRECTION('',(-4.4E-16,-1.,0.));
#3094=DIRECTION('',(0.,-1.,0.));
#3095=DIRECTION('',(1.,-2.2E-16,2.8E-16));
#3096=DIRECTION('',(0.,-1.,0.));
#3097=DIRECTION('',(-2.2E-16,0.,1.));
#3098=DIRECTION('',(0.,0.,1.));
#3099=DIRECTION('',(1.,-2.2E-16,2.8E-16));
#3100=DIRECTION('',(-1.,0.,0.));
#3101=DIRECTION('',(0.,-1.,2.2E-16));
#3102=DIRECTION('',(1.,-2.2E-16,2.8E-16));
#3103=DIRECTION('',(-1.,0.,0.));
#3104=DIRECTION('',(0.,-1.,0.));
#3105=DIRECTION('',(0.,-1.,0.));
#3106=DIRECTION('',(-2.2E-16,0.,1.));
#3107=DIRECTION('',(0.,2.2E-16,1.));
#3108=DIRECTION('',(1.,-2.2E-16,2.8E-16));
#3109=DIRECTION('',(1.,-2.2E-16,2.8E-16));
#3110=DIRECTION('',(1.,-2.2E-16,2.8E-16));
#3111=DIRECTION('',(0.,0.,1.));
#3112=DIRECTION('',(-6.E-17,5.E-17,1.));
#3113=DIRECTION('',(1.,0.,6.E-17));
#3114=DIRECTION('',(0.,0.,1.));
#3115=DIRECTION('',(-1.,2.28E-15,0.));
#3116=DIRECTION('',(0.,0.,1.));
#3117=DIRECTION('',(-1.,3.24E-15,0.));
#3118=DIRECTION('',(0.75342465753431,0.65753424657527,0.));
#3119=DIRECTION('',(0.,0.,-1.));
#3120=DIRECTION('',(-1.,-5.12E-15,0.));
#3121=DIRECTION('',(3.32E-15,1.,-2.2E-16));
#3122=DIRECTION('',(0.,0.,-1.));
#3123=DIRECTION('',(-1.,-2.5E-15,0.));
#3124=DIRECTION('',(0.75342465753431,0.65753424657527,2.2000000000009E-16));
#3125=DIRECTION('',(0.,1.,0.));
#3126=DIRECTION('',(2.2E-16,0.,-1.));
#3127=DIRECTION('',(1.,-2.2E-16,2.8E-16));
#3128=DIRECTION('',(1.,-2.2E-16,2.8E-16));
#3129=DIRECTION('',(1.,-2.2E-16,2.8E-16));
#3130=DIRECTION('',(0.,-2.2E-16,-1.));
#3131=DIRECTION('',(0.,0.,-1.));
#3132=DIRECTION('',(1.,0.,0.));
#3133=DIRECTION('',(0.,1.,0.));
#3134=DIRECTION('',(-1.,0.,0.));
#3135=DIRECTION('',(0.,-1.,0.));
#3136=DIRECTION('',(0.,-1.,0.));
#3137=DIRECTION('',(-1.,0.,0.));
#3138=DIRECTION('',(0.,-1.,0.));
#3139=DIRECTION('',(0.,0.,1.));
#3140=DIRECTION('',(-1.,0.,0.));
#3141=DIRECTION('',(0.,-1.,0.));
#3142=DIRECTION('',(0.,-1.48E-15,1.));
#3143=DIRECTION('',(4.4E-16,1.,-2.2E-16));
#3144=DIRECTION('',(0.,0.,-1.));
#3145=DIRECTION('',(-1.,0.,0.));
#3146=DIRECTION('',(0.,-1.,0.));
#3147=DIRECTION('',(0.,0.,1.));
#3148=DIRECTION('',(-1.,0.,0.));
#3149=DIRECTION('',(0.,-1.,0.));
#3150=DIRECTION('',(0.,1.,0.));
#3151=DIRECTION('',(-1.,0.,0.));
#3152=DIRECTION('',(0.,-1.,0.));
#3153=DIRECTION('',(0.,0.,1.));
#3154=DIRECTION('',(-1.,2.28E-15,0.));
#3155=DIRECTION('',(0.,0.,1.));
#3156=DIRECTION('',(0.,0.,1.));
#3157=DIRECTION('',(-1.,2.61E-15,0.));
#3158=DIRECTION('',(-1.,0.,0.));
#3159=DIRECTION('',(0.,-1.,2.2E-16));
#3160=DIRECTION('',(1.,-2.2E-16,2.8E-16));
#3161=DIRECTION('',(-1.,0.,0.));
#3162=DIRECTION('',(0.,-1.,2.2E-16));
#3163=DIRECTION('',(1.,-2.2E-16,2.8E-16));
#3164=DIRECTION('',(-1.,0.,0.));
#3165=DIRECTION('',(0.,-1.,2.2E-16));
#3166=DIRECTION('',(-1.,4.4E-16,-2.2E-16));
#3167=DIRECTION('',(-4.4E-16,-1.,2.2E-16));
#3168=DIRECTION('',(1.,-2.2E-16,2.8E-16));
#3169=DIRECTION('',(0.,0.,1.));
#3170=DIRECTION('',(-1.,3.24E-15,0.));
#3171=DIRECTION('',(0.,0.,1.));
#3172=DIRECTION('',(-1.,3.24E-15,0.));
#3173=DIRECTION('',(0.,0.,1.));
#3174=DIRECTION('',(0.65753424657527,-0.75342465753431,2.2000000000009E-16));
#3175=DIRECTION('',(3.107205854757E-16,-2.082567085757E-17,-1.));
#3176=DIRECTION('',(0.75342465753431,0.65753424657527,2.2000000000009E-16));
#3177=DIRECTION('',(3.1E-16,-2.E-17,-1.));
#3178=DIRECTION('',(0.,0.,-1.));
#3179=DIRECTION('',(-1.,-5.12E-15,0.));
#3180=DIRECTION('',(0.,0.,-1.));
#3181=DIRECTION('',(-1.,-5.12E-15,0.));
#3182=DIRECTION('',(0.,0.,-1.));
#3183=DIRECTION('',(1.,0.,0.));
#3184=DIRECTION('',(0.,0.,1.));
#3185=DIRECTION('',(-1.,0.,0.));
#3186=DIRECTION('',(0.,-1.,0.));
#3187=DIRECTION('',(0.,0.,1.));
#3188=DIRECTION('',(0.,-1.,5.E-17));
#3189=DIRECTION('',(0.,0.,1.));
#3190=DIRECTION('',(-1.,0.,0.));
#3191=DIRECTION('',(0.,-1.,0.));
#3192=DIRECTION('',(0.,0.,1.));
#3193=DIRECTION('',(0.,-1.,0.));
#3194=DIRECTION('',(0.,0.,1.));
#3195=DIRECTION('',(-1.,0.,0.));
#3196=DIRECTION('',(0.,-1.,0.));
#3197=DIRECTION('',(0.,0.,1.));
#3198=DIRECTION('',(0.,0.,-1.));
#3199=DIRECTION('',(-1.,0.,0.));
#3200=DIRECTION('',(0.,-1.,0.));
#3201=DIRECTION('',(0.,0.,-1.));
#3202=DIRECTION('',(-1.,-2.5E-15,0.));
#3203=DIRECTION('',(0.,0.,-1.));
#3204=DIRECTION('',(-1.,-2.19E-15,0.));
#3205=DIRECTION('',(-3.1E-16,2.E-17,1.));
#3206=DIRECTION('',(0.,0.,1.));
#3207=DIRECTION('',(-0.65753424657527,0.75342465753431,-2.2000000000009E-16));
#3208=DIRECTION('',(-3.107205854757E-16,2.082567085757E-17,1.));
#3209=DIRECTION('',(0.75342465753431,0.65753424657527,0.));
#3210=DIRECTION('',(-1.,0.,0.));
#3211=DIRECTION('',(0.,-1.,2.2E-16));
#3212=DIRECTION('',(1.,-2.2E-16,2.8E-16));
#3213=DIRECTION('',(-1.,4.4E-16,-2.2E-16));
#3214=DIRECTION('',(-4.4E-16,-1.,2.2E-16));
#3215=DIRECTION('',(-1.,0.,0.));
#3216=DIRECTION('',(0.,-1.,2.2E-16));
#3217=DIRECTION('',(-1.,4.4E-16,-2.2E-16));
#3218=DIRECTION('',(-4.4E-16,-1.,2.2E-16));
#3219=DIRECTION('',(1.,-2.2E-16,2.8E-16));
#3220=DIRECTION('',(-1.,4.4E-16,-2.2E-16));
#3221=DIRECTION('',(-4.4E-16,-1.,2.2E-16));
#3222=DIRECTION('',(-1.,0.,0.));
#3223=DIRECTION('',(0.,-1.,2.2E-16));
#3224=DIRECTION('',(-1.,4.4E-16,-2.2E-16));
#3225=DIRECTION('',(-4.4E-16,-1.,2.2E-16));
#3226=DIRECTION('',(1.,-2.2E-16,2.8E-16));
#3227=DIRECTION('',(-1.,4.4E-16,-2.2E-16));
#3228=DIRECTION('',(-4.4E-16,-1.,2.2E-16));
#3229=DIRECTION('',(0.,0.,-1.));
#3230=DIRECTION('',(-1.,0.,0.));
#3231=DIRECTION('',(1.,-2.2E-16,2.8E-16));
#3232=DIRECTION('',(0.,1.,2.2E-16));
#3233=DIRECTION('',(-1.,0.,0.));
#3234=DIRECTION('',(0.,-1.,2.2E-16));
#3235=DIRECTION('',(1.,-2.2E-16,2.8E-16));
#3236=DIRECTION('',(-1.,4.4E-16,-2.2E-16));
#3237=DIRECTION('',(-4.4E-16,-1.,2.2E-16));
#3238=DIRECTION('',(0.,-1.,0.));
#3239=DIRECTION('',(-2.2E-16,0.,1.));
#3240=DIRECTION('',(1.,-2.2E-16,2.8E-16));
#3241=DIRECTION('',(0.,2.2E-16,1.));
#3242=DIRECTION('',(0.,2.2E-16,1.));
#3243=DIRECTION('',(1.,-2.2E-16,2.8E-16));
#3244=DIRECTION('',(1.,-2.2E-16,2.8E-16));
#3245=DIRECTION('',(-1.,0.,0.));
#3246=DIRECTION('',(0.,-1.,2.2E-16));
#3247=DIRECTION('',(1.,-2.2E-16,2.8E-16));
#3248=DIRECTION('',(-1.,4.4E-16,-2.2E-16));
#3249=DIRECTION('',(-4.4E-16,-1.,2.2E-16));
#3250=DIRECTION('',(0.,1.,0.));
#3251=DIRECTION('',(2.2E-16,0.,-1.));
#3252=DIRECTION('',(1.,-2.2E-16,2.8E-16));
#3253=DIRECTION('',(0.,-2.2E-16,-1.));
#3254=DIRECTION('',(0.,0.,-1.));
#3255=DIRECTION('',(-4.4E-16,-1.,0.));
#3256=DIRECTION('',(1.,-2.2E-16,2.8E-16));
#3257=DIRECTION('',(1.48E-15,1.,-2.2E-16));
#3258=DIRECTION('',(0.,-1.,0.));
#3259=DIRECTION('',(-2.2E-16,0.,1.));
#3260=DIRECTION('',(1.,-2.2E-16,2.8E-16));
#3261=DIRECTION('',(0.,-1.26E-15,1.));
#3262=DIRECTION('',(-1.,0.,0.));
#3263=DIRECTION('',(0.,-1.,2.2E-16));
#3264=DIRECTION('',(1.,-2.2E-16,2.8E-16));
#3265=DIRECTION('',(-1.,4.4E-16,-2.2E-16));
#3266=DIRECTION('',(-4.4E-16,-1.,2.2E-16));
#3267=DIRECTION('',(0.,-1.,0.));
#3268=DIRECTION('',(-2.2E-16,0.,1.));
#3269=DIRECTION('',(1.,-2.2E-16,2.8E-16));
#3270=DIRECTION('',(1.,-2.2E-16,2.8E-16));
#3271=DIRECTION('',(1.,-2.2E-16,2.8E-16));
#3272=DIRECTION('',(0.,2.2E-16,1.));
#3273=DIRECTION('',(0.,2.2E-16,1.));
#3274=DIRECTION('',(-1.,0.,0.));
#3275=DIRECTION('',(0.,-1.,2.2E-16));
#3276=DIRECTION('',(1.,-2.2E-16,2.8E-16));
#3277=DIRECTION('',(0.,0.,1.));
#3278=DIRECTION('',(0.,1.,0.));
#3279=DIRECTION('',(0.,-1.,-2.2E-16));
#3280=DIRECTION('',(0.,0.,1.));
#3281=DIRECTION('',(-1.,2.61E-15,0.));
#3282=DIRECTION('',(-0.75342465753431,-0.65753424657527,0.));
#3283=DIRECTION('',(0.65753424657527,-0.75342465753431,0.));
#3284=DIRECTION('',(0.,0.,1.));
#3285=DIRECTION('',(1.,0.,0.));
#3286=DIRECTION('',(0.,-1.,0.));
#3287=DIRECTION('',(1.,0.,0.));
#3288=DIRECTION('',(0.,1.,2.2E-16));
#3289=DIRECTION('',(0.,1.,2.2E-16));
#3290=DIRECTION('',(0.,-1.,-2.2E-16));
#3291=DIRECTION('',(0.,-1.,0.));
#3292=DIRECTION('',(1.,0.,0.));
#3293=DIRECTION('',(0.,1.,2.2E-16));
#3294=DIRECTION('',(0.,1.,2.2E-16));
#3295=DIRECTION('',(0.,-1.,-2.2E-16));
#3296=DIRECTION('',(0.,-1.,-2.2E-16));
#3297=DIRECTION('',(0.,0.,1.));
#3298=DIRECTION('',(0.,1.,0.));
#3299=DIRECTION('',(1.,-2.2E-16,2.8E-16));
#3300=DIRECTION('',(0.,0.,1.));
#3301=DIRECTION('',(0.,1.,0.));
#3302=DIRECTION('',(1.,-2.2E-16,2.8E-16));
#3303=DIRECTION('',(0.75342465753431,0.65753424657527,0.));
#3304=DIRECTION('',(0.,0.,1.));
#3305=DIRECTION('',(1.,0.,0.));
#3306=DIRECTION('',(1.,-2.2E-16,2.8E-16));
#3307=DIRECTION('',(0.,0.,1.));
#3308=DIRECTION('',(1.,0.,0.));
#3309=DIRECTION('',(0.916389658951813,-0.400287387967919,0.));
#3310=DIRECTION('',(0.,0.,1.));
#3311=DIRECTION('',(-1.,0.,0.));
#3312=DIRECTION('',(1.,-2.2E-16,2.8E-16));
#3313=DIRECTION('',(0.,-1.,0.));
#3314=DIRECTION('',(1.,-2.2E-16,2.8E-16));
#3315=DIRECTION('',(0.,-4.4E-16,-1.));
#3316=DIRECTION('',(0.,1.,-4.4E-16));
#3317=DIRECTION('',(0.916389658951813,0.400287387967919,0.));
#3318=DIRECTION('',(0.,-4.4E-16,-1.));
#3319=DIRECTION('',(0.,-1.,4.4E-16));
#3320=DIRECTION('',(1.,-2.2E-16,2.8E-16));
#3321=DIRECTION('',(0.,0.,-1.));
#3322=DIRECTION('',(1.,0.,0.));
#3323=DIRECTION('',(0.75342465753431,-0.65753424657527,0.));
#3324=DIRECTION('',(0.,0.,-1.));
#3325=DIRECTION('',(1.,0.,0.));
#3326=DIRECTION('',(0.,0.,1.));
#3327=DIRECTION('',(-1.,2.61E-15,0.));
#3328=DIRECTION('',(0.,0.,1.));
#3329=DIRECTION('',(1.,0.,0.));
#3330=DIRECTION('',(-0.75342465753431,-0.65753424657527,0.));
#3331=DIRECTION('',(0.65753424657527,-0.75342465753431,0.));
#3332=DIRECTION('',(0.75342465753431,0.65753424657527,0.));
#3333=DIRECTION('',(0.65753424657527,-0.75342465753431,2.2000000000009E-16));
#3334=DIRECTION('',(0.75342465753431,0.65753424657527,0.));
#3335=DIRECTION('',(0.75342465753431,0.65753424657527,1.23259516440851E-32));
#3336=DIRECTION('',(0.65753424657527,-0.75342465753431,2.2000000000009E-16));
#3337=DIRECTION('',(0.,0.,-1.));
#3338=DIRECTION('',(-1.,-2.19E-15,0.));
#3339=DIRECTION('',(0.,0.,1.));
#3340=DIRECTION('',(1.,0.,0.));
#3341=DIRECTION('',(-1.,0.,0.));
#3342=DIRECTION('',(0.,-1.,0.));
#3343=DIRECTION('',(0.,1.,0.));
#3344=DIRECTION('',(2.2E-16,0.,-1.));
#3345=DIRECTION('',(1.,-2.2E-16,2.8E-16));
#3346=DIRECTION('',(0.,0.,-1.));
#3347=DIRECTION('',(0.,0.,-1.));
#3348=DIRECTION('',(1.,-2.2E-16,2.8E-16));
#3349=DIRECTION('',(-1.,0.,0.));
#3350=DIRECTION('',(0.,-1.,2.2E-16));
#3351=DIRECTION('',(-1.,0.,0.));
#3352=DIRECTION('',(0.,-1.,0.));
#3353=DIRECTION('',(1.,-2.2E-16,2.8E-16));
#3354=DIRECTION('',(-1.,0.,0.));
#3355=DIRECTION('',(0.,-1.,2.2E-16));
#3356=DIRECTION('',(-1.,0.,0.));
#3357=DIRECTION('',(0.,-1.,0.));
#3358=DIRECTION('',(1.,-2.2E-16,2.8E-16));
#3359=DIRECTION('',(0.,-1.,0.));
#3360=DIRECTION('',(-2.2E-16,0.,1.));
#3361=DIRECTION('',(0.,0.,1.));
#3362=DIRECTION('',(0.,0.,1.));
#3363=DIRECTION('',(0.,0.,1.));
#3364=DIRECTION('',(1.,-2.2E-16,2.8E-16));
#3365=DIRECTION('',(-6.E-17,5.E-17,1.));
#3366=DIRECTION('',(1.,0.,6.E-17));
#3367=DIRECTION('',(6.E-17,-5.E-17,-1.));
#3368=DIRECTION('',(1.,0.,6.E-17));
#3369=DIRECTION('',(0.75342465753431,-0.65753424657527,7.80821917808221E-17));
#3370=DIRECTION('',(-6.E-17,5.E-17,1.));
#3371=DIRECTION('',(1.,0.,6.E-17));
#3372=DIRECTION('',(-6.E-17,5.E-17,1.));
#3373=DIRECTION('',(1.,0.,6.E-17));
#3374=DIRECTION('',(0.75342465753431,-0.65753424657527,7.80821917808221E-17));
#3375=DIRECTION('',(6.E-17,-5.E-17,-1.));
#3376=DIRECTION('',(1.,0.,6.E-17));
#3377=DIRECTION('',(-1.48E-15,-1.,5.E-17));
#3378=DIRECTION('',(0.,-1.,0.));
#3379=DIRECTION('',(-2.2E-16,0.,1.));
#3380=DIRECTION('',(1.,-2.2E-16,2.8E-16));
#3381=DIRECTION('',(0.,0.,1.));
#3382=DIRECTION('',(0.,0.,1.));
#3383=DIRECTION('',(1.,-2.2E-16,2.8E-16));
#3384=DIRECTION('',(0.,0.,1.));
#3385=DIRECTION('',(-1.,0.,0.));
#3386=DIRECTION('',(0.,-1.,2.2E-16));
#3387=DIRECTION('',(-1.,0.,0.));
#3388=DIRECTION('',(0.,-1.,0.));
#3389=DIRECTION('',(1.,-2.2E-16,2.8E-16));
#3390=DIRECTION('',(0.,-1.,0.));
#3391=DIRECTION('',(-2.2E-16,0.,1.));
#3392=DIRECTION('',(0.,0.,1.));
#3393=DIRECTION('',(1.,-2.2E-16,2.8E-16));
#3394=DIRECTION('',(0.,0.,-1.));
#3395=DIRECTION('',(-4.4E-16,-1.,0.));
#3396=DIRECTION('',(0.,-1.,0.));
#3397=DIRECTION('',(1.,-2.2E-16,2.8E-16));
#3398=DIRECTION('',(0.,-1.,0.));
#3399=DIRECTION('',(-2.2E-16,0.,1.));
#3400=DIRECTION('',(0.,0.,1.));
#3401=DIRECTION('',(1.,-2.2E-16,2.8E-16));
#3402=DIRECTION('',(-1.,0.,0.));
#3403=DIRECTION('',(0.,-1.,2.2E-16));
#3404=DIRECTION('',(-1.,0.,0.));
#3405=DIRECTION('',(0.,-1.,0.));
#3406=DIRECTION('',(1.,-2.2E-16,2.8E-16));
#3407=DIRECTION('',(0.,-1.,0.));
#3408=DIRECTION('',(-2.2E-16,0.,1.));
#3409=DIRECTION('',(0.,0.,1.));
#3410=DIRECTION('',(0.,0.,1.));
#3411=DIRECTION('',(1.,-2.2E-16,2.8E-16));
#3412=DIRECTION('',(0.,0.,-1.));
#3413=DIRECTION('',(-1.,-2.19E-15,0.));
#3414=DIRECTION('',(0.75342465753431,0.65753424657527,1.23259516440851E-32));
#3415=DIRECTION('',(0.65753424657527,-0.75342465753431,2.2000000000009E-16));
#3416=DIRECTION('',(-1.,0.,0.));
#3417=DIRECTION('',(0.,-1.,0.));
#3418=DIRECTION('',(0.75342465753431,0.65753424657527,0.));
#3419=DIRECTION('',(0.65753424657527,-0.75342465753431,2.2000000000009E-16));
#3420=DIRECTION('',(-1.,0.,0.));
#3421=DIRECTION('',(0.,2.2E-16,-1.));
#3422=DIRECTION('',(-1.,0.,0.));
#3423=DIRECTION('',(0.,2.2E-16,-1.));
#3424=DIRECTION('',(0.,1.,2.2E-16));
#3425=DIRECTION('',(-1.,4.4E-16,-2.2E-16));
#3426=DIRECTION('',(-4.4E-16,-1.,2.2E-16));
#3427=DIRECTION('',(0.,0.,-1.));
#3428=DIRECTION('',(-1.,0.,0.));
#3429=DIRECTION('',(0.,1.,2.2E-16));
#3430=DIRECTION('',(1.,-2.2E-16,2.8E-16));
#3431=DIRECTION('',(1.,0.,0.));
#3432=DIRECTION('',(0.,-2.2E-16,1.));
#3433=DIRECTION('',(-1.,4.4E-16,-2.2E-16));
#3434=DIRECTION('',(-4.4E-16,-1.,2.2E-16));
#3435=DIRECTION('',(0.,0.,-1.));
#3436=DIRECTION('',(-1.,0.,0.));
#3437=DIRECTION('',(0.,1.,2.2E-16));
#3438=DIRECTION('',(1.,-2.2E-16,2.8E-16));
#3439=DIRECTION('',(0.,0.,-1.));
#3440=DIRECTION('',(1.,0.,0.));
#3441=DIRECTION('',(0.75342465753431,-0.65753424657527,0.));
#3442=DIRECTION('',(0.,0.,-1.));
#3443=DIRECTION('',(1.,0.,0.));
#3444=DIRECTION('',(1.,-2.2E-16,2.8E-16));
#3445=DIRECTION('',(0.,-4.4E-16,-1.));
#3446=DIRECTION('',(0.,-1.,4.4E-16));
#3447=DIRECTION('',(0.916389658951813,0.400287387967919,0.));
#3448=DIRECTION('',(0.,-4.4E-16,-1.));
#3449=DIRECTION('',(0.,1.,-4.4E-16));
#3450=DIRECTION('',(1.,-2.2E-16,2.8E-16));
#3451=DIRECTION('',(0.,1.,0.));
#3452=DIRECTION('',(1.,-2.2E-16,2.8E-16));
#3453=DIRECTION('',(0.,0.,1.));
#3454=DIRECTION('',(-1.,0.,0.));
#3455=DIRECTION('',(0.916389658951813,-0.400287387967919,0.));
#3456=DIRECTION('',(0.,0.,1.));
#3457=DIRECTION('',(1.,0.,0.));
#3458=DIRECTION('',(1.,-2.2E-16,2.8E-16));
#3459=DIRECTION('',(1.,0.,0.));
#3460=DIRECTION('',(0.,-2.2E-16,1.));
#3461=DIRECTION('',(-1.,4.4E-16,-2.2E-16));
#3462=DIRECTION('',(-4.4E-16,-1.,2.2E-16));
#3463=DIRECTION('',(0.,0.,1.));
#3464=DIRECTION('',(-1.,-2.69E-15,0.));
#3465=DIRECTION('',(0.,4.4E-16,1.));
#3466=DIRECTION('',(0.,-4.4E-16,-1.));
#3467=DIRECTION('',(-1.,-2.69E-15,1.1836E-30));
#3468=DIRECTION('',(1.,0.,0.));
#3469=DIRECTION('',(0.,-1.,0.));
#3470=DIRECTION('',(-1.,0.,0.));
#3471=DIRECTION('',(0.,-1.,2.2E-16));
#3472=DIRECTION('',(-1.,0.,0.));
#3473=DIRECTION('',(0.,-1.,2.2E-16));
#3474=DIRECTION('',(-1.,4.4E-16,-2.2E-16));
#3475=DIRECTION('',(-4.4E-16,-1.,2.2E-16));
#3476=DIRECTION('',(0.,0.,1.));
#3477=DIRECTION('',(-1.,-1.72E-15,0.));
#3478=DIRECTION('',(0.,-4.4E-16,-1.));
#3479=DIRECTION('',(-1.,-2.06E-15,9.064E-31));
#3480=DIRECTION('',(0.,4.4E-16,1.));
#3481=DIRECTION('',(-1.,0.,0.));
#3482=DIRECTION('',(0.,-1.,2.2E-16));
#3483=DIRECTION('',(-1.,0.,0.));
#3484=DIRECTION('',(0.,-1.,2.2E-16));
#3485=DIRECTION('',(-1.,4.4E-16,-2.2E-16));
#3486=DIRECTION('',(-4.4E-16,-1.,2.2E-16));
#3487=DIRECTION('',(0.,0.,1.));
#3488=DIRECTION('',(-1.,-2.06E-15,0.));
#3489=DIRECTION('',(0.75342465753431,-0.65753424657527,2.90000000000119E-16));
#3490=DIRECTION('',(0.65753424657527,0.75342465753431,-3.30000000000135E-16));
#3491=DIRECTION('',(0.75342465753431,-0.65753424657527,2.90000000000119E-16));
#3492=DIRECTION('',(0.65753424657527,0.75342465753431,-1.10000000000045E-16));
#3493=DIRECTION('',(-0.75342465753431,0.65753424657527,-2.90000000000119E-16));
#3494=DIRECTION('',(0.65753424657527,0.75342465753431,-1.10000000000045E-16));
#3495=DIRECTION('',(0.75342465753431,-0.65753424657527,2.90000000000119E-16));
#3496=DIRECTION('',(0.,0.,-1.));
#3497=DIRECTION('',(-1.,2.75E-15,0.));
#3498=DIRECTION('',(-1.,0.,0.));
#3499=DIRECTION('',(0.,-1.,0.));
#3500=DIRECTION('',(0.,4.4E-16,1.));
#3501=DIRECTION('',(-1.,2.75E-15,-1.21E-30));
#3502=DIRECTION('',(-1.,0.,0.));
#3503=DIRECTION('',(0.,-1.,2.2E-16));
#3504=DIRECTION('',(-1.,0.,0.));
#3505=DIRECTION('',(0.,0.,1.));
#3506=DIRECTION('',(0.,0.,1.));
#3507=DIRECTION('',(1.,-5.6E-16,0.));
#3508=DIRECTION('',(0.916389658951813,0.400287387967919,-1.79999999999963E-16));
#3509=DIRECTION('',(0.400287387967919,-0.916389658951813,0.));
#3510=DIRECTION('',(0.,-4.4E-16,-1.));
#3511=DIRECTION('',(1.,-5.6E-16,2.464E-31));
#3512=DIRECTION('',(-0.916389658951813,-0.400287387967919,1.79999999999963E-16));
#3513=DIRECTION('',(-0.400287387967919,0.916389658951813,-1.79999999999963E-16));
#3514=DIRECTION('',(-0.916389658951813,-0.400287387967919,1.79999999999963E-16));
#3515=DIRECTION('',(0.400287387967919,-0.916389658951813,0.));
#3516=DIRECTION('',(-0.916389658951813,-0.400287387967919,1.79999999999963E-16));
#3517=DIRECTION('',(0.,0.,-1.));
#3518=DIRECTION('',(1.,-5.6E-16,0.));
#3519=DIRECTION('',(-1.,0.,0.));
#3520=DIRECTION('',(0.,0.,1.));
#3521=DIRECTION('',(0.,4.4E-16,1.));
#3522=DIRECTION('',(1.,-5.6E-16,2.464E-31));
#3523=DIRECTION('',(-1.,0.,0.));
#3524=DIRECTION('',(0.,-1.,2.2E-16));
#3525=DIRECTION('',(-1.,0.,0.));
#3526=DIRECTION('',(0.,-1.,0.));
#3527=DIRECTION('',(1.,-2.2E-16,2.8E-16));
#3528=DIRECTION('',(1.,0.,0.));
#3529=DIRECTION('',(0.,0.,1.));
#3530=DIRECTION('',(-1.,0.,0.));
#3531=DIRECTION('',(0.,-1.,0.));
#3532=DIRECTION('',(0.,0.,-1.));
#3533=DIRECTION('',(-1.,0.,0.));
#3534=DIRECTION('',(0.,-1.,0.));
#3535=DIRECTION('',(-1.,0.,0.));
#3536=DIRECTION('',(0.,-1.,0.));
#3537=DIRECTION('',(0.,0.,1.));
#3538=DIRECTION('',(-1.,0.,0.));
#3539=DIRECTION('',(0.,-1.,0.));
#3540=DIRECTION('',(0.,-1.E-17,-1.));
#3541=DIRECTION('',(2.7E-16,1.,-5.E-17));
#3542=DIRECTION('',(0.,-4.E-16,1.));
#3543=DIRECTION('',(-1.,0.,0.));
#3544=DIRECTION('',(0.,-1.,0.));
#3545=DIRECTION('',(0.,0.,1.));
#3546=DIRECTION('',(-1.,0.,0.));
#3547=DIRECTION('',(0.,-1.,0.));
#3548=DIRECTION('',(0.,0.,1.));
#3549=DIRECTION('',(-1.,0.,0.));
#3550=DIRECTION('',(0.,-1.,0.));
#3551=DIRECTION('',(0.,0.,1.));
#3552=DIRECTION('',(-2.7E-16,-1.,5.E-17));
#3553=DIRECTION('',(0.,3.E-17,-1.));
#3554=DIRECTION('',(-1.,0.,0.));
#3555=DIRECTION('',(0.,-1.,2.2E-16));
#3556=DIRECTION('',(-1.,0.,0.));
#3557=DIRECTION('',(0.,0.,1.));
#3558=DIRECTION('',(1.,-2.2E-16,2.8E-16));
#3559=DIRECTION('',(0.,0.,-1.));
#3560=DIRECTION('',(1.,0.,0.));
#3561=DIRECTION('',(0.916389658951813,-0.400287387967919,0.));
#3562=DIRECTION('',(-0.400287387967919,-0.916389658951813,0.));
#3563=DIRECTION('',(0.,0.,-1.));
#3564=DIRECTION('',(1.,0.,0.));
#3565=DIRECTION('',(-0.916389658951813,0.400287387967919,0.));
#3566=DIRECTION('',(-0.400287387967919,-0.916389658951813,2.19999999999956E-16));
#3567=DIRECTION('',(-0.916389658951813,0.400287387967919,0.));
#3568=DIRECTION('',(-0.400287387967919,-0.916389658951813,0.));
#3569=DIRECTION('',(-0.916389658951813,0.400287387967919,0.));
#3570=DIRECTION('',(0.,0.,1.));
#3571=DIRECTION('',(1.,0.,0.));
#3572=DIRECTION('',(-1.,0.,0.));
#3573=DIRECTION('',(0.,0.,1.));
#3574=DIRECTION('',(0.,0.,1.));
#3575=DIRECTION('',(1.,0.,0.));
#3576=DIRECTION('',(-1.,0.,0.));
#3577=DIRECTION('',(0.,-1.,2.2E-16));
#3578=DIRECTION('',(-1.,0.,0.));
#3579=DIRECTION('',(0.,-1.,2.2E-16));
#3580=DIRECTION('',(-1.,0.,0.));
#3581=DIRECTION('',(0.,0.,1.));
#3582=DIRECTION('',(1.,0.,0.));
#3583=DIRECTION('',(0.,0.,1.));
#3584=DIRECTION('',(0.,-1.,5.E-17));
#3585=DIRECTION('',(0.,1.,-5.E-17));
#3586=DIRECTION('',(0.,0.,1.));
#3587=DIRECTION('',(1.,-5.6E-16,0.));
#3588=DIRECTION('',(0.,0.,1.));
#3589=DIRECTION('',(1.,0.,0.));
#3590=DIRECTION('',(1.1E-16,-2.9E-16,-1.));
#3591=DIRECTION('',(-6.E-17,5.E-17,1.));
#3592=DIRECTION('',(1.,0.,6.E-17));
#3593=DIRECTION('',(-1.,0.,0.));
#3594=DIRECTION('',(0.,-1.,2.2E-16));
#3595=DIRECTION('',(-1.,0.,0.));
#3596=DIRECTION('',(0.,0.,1.));
#3597=DIRECTION('',(-1.,0.,0.));
#3598=DIRECTION('',(0.,-1.,0.));
#3599=DIRECTION('',(0.,0.,-1.));
#3600=DIRECTION('',(-1.,5.68E-15,0.));
#3601=DIRECTION('',(0.,4.4E-16,1.));
#3602=DIRECTION('',(-1.,5.68E-15,-2.4992E-30));
#3603=DIRECTION('',(3.1E-16,-4.2E-16,-1.));
#3604=DIRECTION('',(0.,0.,1.));
#3605=DIRECTION('',(1.,0.,0.));
#3606=DIRECTION('',(6.E-17,-5.E-17,-1.));
#3607=DIRECTION('',(1.,0.,6.E-17));
#3608=DIRECTION('',(1.1E-16,-1.5E-16,-1.));
#3609=DIRECTION('',(0.,0.,1.));
#3610=DIRECTION('',(1.,0.,0.));
#3611=DIRECTION('',(-0.65753424657527,-0.75342465753431,1.10000000000045E-16));
#3612=DIRECTION('',(3.117113905048E-16,-4.180390317133E-16,-1.));
#3613=DIRECTION('',(-3.1E-16,4.2E-16,1.));
#3614=DIRECTION('',(0.,0.,-1.));
#3615=DIRECTION('',(-1.,3.05E-15,0.));
#3616=DIRECTION('',(0.65753424657527,0.75342465753431,-1.10000000000045E-16));
#3617=DIRECTION('',(-3.117113905048E-16,4.180390317133E-16,1.));
#3618=DIRECTION('',(0.75342465753431,-0.65753424657527,5.1000000000021E-16));
#3619=DIRECTION('',(0.,0.,1.));
#3620=DIRECTION('',(1.,-5.6E-16,0.));
#3621=DIRECTION('',(-1.1E-16,1.5E-16,1.));
#3622=DIRECTION('',(6.E-17,-5.E-17,-1.));
#3623=DIRECTION('',(1.,0.,6.E-17));
#3624=DIRECTION('',(0.,0.,1.));
#3625=DIRECTION('',(1.,0.,0.));
#3626=DIRECTION('',(-6.E-17,5.E-17,1.));
#3627=DIRECTION('',(1.,0.,6.E-17));
#3628=DIRECTION('',(-1.1E-16,2.9E-16,1.));
#3629=DIRECTION('',(0.,0.,1.));
#3630=DIRECTION('',(1.,0.,0.));
#3631=DIRECTION('',(-0.916389658951813,0.400287387967919,0.));
#3632=DIRECTION('',(-0.400287387967919,-0.916389658951813,0.));
#3633=DIRECTION('',(-0.916389658951813,0.400287387967919,0.));
#3634=DIRECTION('',(-0.400287387967919,-0.916389658951813,2.19999999999956E-16));
#3635=DIRECTION('',(-0.916389658951813,0.400287387967919,-2.19999999999956E-16));
#3636=DIRECTION('',(0.916389658951813,-0.400287387967919,0.));
#3637=DIRECTION('',(-0.400287387967919,-0.916389658951813,0.));
#3638=DIRECTION('',(0.,0.,-1.));
#3639=DIRECTION('',(1.,0.,0.));
#3640=DIRECTION('',(0.,0.,-1.));
#3641=DIRECTION('',(1.,0.,0.));
#3642=DIRECTION('',(-1.,0.,0.));
#3643=DIRECTION('',(0.,0.,1.));
#3644=DIRECTION('',(-1.,0.,0.));
#3645=DIRECTION('',(0.,-1.,2.2E-16));
#3646=DIRECTION('',(1.,-2.2E-16,2.8E-16));
#3647=DIRECTION('',(-1.,0.,0.));
#3648=DIRECTION('',(0.,-1.,2.2E-16));
#3649=DIRECTION('',(1.,-2.2E-16,2.8E-16));
#3650=DIRECTION('',(-1.,0.,0.));
#3651=DIRECTION('',(0.,0.,1.));
#3652=DIRECTION('',(0.,0.,-1.));
#3653=DIRECTION('',(1.,-5.6E-16,0.));
#3654=DIRECTION('',(-0.916389658951813,-0.400287387967919,1.79999999999963E-16));
#3655=DIRECTION('',(0.400287387967919,-0.916389658951813,0.));
#3656=DIRECTION('',(0.,4.4E-16,1.));
#3657=DIRECTION('',(1.,-5.6E-16,2.464E-31));
#3658=DIRECTION('',(-0.916389658951813,-0.400287387967919,1.79999999999963E-16));
#3659=DIRECTION('',(-0.400287387967919,0.916389658951813,-1.79999999999963E-16));
#3660=DIRECTION('',(0.916389658951813,0.400287387967919,-1.79999999999963E-16));
#3661=DIRECTION('',(0.400287387967919,-0.916389658951813,0.));
#3662=DIRECTION('',(-0.916389658951813,-0.400287387967919,-3.99999999999918E-17));
#3663=DIRECTION('',(0.,0.,1.));
#3664=DIRECTION('',(1.,-5.6E-16,0.));
#3665=DIRECTION('',(0.,0.,-1.));
#3666=DIRECTION('',(-1.,2.75E-15,0.));
#3667=DIRECTION('',(-0.75342465753431,0.65753424657527,-2.90000000000119E-16));
#3668=DIRECTION('',(0.65753424657527,0.75342465753431,-1.10000000000045E-16));
#3669=DIRECTION('',(0.75342465753431,-0.65753424657527,2.90000000000119E-16));
#3670=DIRECTION('',(0.65753424657527,0.75342465753431,-1.10000000000045E-16));
#3671=DIRECTION('',(0.75342465753431,-0.65753424657527,2.90000000000119E-16));
#3672=DIRECTION('',(0.65753424657527,0.75342465753431,-3.30000000000135E-16));
#3673=DIRECTION('',(0.,0.,1.));
#3674=DIRECTION('',(-1.,-2.06E-15,0.));
#3675=DIRECTION('',(-0.400287387967919,0.916389658951813,-1.79999999999963E-16));
#3676=DIRECTION('',(1.094035471665E-16,-1.486345230326E-16,-1.));
#3677=DIRECTION('',(0.,-4.4E-16,-1.));
#3678=DIRECTION('',(-0.916389658951813,-0.400287387967919,-3.49690101387129E-17));
#3679=DIRECTION('',(0.,0.,-1.));
#3680=DIRECTION('',(1.,-5.6E-16,0.));
#3681=DIRECTION('',(0.,0.,1.));
#3682=DIRECTION('',(-6.E-17,5.E-17,1.));
#3683=DIRECTION('',(1.,0.,6.E-17));
#3684=DIRECTION('',(0.,-1.,0.));
#3685=DIRECTION('',(-2.2E-16,0.,1.));
#3686=DIRECTION('',(1.,-2.2E-16,2.8E-16));
#3687=DIRECTION('',(0.,0.,1.));
#3688=DIRECTION('',(-1.,0.,0.));
#3689=DIRECTION('',(0.,-1.,2.2E-16));
#3690=DIRECTION('',(1.,-2.2E-16,2.8E-16));
#3691=DIRECTION('',(1.,-2.2E-16,2.8E-16));
#3692=DIRECTION('',(-1.,0.,0.));
#3693=DIRECTION('',(0.,-1.,0.));
#3694=DIRECTION('',(0.,1.,0.));
#3695=DIRECTION('',(2.2E-16,0.,-1.));
#3696=DIRECTION('',(0.,0.,-1.));
#3697=DIRECTION('',(0.,0.,-1.));
#3698=DIRECTION('',(0.,-1.,0.));
#3699=DIRECTION('',(-2.2E-16,0.,1.));
#3700=DIRECTION('',(0.,0.,1.));
#3701=DIRECTION('',(0.,0.,1.));
#3702=DIRECTION('',(1.,-2.2E-16,2.8E-16));
#3703=DIRECTION('',(-1.,0.,0.));
#3704=DIRECTION('',(0.,-1.,2.2E-16));
#3705=DIRECTION('',(1.,-2.2E-16,2.8E-16));
#3706=DIRECTION('',(-1.,0.,0.));
#3707=DIRECTION('',(0.,-1.,0.));
#3708=DIRECTION('',(0.,1.,0.));
#3709=DIRECTION('',(2.2E-16,0.,-1.));
#3710=DIRECTION('',(0.,-1.E-17,-1.));
#3711=DIRECTION('',(1.,-2.2E-16,6.E-17));
#3712=DIRECTION('',(-6.E-17,5.E-17,1.));
#3713=DIRECTION('',(1.,0.,6.E-17));
#3714=DIRECTION('',(2.7E-16,1.,-5.E-17));
#3715=DIRECTION('',(1.,-2.2E-16,6.E-17));
#3716=DIRECTION('',(0.,-1.,0.));
#3717=DIRECTION('',(-2.2E-16,0.,1.));
#3718=DIRECTION('',(0.,-4.E-16,1.));
#3719=DIRECTION('',(1.,-2.2E-16,2.8E-16));
#3720=DIRECTION('',(-1.,0.,0.));
#3721=DIRECTION('',(0.,-1.,2.2E-16));
#3722=DIRECTION('',(-1.,0.,0.));
#3723=DIRECTION('',(0.,-1.,0.));
#3724=DIRECTION('',(0.,-1.,0.));
#3725=DIRECTION('',(-2.2E-16,0.,1.));
#3726=DIRECTION('',(0.,0.,1.));
#3727=DIRECTION('',(0.,0.,1.));
#3728=DIRECTION('',(1.,-2.2E-16,2.8E-16));
#3729=DIRECTION('',(-1.,0.,0.));
#3730=DIRECTION('',(0.,-1.,2.2E-16));
#3731=DIRECTION('',(-1.,0.,0.));
#3732=DIRECTION('',(0.,-1.,0.));
#3733=DIRECTION('',(1.,-2.2E-16,2.8E-16));
#3734=DIRECTION('',(0.,-1.,0.));
#3735=DIRECTION('',(-2.2E-16,0.,1.));
#3736=DIRECTION('',(1.,-2.2E-16,6.E-17));
#3737=DIRECTION('',(0.,0.,1.));
#3738=DIRECTION('',(-6.E-17,5.E-17,1.));
#3739=DIRECTION('',(1.,0.,6.E-17));
#3740=DIRECTION('',(1.,-2.2E-16,6.E-17));
#3741=DIRECTION('',(-2.7E-16,-1.,5.E-17));
#3742=DIRECTION('',(0.,1.,0.));
#3743=DIRECTION('',(2.2E-16,0.,-1.));
#3744=DIRECTION('',(0.,3.E-17,-1.));
#3745=DIRECTION('',(0.,0.,-1.));
#3746=DIRECTION('',(1.,0.,0.));
#3747=DIRECTION('',(0.,0.,-1.));
#3748=DIRECTION('',(6.E-17,-5.E-17,-1.));
#3749=DIRECTION('',(1.,0.,6.E-17));
#3750=DIRECTION('',(-0.400287387967919,-0.916389658951813,2.19999999999956E-16));
#3751=DIRECTION('',(-1.106890500741E-16,2.884225374533E-16,1.));
#3752=DIRECTION('',(-0.916389658951813,0.400287387967919,-7.49977489355048E-17));
#3753=DIRECTION('',(-6.E-17,5.E-17,1.));
#3754=DIRECTION('',(1.,0.,6.E-17));
#3755=DIRECTION('',(2.7E-16,1.,-5.E-17));
#3756=DIRECTION('',(-6.E-17,5.E-17,1.));
#3757=DIRECTION('',(1.,0.,6.E-17));
#3758=DIRECTION('',(-0.916389658951813,-0.400287387967919,-3.49690101387129E-17));
#3759=DIRECTION('',(-6.E-17,5.E-17,1.));
#3760=DIRECTION('',(1.,0.,6.E-17));
#3761=DIRECTION('',(-0.916389658951813,0.400287387967919,-7.49977489355048E-17));
#3762=DIRECTION('',(6.E-17,-5.E-17,-1.));
#3763=DIRECTION('',(1.,0.,6.E-17));
#3764=DIRECTION('',(-2.7E-16,-1.,5.E-17));
#3765=DIRECTION('',(0.400287387967919,0.916389658951813,-2.19999999999956E-16));
#3766=DIRECTION('',(1.106890500741E-16,-2.884225374533E-16,-1.));
#3767=DIRECTION('',(0.,0.,-1.));
#3768=DIRECTION('',(0.400287387967919,-0.916389658951813,1.79999999999963E-16));
#3769=DIRECTION('',(-1.094035471665E-16,1.486345230326E-16,1.));
#3770=DIRECTION('',(0.,-4.4E-16,-1.));
#3771=DIRECTION('',(0.,0.,-1.));
#3772=DIRECTION('',(1.,0.,0.));
#3773=DIRECTION('',(0.,0.,-1.));
#3774=DIRECTION('',(1.,-5.6E-16,0.));
#3775=DIRECTION('',(1.,0.,0.));
#3776=DIRECTION('',(0.,0.,1.));
#3777=DIRECTION('',(1.,0.,0.));
#3778=DIRECTION('',(0.,0.,1.));
#3779=DIRECTION('',(0.,-1.,0.));
#3780=DIRECTION('',(0.,0.,1.));
#3781=DIRECTION('',(-0.999259828497201,0.,-0.0384681056427962));
#3782=DIRECTION('',(-0.0384681056427962,0.,0.999259828497201));
#3783=DIRECTION('',(-0.0384681056427962,0.,0.999259828497201));
#3784=DIRECTION('',(0.,1.,0.));
#3785=DIRECTION('',(-0.0384681056427962,0.,0.999259828497201));
#3786=DIRECTION('',(0.,1.,0.));
#3787=DIRECTION('',(0.,1.,0.));
#3788=DIRECTION('',(0.,0.,1.));
#3789=DIRECTION('',(0.,-1.,0.));
#3790=DIRECTION('',(0.,0.,-1.));
#3791=DIRECTION('',(0.,1.,0.));
#3792=DIRECTION('',(0.,-1.,0.));
#3793=DIRECTION('',(0.,0.,-1.));
#3794=DIRECTION('',(-0.999259828497201,0.,0.0384681056427962));
#3795=DIRECTION('',(0.0384681056427962,0.,0.999259828497201));
#3796=DIRECTION('',(0.0384681056427962,0.,0.999259828497201));
#3797=DIRECTION('',(0.,1.,0.));
#3798=DIRECTION('',(0.0384681056427962,0.,0.999259828497201));
#3799=DIRECTION('',(-1.,0.,0.));
#3800=DIRECTION('',(0.,0.,1.));
#3801=DIRECTION('',(0.,0.,1.));
#3802=DIRECTION('',(0.,1.,0.));
#3803=DIRECTION('',(0.,0.,1.));
#3804=DIRECTION('',(0.,0.,-1.));
#3805=DIRECTION('',(-1.,0.,0.));
#3806=DIRECTION('',(-1.,0.,0.));
#3807=DIRECTION('',(0.,1.,0.));
#3808=DIRECTION('',(-1.,0.,0.));
#3809=DIRECTION('',(-1.,0.,-2.35568098312983E-16));
#3810=DIRECTION('',(-2.35568098312983E-16,0.,1.));
#3811=DIRECTION('',(-2.35568098312983E-16,0.,1.));
#3812=DIRECTION('',(0.,1.,0.));
#3813=DIRECTION('',(-2.35568098312983E-16,0.,1.));
#3814=DIRECTION('',(-0.707106781186547,0.,-0.707106781186548));
#3815=DIRECTION('',(-0.707106781186548,0.,0.707106781186547));
#3816=DIRECTION('',(0.,1.,0.));
#3817=DIRECTION('',(0.694746590606866,-0.186156787897385,-0.694746590606866));
#3818=DIRECTION('',(0.694746590606866,0.186156787897385,-0.694746590606866));
#3819=DIRECTION('',(0.,0.,-1.));
#3820=DIRECTION('',(-1.,0.,0.));
#3821=DIRECTION('',(0.,1.,0.));
#3822=DIRECTION('',(1.,0.,0.));
#3823=DIRECTION('',(-1.,0.,0.));
#3824=DIRECTION('',(-0.707106781186547,0.,0.707106781186548));
#3825=DIRECTION('',(0.707106781186548,0.,0.707106781186547));
#3826=DIRECTION('',(0.,1.,0.));
#3827=DIRECTION('',(0.694746590606866,0.186156787897385,0.694746590606866));
#3828=DIRECTION('',(0.694746590606866,-0.186156787897385,0.694746590606866));
#3829=DIRECTION('',(-1.,0.,2.35568098312983E-16));
#3830=DIRECTION('',(2.35568098312983E-16,0.,1.));
#3831=DIRECTION('',(2.35568098312983E-16,0.,1.));
#3832=DIRECTION('',(0.,1.,0.));
#3833=DIRECTION('',(2.35568098312983E-16,0.,1.));
#3834=DIRECTION('',(0.,0.,1.));
#3835=DIRECTION('',(1.,0.,0.));
#3836=DIRECTION('',(1.,0.,0.));
#3837=DIRECTION('',(0.,1.,0.));
#3838=DIRECTION('',(1.,0.,0.));
#3839=DIRECTION('',(-1.,0.,-2.03272026713945E-16));
#3840=DIRECTION('',(-2.03272026713945E-16,0.,1.));
#3841=DIRECTION('',(-2.03272026713945E-16,0.,1.));
#3842=DIRECTION('',(0.,1.,0.));
#3843=DIRECTION('',(-2.03272026713945E-16,0.,1.));
#3844=DIRECTION('',(-0.999259828497201,0.,-0.0384681056427964));
#3845=DIRECTION('',(-0.0384681056427964,0.,0.999259828497201));
#3846=DIRECTION('',(-0.0384681056427964,0.,0.999259828497201));
#3847=DIRECTION('',(0.,1.,0.));
#3848=DIRECTION('',(-0.0384681056427964,0.,0.999259828497201));
#3849=DIRECTION('',(0.,1.,0.));
#3850=DIRECTION('',(0.,0.,1.));
#3851=DIRECTION('',(0.,1.,0.));
#3852=DIRECTION('',(0.,0.,-1.));
#3853=DIRECTION('',(0.,1.,0.));
#3854=DIRECTION('',(0.,1.,0.));
#3855=DIRECTION('',(0.,0.,-1.));
#3856=DIRECTION('',(-0.999259828497201,0.,0.0384681056427961));
#3857=DIRECTION('',(0.0384681056427961,0.,0.999259828497201));
#3858=DIRECTION('',(0.0384681056427961,0.,0.999259828497201));
#3859=DIRECTION('',(0.,1.,0.));
#3860=DIRECTION('',(0.0384681056427961,0.,0.999259828497201));
#3861=DIRECTION('',(1.,0.,2.71050543121376E-16));
#3862=DIRECTION('',(2.71050543121376E-16,0.,-1.));
#3863=DIRECTION('',(2.71050543121376E-16,0.,-1.));
#3864=DIRECTION('',(0.,1.,0.));
#3865=DIRECTION('',(2.71050543121376E-16,0.,-1.));
#3866=DIRECTION('',(0.,0.,-1.));
#3867=DIRECTION('',(-1.,0.,0.));
#3868=DIRECTION('',(-1.,0.,0.));
#3869=DIRECTION('',(0.,1.,0.));
#3870=DIRECTION('',(-1.,0.,0.));
#3871=DIRECTION('',(1.,0.,0.));
#3872=DIRECTION('',(0.,0.,-1.));
#3873=DIRECTION('',(0.,0.,-1.));
#3874=DIRECTION('',(0.,0.,-1.));
#3875=DIRECTION('',(0.,1.,0.));
#3876=DIRECTION('',(0.,0.,1.));
#3877=DIRECTION('',(0.,-1.,0.));
#3878=DIRECTION('',(0.,0.,-1.));
#3879=DIRECTION('',(0.,-1.,0.));
#3880=DIRECTION('',(0.,0.,-1.));
#3881=DIRECTION('',(0.,-1.,0.));
#3882=DIRECTION('',(1.,0.,0.));
#3883=DIRECTION('',(-1.,0.,0.));
#3884=DIRECTION('',(0.,-1.,0.));
#3885=DIRECTION('',(1.,0.,0.));
#3886=DIRECTION('',(1.,0.,0.));
#3887=DIRECTION('',(0.,-0.965925826289068,0.258819045102521));
#3888=DIRECTION('',(1.,0.,0.));
#3889=DIRECTION('',(0.,-0.965925826289068,-0.258819045102521));
#3890=DIRECTION('',(-1.,0.,0.));
#3891=DIRECTION('',(0.,0.,1.));
#3892=DIRECTION('',(1.,0.,0.));
#3893=CARTESIAN_POINT('',(0.,0.,0.));
#3894=CARTESIAN_POINT('',(0.006,-8.E-18,0.));
#3895=CARTESIAN_POINT('',(0.006,-0.00175,0.001));
#3896=CARTESIAN_POINT('',(0.006,-0.00275,0.001));
#3897=CARTESIAN_POINT('',(0.006,-0.00075,0.001));
#3898=CARTESIAN_POINT('',(0.006,-0.00275,0.0005));
#3899=CARTESIAN_POINT('',(0.006,-0.00275,0.0006));
#3900=CARTESIAN_POINT('',(0.006,-0.00275,0.0006));
#3901=CARTESIAN_POINT('',(0.006,-0.00255,0.0006));
#3902=CARTESIAN_POINT('',(0.006,-0.00255,0.000175));
#3903=CARTESIAN_POINT('',(0.006,-0.00255,0.001));
#3904=CARTESIAN_POINT('',(0.006,-0.00175,0.001));
#3905=CARTESIAN_POINT('',(0.006,-0.00095,0.001));
#3906=CARTESIAN_POINT('',(0.006,-0.00095,0.00035));
#3907=CARTESIAN_POINT('',(0.006,-0.00095,0.0007));
#3908=CARTESIAN_POINT('',(0.006,-0.000375,0.0007));
#3909=CARTESIAN_POINT('',(0.006,-0.00075,0.0007));
#3910=CARTESIAN_POINT('',(0.006,-0.00075,0.0005));
#3911=CARTESIAN_POINT('',(-1.E-18,-0.00175,0.001));
#3912=CARTESIAN_POINT('',(0.,-0.00175,0.001));
#3913=CARTESIAN_POINT('',(0.,-0.00275,0.001));
#3914=CARTESIAN_POINT('',(0.,-0.00075,0.001));
#3915=CARTESIAN_POINT('',(-1.44E-18,-0.00275,0.001));
#3916=CARTESIAN_POINT('',(-5.6E-19,-0.00075,0.001));
#3917=CARTESIAN_POINT('',(-5.6E-19,-0.00075,0.001));
#3918=CARTESIAN_POINT('',(0.,-0.00075,0.001));
#3919=CARTESIAN_POINT('',(0.,-0.00075,0.0007));
#3920=CARTESIAN_POINT('',(-4.9E-19,-0.00075,0.0007));
#3921=CARTESIAN_POINT('',(-4.9E-19,-0.00075,0.0007));
#3922=CARTESIAN_POINT('',(0.,-0.00075,0.0007));
#3923=CARTESIAN_POINT('',(0.,-0.00095,0.0007));
#3924=CARTESIAN_POINT('',(-5.8E-19,-0.00095,0.0007));
#3925=CARTESIAN_POINT('',(-5.8E-19,-0.00095,0.0007));
#3926=CARTESIAN_POINT('',(0.,-0.00095,0.0007));
#3927=CARTESIAN_POINT('',(0.,-0.00095,0.001));
#3928=CARTESIAN_POINT('',(-6.4E-19,-0.00095,0.001));
#3929=CARTESIAN_POINT('',(-1.E-18,-0.00175,0.001));
#3930=CARTESIAN_POINT('',(-1.35E-18,-0.00255,0.001));
#3931=CARTESIAN_POINT('',(0.,-0.00255,0.001));
#3932=CARTESIAN_POINT('',(0.,-0.00175,0.001));
#3933=CARTESIAN_POINT('',(-1.21E-18,-0.00255,0.00035));
#3934=CARTESIAN_POINT('',(0.006,-0.00255,0.000175));
#3935=CARTESIAN_POINT('',(0.006,-0.00255,0.00035));
#3936=CARTESIAN_POINT('',(-1.21E-18,-0.00255,0.00035));
#3937=CARTESIAN_POINT('',(0.0045,-0.00255,0.00035));
#3938=CARTESIAN_POINT('',(-1.21E-18,-0.00255,0.00035));
#3939=CARTESIAN_POINT('',(0.0015,-0.00255,0.00035));
#3940=CARTESIAN_POINT('',(-1.21E-18,-0.00255,0.00035));
#3941=CARTESIAN_POINT('',(0.,-0.00255,0.00035));
#3942=CARTESIAN_POINT('',(0.,-0.00255,0.00035));
#3943=CARTESIAN_POINT('',(0.007259746385584,-0.001945038584713,0.0006));
#3944=CARTESIAN_POINT('',(0.006,-0.001380555555556,0.0006));
#3945=CARTESIAN_POINT('',(0.006768949771689,-0.002261643835616,0.0006));
#3946=CARTESIAN_POINT('',(0.006,-0.001380555555556,0.0006));
#3947=CARTESIAN_POINT('',(0.006900456621005,-0.002412328767123,0.0006));
#3948=CARTESIAN_POINT('',(0.007930136986301,-0.001513698630137,0.0006));
#3949=CARTESIAN_POINT('',(0.007930136986301,-0.001513698630137,0.0006));
#3950=CARTESIAN_POINT('',(0.0085,-0.002166666666667,0.0006));
#3951=CARTESIAN_POINT('',(0.0085,-0.0013,0.0006));
#3952=CARTESIAN_POINT('',(0.0085,-0.0013,0.0006));
#3953=CARTESIAN_POINT('',(0.0085,-0.0011,0.0006));
#3954=CARTESIAN_POINT('',(0.0085,-0.002166666666667,0.0006));
#3955=CARTESIAN_POINT('',(0.007798630136986,-0.00136301369863,0.0006));
#3956=CARTESIAN_POINT('',(0.007798630136986,-0.00136301369863,0.0006));
#3957=CARTESIAN_POINT('',(-1.44E-18,-0.00275,0.001));
#3958=CARTESIAN_POINT('',(-1.3E-18,-0.00275,0.00035));
#3959=CARTESIAN_POINT('',(0.,-0.00275,0.00035));
#3960=CARTESIAN_POINT('',(0.0015,-0.00275,0.00035));
#3961=CARTESIAN_POINT('',(-1.3E-18,-0.00275,0.00035));
#3962=CARTESIAN_POINT('',(0.0045,-0.00275,0.00035));
#3963=CARTESIAN_POINT('',(-1.3E-18,-0.00275,0.00035));
#3964=CARTESIAN_POINT('',(0.006,-0.00275,0.00035));
#3965=CARTESIAN_POINT('',(0.006,-0.00275,0.0005));
#3966=CARTESIAN_POINT('',(0.,-0.00275,0.001));
#3967=CARTESIAN_POINT('',(-1.8E-19,3.9E-19,0.000793774947568));
#3968=CARTESIAN_POINT('',(0.,-0.0024,0.00035));
#3969=CARTESIAN_POINT('',(0.,-0.0024,0.0002));
#3970=CARTESIAN_POINT('',(0.,0.0024,0.0002));
#3971=CARTESIAN_POINT('',(0.,0.0024,0.0002));
#3972=CARTESIAN_POINT('',(0.,0.0024,0.00035));
#3973=CARTESIAN_POINT('',(0.,0.00255,0.00035));
#3974=CARTESIAN_POINT('',(0.,0.00255,0.00035));
#3975=CARTESIAN_POINT('',(0.,0.00255,0.001));
#3976=CARTESIAN_POINT('',(0.,0.00175,0.001));
#3977=CARTESIAN_POINT('',(0.,0.00095,0.001));
#3978=CARTESIAN_POINT('',(0.,0.00095,0.0007));
#3979=CARTESIAN_POINT('',(8.62101628216534E-20,0.00095,0.0007));
#3980=CARTESIAN_POINT('',(-4.8936951153504E-19,-0.00075,0.0007));
#3981=CARTESIAN_POINT('',(5.687682948832E-20,0.00075,0.0007));
#3982=CARTESIAN_POINT('',(0.,0.00075,0.001));
#3983=CARTESIAN_POINT('',(0.,0.00075,0.001));
#3984=CARTESIAN_POINT('',(0.,0.00175,0.001));
#3985=CARTESIAN_POINT('',(0.,0.00275,0.001));
#3986=CARTESIAN_POINT('',(0.,0.00275,0.00035));
#3987=CARTESIAN_POINT('',(0.,0.00275,0.00035));
#3988=CARTESIAN_POINT('',(0.,0.0024,0.00035));
#3989=CARTESIAN_POINT('',(0.,0.0024,-3.61400724161835E-19));
#3990=CARTESIAN_POINT('',(0.,-0.0024,0.));
#3991=CARTESIAN_POINT('',(0.,-0.0024,3.61400724161835E-19));
#3992=CARTESIAN_POINT('',(0.,-0.0024,0.00035));
#3993=CARTESIAN_POINT('',(0.006,-0.001380555555556,0.00035));
#3994=CARTESIAN_POINT('',(0.006768949771689,-0.002261643835616,0.00035));
#3995=CARTESIAN_POINT('',(0.006768949771689,-0.002261643835616,0.00035));
#3996=CARTESIAN_POINT('',(0.006,-0.001380555555556,0.00035));
#3997=CARTESIAN_POINT('',(-1.14E-18,-0.0024,0.00035));
#3998=CARTESIAN_POINT('',(0.0015,-0.00255,0.00035));
#3999=CARTESIAN_POINT('',(0.001484755968758,-0.00255,0.00035));
#4000=CARTESIAN_POINT('',(0.001469652628774,-0.002549999907854,0.000348884529791));
#4001=CARTESIAN_POINT('',(0.001454890352896,-0.002550000339699,0.000346692486328));
#4002=CARTESIAN_POINT('',(0.001440676113109,-0.002549937082076,0.000343521349323));
#4003=CARTESIAN_POINT('',(0.001427213230985,-0.002549704696855,0.00033954062583));
#4004=CARTESIAN_POINT('',(0.001408585024262,-0.002549024646251,0.000332777631579));
#4005=CARTESIAN_POINT('',(0.001402673526717,-0.0025487474122,0.000330416323549));
#4006=CARTESIAN_POINT('',(0.001396952118397,-0.002548406993412,0.000327924856621));
#4007=CARTESIAN_POINT('',(0.001391420659504,-0.002547995546759,0.000325318623963));
#4008=CARTESIAN_POINT('',(0.001386077938554,-0.002547506050218,0.000322612113323));
#4009=CARTESIAN_POINT('',(0.001376857542814,-0.002546480079604,0.000317617323204));
#4010=CARTESIAN_POINT('',(0.001372908718071,-0.00254597546743,0.000315361573902));
#4011=CARTESIAN_POINT('',(0.001369073590345,-0.00254541539916,0.000313057938702));
#4012=CARTESIAN_POINT('',(0.001365350379782,-0.002544797088628,0.000310712321012));
#4013=CARTESIAN_POINT('',(0.001361737134464,-0.002544118030693,0.000308330248069));
#4014=CARTESIAN_POINT('',(0.001346902170273,-0.002540977742109,0.000298116771178));
#4015=CARTESIAN_POINT('',(0.001336680474302,-0.002537917520558,0.000289976360659));
#4016=CARTESIAN_POINT('',(0.001327525943078,-0.002534120568386,0.000281686170456));
#4017=CARTESIAN_POINT('',(0.001319370060435,-0.00252954623165,0.000273401598435));
#4018=CARTESIAN_POINT('',(0.00131213393312,-0.002524172679248,0.000265255350001));
#4019=CARTESIAN_POINT('',(0.001299220371659,-0.002511657620153,0.000249315104845));
#4020=CARTESIAN_POINT('',(0.001293581948147,-0.00250448337498,0.000241535789221));
#4021=CARTESIAN_POINT('',(0.001288777254183,-0.002496465726891,0.000234194930676));
#4022=CARTESIAN_POINT('',(0.001284736112633,-0.002487644907693,0.000227443194741));
#4023=CARTESIAN_POINT('',(0.001281385560463,-0.002478086392582,0.000221416600002));
#4024=CARTESIAN_POINT('',(0.001275953279339,-0.002457699556538,0.000211072319711));
#4025=CARTESIAN_POINT('',(0.001273866873699,-0.0024468751614,0.000206747375663));
#4026=CARTESIAN_POINT('',(0.001272355113251,-0.002435527410855,0.00020340228987));
#4027=CARTESIAN_POINT('',(0.00127136739184,-0.002423815750624,0.000201135658427));
#4028=CARTESIAN_POINT('',(0.001270871215252,-0.002411915147778,0.0002));
#4029=CARTESIAN_POINT('',(0.001270871215252,-0.0024,0.0002));
#4030=CARTESIAN_POINT('',(0.001270871215252,-0.00240000284206116,0.0002));
#4031=CARTESIAN_POINT('',(-1.11E-18,-0.0024,0.0002));
#4032=CARTESIAN_POINT('',(-1.14E-18,-0.0024,0.00035));
#4033=CARTESIAN_POINT('',(0.0045,-0.00255,0.00035));
#4034=CARTESIAN_POINT('',(0.004484755968758,-0.00255,0.00035));
#4035=CARTESIAN_POINT('',(0.004469652628774,-0.002549999907854,0.000348884529791));
#4036=CARTESIAN_POINT('',(0.004454890352896,-0.002550000339699,0.000346692486328));
#4037=CARTESIAN_POINT('',(0.004440676113109,-0.002549937082076,0.000343521349323));
#4038=CARTESIAN_POINT('',(0.004427213230985,-0.002549704696855,0.00033954062583));
#4039=CARTESIAN_POINT('',(0.004408585023536,-0.002549024646225,0.000332777631316));
#4040=CARTESIAN_POINT('',(0.004402673526853,-0.002548747412229,0.000330416323656));
#4041=CARTESIAN_POINT('',(0.004396952119069,-0.002548406993459,0.00032792485692));
#4042=CARTESIAN_POINT('',(0.004391420659731,-0.002547995546755,0.000325318624016));
#4043=CARTESIAN_POINT('',(0.004386077937943,-0.00254750605015,0.000322612112992));
#4044=CARTESIAN_POINT('',(0.004376857542814,-0.002546480079604,0.000317617323204));
#4045=CARTESIAN_POINT('',(0.004372908718071,-0.00254597546743,0.000315361573902));
#4046=CARTESIAN_POINT('',(0.004369073590345,-0.00254541539916,0.000313057938702));
#4047=CARTESIAN_POINT('',(0.004365350379782,-0.002544797088628,0.000310712321012));
#4048=CARTESIAN_POINT('',(0.004361737134464,-0.002544118030693,0.000308330248069));
#4049=CARTESIAN_POINT('',(0.004346902170273,-0.002540977742109,0.000298116771178));
#4050=CARTESIAN_POINT('',(0.004336680474302,-0.002537917520558,0.000289976360659));
#4051=CARTESIAN_POINT('',(0.004327525943078,-0.002534120568386,0.000281686170456));
#4052=CARTESIAN_POINT('',(0.004319370060435,-0.00252954623165,0.000273401598435));
#4053=CARTESIAN_POINT('',(0.00431213393312,-0.002524172679248,0.000265255350001));
#4054=CARTESIAN_POINT('',(0.004299220371659,-0.002511657620153,0.000249315104845));
#4055=CARTESIAN_POINT('',(0.004293581948147,-0.00250448337498,0.000241535789221));
#4056=CARTESIAN_POINT('',(0.004288777254183,-0.002496465726891,0.000234194930676));
#4057=CARTESIAN_POINT('',(0.004284736112633,-0.002487644907693,0.000227443194741));
#4058=CARTESIAN_POINT('',(0.004281385560463,-0.002478086392582,0.000221416600002));
#4059=CARTESIAN_POINT('',(0.004275953279339,-0.002457699556538,0.000211072319711));
#4060=CARTESIAN_POINT('',(0.004273866873699,-0.0024468751614,0.000206747375663));
#4061=CARTESIAN_POINT('',(0.004272355113251,-0.002435527410855,0.00020340228987));
#4062=CARTESIAN_POINT('',(0.00427136739184,-0.002423815750624,0.000201135658427));
#4063=CARTESIAN_POINT('',(0.004270871215252,-0.002411915147778,0.0002));
#4064=CARTESIAN_POINT('',(0.004270871215252,-0.0024,0.0002));
#4065=CARTESIAN_POINT('',(0.004270871215252,-0.00240000284683168,0.0002));
#4066=CARTESIAN_POINT('',(-1.11E-18,-0.0024,0.0002));
#4067=CARTESIAN_POINT('',(0.001729128784748,-0.00240000271083765,0.0002));
#4068=CARTESIAN_POINT('',(0.001729128784748,-0.0024,0.0002));
#4069=CARTESIAN_POINT('',(0.001729128784748,-0.002411705311241,0.0002));
#4070=CARTESIAN_POINT('',(0.00172864996094,-0.002423397383741,0.000201096019562));
#4071=CARTESIAN_POINT('',(0.001727696484126,-0.002434910370831,0.000203283865366));
#4072=CARTESIAN_POINT('',(0.001726238242375,-0.002446077880626,0.000206514541639));
#4073=CARTESIAN_POINT('',(0.00172422806189,-0.002456747780438,0.000210695815177));
#4074=CARTESIAN_POINT('',(0.001718921375423,-0.00247718677019,0.000220861116729));
#4075=CARTESIAN_POINT('',(0.001715584234326,-0.00248691301092,0.000226901337664));
#4076=CARTESIAN_POINT('',(0.001711544403328,-0.002495888666221,0.000233692105783));
#4077=CARTESIAN_POINT('',(0.001706726281836,-0.002504044481006,0.000241093053732));
#4078=CARTESIAN_POINT('',(0.001701056993041,-0.002511337642662,0.000248948279673));
#4079=CARTESIAN_POINT('',(0.001688089552085,-0.002524004124116,0.000265002435476));
#4080=CARTESIAN_POINT('',(0.001680843488998,-0.002529422484503,0.000273182238591));
#4081=CARTESIAN_POINT('',(0.00167267073262,-0.002534033867663,0.000281504173428));
#4082=CARTESIAN_POINT('',(0.001663491242354,-0.002537860179386,0.000289833983161));
#4083=CARTESIAN_POINT('',(0.001653235369996,-0.002540942416626,0.000298014444444));
#4084=CARTESIAN_POINT('',(0.001638393407358,-0.00254409225813,0.000308242660621));
#4085=CARTESIAN_POINT('',(0.001634819502817,-0.002544766538783,0.000310602167762));
#4086=CARTESIAN_POINT('',(0.001631137862134,-0.002545381209162,0.0003129260851));
#4087=CARTESIAN_POINT('',(0.001627346600223,-0.002545938691564,0.000315209047946));
#4088=CARTESIAN_POINT('',(0.001623443978712,-0.002546441681324,0.000317445342304));
#4089=CARTESIAN_POINT('',(0.001614150610793,-0.00254748652228,0.000322498830674));
#4090=CARTESIAN_POINT('',(0.001608676764603,-0.0025479909733,0.000325278203159));
#4091=CARTESIAN_POINT('',(0.001603004380214,-0.002548413159783,0.000327952391444));
#4092=CARTESIAN_POINT('',(0.001597132155348,-0.002548760649702,0.000330505766679));
#4093=CARTESIAN_POINT('',(0.001591059972607,-0.002549041919088,0.000332921702045));
#4094=CARTESIAN_POINT('',(0.001572321138914,-0.002549712555767,0.000339677496352));
#4095=CARTESIAN_POINT('',(0.001558931614093,-0.002549938860259,0.000343608558459));
#4096=CARTESIAN_POINT('',(0.001544802967368,-0.002550000322209,0.000346738109605));
#4097=CARTESIAN_POINT('',(0.00153013629338,-0.00254999991303,0.000348900284362));
#4098=CARTESIAN_POINT('',(0.001515136007201,-0.00255,0.00035));
#4099=CARTESIAN_POINT('',(0.0015,-0.00255,0.00035));
#4100=CARTESIAN_POINT('',(-1.14E-18,-0.0024,0.00035));
#4101=CARTESIAN_POINT('',(0.006,-0.0024,0.00035));
#4102=CARTESIAN_POINT('',(0.006,-0.0024,0.0002));
#4103=CARTESIAN_POINT('',(-1.11E-18,-0.0024,0.0002));
#4104=CARTESIAN_POINT('',(0.004729128784748,-0.00240000271564262,0.0002));
#4105=CARTESIAN_POINT('',(0.004729128784748,-0.0024,0.0002));
#4106=CARTESIAN_POINT('',(0.004729128784748,-0.002411705311241,0.0002));
#4107=CARTESIAN_POINT('',(0.00472864996094,-0.002423397383741,0.000201096019562));
#4108=CARTESIAN_POINT('',(0.004727696484126,-0.002434910370832,0.000203283865366));
#4109=CARTESIAN_POINT('',(0.004726238242375,-0.002446077880627,0.000206514541639));
#4110=CARTESIAN_POINT('',(0.00472422806189,-0.002456747780439,0.000210695815177));
#4111=CARTESIAN_POINT('',(0.004718921375423,-0.002477186770191,0.00022086111673));
#4112=CARTESIAN_POINT('',(0.004715584234326,-0.002486913010922,0.000226901337665));
#4113=CARTESIAN_POINT('',(0.004711544403328,-0.002495888666223,0.000233692105784));
#4114=CARTESIAN_POINT('',(0.004706726281835,-0.002504044481008,0.000241093053734));
#4115=CARTESIAN_POINT('',(0.004701056993039,-0.002511337642663,0.000248948279675));
#4116=CARTESIAN_POINT('',(0.004688089552084,-0.002524004124117,0.000265002435478));
#4117=CARTESIAN_POINT('',(0.004680843488997,-0.002529422484504,0.000273182238592));
#4118=CARTESIAN_POINT('',(0.004672670732619,-0.002534033867664,0.000281504173429));
#4119=CARTESIAN_POINT('',(0.004663491242353,-0.002537860179386,0.000289833983161));
#4120=CARTESIAN_POINT('',(0.004653235369995,-0.002540942416626,0.000298014444444));
#4121=CARTESIAN_POINT('',(0.004638393407358,-0.00254409225813,0.000308242660621));
#4122=CARTESIAN_POINT('',(0.004634819502817,-0.002544766538783,0.000310602167762));
#4123=CARTESIAN_POINT('',(0.004631137862134,-0.002545381209162,0.0003129260851));
#4124=CARTESIAN_POINT('',(0.004627346600223,-0.002545938691564,0.000315209047946));
#4125=CARTESIAN_POINT('',(0.004623443978712,-0.002546441681324,0.000317445342304));
#4126=CARTESIAN_POINT('',(0.004614150610124,-0.002547486522355,0.000322498831038));
#4127=CARTESIAN_POINT('',(0.004608676764851,-0.002547990973305,0.000325278203102));
#4128=CARTESIAN_POINT('',(0.004603004380949,-0.002548413159732,0.000327952391118));
#4129=CARTESIAN_POINT('',(0.004597132155494,-0.00254876064967,0.000330505766561));
#4130=CARTESIAN_POINT('',(0.00459105997181,-0.002549041919117,0.000332921702332));
#4131=CARTESIAN_POINT('',(0.004572321138914,-0.002549712555767,0.000339677496352));
#4132=CARTESIAN_POINT('',(0.004558931614093,-0.002549938860259,0.000343608558459));
#4133=CARTESIAN_POINT('',(0.004544802967368,-0.002550000322209,0.000346738109605));
#4134=CARTESIAN_POINT('',(0.00453013629338,-0.00254999991303,0.000348900284362));
#4135=CARTESIAN_POINT('',(0.004515136007201,-0.00255,0.00035));
#4136=CARTESIAN_POINT('',(0.0045,-0.00255,0.00035));
#4137=CARTESIAN_POINT('',(0.006,-0.001380555555556,0.0006));
#4138=CARTESIAN_POINT('',(0.006,-0.001380555555556,0.00035));
#4139=CARTESIAN_POINT('',(0.006900456621005,-0.002412328767123,0.00035));
#4140=CARTESIAN_POINT('',(0.006900456621005,-0.002412328767123,0.0006));
#4141=CARTESIAN_POINT('',(0.007930136986301,-0.001513698630137,0.0006));
#4142=CARTESIAN_POINT('',(0.007930136986301,-0.001513698630137,0.00035));
#4143=CARTESIAN_POINT('',(0.007930136986301,-0.001513698630137,0.00035));
#4144=CARTESIAN_POINT('',(0.007930136986301,-0.001513698630137,0.0006));
#4145=CARTESIAN_POINT('',(0.0085,-0.002166666666667,0.0006));
#4146=CARTESIAN_POINT('',(0.0085,-0.002166666666667,0.00035));
#4147=CARTESIAN_POINT('',(0.0085,-0.0013,0.00035));
#4148=CARTESIAN_POINT('',(0.0085,-0.0013,0.00068));
#4149=CARTESIAN_POINT('',(0.0085,-1.79E-18,0.000609417083744));
#4150=CARTESIAN_POINT('',(0.0085,0.00065,0.00068));
#4151=CARTESIAN_POINT('',(0.0085,-9.21571846612679E-19,0.00068));
#4152=CARTESIAN_POINT('',(0.0085,0.0013,0.00068));
#4153=CARTESIAN_POINT('',(0.0085,0.0013,0.00035));
#4154=CARTESIAN_POINT('',(0.0085,0.0013,0.0006));
#4155=CARTESIAN_POINT('',(0.0085,-1.7904708541872E-18,0.0006));
#4156=CARTESIAN_POINT('',(0.0085,0.0011,0.0006));
#4157=CARTESIAN_POINT('',(0.0085,0.0011,0.00035));
#4158=CARTESIAN_POINT('',(0.0085,0.0011,0.00068));
#4159=CARTESIAN_POINT('',(0.0085,0.00065,0.00068));
#4160=CARTESIAN_POINT('',(0.0085,0.0002,0.00068));
#4161=CARTESIAN_POINT('',(0.0085,0.0002,0.00036));
#4162=CARTESIAN_POINT('',(0.0085,0.0002,0.00036));
#4163=CARTESIAN_POINT('',(0.0085,0.0002,0.00036));
#4164=CARTESIAN_POINT('',(0.0085,-0.0002,0.00036));
#4165=CARTESIAN_POINT('',(0.0085,-0.0002,0.00036));
#4166=CARTESIAN_POINT('',(0.0085,-0.0002,0.00068));
#4167=CARTESIAN_POINT('',(0.0085,-0.00065,0.00068));
#4168=CARTESIAN_POINT('',(0.0085,-0.0011,0.00068));
#4169=CARTESIAN_POINT('',(0.0085,-0.0011,0.00035));
#4170=CARTESIAN_POINT('',(0.0085,-0.0013,0.00068));
#4171=CARTESIAN_POINT('',(0.0085,-0.0013,0.00068));
#4172=CARTESIAN_POINT('',(0.0085,-0.00065,0.00068));
#4173=CARTESIAN_POINT('',(0.0085,-0.002166666666667,0.00035));
#4174=CARTESIAN_POINT('',(0.0085,-0.002166666666667,0.00035));
#4175=CARTESIAN_POINT('',(0.007798630136986,-0.00136301369863,0.00035));
#4176=CARTESIAN_POINT('',(0.0085,-0.0011,0.00035));
#4177=CARTESIAN_POINT('',(0.007798630136986,-0.00136301369863,0.00035));
#4178=CARTESIAN_POINT('',(0.0085,-0.0011,0.00035));
#4179=CARTESIAN_POINT('',(0.007798630136986,-0.00136301369863,0.00035));
#4180=CARTESIAN_POINT('',(0.007798630136986,-0.00136301369863,0.00035));
#4181=CARTESIAN_POINT('',(-1.14E-18,-0.0024,0.00035));
#4182=CARTESIAN_POINT('',(-1.07E-18,-0.0024,5.3E-19));
#4183=CARTESIAN_POINT('',(0.00125,-0.0024,1.06029589969933E-19));
#4184=CARTESIAN_POINT('',(0.00125,-0.0024,0.00035));
#4185=CARTESIAN_POINT('',(0.00125,-0.00264494897427821,0.000100000000000002));
#4186=CARTESIAN_POINT('',(0.0015,-0.00275,0.00035));
#4187=CARTESIAN_POINT('',(0.001476891667778,-0.00275,0.00035));
#4188=CARTESIAN_POINT('',(0.001453864129287,-0.002749999891202,0.000347436736269));
#4189=CARTESIAN_POINT('',(0.001431331661133,-0.00275000040035,0.000342344419799));
#4190=CARTESIAN_POINT('',(0.001409707832094,-0.002749858394955,0.000334863579857));
#4191=CARTESIAN_POINT('',(0.001389385649829,-0.002749309889276,0.000325261619368));
#4192=CARTESIAN_POINT('',(0.001342286936217,-0.00274636145687,0.000296790450089));
#4193=CARTESIAN_POINT('',(0.001317488867578,-0.002743145710648,0.000275631304598));
#4194=CARTESIAN_POINT('',(0.001296810186323,-0.002737668814325,0.000251485856023));
#4195=CARTESIAN_POINT('',(0.001280495447626,-0.00272912087194,0.000225415505012));
#4196=CARTESIAN_POINT('',(0.001268504961653,-0.002717029196522,0.00019845884805));
#4197=CARTESIAN_POINT('',(0.001256810004324,-0.002693866573127,0.000159353572183));
#4198=CARTESIAN_POINT('',(0.001253967817715,-0.002685796666919,0.000147099054415));
#4199=CARTESIAN_POINT('',(0.00125191694706,-0.002676893870692,0.000134947715072));
#4200=CARTESIAN_POINT('',(0.001250613328844,-0.002667130509226,0.000122985655757));
#4201=CARTESIAN_POINT('',(0.001250000001061,-0.002656486419632,0.000111304342704));
#4202=CARTESIAN_POINT('',(0.00125,-0.002644948974278,0.0001));
#4203=CARTESIAN_POINT('',(-1.14E-18,-0.0024,0.00035));
#4204=CARTESIAN_POINT('',(0.00175,-0.002644948974278,0.0001));
#4205=CARTESIAN_POINT('',(0.001749999998939,-0.002656486313103,0.000111304238328));
#4206=CARTESIAN_POINT('',(0.001749386682459,-0.002667130422324,0.000122985547585));
#4207=CARTESIAN_POINT('',(0.001748083067934,-0.002676893851736,0.000134947673865));
#4208=CARTESIAN_POINT('',(0.001746032179385,-0.002685796708886,0.000147099104645));
#4209=CARTESIAN_POINT('',(0.001743189966704,-0.002693866630508,0.000159353669059));
#4210=CARTESIAN_POINT('',(0.00173149700177,-0.002717025307835,0.000198452282811));
#4211=CARTESIAN_POINT('',(0.001719510399735,-0.002729114991796,0.000225402379516));
#4212=CARTESIAN_POINT('',(0.001703201704719,-0.002737662601363,0.00025146687922));
#4213=CARTESIAN_POINT('',(0.001682531179036,-0.002743140403214,0.00027560790569));
#4214=CARTESIAN_POINT('',(0.001657743087116,-0.002746357559403,0.00029676482346));
#4215=CARTESIAN_POINT('',(0.001610651317629,-0.002749308904246,0.00032524419775));
#4216=CARTESIAN_POINT('',(0.001590323458886,-0.002749858187738,0.000334852773795));
#4217=CARTESIAN_POINT('',(0.001568692772786,-0.002750000400208,0.000342338885375));
#4218=CARTESIAN_POINT('',(0.001546152592312,-0.002749999891354,0.000347434857405));
#4219=CARTESIAN_POINT('',(0.001523116799612,-0.00275,0.00035));
#4220=CARTESIAN_POINT('',(0.0015,-0.00275,0.00035));
#4221=CARTESIAN_POINT('',(0.00175,-0.00264494897427816,0.000100000000000003));
#4222=CARTESIAN_POINT('',(0.00175,-0.0024,0.00035));
#4223=CARTESIAN_POINT('',(0.00175,-0.0024,4.99357632544086E-19));
#4224=CARTESIAN_POINT('',(-1.07E-18,-0.0024,5.3E-19));
#4225=CARTESIAN_POINT('',(0.00425,-0.0024,9.69178573954471E-19));
#4226=CARTESIAN_POINT('',(0.00425,-0.0024,0.00035));
#4227=CARTESIAN_POINT('',(0.00425,-0.00264494897427821,0.000100000000000002));
#4228=CARTESIAN_POINT('',(0.0045,-0.00275,0.00035));
#4229=CARTESIAN_POINT('',(0.004476891667778,-0.00275,0.00035));
#4230=CARTESIAN_POINT('',(0.004453864129287,-0.002749999891202,0.000347436736269));
#4231=CARTESIAN_POINT('',(0.004431331661133,-0.00275000040035,0.000342344419799));
#4232=CARTESIAN_POINT('',(0.004409707832094,-0.002749858394955,0.000334863579857));
#4233=CARTESIAN_POINT('',(0.004389385649829,-0.002749309889276,0.000325261619368));
#4234=CARTESIAN_POINT('',(0.004342286936217,-0.00274636145687,0.000296790450089));
#4235=CARTESIAN_POINT('',(0.004317488867578,-0.002743145710648,0.000275631304598));
#4236=CARTESIAN_POINT('',(0.004296810186323,-0.002737668814325,0.000251485856023));
#4237=CARTESIAN_POINT('',(0.004280495447626,-0.00272912087194,0.000225415505012));
#4238=CARTESIAN_POINT('',(0.004268504961653,-0.002717029196522,0.00019845884805));
#4239=CARTESIAN_POINT('',(0.004256810004324,-0.002693866573127,0.000159353572183));
#4240=CARTESIAN_POINT('',(0.004253967817715,-0.002685796666919,0.000147099054415));
#4241=CARTESIAN_POINT('',(0.00425191694706,-0.002676893870692,0.000134947715072));
#4242=CARTESIAN_POINT('',(0.004250613328844,-0.002667130509226,0.000122985655757));
#4243=CARTESIAN_POINT('',(0.004250000001061,-0.002656486419632,0.000111304342704));
#4244=CARTESIAN_POINT('',(0.00425,-0.002644948974278,0.0001));
#4245=CARTESIAN_POINT('',(-1.14E-18,-0.0024,0.00035));
#4246=CARTESIAN_POINT('',(0.00475,-0.002644948974278,0.0001));
#4247=CARTESIAN_POINT('',(0.004749999998939,-0.002656486313103,0.000111304238328));
#4248=CARTESIAN_POINT('',(0.004749386682459,-0.002667130422324,0.000122985547585));
#4249=CARTESIAN_POINT('',(0.004748083067934,-0.002676893851736,0.000134947673865));
#4250=CARTESIAN_POINT('',(0.004746032179385,-0.002685796708886,0.000147099104645));
#4251=CARTESIAN_POINT('',(0.004743189966704,-0.002693866630508,0.000159353669059));
#4252=CARTESIAN_POINT('',(0.00473149700177,-0.002717025307835,0.000198452282811));
#4253=CARTESIAN_POINT('',(0.004719510399735,-0.002729114991796,0.000225402379516));
#4254=CARTESIAN_POINT('',(0.004703201704719,-0.002737662601363,0.00025146687922));
#4255=CARTESIAN_POINT('',(0.004682531179036,-0.002743140403214,0.00027560790569));
#4256=CARTESIAN_POINT('',(0.004657743087116,-0.002746357559403,0.00029676482346));
#4257=CARTESIAN_POINT('',(0.004610651317629,-0.002749308904246,0.00032524419775));
#4258=CARTESIAN_POINT('',(0.004590323458886,-0.002749858187738,0.000334852773795));
#4259=CARTESIAN_POINT('',(0.004568692772786,-0.002750000400208,0.000342338885375));
#4260=CARTESIAN_POINT('',(0.004546152592312,-0.002749999891354,0.000347434857405));
#4261=CARTESIAN_POINT('',(0.004523116799612,-0.00275,0.00035));
#4262=CARTESIAN_POINT('',(0.0045,-0.00275,0.00035));
#4263=CARTESIAN_POINT('',(0.00475,-0.00264494897427821,0.000100000000000002));
#4264=CARTESIAN_POINT('',(0.00475,-0.0024,0.00035));
#4265=CARTESIAN_POINT('',(0.00475,-0.0024,1.07759879120302E-18));
#4266=CARTESIAN_POINT('',(-1.07E-18,-0.0024,5.3E-19));
#4267=CARTESIAN_POINT('',(0.006,-0.0024,1.48174296906352E-18));
#4268=CARTESIAN_POINT('',(0.006,-0.0024,0.00035));
#4269=CARTESIAN_POINT('',(0.007056851087728,-8.6E-19,1.25E-18));
#4270=CARTESIAN_POINT('',(1.07E-18,0.0024,-5.3E-19));
#4271=CARTESIAN_POINT('',(0.00125,0.0024,2.65260651745652E-19));
#4272=CARTESIAN_POINT('',(0.00125,-0.01630040349959,-3.62E-18));
#4273=CARTESIAN_POINT('',(9.9E-19,0.0024,0.00035));
#4274=CARTESIAN_POINT('',(1.14E-18,0.00275,0.00035));
#4275=CARTESIAN_POINT('',(0.00150000092546373,0.00275,0.00035));
#4276=CARTESIAN_POINT('',(0.001499999987731,0.00275,0.00035));
#4277=CARTESIAN_POINT('',(0.00147689165539,0.00275,0.000349999998866));
#4278=CARTESIAN_POINT('',(0.001453864116967,0.002749999891202,0.000347436733978));
#4279=CARTESIAN_POINT('',(0.001431331649056,0.002750000400312,0.000342344416376));
#4280=CARTESIAN_POINT('',(0.001409707820415,0.002749858394804,0.000334863575359));
#4281=CARTESIAN_POINT('',(0.001389385638676,0.002749309888917,0.000325261613884));
#4282=CARTESIAN_POINT('',(0.001342286928023,0.002746361455842,0.000296790443227));
#4283=CARTESIAN_POINT('',(0.001317488854779,0.002743145707913,0.000275631292022));
#4284=CARTESIAN_POINT('',(0.001296810183271,0.002737668813539,0.000251485851278));
#4285=CARTESIAN_POINT('',(0.00128049543904,0.002729120865986,0.000225415489954));
#4286=CARTESIAN_POINT('',(0.001268504957199,0.002717029191956,0.000198458837953));
#4287=CARTESIAN_POINT('',(0.001256810002055,0.002693866566686,0.000159353562402));
#4288=CARTESIAN_POINT('',(0.001253967816406,0.002685796661233,0.000147099046655));
#4289=CARTESIAN_POINT('',(0.001251916946436,0.002676893866017,0.000134947709343));
#4290=CARTESIAN_POINT('',(0.001250613328648,0.002667130505828,0.000122985652029));
#4291=CARTESIAN_POINT('',(0.001250000001061,0.002656486417791,0.0001113043409));
#4292=CARTESIAN_POINT('',(0.00125,0.002644948974278,0.0001));
#4293=CARTESIAN_POINT('',(0.00125,0.00264494897427821,0.000100000000000003));
#4294=CARTESIAN_POINT('',(0.00125,0.0024,0.00035));
#4295=CARTESIAN_POINT('',(1.14E-18,0.00275,0.00035));
#4296=CARTESIAN_POINT('',(1.E-18,0.00275,0.001));
#4297=CARTESIAN_POINT('',(0.006,0.00275,0.001));
#4298=CARTESIAN_POINT('',(0.006,0.00275,0.000175));
#4299=CARTESIAN_POINT('',(0.006,0.00275,0.0006));
#4300=CARTESIAN_POINT('',(0.006,0.00275,0.000175));
#4301=CARTESIAN_POINT('',(0.006,0.00275,0.00035));
#4302=CARTESIAN_POINT('',(1.14E-18,0.00275,0.00035));
#4303=CARTESIAN_POINT('',(0.00450000142846672,0.00275,0.00035));
#4304=CARTESIAN_POINT('',(1.14E-18,0.00275,0.00035));
#4305=CARTESIAN_POINT('',(5.6E-19,0.00175,0.001));
#4306=CARTESIAN_POINT('',(1.1E-19,0.00075,0.001));
#4307=CARTESIAN_POINT('',(0.006,0.00075,0.001));
#4308=CARTESIAN_POINT('',(0.006,0.00175,0.001));
#4309=CARTESIAN_POINT('',(1.1E-19,0.00075,0.001));
#4310=CARTESIAN_POINT('',(1.94E-19,0.00075,0.0007));
#4311=CARTESIAN_POINT('',(0.006,0.00075,0.0007));
#4312=CARTESIAN_POINT('',(0.006,0.00075,0.0005));
#4313=CARTESIAN_POINT('',(-4.9E-19,-0.00075,0.0007));
#4314=CARTESIAN_POINT('',(-1.16E-19,0.00095,0.0007));
#4315=CARTESIAN_POINT('',(0.006,0.00095,0.0007));
#4316=CARTESIAN_POINT('',(0.006,-7.846E-18,0.0007));
#4317=CARTESIAN_POINT('',(2.7E-19,0.00095,0.0007));
#4318=CARTESIAN_POINT('',(2.E-19,0.00095,0.001));
#4319=CARTESIAN_POINT('',(0.006,0.00095,0.001));
#4320=CARTESIAN_POINT('',(0.006,0.00095,0.00035));
#4321=CARTESIAN_POINT('',(5.6E-19,0.00175,0.001));
#4322=CARTESIAN_POINT('',(9.1E-19,0.00255,0.001));
#4323=CARTESIAN_POINT('',(0.006,0.00255,0.001));
#4324=CARTESIAN_POINT('',(0.006,0.00175,0.001));
#4325=CARTESIAN_POINT('',(1.05E-18,0.00255,0.00035));
#4326=CARTESIAN_POINT('',(1.05E-18,0.00255,0.00035));
#4327=CARTESIAN_POINT('',(0.00150000477915049,0.00255,0.00035));
#4328=CARTESIAN_POINT('',(1.05E-18,0.00255,0.00035));
#4329=CARTESIAN_POINT('',(0.00450000416423871,0.00255,0.00035));
#4330=CARTESIAN_POINT('',(1.05E-18,0.00255,0.00035));
#4331=CARTESIAN_POINT('',(0.006,0.00255,0.00035));
#4332=CARTESIAN_POINT('',(0.006,0.00255,0.000175));
#4333=CARTESIAN_POINT('',(0.006,0.00255,0.0006));
#4334=CARTESIAN_POINT('',(0.006,0.00255,0.000175));
#4335=CARTESIAN_POINT('',(9.9E-19,0.0024,0.00035));
#4336=CARTESIAN_POINT('',(1.02E-18,0.0024,0.0002));
#4337=CARTESIAN_POINT('',(0.001270871215252,0.0024,0.0002));
#4338=CARTESIAN_POINT('',(0.001499999987814,0.00255,0.00035));
#4339=CARTESIAN_POINT('',(0.001484755956283,0.00255,0.000349999999257));
#4340=CARTESIAN_POINT('',(0.001469652616225,0.002549999907854,0.00034888452827));
#4341=CARTESIAN_POINT('',(0.001454890340451,0.002550000339674,0.000346692484047));
#4342=CARTESIAN_POINT('',(0.001440676100905,0.002549937081974,0.000343521346337));
#4343=CARTESIAN_POINT('',(0.001427213219116,0.002549704696619,0.000339540622214));
#4344=CARTESIAN_POINT('',(0.001408585012137,0.002549024645712,0.00033277762684));
#4345=CARTESIAN_POINT('',(0.001402673515558,0.002548747411609,0.000330416318885));
#4346=CARTESIAN_POINT('',(0.001396952107894,0.002548406992717,0.000327924851867));
#4347=CARTESIAN_POINT('',(0.001391420648692,0.002547995545876,0.000325318618696));
#4348=CARTESIAN_POINT('',(0.001386077927051,0.00254750604912,0.000322612107418));
#4349=CARTESIAN_POINT('',(0.001376857532167,0.002546480078275,0.000317617317179));
#4350=CARTESIAN_POINT('',(0.001372908707527,0.00254597546596,0.00031536156768));
#4351=CARTESIAN_POINT('',(0.00136907357991,0.002545415397537,0.00031305793229));
#4352=CARTESIAN_POINT('',(0.001365350369462,0.002544797086844,0.000310712314417));
#4353=CARTESIAN_POINT('',(0.001361737124263,0.002544118028739,0.000308330241299));
#4354=CARTESIAN_POINT('',(0.001346902160537,0.002540977739384,0.000298116763658));
#4355=CARTESIAN_POINT('',(0.001336680464965,0.002537917517137,0.000289976352631));
#4356=CARTESIAN_POINT('',(0.001327525934188,0.002534120564171,0.000281686162007));
#4357=CARTESIAN_POINT('',(0.00131937005203,0.002529546226548,0.000273401589663));
#4358=CARTESIAN_POINT('',(0.001312133925234,0.002524172673175,0.000265255341018));
#4359=CARTESIAN_POINT('',(0.00129922036539,0.002511657612474,0.000249315096338));
#4360=CARTESIAN_POINT('',(0.001293581942836,0.002504483366797,0.000241535781361));
#4361=CARTESIAN_POINT('',(0.001288777249722,0.002496465718282,0.000234194923537));
#4362=CARTESIAN_POINT('',(0.001284736108922,0.002487644898749,0.000227443188379));
#4363=CARTESIAN_POINT('',(0.001281385557409,0.002478086383407,0.000221416594454));
#4364=CARTESIAN_POINT('',(0.001275953277753,0.002457699548305,0.000211072316422));
#4365=CARTESIAN_POINT('',(0.00127386687278,0.002446875154497,0.000206747373628));
#4366=CARTESIAN_POINT('',(0.0012723551128,0.002435527405511,0.000203402288835));
#4367=CARTESIAN_POINT('',(0.001271367391689,0.002423815747,0.00020113565808));
#4368=CARTESIAN_POINT('',(0.001270871215252,0.002411915145962,0.0002));
#4369=CARTESIAN_POINT('',(0.001270871215252,0.0024,0.0002));
#4370=CARTESIAN_POINT('',(0.007056851087728,-7.9E-19,0.0002));
#4371=CARTESIAN_POINT('',(0.001270871215252,-0.01630040349959,0.0002));
#4372=CARTESIAN_POINT('',(0.006,-0.001380555555556,0.00035));
#4373=CARTESIAN_POINT('',(0.006670319634703,-0.002148630136986,0.00035));
#4374=CARTESIAN_POINT('',(0.00667031963470288,-0.00214863013698619,0.0002));
#4375=CARTESIAN_POINT('',(0.006,-0.001380555555556,0.0002));
#4376=CARTESIAN_POINT('',(0.0015,-0.01630040349959,0.0001));
#4377=CARTESIAN_POINT('',(0.00125,-0.01630040349959,0.0001));
#4378=CARTESIAN_POINT('',(0.00175,0.002644948974278,0.0001));
#4379=CARTESIAN_POINT('',(0.001749999998939,0.002656486313103,0.000111304238328));
#4380=CARTESIAN_POINT('',(0.001749386682459,0.002667130422324,0.000122985547585));
#4381=CARTESIAN_POINT('',(0.001748083067934,0.002676893851736,0.000134947673865));
#4382=CARTESIAN_POINT('',(0.001746032179385,0.002685796708886,0.000147099104645));
#4383=CARTESIAN_POINT('',(0.001743189966704,0.002693866630508,0.000159353669059));
#4384=CARTESIAN_POINT('',(0.00173149700177,0.002717025307835,0.000198452282811));
#4385=CARTESIAN_POINT('',(0.001719510399735,0.002729114991796,0.000225402379516));
#4386=CARTESIAN_POINT('',(0.001703201704719,0.002737662601363,0.00025146687922));
#4387=CARTESIAN_POINT('',(0.001682531179036,0.002743140403214,0.00027560790569));
#4388=CARTESIAN_POINT('',(0.001657743087116,0.002746357559403,0.00029676482346));
#4389=CARTESIAN_POINT('',(0.001610651315979,0.00274930890435,0.000325244198748));
#4390=CARTESIAN_POINT('',(0.001590323455289,0.002749858187835,0.000334852775498));
#4391=CARTESIAN_POINT('',(0.001568692767031,0.002750000400246,0.000342338887368));
#4392=CARTESIAN_POINT('',(0.001546152584309,0.002749999891354,0.000347434859214));
#4393=CARTESIAN_POINT('',(0.001523116789398,0.00275,0.000350000001135));
#4394=CARTESIAN_POINT('',(0.001499999987731,0.00275,0.00035));
#4395=CARTESIAN_POINT('',(0.00175,0.00264494897427816,0.000100000000000004));
#4396=CARTESIAN_POINT('',(0.00175,-0.01630040349959,0.0001));
#4397=CARTESIAN_POINT('',(0.001729128784748,0.0024,0.0002));
#4398=CARTESIAN_POINT('',(0.001729128784748,0.002411705311241,0.0002));
#4399=CARTESIAN_POINT('',(0.00172864996094,0.002423397383741,0.000201096019562));
#4400=CARTESIAN_POINT('',(0.001727696484126,0.002434910370831,0.000203283865366));
#4401=CARTESIAN_POINT('',(0.001726238242375,0.002446077880626,0.000206514541639));
#4402=CARTESIAN_POINT('',(0.00172422806189,0.002456747780438,0.000210695815177));
#4403=CARTESIAN_POINT('',(0.001718921375423,0.00247718677019,0.000220861116729));
#4404=CARTESIAN_POINT('',(0.001715584234326,0.00248691301092,0.000226901337665));
#4405=CARTESIAN_POINT('',(0.001711544403328,0.002495888666222,0.000233692105783));
#4406=CARTESIAN_POINT('',(0.001706726281836,0.002504044481006,0.000241093053733));
#4407=CARTESIAN_POINT('',(0.00170105699304,0.002511337642662,0.000248948279673));
#4408=CARTESIAN_POINT('',(0.001688089552085,0.002524004124117,0.000265002435476));
#4409=CARTESIAN_POINT('',(0.001680843488998,0.002529422484503,0.000273182238591));
#4410=CARTESIAN_POINT('',(0.00167267073262,0.002534033867663,0.000281504173428));
#4411=CARTESIAN_POINT('',(0.001663491242354,0.002537860179386,0.000289833983161));
#4412=CARTESIAN_POINT('',(0.001653235369995,0.002540942416626,0.000298014444444));
#4413=CARTESIAN_POINT('',(0.001638393407358,0.00254409225813,0.000308242660621));
#4414=CARTESIAN_POINT('',(0.001634819502817,0.002544766538783,0.000310602167762));
#4415=CARTESIAN_POINT('',(0.001631137862134,0.002545381209162,0.0003129260851));
#4416=CARTESIAN_POINT('',(0.001627346600223,0.002545938691564,0.000315209047946));
#4417=CARTESIAN_POINT('',(0.001623443978712,0.002546441681324,0.000317445342304));
#4418=CARTESIAN_POINT('',(0.001614150610795,0.00254748652228,0.000322498830673));
#4419=CARTESIAN_POINT('',(0.001608676764602,0.0025479909733,0.000325278203159));
#4420=CARTESIAN_POINT('',(0.001603004380212,0.002548413159783,0.000327952391445));
#4421=CARTESIAN_POINT('',(0.001597132155348,0.002548760649702,0.000330505766679));
#4422=CARTESIAN_POINT('',(0.001591059972609,0.002549041919088,0.000332921702044));
#4423=CARTESIAN_POINT('',(0.001572321137299,0.002549712555825,0.000339677496935));
#4424=CARTESIAN_POINT('',(0.001558931610486,0.002549938860322,0.000343608559527));
#4425=CARTESIAN_POINT('',(0.0015448029616,0.002550000322232,0.000346738110883));
#4426=CARTESIAN_POINT('',(0.001530136285433,0.00254999991303,0.000348900285526));
#4427=CARTESIAN_POINT('',(0.001515135997115,0.00255,0.000350000000738));
#4428=CARTESIAN_POINT('',(0.001499999987814,0.00255,0.00035));
#4429=CARTESIAN_POINT('',(0.001729128784748,0.0024,0.0002));
#4430=CARTESIAN_POINT('',(0.001729128784748,-0.01630040349959,0.0002));
#4431=CARTESIAN_POINT('',(0.0045,-0.01630040349959,0.0001));
#4432=CARTESIAN_POINT('',(0.00425,-0.01630040349959,0.0001));
#4433=CARTESIAN_POINT('',(0.00425,0.00264494897427821,0.000100000000000003));
#4434=CARTESIAN_POINT('',(0.004499999995309,0.00275,0.00035));
#4435=CARTESIAN_POINT('',(0.004476891663042,0.00275,0.000349999999566));
#4436=CARTESIAN_POINT('',(0.004453864124577,0.002749999891202,0.000347436735393));
#4437=CARTESIAN_POINT('',(0.004431331656516,0.002750000400336,0.000342344418491));
#4438=CARTESIAN_POINT('',(0.004409707827629,0.002749858394897,0.000334863578137));
#4439=CARTESIAN_POINT('',(0.004389385645565,0.002749309889139,0.000325261617271));
#4440=CARTESIAN_POINT('',(0.004342286934052,0.002746361456538,0.00029679044805));
#4441=CARTESIAN_POINT('',(0.004317488860186,0.002743145709041,0.000275631297631));
#4442=CARTESIAN_POINT('',(0.004296810187937,0.002737668815264,0.000251485857537));
#4443=CARTESIAN_POINT('',(0.004280495442894,0.00272912086845,0.000225415496709));
#4444=CARTESIAN_POINT('',(0.004268504960206,0.002717029195283,0.000198458845046));
#4445=CARTESIAN_POINT('',(0.004256810003457,0.002693866570665,0.000159353568444));
#4446=CARTESIAN_POINT('',(0.004253967817215,0.002685796664745,0.000147099051448));
#4447=CARTESIAN_POINT('',(0.004251916946822,0.002676893868905,0.000134947712882));
#4448=CARTESIAN_POINT('',(0.004250613328769,0.002667130507927,0.000122985654332));
#4449=CARTESIAN_POINT('',(0.004250000001061,0.002656486418928,0.000111304342014));
#4450=CARTESIAN_POINT('',(0.00425,0.002644948974278,0.0001));
#4451=CARTESIAN_POINT('',(0.00475,0.002644948974278,0.0001));
#4452=CARTESIAN_POINT('',(0.004749999998939,0.002656486313103,0.000111304238328));
#4453=CARTESIAN_POINT('',(0.004749386682459,0.002667130422324,0.000122985547585));
#4454=CARTESIAN_POINT('',(0.004748083067934,0.002676893851736,0.000134947673865));
#4455=CARTESIAN_POINT('',(0.004746032179385,0.002685796708886,0.000147099104645));
#4456=CARTESIAN_POINT('',(0.004743189966704,0.002693866630508,0.000159353669059));
#4457=CARTESIAN_POINT('',(0.00473149700177,0.002717025307835,0.000198452282811));
#4458=CARTESIAN_POINT('',(0.004719510399735,0.002729114991796,0.000225402379516));
#4459=CARTESIAN_POINT('',(0.004703201704719,0.002737662601363,0.00025146687922));
#4460=CARTESIAN_POINT('',(0.004682531179036,0.002743140403214,0.00027560790569));
#4461=CARTESIAN_POINT('',(0.004657743087116,0.002746357559403,0.00029676482346));
#4462=CARTESIAN_POINT('',(0.004610651316998,0.002749308904286,0.000325244198132));
#4463=CARTESIAN_POINT('',(0.004590323457511,0.002749858187775,0.000334852774446));
#4464=CARTESIAN_POINT('',(0.004568692770586,0.002750000400223,0.000342338886137));
#4465=CARTESIAN_POINT('',(0.004546152589252,0.002749999891354,0.000347434858097));
#4466=CARTESIAN_POINT('',(0.004523116795707,0.00275,0.000350000000434));
#4467=CARTESIAN_POINT('',(0.004499999995309,0.00275,0.00035));
#4468=CARTESIAN_POINT('',(0.00475,0.00264494897427821,0.000100000000000003));
#4469=CARTESIAN_POINT('',(0.00475,-0.01630040349959,0.0001));
#4470=CARTESIAN_POINT('',(0.004729128784748,0.0024,0.0002));
#4471=CARTESIAN_POINT('',(0.004729128784748,0.002411705311241,0.0002));
#4472=CARTESIAN_POINT('',(0.00472864996094,0.002423397383741,0.000201096019562));
#4473=CARTESIAN_POINT('',(0.004727696484126,0.002434910370832,0.000203283865366));
#4474=CARTESIAN_POINT('',(0.004726238242375,0.002446077880627,0.000206514541639));
#4475=CARTESIAN_POINT('',(0.00472422806189,0.002456747780439,0.000210695815177));
#4476=CARTESIAN_POINT('',(0.004718921375423,0.002477186770191,0.00022086111673));
#4477=CARTESIAN_POINT('',(0.004715584234326,0.002486913010921,0.000226901337665));
#4478=CARTESIAN_POINT('',(0.004711544403328,0.002495888666223,0.000233692105784));
#4479=CARTESIAN_POINT('',(0.004706726281835,0.002504044481007,0.000241093053733));
#4480=CARTESIAN_POINT('',(0.00470105699304,0.002511337642663,0.000248948279674));
#4481=CARTESIAN_POINT('',(0.004688089552084,0.002524004124117,0.000265002435477));
#4482=CARTESIAN_POINT('',(0.004680843488997,0.002529422484503,0.000273182238592));
#4483=CARTESIAN_POINT('',(0.00467267073262,0.002534033867664,0.000281504173429));
#4484=CARTESIAN_POINT('',(0.004663491242353,0.002537860179386,0.000289833983161));
#4485=CARTESIAN_POINT('',(0.004653235369995,0.002540942416626,0.000298014444444));
#4486=CARTESIAN_POINT('',(0.004638393407358,0.00254409225813,0.000308242660621));
#4487=CARTESIAN_POINT('',(0.004634819502817,0.002544766538783,0.000310602167762));
#4488=CARTESIAN_POINT('',(0.004631137862134,0.002545381209162,0.0003129260851));
#4489=CARTESIAN_POINT('',(0.004627346600223,0.002545938691564,0.000315209047946));
#4490=CARTESIAN_POINT('',(0.004623443978712,0.002546441681324,0.000317445342304));
#4491=CARTESIAN_POINT('',(0.004614150610791,0.00254748652228,0.000322498830675));
#4492=CARTESIAN_POINT('',(0.004608676764603,0.0025479909733,0.000325278203159));
#4493=CARTESIAN_POINT('',(0.004603004380216,0.002548413159783,0.000327952391443));
#4494=CARTESIAN_POINT('',(0.004597132155348,0.002548760649702,0.000330505766679));
#4495=CARTESIAN_POINT('',(0.004591059972605,0.002549041919088,0.000332921702046));
#4496=CARTESIAN_POINT('',(0.004572321138337,0.002549712555788,0.00033967749656));
#4497=CARTESIAN_POINT('',(0.004558931612839,0.00254993886028,0.000343608558828));
#4498=CARTESIAN_POINT('',(0.004544802965372,0.002550000322217,0.000346738110048));
#4499=CARTESIAN_POINT('',(0.004530136290613,0.00254999991303,0.00034890028477));
#4500=CARTESIAN_POINT('',(0.004515136003671,0.00255,0.000350000000257));
#4501=CARTESIAN_POINT('',(0.004499999995753,0.00255,0.00035));
#4502=CARTESIAN_POINT('',(0.004729128784748,0.0024,0.0002));
#4503=CARTESIAN_POINT('',(0.004499999995753,0.00255,0.00035));
#4504=CARTESIAN_POINT('',(0.004484755964409,0.00255,0.000349999999741));
#4505=CARTESIAN_POINT('',(0.0044696526244,0.002549999907854,0.000348884529261));
#4506=CARTESIAN_POINT('',(0.004454890348558,0.00255000033969,0.000346692485533));
#4507=CARTESIAN_POINT('',(0.004440676108855,0.002549937082041,0.000343521348282));
#4508=CARTESIAN_POINT('',(0.004427213226848,0.002549704696773,0.00033954062457));
#4509=CARTESIAN_POINT('',(0.004408585019554,0.002549024646045,0.000332777629752));
#4510=CARTESIAN_POINT('',(0.004402673522918,0.002548747412013,0.000330416321995));
#4511=CARTESIAN_POINT('',(0.004396952115183,0.002548406993201,0.000327924855162));
#4512=CARTESIAN_POINT('',(0.004391420655886,0.002547995546448,0.000325318622163));
#4513=CARTESIAN_POINT('',(0.004386077934138,0.00254750604979,0.000322612111045));
#4514=CARTESIAN_POINT('',(0.004376857539103,0.002546480079141,0.000317617321104));
#4515=CARTESIAN_POINT('',(0.004372908714396,0.002545975466918,0.000315361571733));
#4516=CARTESIAN_POINT('',(0.004369073586708,0.002545415398594,0.000313057936467));
#4517=CARTESIAN_POINT('',(0.004365350376185,0.002544797088006,0.000310712318713));
#4518=CARTESIAN_POINT('',(0.004361737130908,0.002544118030012,0.000308330245709));
#4519=CARTESIAN_POINT('',(0.00434690216894,0.002540977741595,0.000298116769975));
#4520=CARTESIAN_POINT('',(0.004336680468384,0.002537917518223,0.000289976355586));
#4521=CARTESIAN_POINT('',(0.004327525939526,0.002534120567207,0.000281686167477));
#4522=CARTESIAN_POINT('',(0.004319370059961,0.002529546231161,0.000273401597647));
#4523=CARTESIAN_POINT('',(0.004312133929302,0.002524172676095,0.00026525534555));
#4524=CARTESIAN_POINT('',(0.004299220369474,0.002511657617477,0.00024931510188));
#4525=CARTESIAN_POINT('',(0.004293581946296,0.002504483372128,0.000241535786481));
#4526=CARTESIAN_POINT('',(0.004288777252628,0.00249646572389,0.000234194928188));
#4527=CARTESIAN_POINT('',(0.00428473611134,0.002487644904576,0.000227443192524));
#4528=CARTESIAN_POINT('',(0.004281385559399,0.002478086389384,0.000221416598068));
#4529=CARTESIAN_POINT('',(0.004275953278786,0.002457699553668,0.000211072318565));
#4530=CARTESIAN_POINT('',(0.004273866873379,0.002446875158994,0.000206747374954));
#4531=CARTESIAN_POINT('',(0.004272355113094,0.002435527408992,0.00020340228951));
#4532=CARTESIAN_POINT('',(0.004271367391787,0.002423815749361,0.000201135658306));
#4533=CARTESIAN_POINT('',(0.004270871215252,0.002411915147145,0.0002));
#4534=CARTESIAN_POINT('',(0.004270871215252,0.0024,0.0002));
#4535=CARTESIAN_POINT('',(0.004270871215252,0.0024,0.0002));
#4536=CARTESIAN_POINT('',(0.004270871215252,-0.01630040349959,0.0002));
#4537=CARTESIAN_POINT('',(0.004729128784748,-0.01630040349959,0.0002));
#4538=CARTESIAN_POINT('',(0.007056851087728,-7.9E-19,0.0002));
#4539=CARTESIAN_POINT('',(1.02E-18,0.0024,0.0002));
#4540=CARTESIAN_POINT('',(0.007056851087728,-7.9E-19,0.0002));
#4541=CARTESIAN_POINT('',(1.02E-18,0.0024,0.0002));
#4542=CARTESIAN_POINT('',(0.006,0.0024,0.0002));
#4543=CARTESIAN_POINT('',(0.006670319634703,-0.002148630136986,0.0002));
#4544=CARTESIAN_POINT('',(0.00769999999999987,-0.00124999999999993,0.0002));
#4545=CARTESIAN_POINT('',(0.0085,-0.002166666666667,0.0002));
#4546=CARTESIAN_POINT('',(0.0085,-0.00095,0.0002));
#4547=CARTESIAN_POINT('',(0.0085,-0.00095,0.0002));
#4548=CARTESIAN_POINT('',(0.01199999639882,-0.000949996865118675,0.0002));
#4549=CARTESIAN_POINT('',(0.0119998753557512,-0.00169999371987989,0.0002));
#4550=CARTESIAN_POINT('',(0.0123000019736761,-0.00101266295911574,0.000200000000000853));
#4551=CARTESIAN_POINT('',(0.0123,-0.001012662734496,0.0002));
#4552=CARTESIAN_POINT('',(0.0126997867986316,-0.00118729208052161,0.0002));
#4553=CARTESIAN_POINT('',(0.0129998844515212,-0.000500533572449186,0.0002));
#4554=CARTESIAN_POINT('',(0.012999996664948,-0.00124999754948575,0.0002));
#4555=CARTESIAN_POINT('',(0.013,-0.00125,0.0002));
#4556=CARTESIAN_POINT('',(0.015,-0.00125,0.0002));
#4557=CARTESIAN_POINT('',(0.015,0.00125,0.0002));
#4558=CARTESIAN_POINT('',(0.015,0.00125,0.0002));
#4559=CARTESIAN_POINT('',(0.013,0.00125,0.0002));
#4560=CARTESIAN_POINT('',(0.0129999864556662,0.00124999642401327,0.000200000000009181));
#4561=CARTESIAN_POINT('',(0.0129998844515212,0.000500533572449186,0.0002));
#4562=CARTESIAN_POINT('',(0.0126997868065096,0.00118729208396405,0.0002));
#4563=CARTESIAN_POINT('',(0.0123,0.001012662734496,0.0002));
#4564=CARTESIAN_POINT('',(0.0123000019953735,0.00101266296859149,0.000200000000000854));
#4565=CARTESIAN_POINT('',(0.0119998753557549,0.00169999371987872,0.0002));
#4566=CARTESIAN_POINT('',(0.0119999963988201,0.000949996865118089,0.0002));
#4567=CARTESIAN_POINT('',(0.0085,0.00095,0.0002));
#4568=CARTESIAN_POINT('',(0.0085,0.00095,0.0002));
#4569=CARTESIAN_POINT('',(0.0085,0.002166666666667,0.0002));
#4570=CARTESIAN_POINT('',(0.00769999999999987,0.00124999999999993,0.0002));
#4571=CARTESIAN_POINT('',(0.006670319634703,0.002148630136986,0.0002));
#4572=CARTESIAN_POINT('',(0.00667031963470288,0.00214863013698619,0.0002));
#4573=CARTESIAN_POINT('',(0.006,0.001380555555556,0.0002));
#4574=CARTESIAN_POINT('',(0.006,-0.001380555555556,0.00035));
#4575=CARTESIAN_POINT('',(0.006,-0.001380555555556,0.));
#4576=CARTESIAN_POINT('',(0.00667031963470288,-0.00214863013698619,1.35525271560688E-20));
#4577=CARTESIAN_POINT('',(0.006670319634703,-0.002148630136986,0.00035));
#4578=CARTESIAN_POINT('',(0.0077,-0.00125,0.00035));
#4579=CARTESIAN_POINT('',(0.006670319634703,-0.002148630136986,0.));
#4580=CARTESIAN_POINT('',(0.00769999999999987,-0.00124999999999993,1.35525271560688E-20));
#4581=CARTESIAN_POINT('',(0.0077,-0.00125,0.00035));
#4582=CARTESIAN_POINT('',(0.0085,-0.002166666666667,0.00035));
#4583=CARTESIAN_POINT('',(0.0085,-0.002166666666667,0.));
#4584=CARTESIAN_POINT('',(0.0085,-0.00095,1.40946282423116E-18));
#4585=CARTESIAN_POINT('',(0.0085,-0.00095,0.00035));
#4586=CARTESIAN_POINT('',(0.0085,-0.0013,0.00068));
#4587=CARTESIAN_POINT('',(0.0085,-0.0013,0.00035));
#4588=CARTESIAN_POINT('',(0.0119999971661388,-0.0013,0.00035));
#4589=CARTESIAN_POINT('',(0.012,-0.0013,0.00068));
#4590=CARTESIAN_POINT('',(0.012,-0.0013,0.0006));
#4591=CARTESIAN_POINT('',(0.012,-0.0013,0.00068));
#4592=CARTESIAN_POINT('',(0.012,-0.0013,0.00068));
#4593=CARTESIAN_POINT('',(0.0085,-0.0013,0.00068));
#4594=CARTESIAN_POINT('',(0.0085,-0.00065,0.00068));
#4595=CARTESIAN_POINT('',(0.012,-0.00065,0.00068));
#4596=CARTESIAN_POINT('',(0.012,-1.3010426069826E-18,0.00068));
#4597=CARTESIAN_POINT('',(0.0085,-1.79E-18,0.00068));
#4598=CARTESIAN_POINT('',(0.0085,0.00065,0.00068));
#4599=CARTESIAN_POINT('',(0.012,0.00065,0.00068));
#4600=CARTESIAN_POINT('',(0.012,0.0013,0.00068));
#4601=CARTESIAN_POINT('',(0.0085,0.0013,0.00068));
#4602=CARTESIAN_POINT('',(0.0085,0.0013,0.00035));
#4603=CARTESIAN_POINT('',(0.0085,0.0013,0.00035));
#4604=CARTESIAN_POINT('',(0.0085,0.0013,0.00035));
#4605=CARTESIAN_POINT('',(0.012,0.0013,0.00035));
#4606=CARTESIAN_POINT('',(0.012,0.0013,0.0006));
#4607=CARTESIAN_POINT('',(0.012,0.0013,0.00035));
#4608=CARTESIAN_POINT('',(0.0119999971881904,0.0013,0.00035));
#4609=CARTESIAN_POINT('',(0.0085,0.0013,0.00035));
#4610=CARTESIAN_POINT('',(0.007259746385584,-0.001945038584713,0.0006));
#4611=CARTESIAN_POINT('',(0.006,0.001380555555556,0.0006));
#4612=CARTESIAN_POINT('',(0.00676894977168906,0.00226164383561629,0.0006));
#4613=CARTESIAN_POINT('',(0.00913155088760224,0.000199737407183321,0.0006));
#4614=CARTESIAN_POINT('',(0.00779863013698605,0.00136301369863005,0.0006));
#4615=CARTESIAN_POINT('',(0.0085,0.002166666666667,0.0006));
#4616=CARTESIAN_POINT('',(0.0085,0.002166666666667,0.0006));
#4617=CARTESIAN_POINT('',(0.00793013698630109,0.00151369863013699,0.0006));
#4618=CARTESIAN_POINT('',(0.007930136986301,0.001513698630137,0.0006));
#4619=CARTESIAN_POINT('',(0.00690045662100434,0.00241232876712319,0.0006));
#4620=CARTESIAN_POINT('',(0.006,0.001380555555556,0.0006));
#4621=CARTESIAN_POINT('',(0.006,-0.001945038584713,0.0006));
#4622=CARTESIAN_POINT('',(0.0085,0.0011,0.00035));
#4623=CARTESIAN_POINT('',(0.0085,0.0011,0.00035));
#4624=CARTESIAN_POINT('',(0.0085,0.0011,0.00035));
#4625=CARTESIAN_POINT('',(0.0119999376778774,0.0011,0.00035));
#4626=CARTESIAN_POINT('',(0.012,0.0011,0.00035));
#4627=CARTESIAN_POINT('',(0.012,0.0011,0.0006));
#4628=CARTESIAN_POINT('',(0.012,0.0011,0.00035));
#4629=CARTESIAN_POINT('',(0.012,0.0011,0.00068));
#4630=CARTESIAN_POINT('',(0.0085,0.0011,0.00068));
#4631=CARTESIAN_POINT('',(0.0085,0.0011,0.00035));
#4632=CARTESIAN_POINT('',(0.0085,0.00065,0.00068));
#4633=CARTESIAN_POINT('',(0.012,0.00065,0.00068));
#4634=CARTESIAN_POINT('',(0.012,0.0002,0.00068));
#4635=CARTESIAN_POINT('',(0.0085,0.0002,0.00068));
#4636=CARTESIAN_POINT('',(0.0085,0.0002,0.00036));
#4637=CARTESIAN_POINT('',(0.012,0.0002,0.00036));
#4638=CARTESIAN_POINT('',(0.012,0.0002,0.00036));
#4639=CARTESIAN_POINT('',(0.0085,0.0002,0.00036));
#4640=CARTESIAN_POINT('',(0.0085,0.0002,0.00036));
#4641=CARTESIAN_POINT('',(0.012,0.0002,0.00036));
#4642=CARTESIAN_POINT('',(0.012,-0.0002,0.00036));
#4643=CARTESIAN_POINT('',(0.0085,-0.0002,0.00036));
#4644=CARTESIAN_POINT('',(0.0085,-0.0002,0.00036));
#4645=CARTESIAN_POINT('',(0.012,-0.0002,0.00036));
#4646=CARTESIAN_POINT('',(0.012,-0.0002,0.00068));
#4647=CARTESIAN_POINT('',(0.0085,-0.0002,0.00068));
#4648=CARTESIAN_POINT('',(0.0085,-0.00065,0.00068));
#4649=CARTESIAN_POINT('',(0.012,-0.00065,0.00068));
#4650=CARTESIAN_POINT('',(0.012,-0.0011,0.00068));
#4651=CARTESIAN_POINT('',(0.0085,-0.0011,0.00068));
#4652=CARTESIAN_POINT('',(0.0085,-0.0011,0.00035));
#4653=CARTESIAN_POINT('',(0.012,-0.0011,0.00035));
#4654=CARTESIAN_POINT('',(0.012,-0.0011,0.0006));
#4655=CARTESIAN_POINT('',(0.012,-0.0011,0.00035));
#4656=CARTESIAN_POINT('',(0.0119999376778757,-0.0011000000008099,0.00035));
#4657=CARTESIAN_POINT('',(0.0085,-0.0011,0.00035));
#4658=CARTESIAN_POINT('',(0.0085,-0.002166666666667,0.00035));
#4659=CARTESIAN_POINT('',(0.0077,-0.00125,0.00035));
#4660=CARTESIAN_POINT('',(0.0085,-0.00095,0.00035));
#4661=CARTESIAN_POINT('',(0.0077,-0.00125,0.00035));
#4662=CARTESIAN_POINT('',(0.00125,-0.01630040349959,0.0001));
#4663=CARTESIAN_POINT('',(0.00425,-0.01630040349959,0.0001));
#4664=CARTESIAN_POINT('',(0.00425,-0.01630040349959,-3.62E-18));
#4665=CARTESIAN_POINT('',(0.00425,0.0024,3.846962566366E-19));
#4666=CARTESIAN_POINT('',(0.00425,0.0024,0.00035));
#4667=CARTESIAN_POINT('',(0.007056851087728,-8.6E-19,1.25E-18));
#4668=CARTESIAN_POINT('',(0.00175,-0.01630040349959,-3.62E-18));
#4669=CARTESIAN_POINT('',(0.00175,0.0024,3.11927318412318E-19));
#4670=CARTESIAN_POINT('',(1.07E-18,0.0024,-5.3E-19));
#4671=CARTESIAN_POINT('',(0.00175,-0.01630040349959,-3.62E-18));
#4672=CARTESIAN_POINT('',(0.00175,0.0024,0.00035));
#4673=CARTESIAN_POINT('',(0.007056851087728,-8.6E-19,1.25E-18));
#4674=CARTESIAN_POINT('',(0.00475,-0.01630040349959,-3.62E-18));
#4675=CARTESIAN_POINT('',(0.00475,0.0024,4.13292887095175E-19));
#4676=CARTESIAN_POINT('',(1.07E-18,0.0024,-5.3E-19));
#4677=CARTESIAN_POINT('',(0.006,0.0024,3.83333333333334E-19));
#4678=CARTESIAN_POINT('',(0.006,0.001380555555556,0.));
#4679=CARTESIAN_POINT('',(0.00667031963470288,0.00214863013698619,1.35525271560688E-20));
#4680=CARTESIAN_POINT('',(0.006670319634703,0.002148630136986,0.));
#4681=CARTESIAN_POINT('',(0.00769999999999987,0.00124999999999993,1.35525271560688E-20));
#4682=CARTESIAN_POINT('',(0.0085,0.002166666666667,0.));
#4683=CARTESIAN_POINT('',(0.0085,0.00095,1.12034224490169E-18));
#4684=CARTESIAN_POINT('',(0.0085,0.00095,1.68E-18));
#4685=CARTESIAN_POINT('',(0.0119999873772214,0.000950000003493675,1.08657184654894E-18));
#4686=CARTESIAN_POINT('',(0.0119998875275842,0.0017,1.84314369322536E-18));
#4687=CARTESIAN_POINT('',(0.0123000119597974,0.00101266796238258,1.07278374509756E-18));
#4688=CARTESIAN_POINT('',(0.0123,0.001012662734496,0.));
#4689=CARTESIAN_POINT('',(0.0126997859741857,0.00118729325594342,6.58216178299658E-19));
#4690=CARTESIAN_POINT('',(0.0129998693505396,0.000500531580946663,2.27682456221956E-18));
#4691=CARTESIAN_POINT('',(0.0129999847613262,0.00124999501198725,7.718454002195E-15));
#4692=CARTESIAN_POINT('',(0.013,0.00125,2.61E-18));
#4693=CARTESIAN_POINT('',(0.015,0.00125,2.37192996379191E-18));
#4694=CARTESIAN_POINT('',(0.015,-0.00125,4.E-18));
#4695=CARTESIAN_POINT('',(0.015,-0.00125,2.55526329712524E-18));
#4696=CARTESIAN_POINT('',(0.013,-0.00125,3.16E-18));
#4697=CARTESIAN_POINT('',(0.0129999847613262,-0.00124999501198724,7.71873385558154E-15));
#4698=CARTESIAN_POINT('',(0.0129998693505403,-0.000500531580946641,2.49366499671666E-18));
#4699=CARTESIAN_POINT('',(0.0126997859741858,-0.00118729325594333,8.3122166557222E-19));
#4700=CARTESIAN_POINT('',(0.0123,-0.001012662734496,0.));
#4701=CARTESIAN_POINT('',(0.0123000116644364,-0.00101266783343042,1.27393755174059E-18));
#4702=CARTESIAN_POINT('',(0.0119998875275842,-0.0017,2.49366499671666E-18));
#4703=CARTESIAN_POINT('',(0.0119999873772214,-0.00095000000349679,1.27393755408036E-18));
#4704=CARTESIAN_POINT('',(0.0085,-0.00095,2.1E-18));
#4705=CARTESIAN_POINT('',(0.00475,-0.01630040349959,-3.62E-18));
#4706=CARTESIAN_POINT('',(0.00475,0.0024,0.00035));
#4707=CARTESIAN_POINT('',(0.006,0.001380555555556,0.0006));
#4708=CARTESIAN_POINT('',(0.006900456621005,0.002412328767123,0.0006));
#4709=CARTESIAN_POINT('',(0.00690045662100464,0.00241232876712297,0.00035));
#4710=CARTESIAN_POINT('',(0.006,0.001380555555556,0.00035));
#4711=CARTESIAN_POINT('',(0.006,-8.E-18,0.));
#4712=CARTESIAN_POINT('',(9.9E-19,0.0024,0.00035));
#4713=CARTESIAN_POINT('',(9.9E-19,0.0024,0.00035));
#4714=CARTESIAN_POINT('',(0.006,0.0024,0.00035));
#4715=CARTESIAN_POINT('',(0.006,0.001380555555556,0.00035));
#4716=CARTESIAN_POINT('',(0.006,0.001380555555556,0.00035));
#4717=CARTESIAN_POINT('',(0.0067689497716892,0.00226164383561618,0.00035));
#4718=CARTESIAN_POINT('',(0.006768949771689,0.002261643835616,0.00035));
#4719=CARTESIAN_POINT('',(9.9E-19,0.0024,0.00035));
#4720=CARTESIAN_POINT('',(9.9E-19,0.0024,0.00035));
#4721=CARTESIAN_POINT('',(0.006,0.0024,0.00035));
#4722=CARTESIAN_POINT('',(0.006,0.001380555555556,0.00035));
#4723=CARTESIAN_POINT('',(0.006670319634703,0.002148630136986,0.00035));
#4724=CARTESIAN_POINT('',(0.0077,0.00125,0.00035));
#4725=CARTESIAN_POINT('',(0.0077,0.00125,0.00035));
#4726=CARTESIAN_POINT('',(0.00779863013698611,0.00136301369863008,0.00035));
#4727=CARTESIAN_POINT('',(0.007798630136986,0.00136301369863,0.00035));
#4728=CARTESIAN_POINT('',(0.0085,0.002166666666667,0.00035));
#4729=CARTESIAN_POINT('',(0.0085,0.00095,0.00035));
#4730=CARTESIAN_POINT('',(0.0085,0.002166666666667,0.00035));
#4731=CARTESIAN_POINT('',(0.0085,0.00095,0.00035));
#4732=CARTESIAN_POINT('',(0.0120000000000008,0.00095,0.00035));
#4733=CARTESIAN_POINT('',(0.0120000000000008,0.001699461534431,0.00035));
#4734=CARTESIAN_POINT('',(0.0123000000000006,0.00101266273449627,0.00035));
#4735=CARTESIAN_POINT('',(0.012240002163278,0.00115014095888798,0.00035));
#4736=CARTESIAN_POINT('',(0.012,0.001699461534431,0.00035));
#4737=CARTESIAN_POINT('',(0.0123,0.001012662734496,0.00035));
#4738=CARTESIAN_POINT('',(0.012699784459025,0.00118729224421386,0.00035));
#4739=CARTESIAN_POINT('',(0.0126397906962324,0.00132477224714085,0.00035));
#4740=CARTESIAN_POINT('',(0.012239956891805,0.001150121183339,0.00035));
#4741=CARTESIAN_POINT('',(0.0130000000000009,0.0005,0.00035));
#4742=CARTESIAN_POINT('',(0.0130000000000009,0.00125,0.00035));
#4743=CARTESIAN_POINT('',(0.0129999422257606,0.00139999999629126,0.00035));
#4744=CARTESIAN_POINT('',(0.013,0.0005,0.00035));
#4745=CARTESIAN_POINT('',(0.013,0.00125,0.00035));
#4746=CARTESIAN_POINT('',(0.015,0.00125,0.00035));
#4747=CARTESIAN_POINT('',(0.015,0.0014,0.00035));
#4748=CARTESIAN_POINT('',(0.013,0.0014,0.00035));
#4749=CARTESIAN_POINT('',(0.015,-2.69E-18,0.001059458538047));
#4750=CARTESIAN_POINT('',(0.015,-0.00081,0.0015));
#4751=CARTESIAN_POINT('',(0.015,-0.0016,0.0015));
#4752=CARTESIAN_POINT('',(0.015,-2.00000000000003E-5,0.0015));
#4753=CARTESIAN_POINT('',(0.015,-0.0016,0.0015));
#4754=CARTESIAN_POINT('',(0.015,-0.0016,0.00035));
#4755=CARTESIAN_POINT('',(0.015,-0.00125,0.00035));
#4756=CARTESIAN_POINT('',(0.015,0.00125,0.00035));
#4757=CARTESIAN_POINT('',(0.015,0.0016,0.00035));
#4758=CARTESIAN_POINT('',(0.015,0.0016,0.00035));
#4759=CARTESIAN_POINT('',(0.015,0.0016,0.0015));
#4760=CARTESIAN_POINT('',(0.015,0.00081,0.0015));
#4761=CARTESIAN_POINT('',(0.015,2.E-5,0.0015));
#4762=CARTESIAN_POINT('',(0.015,2.E-5,0.0015));
#4763=CARTESIAN_POINT('',(0.015,2.E-5,0.0006));
#4764=CARTESIAN_POINT('',(0.015,-2.71297292690235E-18,0.0006));
#4765=CARTESIAN_POINT('',(0.015,0.00022,0.0006));
#4766=CARTESIAN_POINT('',(0.015,0.00022,0.0006));
#4767=CARTESIAN_POINT('',(0.015,0.00022,0.0015));
#4768=CARTESIAN_POINT('',(0.015,0.00081,0.0015));
#4769=CARTESIAN_POINT('',(0.015,0.0014,0.0015));
#4770=CARTESIAN_POINT('',(0.015,0.0014,0.00035));
#4771=CARTESIAN_POINT('',(0.015,-0.00125,0.00035));
#4772=CARTESIAN_POINT('',(0.015,-0.0014,0.00035));
#4773=CARTESIAN_POINT('',(0.015,-0.0014,0.00035));
#4774=CARTESIAN_POINT('',(0.015,-0.0014,0.0015));
#4775=CARTESIAN_POINT('',(0.015,-0.00081,0.0015));
#4776=CARTESIAN_POINT('',(0.015,-0.00022,0.0015));
#4777=CARTESIAN_POINT('',(0.015,-0.00022,0.0006));
#4778=CARTESIAN_POINT('',(0.015,-0.00022,0.0006));
#4779=CARTESIAN_POINT('',(0.015,-0.001945038584713,0.0006));
#4780=CARTESIAN_POINT('',(0.015,-2.E-5,0.0006));
#4781=CARTESIAN_POINT('',(0.015,-2.E-5,0.0015));
#4782=CARTESIAN_POINT('',(0.013,-0.00125,0.00035));
#4783=CARTESIAN_POINT('',(0.0130000000000009,-0.00125,0.00035));
#4784=CARTESIAN_POINT('',(0.0129999422257606,-0.00139999999953641,0.00035));
#4785=CARTESIAN_POINT('',(0.013,-0.0014,0.00035));
#4786=CARTESIAN_POINT('',(0.0130000000000009,-0.0005,0.00035));
#4787=CARTESIAN_POINT('',(0.012699784459025,-0.00118729224421386,0.00035));
#4788=CARTESIAN_POINT('',(0.0126397906973607,-0.00132477224455776,0.00035));
#4789=CARTESIAN_POINT('',(0.013,-0.0005,0.00035));
#4790=CARTESIAN_POINT('',(0.0123,-0.001012662734496,0.00035));
#4791=CARTESIAN_POINT('',(0.0123000000000006,-0.00101266273449627,0.00035));
#4792=CARTESIAN_POINT('',(0.0122400021632767,-0.00115014095888743,0.00035));
#4793=CARTESIAN_POINT('',(0.012239956891805,-0.001150121183339,0.00035));
#4794=CARTESIAN_POINT('',(0.0120000000000008,-0.001699461534431,0.00035));
#4795=CARTESIAN_POINT('',(0.0120000000000008,-0.00095,0.00035));
#4796=CARTESIAN_POINT('',(0.012,-0.001699461534431,0.00035));
#4797=CARTESIAN_POINT('',(0.0085,-0.00095,0.00035));
#4798=CARTESIAN_POINT('',(0.0085,-0.00095,0.00035));
#4799=CARTESIAN_POINT('',(0.0120000000000008,-0.00095,0.00035));
#4800=CARTESIAN_POINT('',(0.012,-2.79E-18,0.000609417083744));
#4801=CARTESIAN_POINT('',(0.012,-0.001945038584713,0.0006));
#4802=CARTESIAN_POINT('',(0.012,-2.7904708541872E-18,0.0006));
#4803=CARTESIAN_POINT('',(0.012,-0.001699461534431,0.0006));
#4804=CARTESIAN_POINT('',(0.0120000000000008,-0.001699461534431,0.00035));
#4805=CARTESIAN_POINT('',(0.0121599509484912,-0.00133342162577412,0.000350000022511595));
#4806=CARTESIAN_POINT('',(0.012159899414211,-0.001333399115129,0.0006));
#4807=CARTESIAN_POINT('',(0.012159899414211,-0.00133339911512911,0.0006));
#4808=CARTESIAN_POINT('',(0.012,-0.001699461534431,0.0006));
#4809=CARTESIAN_POINT('',(0.0085,0.00095,0.00035));
#4810=CARTESIAN_POINT('',(0.0120000000000008,0.00095,0.00035));
#4811=CARTESIAN_POINT('',(0.0085,0.00095,0.00035));
#4812=CARTESIAN_POINT('',(0.0085,0.002166666666667,0.0006));
#4813=CARTESIAN_POINT('',(0.0085,0.002166666666667,0.00035));
#4814=CARTESIAN_POINT('',(0.00793013698630111,0.00151369863013703,0.00035));
#4815=CARTESIAN_POINT('',(0.007930136986301,0.001513698630137,0.0006));
#4816=CARTESIAN_POINT('',(0.012,0.001699461534431,0.0006));
#4817=CARTESIAN_POINT('',(0.012,0.001699461534431,0.0006));
#4818=CARTESIAN_POINT('',(0.012159899414211,0.00133339911512912,0.0006));
#4819=CARTESIAN_POINT('',(0.012159899414211,0.001333399115129,0.0006));
#4820=CARTESIAN_POINT('',(0.0121599509404927,0.00133342162400704,0.00035));
#4821=CARTESIAN_POINT('',(0.0120000000000008,0.001699461534431,0.00035));
#4822=CARTESIAN_POINT('',(0.007798630136986,0.00136301369863,0.00035));
#4823=CARTESIAN_POINT('',(0.007798630136986,0.00136301369863,0.00035));
#4824=CARTESIAN_POINT('',(0.0085,0.002166666666667,0.00035));
#4825=CARTESIAN_POINT('',(0.007930136986301,0.001513698630137,0.0006));
#4826=CARTESIAN_POINT('',(0.007930136986301,0.001513698630137,0.00035));
#4827=CARTESIAN_POINT('',(0.012,0.001699461534431,0.00035));
#4828=CARTESIAN_POINT('',(0.012239956891805,0.001150121183339,0.00035));
#4829=CARTESIAN_POINT('',(0.0122399568918048,0.00115012118333891,0.0006));
#4830=CARTESIAN_POINT('',(0.012,0.001699461534431,0.0006));
#4831=CARTESIAN_POINT('',(0.012,-0.001699461534431,0.00035));
#4832=CARTESIAN_POINT('',(0.012,-0.001699461534431,0.0006));
#4833=CARTESIAN_POINT('',(0.0122399568918048,-0.00115012118333893,0.0006));
#4834=CARTESIAN_POINT('',(0.012239956891805,-0.001150121183339,0.00035));
#4835=CARTESIAN_POINT('',(0.0120000000000008,-0.001699461534431,0.00035));
#4836=CARTESIAN_POINT('',(0.0123000000000006,-0.00101266273449627,0.00035));
#4837=CARTESIAN_POINT('',(0.0123,-0.001012662734496,0.00035));
#4838=CARTESIAN_POINT('',(0.012159899414211,-0.001333399115129,0.00035));
#4839=CARTESIAN_POINT('',(0.0125597265126398,-0.00150804724986038,0.00035));
#4840=CARTESIAN_POINT('',(0.012699784459025,-0.00118729224421386,0.00035));
#4841=CARTESIAN_POINT('',(0.0130000000000009,-0.0005,0.00035));
#4842=CARTESIAN_POINT('',(0.013,-0.0005,0.00035));
#4843=CARTESIAN_POINT('',(0.0129999346752701,-0.00159999999612062,0.00035));
#4844=CARTESIAN_POINT('',(0.0130000000000009,-0.00125,0.00035));
#4845=CARTESIAN_POINT('',(0.013,-0.00125,0.00035));
#4846=CARTESIAN_POINT('',(0.013,-0.0016,0.00035));
#4847=CARTESIAN_POINT('',(0.013,0.00125,0.00035));
#4848=CARTESIAN_POINT('',(0.013,0.0016,0.00035));
#4849=CARTESIAN_POINT('',(0.0129999346752698,0.00159999999951508,0.00035));
#4850=CARTESIAN_POINT('',(0.0130000000000009,0.00125,0.00035));
#4851=CARTESIAN_POINT('',(0.0130000000000009,0.0005,0.00035));
#4852=CARTESIAN_POINT('',(0.012699784459025,0.00118729224421386,0.00035));
#4853=CARTESIAN_POINT('',(0.0125597265133287,0.00150804724828227,0.00035));
#4854=CARTESIAN_POINT('',(0.013,0.0005,0.00035));
#4855=CARTESIAN_POINT('',(0.0123,0.001012662734496,0.00035));
#4856=CARTESIAN_POINT('',(0.0123000000000006,0.00101266273449627,0.00035));
#4857=CARTESIAN_POINT('',(0.012159899414211,0.001333399115129,0.00035));
#4858=CARTESIAN_POINT('',(0.0120000000000008,0.001699461534431,0.00035));
#4859=CARTESIAN_POINT('',(0.0085,0.002166666666667,0.00035));
#4860=CARTESIAN_POINT('',(0.0077,0.00125,0.00035));
#4861=CARTESIAN_POINT('',(0.0077,0.00125,0.00035));
#4862=CARTESIAN_POINT('',(0.006670319634703,0.002148630136986,0.00035));
#4863=CARTESIAN_POINT('',(0.006,0.001380555555556,0.00035));
#4864=CARTESIAN_POINT('',(0.012239956891805,0.001150121183339,0.00035));
#4865=CARTESIAN_POINT('',(0.012639741350829,0.001324750693057,0.00035));
#4866=CARTESIAN_POINT('',(0.012639741350829,0.00132475069305661,0.0006));
#4867=CARTESIAN_POINT('',(0.012239956891805,0.001150121183339,0.0006));
#4868=CARTESIAN_POINT('',(0.013,0.0005,0.00035));
#4869=CARTESIAN_POINT('',(0.013,0.0014,0.00035));
#4870=CARTESIAN_POINT('',(0.013,0.0014,0.0006));
#4871=CARTESIAN_POINT('',(0.013,0.0005,0.0006));
#4872=CARTESIAN_POINT('',(0.013,0.0014,0.00035));
#4873=CARTESIAN_POINT('',(0.013,0.0014,0.0015));
#4874=CARTESIAN_POINT('',(0.013,0.0014,0.0015));
#4875=CARTESIAN_POINT('',(0.013,0.0014,0.00035));
#4876=CARTESIAN_POINT('',(0.013,-0.00081,0.0015));
#4877=CARTESIAN_POINT('',(0.013,-0.0016,0.0015));
#4878=CARTESIAN_POINT('',(0.013,-0.0016,0.0015));
#4879=CARTESIAN_POINT('',(0.013,-2.E-5,0.0015));
#4880=CARTESIAN_POINT('',(0.013,-2.E-5,0.0015));
#4881=CARTESIAN_POINT('',(0.013,-0.00081,0.0015));
#4882=CARTESIAN_POINT('',(0.013,-0.0016,0.0015));
#4883=CARTESIAN_POINT('',(0.013,-0.0016,0.0015));
#4884=CARTESIAN_POINT('',(0.013,-0.0016,0.0006));
#4885=CARTESIAN_POINT('',(0.013,-0.0016,0.0015));
#4886=CARTESIAN_POINT('',(0.013,0.0016,0.00035));
#4887=CARTESIAN_POINT('',(0.013,0.0016,0.00035));
#4888=CARTESIAN_POINT('',(0.013,0.0016,0.0006));
#4889=CARTESIAN_POINT('',(0.013,0.0016,0.00035));
#4890=CARTESIAN_POINT('',(0.013,0.0016,0.0015));
#4891=CARTESIAN_POINT('',(0.013,0.0016,0.0015));
#4892=CARTESIAN_POINT('',(0.013,0.00081,0.0015));
#4893=CARTESIAN_POINT('',(0.013,2.E-5,0.0015));
#4894=CARTESIAN_POINT('',(0.013,2.E-5,0.0015));
#4895=CARTESIAN_POINT('',(0.013,0.00081,0.0015));
#4896=CARTESIAN_POINT('',(0.013,2.E-5,0.0015));
#4897=CARTESIAN_POINT('',(0.013,2.E-5,0.0015));
#4898=CARTESIAN_POINT('',(0.013,2.E-5,0.0006));
#4899=CARTESIAN_POINT('',(0.013,2.E-5,0.0006));
#4900=CARTESIAN_POINT('',(0.007259746385584,-0.001945038584713,0.0006));
#4901=CARTESIAN_POINT('',(0.013,-0.001945038584713,0.0006));
#4902=CARTESIAN_POINT('',(0.013,0.00022,0.0006));
#4903=CARTESIAN_POINT('',(0.007259746385584,0.00022,0.0006));
#4904=CARTESIAN_POINT('',(0.013,0.00022,0.0006));
#4905=CARTESIAN_POINT('',(0.013,0.00022,0.0006));
#4906=CARTESIAN_POINT('',(0.013,0.00022,0.0015));
#4907=CARTESIAN_POINT('',(0.013,0.00022,0.0015));
#4908=CARTESIAN_POINT('',(0.013,0.00081,0.0015));
#4909=CARTESIAN_POINT('',(0.013,0.00081,0.0015));
#4910=CARTESIAN_POINT('',(0.013,-0.0014,0.00035));
#4911=CARTESIAN_POINT('',(0.013,-0.0014,0.00035));
#4912=CARTESIAN_POINT('',(0.013,-0.0014,0.0006));
#4913=CARTESIAN_POINT('',(0.013,-0.0014,0.00035));
#4914=CARTESIAN_POINT('',(0.013,-0.0014,0.0015));
#4915=CARTESIAN_POINT('',(0.013,-0.0014,0.0015));
#4916=CARTESIAN_POINT('',(0.013,-0.00081,0.0015));
#4917=CARTESIAN_POINT('',(0.013,-0.00081,0.0015));
#4918=CARTESIAN_POINT('',(0.013,-0.00022,0.0015));
#4919=CARTESIAN_POINT('',(0.013,-0.00022,0.0015));
#4920=CARTESIAN_POINT('',(0.013,-0.00022,0.0006));
#4921=CARTESIAN_POINT('',(0.013,-0.00022,0.0006));
#4922=CARTESIAN_POINT('',(0.013,-0.00022,0.0006));
#4923=CARTESIAN_POINT('',(0.013,-0.00022,0.0006));
#4924=CARTESIAN_POINT('',(0.007259746385584,-0.001945038584713,0.0006));
#4925=CARTESIAN_POINT('',(0.007259746385584,-1.99999999999989E-5,0.0006));
#4926=CARTESIAN_POINT('',(0.013,-2.E-5,0.0006));
#4927=CARTESIAN_POINT('',(0.013,-2.71297292690235E-18,0.0006));
#4928=CARTESIAN_POINT('',(0.013,-2.E-5,0.0015));
#4929=CARTESIAN_POINT('',(0.013,-2.E-5,0.0015));
#4930=CARTESIAN_POINT('',(0.013,-0.0005,0.00035));
#4931=CARTESIAN_POINT('',(0.012639741350829,-0.001324750693057,0.00035));
#4932=CARTESIAN_POINT('',(0.012639741350829,-0.00132475069305661,0.0006));
#4933=CARTESIAN_POINT('',(0.013,-0.0005,0.0006));
#4934=CARTESIAN_POINT('',(0.012239956891805,-0.001150121183339,0.00035));
#4935=CARTESIAN_POINT('',(0.00834931646344147,0.000549346155012876,0.0006));
#4936=CARTESIAN_POINT('',(0.007259746385584,-0.001945038584713,0.0006));
#4937=CARTESIAN_POINT('',(0.013,-0.001945038584713,0.0006));
#4938=CARTESIAN_POINT('',(0.013,0.0005,0.0006));
#4939=CARTESIAN_POINT('',(0.0125596838732353,0.00150802862484675,0.0006));
#4940=CARTESIAN_POINT('',(0.00684230390137223,-0.000989375260717687,0.0006));
#4941=CARTESIAN_POINT('',(0.007259746385584,-0.001945038584713,0.0006));
#4942=CARTESIAN_POINT('',(0.012159899414211,-0.001333399115129,0.0006));
#4943=CARTESIAN_POINT('',(0.0125596838732353,-0.00150802862484675,0.0006));
#4944=CARTESIAN_POINT('',(0.013,-0.0005,0.0006));
#4945=CARTESIAN_POINT('',(0.013,-2.71297292690235E-18,0.0006));
#4946=CARTESIAN_POINT('',(0.012159899414211,-0.001333399115129,0.0006));
#4947=CARTESIAN_POINT('',(0.012559683873235,-0.001508028624847,0.0006));
#4948=CARTESIAN_POINT('',(0.012159899414211,0.001333399115129,0.0006));
#4949=CARTESIAN_POINT('',(0.012559683873235,0.001508028624847,0.0006));
#4950=CARTESIAN_POINT('',(0.013,-0.0005,0.0006));
#4951=CARTESIAN_POINT('',(0.013,0.0005,0.0006));
#4952=CARTESIAN_POINT('',(0.013,-2.69E-18,0.001059458538047));
#4953=CARTESIAN_POINT('',(0.013,-2.69E-18,0.001059458538047));
#4954=CARTESIAN_POINT('',(-1.38941733169809E-9,0.000654,0.00291499999399893));
#4955=CARTESIAN_POINT('',(0.00193696150400693,-0.000508,-0.00243024226118743));
#4956=CARTESIAN_POINT('',(0.00193696150400693,0.,-0.00243024226118743));
#4957=CARTESIAN_POINT('',(0.00196892300801385,0.,-0.00326048452237486));
#4958=CARTESIAN_POINT('',(0.001905,0.,-0.0016));
#4959=CARTESIAN_POINT('',(0.00196892300801385,-0.000508,-0.00326048452237486));
#4960=CARTESIAN_POINT('',(0.00196892300801385,-0.000508,-0.00326048452237486));
#4961=CARTESIAN_POINT('',(0.00193696150400693,-0.000508,-0.00243024226118743));
#4962=CARTESIAN_POINT('',(0.001905,-0.000508,-0.0016));
#4963=CARTESIAN_POINT('',(0.001905,-0.000508,-0.0016));
#4964=CARTESIAN_POINT('',(0.00254,-0.000508,-0.0032385));
#4965=CARTESIAN_POINT('',(0.00254,0.,-0.0032385));
#4966=CARTESIAN_POINT('',(0.00311107699198615,0.,-0.00326048452237486));
#4967=CARTESIAN_POINT('',(0.00311107699198615,-0.000508,-0.00326048452237486));
#4968=CARTESIAN_POINT('',(0.00311107699198615,-0.000508,-0.00326048452237486));
#4969=CARTESIAN_POINT('',(0.00254,-0.000508,-0.0032385));
#4970=CARTESIAN_POINT('',(0.00314303849599308,-0.000508,-0.00243024226118743));
#4971=CARTESIAN_POINT('',(0.00314303849599308,0.,-0.00243024226118743));
#4972=CARTESIAN_POINT('',(0.003175,0.,-0.0016));
#4973=CARTESIAN_POINT('',(0.003175,-0.000508,-0.0016));
#4974=CARTESIAN_POINT('',(0.003175,-0.000508,-0.0016));
#4975=CARTESIAN_POINT('',(0.00314303849599308,-0.000508,-0.00243024226118743));
#4976=CARTESIAN_POINT('',(0.003175,-0.000508,0.0005335));
#4977=CARTESIAN_POINT('',(0.003175,0.,0.0005335));
#4978=CARTESIAN_POINT('',(0.003175,0.,0.002667));
#4979=CARTESIAN_POINT('',(0.003175,-0.000508,0.002667));
#4980=CARTESIAN_POINT('',(0.003175,-0.000508,0.002667));
#4981=CARTESIAN_POINT('',(0.003175,-0.000508,0.0005335));
#4982=CARTESIAN_POINT('',(0.00277495,-0.000508,0.002667));
#4983=CARTESIAN_POINT('',(0.00277495,0.,0.002667));
#4984=CARTESIAN_POINT('',(0.0023749,0.,0.002667));
#4985=CARTESIAN_POINT('',(0.0023749,-0.000508,0.002667));
#4986=CARTESIAN_POINT('',(0.0023749,-0.000508,0.002667));
#4987=CARTESIAN_POINT('',(0.00277495,-0.000508,0.002667));
#4988=CARTESIAN_POINT('',(0.0023749,-0.000508,0.0054285));
#4989=CARTESIAN_POINT('',(0.0023749,0.,0.0054285));
#4990=CARTESIAN_POINT('',(0.0023749,0.,0.00819));
#4991=CARTESIAN_POINT('',(0.0023749,-0.000508,0.00819));
#4992=CARTESIAN_POINT('',(0.0023749,-0.000508,0.00819));
#4993=CARTESIAN_POINT('',(0.0023749,-0.000508,0.0054285));
#4994=CARTESIAN_POINT('',(0.0020249,-0.000508,0.00854));
#4995=CARTESIAN_POINT('',(0.0016749,-0.000508,0.00889));
#4996=CARTESIAN_POINT('',(0.0016749,-0.000320435565298215,0.00889));
#4997=CARTESIAN_POINT('',(0.0016749,-0.000187564434701785,0.00889));
#4998=CARTESIAN_POINT('',(0.00122860030752784,-0.00020084992311804,0.00933629969247216));
#4999=CARTESIAN_POINT('',(0.00127068564256987,-0.000295873345344254,0.00929421435743013));
#5000=CARTESIAN_POINT('',(0.00083745,-0.000508,0.00889));
#5001=CARTESIAN_POINT('',(-0.0016749,-0.000508,0.00889));
#5002=CARTESIAN_POINT('',(-0.0016749,-0.000320435565298215,0.00889));
#5003=CARTESIAN_POINT('',(-0.0016749,-0.000187564434701785,0.00889));
#5004=CARTESIAN_POINT('',(0.0016749,-0.000320435565298215,0.00889));
#5005=CARTESIAN_POINT('',(0.00083745,-0.000187564434701785,0.00889));
#5006=CARTESIAN_POINT('',(-0.0020249,-0.000508,0.00854));
#5007=CARTESIAN_POINT('',(-0.0023749,-0.000508,0.00819));
#5008=CARTESIAN_POINT('',(-0.0023749,-0.000508,0.00819));
#5009=CARTESIAN_POINT('',(-0.0023749,0.,0.00819));
#5010=CARTESIAN_POINT('',(-0.00203702902238809,-0.000417467744402976,0.00852787097761191));
#5011=CARTESIAN_POINT('',(-0.0019713284711834,-0.000108136665234602,0.0085935715288166));
#5012=CARTESIAN_POINT('',(-0.0023749,-0.000508,0.0054285));
#5013=CARTESIAN_POINT('',(-0.0023749,0.,0.0054285));
#5014=CARTESIAN_POINT('',(-0.0023749,0.,0.002667));
#5015=CARTESIAN_POINT('',(-0.0023749,-0.000508,0.002667));
#5016=CARTESIAN_POINT('',(-0.0023749,-0.000508,0.002667));
#5017=CARTESIAN_POINT('',(-0.0023749,-0.000508,0.0054285));
#5018=CARTESIAN_POINT('',(-0.00277495,-0.000508,0.002667));
#5019=CARTESIAN_POINT('',(-0.00277495,0.,0.002667));
#5020=CARTESIAN_POINT('',(-0.003175,0.,0.002667));
#5021=CARTESIAN_POINT('',(-0.003175,-0.000508,0.002667));
#5022=CARTESIAN_POINT('',(-0.003175,-0.000508,0.002667));
#5023=CARTESIAN_POINT('',(-0.00277495,-0.000508,0.002667));
#5024=CARTESIAN_POINT('',(-0.003175,-0.000508,0.0005335));
#5025=CARTESIAN_POINT('',(-0.003175,0.,0.0005335));
#5026=CARTESIAN_POINT('',(-0.003175,0.,-0.0016));
#5027=CARTESIAN_POINT('',(-0.003175,-0.000508,-0.0016));
#5028=CARTESIAN_POINT('',(-0.003175,-0.000508,-0.0016));
#5029=CARTESIAN_POINT('',(-0.003175,-0.000508,0.0005335));
#5030=CARTESIAN_POINT('',(-0.00314303849599308,-0.000508,-0.00243024226118743));
#5031=CARTESIAN_POINT('',(-0.00314303849599308,0.,-0.00243024226118743));
#5032=CARTESIAN_POINT('',(-0.00311107699198615,0.,-0.00326048452237486));
#5033=CARTESIAN_POINT('',(-0.00311107699198615,-0.000508,-0.00326048452237486));
#5034=CARTESIAN_POINT('',(-0.00311107699198615,-0.000508,-0.00326048452237486));
#5035=CARTESIAN_POINT('',(-0.00314303849599308,-0.000508,-0.00243024226118743));
#5036=CARTESIAN_POINT('',(-0.00253999999999996,-0.000508,-0.0032385));
#5037=CARTESIAN_POINT('',(-0.00253999999999996,0.,-0.0032385));
#5038=CARTESIAN_POINT('',(-0.00196892300801385,0.,-0.00326048452237486));
#5039=CARTESIAN_POINT('',(-0.00196892300801385,-0.000508,-0.00326048452237486));
#5040=CARTESIAN_POINT('',(-0.00196892300801385,-0.000508,-0.00326048452237486));
#5041=CARTESIAN_POINT('',(-0.00253999999999996,-0.000508,-0.0032385));
#5042=CARTESIAN_POINT('',(-0.00193696150400693,-0.000508,-0.00243024226118743));
#5043=CARTESIAN_POINT('',(-0.00193696150400693,0.,-0.00243024226118743));
#5044=CARTESIAN_POINT('',(-0.001905,0.,-0.0016));
#5045=CARTESIAN_POINT('',(-0.001905,-0.000508,-0.0016));
#5046=CARTESIAN_POINT('',(-0.001905,-0.000508,-0.0016));
#5047=CARTESIAN_POINT('',(-0.00193696150400693,-0.000508,-0.00243024226118743));
#5048=CARTESIAN_POINT('',(-0.001905,-0.000508,-0.0008));
#5049=CARTESIAN_POINT('',(-0.001905,0.,-0.0008));
#5050=CARTESIAN_POINT('',(-0.001905,0.,0.));
#5051=CARTESIAN_POINT('',(-0.001905,-0.000508,0.));
#5052=CARTESIAN_POINT('',(-0.001905,-0.000508,0.));
#5053=CARTESIAN_POINT('',(-0.001905,-0.000508,-0.0008));
#5054=CARTESIAN_POINT('',(-0.0009525,-0.000508,0.));
#5055=CARTESIAN_POINT('',(-0.0009525,0.,0.));
#5056=CARTESIAN_POINT('',(0.001905,0.,0.));
#5057=CARTESIAN_POINT('',(0.001905,-0.000508,0.));
#5058=CARTESIAN_POINT('',(0.001905,-0.000508,0.));
#5059=CARTESIAN_POINT('',(-0.0009525,-0.000508,0.));
#5060=CARTESIAN_POINT('',(0.001905,-0.000508,-0.0008));
#5061=CARTESIAN_POINT('',(0.001905,0.,-0.0008));
#5062=CARTESIAN_POINT('',(0.001905,-0.000508,-0.0008));
#5063=CARTESIAN_POINT('',(-1.0842021724855E-19,-0.000508,0.005715));
#5064=CARTESIAN_POINT('',(-1.0842021724855E-19,-0.000508,0.005715));
#5065=CARTESIAN_POINT('',(-1.0842021724855E-19,-0.000508,0.0050165));
#5066=CARTESIAN_POINT('',(-1.0842021724855E-19,0.,0.005715));
#5067=CARTESIAN_POINT('',(-1.0842021724855E-19,0.,0.0050165));
#5068=CARTESIAN_POINT('',(0.,-0.000508,0.00254));
#5069=CARTESIAN_POINT('',(-0.0016749,-0.000508,0.00819));
#5070=CARTESIAN_POINT('',(0.,0.,0.00254));
#5071=CARTESIAN_POINT('',(0.,0.,0.00819));
#5072=CARTESIAN_POINT('',(0.,-0.000508,0.00819));
#5073=CARTESIAN_POINT('',(0.00083745,-0.000187564434701785,0.00889));
#5074=CARTESIAN_POINT('',(8.67361737988404E-19,0.000254,0.));
#5075=MECHANICAL_DESIGN_GEOMETRIC_PRESENTATION_REPRESENTATION('',(#2761,
#2762),#5076);
#5076=(
GEOMETRIC_REPRESENTATION_CONTEXT(3)
GLOBAL_UNCERTAINTY_ASSIGNED_CONTEXT((#5079))
GLOBAL_UNIT_ASSIGNED_CONTEXT((#5084,#5083,#5082))
REPRESENTATION_CONTEXT('4.8mm spade pcb connector',
'TOP_LEVEL_ASSEMBLY_PART')
);
#5077=(
GEOMETRIC_REPRESENTATION_CONTEXT(3)
GLOBAL_UNCERTAINTY_ASSIGNED_CONTEXT((#5080))
GLOBAL_UNIT_ASSIGNED_CONTEXT((#5084,#5083,#5082))
REPRESENTATION_CONTEXT('Spade Crimp_4.8mm','COMPONENT_PART')
);
#5078=(
GEOMETRIC_REPRESENTATION_CONTEXT(3)
GLOBAL_UNCERTAINTY_ASSIGNED_CONTEXT((#5081))
GLOBAL_UNIT_ASSIGNED_CONTEXT((#5084,#5083,#5082))
REPRESENTATION_CONTEXT('spade','COMPONENT_PART')
);
#5079=UNCERTAINTY_MEASURE_WITH_UNIT(LENGTH_MEASURE(1.E-8),#5084,
'DISTANCE_ACCURACY_VALUE','Maximum Tolerance applied to model');
#5080=UNCERTAINTY_MEASURE_WITH_UNIT(LENGTH_MEASURE(2.21037967599842E-6),
#5084,'DISTANCE_ACCURACY_VALUE','Maximum Tolerance applied to model');
#5081=UNCERTAINTY_MEASURE_WITH_UNIT(LENGTH_MEASURE(1.E-8),#5084,
'DISTANCE_ACCURACY_VALUE','Maximum Tolerance applied to model');
#5082=(
NAMED_UNIT(*)
SI_UNIT($,.STERADIAN.)
SOLID_ANGLE_UNIT()
);
#5083=(
NAMED_UNIT(*)
PLANE_ANGLE_UNIT()
SI_UNIT($,.RADIAN.)
);
#5084=(
LENGTH_UNIT()
NAMED_UNIT(*)
SI_UNIT($,.METRE.)
);
#5085=PRODUCT_DEFINITION_SHAPE('','',#5090);
#5086=PRODUCT_DEFINITION_SHAPE('','',#5091);
#5087=PRODUCT_DEFINITION_SHAPE(' ','NAUO PRDDFN',#12);
#5088=PRODUCT_DEFINITION_SHAPE('','',#5092);
#5089=PRODUCT_DEFINITION_SHAPE(' ','NAUO PRDDFN',#13);
#5090=PRODUCT_DEFINITION('','',#5096,#5093);
#5091=PRODUCT_DEFINITION('','',#5097,#5094);
#5092=PRODUCT_DEFINITION('','',#5098,#5095);
#5093=PRODUCT_DEFINITION_CONTEXT('',#5112,'design');
#5094=PRODUCT_DEFINITION_CONTEXT('',#5112,'design');
#5095=PRODUCT_DEFINITION_CONTEXT('',#5112,'design');
#5096=PRODUCT_DEFINITION_FORMATION_WITH_SPECIFIED_SOURCE('','',#5102,
 .NOT_KNOWN.);
#5097=PRODUCT_DEFINITION_FORMATION_WITH_SPECIFIED_SOURCE('','',#5103,
 .NOT_KNOWN.);
#5098=PRODUCT_DEFINITION_FORMATION_WITH_SPECIFIED_SOURCE('','',#5104,
 .NOT_KNOWN.);
#5099=PRODUCT_RELATED_PRODUCT_CATEGORY('','',(#5102));
#5100=PRODUCT_RELATED_PRODUCT_CATEGORY('','',(#5103));
#5101=PRODUCT_RELATED_PRODUCT_CATEGORY('','',(#5104));
#5102=PRODUCT('4.8mm spade pcb connector','4.8mm spade pcb connector',
'4.8mm spade pcb connector',(#5108));
#5103=PRODUCT('Spade Crimp_4.8mm','Spade Crimp_4.8mm',
'Spade Crimp_4.8mm',(#5109));
#5104=PRODUCT('spade','spade','spade',(#5110));
#5105=PRODUCT_CATEGORY('','');
#5106=PRODUCT_CATEGORY('','');
#5107=PRODUCT_CATEGORY('','');
#5108=PRODUCT_CONTEXT('',#5112,'mechanical');
#5109=PRODUCT_CONTEXT('',#5112,'mechanical');
#5110=PRODUCT_CONTEXT('',#5112,'mechanical');
#5111=APPLICATION_PROTOCOL_DEFINITION('international standard',
'ap242_managed_model_based_3d_engineering',2020,#5112);
#5112=APPLICATION_CONTEXT('managed model based 3d engineering');
ENDSEC;
END-ISO-10303-21;
