ISO-10303-21;
HEADER;
FILE_DESCRIPTION(('KiCad electronic assembly'),'2;1');
FILE_NAME('board_front.step','2025-12-29T21:14:06',('Pcbnew'),('Kicad'),
  'Open CASCADE STEP processor 7.9','KiCad to STEP converter','Unknown'
  );
FILE_SCHEMA(('AUTOMOTIVE_DESIGN { 1 0 10303 214 1 1 1 1 }'));
ENDSEC;
DATA;
#1 = APPLICATION_PROTOCOL_DEFINITION('international standard',
  'automotive_design',2000,#2);
#2 = APPLICATION_CONTEXT(
  'core data for automotive mechanical design processes');
#3 = SHAPE_DEFINITION_REPRESENTATION(#4,#10);
#4 = PRODUCT_DEFINITION_SHAPE('','',#5);
#5 = PRODUCT_DEFINITION('design','',#6,#9);
#6 = PRODUCT_DEFINITION_FORMATION('','',#7);
#7 = PRODUCT('board_front 1','board_front 1','',(#8));
#8 = PRODUCT_CONTEXT('',#2,'mechanical');
#9 = PRODUCT_DEFINITION_CONTEXT('part definition',#2,'design');
#10 = SHAPE_REPRESENTATION('',(#11,#15,#19,#23,#27,#31),#35);
#11 = AXIS2_PLACEMENT_3D('',#12,#13,#14);
#12 = CARTESIAN_POINT('',(0.,0.,0.));
#13 = DIRECTION('',(0.,0.,1.));
#14 = DIRECTION('',(1.,0.,-0.));
#15 = AXIS2_PLACEMENT_3D('',#16,#17,#18);
#16 = CARTESIAN_POINT('',(111.4931,-83.3014,1.595));
#17 = DIRECTION('',(0.,0.,1.));
#18 = DIRECTION('',(1.,0.,0.));
#19 = AXIS2_PLACEMENT_3D('',#20,#21,#22);
#20 = CARTESIAN_POINT('',(98.3899,-83.3014,1.595));
#21 = DIRECTION('',(0.,0.,1.));
#22 = DIRECTION('',(1.,0.,0.));
#23 = AXIS2_PLACEMENT_3D('',#24,#25,#26);
#24 = CARTESIAN_POINT('',(111.4931,-104.866,1.595));
#25 = DIRECTION('',(0.,0.,1.));
#26 = DIRECTION('',(1.,0.,0.));
#27 = AXIS2_PLACEMENT_3D('',#28,#29,#30);
#28 = CARTESIAN_POINT('',(98.3899,-104.866,1.595));
#29 = DIRECTION('',(0.,0.,1.));
#30 = DIRECTION('',(1.,0.,0.));
#31 = AXIS2_PLACEMENT_3D('',#32,#33,#34);
#32 = CARTESIAN_POINT('',(0.,0.,0.));
#33 = DIRECTION('',(0.,0.,1.));
#34 = DIRECTION('',(1.,0.,-0.));
#35 = ( GEOMETRIC_REPRESENTATION_CONTEXT(3) 
GLOBAL_UNCERTAINTY_ASSIGNED_CONTEXT((#39)) GLOBAL_UNIT_ASSIGNED_CONTEXT(
(#36,#37,#38)) REPRESENTATION_CONTEXT('Context #1',
  '3D Context with UNIT and UNCERTAINTY') );
#36 = ( LENGTH_UNIT() NAMED_UNIT(*) SI_UNIT(.MILLI.,.METRE.) );
#37 = ( NAMED_UNIT(*) PLANE_ANGLE_UNIT() SI_UNIT($,.RADIAN.) );
#38 = ( NAMED_UNIT(*) SI_UNIT($,.STERADIAN.) SOLID_ANGLE_UNIT() );
#39 = UNCERTAINTY_MEASURE_WITH_UNIT(LENGTH_MEASURE(5.E-04),#36,
  'distance_accuracy_value','confusion accuracy');
#40 = PRODUCT_RELATED_PRODUCT_CATEGORY('part',$,(#7));
#41 = SHAPE_DEFINITION_REPRESENTATION(#42,#48);
#42 = PRODUCT_DEFINITION_SHAPE('','',#43);
#43 = PRODUCT_DEFINITION('design','',#44,#47);
#44 = PRODUCT_DEFINITION_FORMATION('','',#45);
#45 = PRODUCT('Potentiometer_Single_Vertical',
  'Potentiometer_Single_Vertical','',(#46));
#46 = PRODUCT_CONTEXT('',#2,'mechanical');
#47 = PRODUCT_DEFINITION_CONTEXT('part definition',#2,'design');
#48 = SHAPE_REPRESENTATION('',(#11,#49,#941,#1445,#4201,#7673,#7931,
    #8189,#8747,#9305),#9863);
#49 = MANIFOLD_SOLID_BREP('',#50);
#50 = CLOSED_SHELL('',(#51,#95,#127,#161,#196,#240,#270,#292,#324,#359,
    #381,#425,#447,#477,#509,#541,#573,#590,#607,#624,#641,#741,#758,
    #798,#820,#832,#849,#866,#883,#895,#912,#929));
#51 = ADVANCED_FACE('',(#52),#90,.T.);
#52 = FACE_BOUND('',#53,.T.);
#53 = EDGE_LOOP('',(#54,#65,#74,#83));
#54 = ORIENTED_EDGE('',*,*,#55,.T.);
#55 = EDGE_CURVE('',#56,#58,#60,.T.);
#56 = VERTEX_POINT('',#57);
#57 = CARTESIAN_POINT('',(-1.8,4.45,2.9));
#58 = VERTEX_POINT('',#59);
#59 = CARTESIAN_POINT('',(-1.8,4.25,2.7));
#60 = CIRCLE('',#61,0.2);
#61 = AXIS2_PLACEMENT_3D('',#62,#63,#64);
#62 = CARTESIAN_POINT('',(-1.8,4.25,2.9));
#63 = DIRECTION('',(-1.,0.,0.));
#64 = DIRECTION('',(0.,1.,0.));
#65 = ORIENTED_EDGE('',*,*,#66,.T.);
#66 = EDGE_CURVE('',#58,#67,#69,.T.);
#67 = VERTEX_POINT('',#68);
#68 = CARTESIAN_POINT('',(-2.2,4.65,2.7));
#69 = CIRCLE('',#70,0.4);
#70 = AXIS2_PLACEMENT_3D('',#71,#72,#73);
#71 = CARTESIAN_POINT('',(-1.8,4.65,2.7));
#72 = DIRECTION('',(0.,0.,-1.));
#73 = DIRECTION('',(-0.707106781187,-0.707106781187,-0.));
#74 = ORIENTED_EDGE('',*,*,#75,.T.);
#75 = EDGE_CURVE('',#67,#76,#78,.T.);
#76 = VERTEX_POINT('',#77);
#77 = CARTESIAN_POINT('',(-2.,4.65,2.9));
#78 = CIRCLE('',#79,0.2);
#79 = AXIS2_PLACEMENT_3D('',#80,#81,#82);
#80 = CARTESIAN_POINT('',(-2.2,4.65,2.9));
#81 = DIRECTION('',(0.,-1.,0.));
#82 = DIRECTION('',(0.,0.,-1.));
#83 = ORIENTED_EDGE('',*,*,#84,.T.);
#84 = EDGE_CURVE('',#76,#56,#85,.T.);
#85 = CIRCLE('',#86,0.2);
#86 = AXIS2_PLACEMENT_3D('',#87,#88,#89);
#87 = CARTESIAN_POINT('',(-1.8,4.65,2.9));
#88 = DIRECTION('',(0.,0.,1.));
#89 = DIRECTION('',(-0.707106781187,-0.707106781187,0.));
#90 = TOROIDAL_SURFACE('',#91,0.4,0.2);
#91 = AXIS2_PLACEMENT_3D('',#92,#93,#94);
#92 = CARTESIAN_POINT('',(-1.8,4.65,2.9));
#93 = DIRECTION('',(0.,0.,-1.));
#94 = DIRECTION('',(-1.,0.,0.));
#95 = ADVANCED_FACE('',(#96),#122,.T.);
#96 = FACE_BOUND('',#97,.T.);
#97 = EDGE_LOOP('',(#98,#109,#115,#116));
#98 = ORIENTED_EDGE('',*,*,#99,.T.);
#99 = EDGE_CURVE('',#100,#102,#104,.T.);
#100 = VERTEX_POINT('',#101);
#101 = CARTESIAN_POINT('',(1.8,4.45,2.9));
#102 = VERTEX_POINT('',#103);
#103 = CARTESIAN_POINT('',(1.8,4.25,2.7));
#104 = CIRCLE('',#105,0.2);
#105 = AXIS2_PLACEMENT_3D('',#106,#107,#108);
#106 = CARTESIAN_POINT('',(1.8,4.25,2.9));
#107 = DIRECTION('',(-1.,0.,0.));
#108 = DIRECTION('',(0.,1.,0.));
#109 = ORIENTED_EDGE('',*,*,#110,.T.);
#110 = EDGE_CURVE('',#102,#58,#111,.T.);
#111 = LINE('',#112,#113);
#112 = CARTESIAN_POINT('',(1.,4.25,2.7));
#113 = VECTOR('',#114,1.);
#114 = DIRECTION('',(-1.,0.,0.));
#115 = ORIENTED_EDGE('',*,*,#55,.F.);
#116 = ORIENTED_EDGE('',*,*,#117,.T.);
#117 = EDGE_CURVE('',#56,#100,#118,.T.);
#118 = LINE('',#119,#120);
#119 = CARTESIAN_POINT('',(1.,4.45,2.9));
#120 = VECTOR('',#121,1.);
#121 = DIRECTION('',(1.,0.,0.));
#122 = CYLINDRICAL_SURFACE('',#123,0.2);
#123 = AXIS2_PLACEMENT_3D('',#124,#125,#126);
#124 = CARTESIAN_POINT('',(1.,4.25,2.9));
#125 = DIRECTION('',(1.,0.,0.));
#126 = DIRECTION('',(0.,0.707106781187,-0.707106781187));
#127 = ADVANCED_FACE('',(#128),#156,.T.);
#128 = FACE_BOUND('',#129,.T.);
#129 = EDGE_LOOP('',(#130,#141,#148,#149));
#130 = ORIENTED_EDGE('',*,*,#131,.T.);
#131 = EDGE_CURVE('',#132,#134,#136,.T.);
#132 = VERTEX_POINT('',#133);
#133 = CARTESIAN_POINT('',(2.,4.65,2.9));
#134 = VERTEX_POINT('',#135);
#135 = CARTESIAN_POINT('',(2.2,4.65,2.7));
#136 = CIRCLE('',#137,0.2);
#137 = AXIS2_PLACEMENT_3D('',#138,#139,#140);
#138 = CARTESIAN_POINT('',(2.2,4.65,2.9));
#139 = DIRECTION('',(0.,-1.,0.));
#140 = DIRECTION('',(-1.,0.,0.));
#141 = ORIENTED_EDGE('',*,*,#142,.T.);
#142 = EDGE_CURVE('',#134,#102,#143,.T.);
#143 = CIRCLE('',#144,0.4);
#144 = AXIS2_PLACEMENT_3D('',#145,#146,#147);
#145 = CARTESIAN_POINT('',(1.8,4.65,2.7));
#146 = DIRECTION('',(0.,0.,-1.));
#147 = DIRECTION('',(0.707106781187,-0.707106781187,0.));
#148 = ORIENTED_EDGE('',*,*,#99,.F.);
#149 = ORIENTED_EDGE('',*,*,#150,.T.);
#150 = EDGE_CURVE('',#100,#132,#151,.T.);
#151 = CIRCLE('',#152,0.2);
#152 = AXIS2_PLACEMENT_3D('',#153,#154,#155);
#153 = CARTESIAN_POINT('',(1.8,4.65,2.9));
#154 = DIRECTION('',(0.,0.,1.));
#155 = DIRECTION('',(0.707106781187,-0.707106781187,0.));
#156 = TOROIDAL_SURFACE('',#157,0.4,0.2);
#157 = AXIS2_PLACEMENT_3D('',#158,#159,#160);
#158 = CARTESIAN_POINT('',(1.8,4.65,2.9));
#159 = DIRECTION('',(0.,0.,-1.));
#160 = DIRECTION('',(-1.,0.,0.));
#161 = ADVANCED_FACE('',(#162),#191,.T.);
#162 = FACE_BOUND('',#163,.T.);
#163 = EDGE_LOOP('',(#164,#175,#184));
#164 = ORIENTED_EDGE('',*,*,#165,.T.);
#165 = EDGE_CURVE('',#166,#168,#170,.T.);
#166 = VERTEX_POINT('',#167);
#167 = CARTESIAN_POINT('',(-4.55,-6.5,2.9));
#168 = VERTEX_POINT('',#169);
#169 = CARTESIAN_POINT('',(-4.75,-6.3,2.9));
#170 = CIRCLE('',#171,0.2);
#171 = AXIS2_PLACEMENT_3D('',#172,#173,#174);
#172 = CARTESIAN_POINT('',(-4.55,-6.3,2.9));
#173 = DIRECTION('',(0.,0.,-1.));
#174 = DIRECTION('',(-1.,0.,0.));
#175 = ORIENTED_EDGE('',*,*,#176,.T.);
#176 = EDGE_CURVE('',#168,#177,#179,.T.);
#177 = VERTEX_POINT('',#178);
#178 = CARTESIAN_POINT('',(-4.55,-6.3,2.7));
#179 = CIRCLE('',#180,0.2);
#180 = AXIS2_PLACEMENT_3D('',#181,#182,#183);
#181 = CARTESIAN_POINT('',(-4.55,-6.3,2.9));
#182 = DIRECTION('',(0.,-1.,0.));
#183 = DIRECTION('',(0.,0.,-1.));
#184 = ORIENTED_EDGE('',*,*,#185,.T.);
#185 = EDGE_CURVE('',#177,#166,#186,.T.);
#186 = CIRCLE('',#187,0.2);
#187 = AXIS2_PLACEMENT_3D('',#188,#189,#190);
#188 = CARTESIAN_POINT('',(-4.55,-6.3,2.9));
#189 = DIRECTION('',(-1.,0.,0.));
#190 = DIRECTION('',(0.,-1.,0.));
#191 = SPHERICAL_SURFACE('',#192,0.2);
#192 = AXIS2_PLACEMENT_3D('',#193,#194,#195);
#193 = CARTESIAN_POINT('',(-4.55,-6.3,2.9));
#194 = DIRECTION('',(0.408248290464,-0.816496580928,0.408248290464));
#195 = DIRECTION('',(-0.57735026919,-0.57735026919,-0.57735026919));
#196 = ADVANCED_FACE('',(#197),#235,.T.);
#197 = FACE_BOUND('',#198,.T.);
#198 = EDGE_LOOP('',(#199,#210,#219,#228));
#199 = ORIENTED_EDGE('',*,*,#200,.T.);
#200 = EDGE_CURVE('',#201,#203,#205,.T.);
#201 = VERTEX_POINT('',#202);
#202 = CARTESIAN_POINT('',(-4.75,4.05,2.9));
#203 = VERTEX_POINT('',#204);
#204 = CARTESIAN_POINT('',(-3.95,4.85,2.9));
#205 = CIRCLE('',#206,0.8);
#206 = AXIS2_PLACEMENT_3D('',#207,#208,#209);
#207 = CARTESIAN_POINT('',(-3.95,4.05,2.9));
#208 = DIRECTION('',(0.,0.,-1.));
#209 = DIRECTION('',(0.,1.,0.));
#210 = ORIENTED_EDGE('',*,*,#211,.F.);
#211 = EDGE_CURVE('',#212,#203,#214,.T.);
#212 = VERTEX_POINT('',#213);
#213 = CARTESIAN_POINT('',(-3.95,4.65,2.7));
#214 = CIRCLE('',#215,0.2);
#215 = AXIS2_PLACEMENT_3D('',#216,#217,#218);
#216 = CARTESIAN_POINT('',(-3.95,4.65,2.9));
#217 = DIRECTION('',(1.,0.,0.));
#218 = DIRECTION('',(0.,0.,-1.));
#219 = ORIENTED_EDGE('',*,*,#220,.T.);
#220 = EDGE_CURVE('',#212,#221,#223,.T.);
#221 = VERTEX_POINT('',#222);
#222 = CARTESIAN_POINT('',(-4.55,4.05,2.7));
#223 = CIRCLE('',#224,0.6);
#224 = AXIS2_PLACEMENT_3D('',#225,#226,#227);
#225 = CARTESIAN_POINT('',(-3.95,4.05,2.7));
#226 = DIRECTION('',(0.,0.,1.));
#227 = DIRECTION('',(-0.707106781187,0.707106781187,0.));
#228 = ORIENTED_EDGE('',*,*,#229,.F.);
#229 = EDGE_CURVE('',#201,#221,#230,.T.);
#230 = CIRCLE('',#231,0.2);
#231 = AXIS2_PLACEMENT_3D('',#232,#233,#234);
#232 = CARTESIAN_POINT('',(-4.55,4.05,2.9));
#233 = DIRECTION('',(0.,-1.,0.));
#234 = DIRECTION('',(-1.,0.,0.));
#235 = TOROIDAL_SURFACE('',#236,0.6,0.2);
#236 = AXIS2_PLACEMENT_3D('',#237,#238,#239);
#237 = CARTESIAN_POINT('',(-3.95,4.05,2.9));
#238 = DIRECTION('',(0.,0.,-1.));
#239 = DIRECTION('',(-1.,0.,0.));
#240 = ADVANCED_FACE('',(#241),#265,.T.);
#241 = FACE_BOUND('',#242,.T.);
#242 = EDGE_LOOP('',(#243,#252,#258,#259));
#243 = ORIENTED_EDGE('',*,*,#244,.T.);
#244 = EDGE_CURVE('',#245,#67,#247,.T.);
#245 = VERTEX_POINT('',#246);
#246 = CARTESIAN_POINT('',(-2.2,4.85,2.9));
#247 = CIRCLE('',#248,0.2);
#248 = AXIS2_PLACEMENT_3D('',#249,#250,#251);
#249 = CARTESIAN_POINT('',(-2.2,4.65,2.9));
#250 = DIRECTION('',(-1.,0.,0.));
#251 = DIRECTION('',(0.,1.,0.));
#252 = ORIENTED_EDGE('',*,*,#253,.T.);
#253 = EDGE_CURVE('',#67,#212,#254,.T.);
#254 = LINE('',#255,#256);
#255 = CARTESIAN_POINT('',(-1.,4.65,2.7));
#256 = VECTOR('',#257,1.);
#257 = DIRECTION('',(-1.,0.,0.));
#258 = ORIENTED_EDGE('',*,*,#211,.T.);
#259 = ORIENTED_EDGE('',*,*,#260,.T.);
#260 = EDGE_CURVE('',#203,#245,#261,.T.);
#261 = LINE('',#262,#263);
#262 = CARTESIAN_POINT('',(-1.,4.85,2.9));
#263 = VECTOR('',#264,1.);
#264 = DIRECTION('',(1.,0.,0.));
#265 = CYLINDRICAL_SURFACE('',#266,0.2);
#266 = AXIS2_PLACEMENT_3D('',#267,#268,#269);
#267 = CARTESIAN_POINT('',(-1.,4.65,2.9));
#268 = DIRECTION('',(1.,0.,0.));
#269 = DIRECTION('',(0.,0.707106781187,-0.707106781187));
#270 = ADVANCED_FACE('',(#271),#287,.T.);
#271 = FACE_BOUND('',#272,.T.);
#272 = EDGE_LOOP('',(#273,#274,#280,#281));
#273 = ORIENTED_EDGE('',*,*,#229,.T.);
#274 = ORIENTED_EDGE('',*,*,#275,.T.);
#275 = EDGE_CURVE('',#221,#177,#276,.T.);
#276 = LINE('',#277,#278);
#277 = CARTESIAN_POINT('',(-4.55,2.0125,2.7));
#278 = VECTOR('',#279,1.);
#279 = DIRECTION('',(0.,-1.,0.));
#280 = ORIENTED_EDGE('',*,*,#176,.F.);
#281 = ORIENTED_EDGE('',*,*,#282,.T.);
#282 = EDGE_CURVE('',#168,#201,#283,.T.);
#283 = LINE('',#284,#285);
#284 = CARTESIAN_POINT('',(-4.75,2.0125,2.9));
#285 = VECTOR('',#286,1.);
#286 = DIRECTION('',(0.,1.,0.));
#287 = CYLINDRICAL_SURFACE('',#288,0.2);
#288 = AXIS2_PLACEMENT_3D('',#289,#290,#291);
#289 = CARTESIAN_POINT('',(-4.55,2.0125,2.9));
#290 = DIRECTION('',(0.,1.,0.));
#291 = DIRECTION('',(-0.707106781187,0.,-0.707106781187));
#292 = ADVANCED_FACE('',(#293),#319,.T.);
#293 = FACE_BOUND('',#294,.T.);
#294 = EDGE_LOOP('',(#295,#306,#312,#313));
#295 = ORIENTED_EDGE('',*,*,#296,.T.);
#296 = EDGE_CURVE('',#297,#299,#301,.T.);
#297 = VERTEX_POINT('',#298);
#298 = CARTESIAN_POINT('',(-4.75,4.05,3.5));
#299 = VERTEX_POINT('',#300);
#300 = CARTESIAN_POINT('',(-3.95,4.85,3.5));
#301 = CIRCLE('',#302,0.8);
#302 = AXIS2_PLACEMENT_3D('',#303,#304,#305);
#303 = CARTESIAN_POINT('',(-3.95,4.05,3.5));
#304 = DIRECTION('',(0.,0.,-1.));
#305 = DIRECTION('',(-0.707106781187,0.707106781187,0.));
#306 = ORIENTED_EDGE('',*,*,#307,.T.);
#307 = EDGE_CURVE('',#299,#203,#308,.T.);
#308 = LINE('',#309,#310);
#309 = CARTESIAN_POINT('',(-3.95,4.85,2.7));
#310 = VECTOR('',#311,1.);
#311 = DIRECTION('',(0.,0.,-1.));
#312 = ORIENTED_EDGE('',*,*,#200,.F.);
#313 = ORIENTED_EDGE('',*,*,#314,.T.);
#314 = EDGE_CURVE('',#201,#297,#315,.T.);
#315 = LINE('',#316,#317);
#316 = CARTESIAN_POINT('',(-4.75,4.05,2.7));
#317 = VECTOR('',#318,1.);
#318 = DIRECTION('',(0.,0.,1.));
#319 = CYLINDRICAL_SURFACE('',#320,0.8);
#320 = AXIS2_PLACEMENT_3D('',#321,#322,#323);
#321 = CARTESIAN_POINT('',(-3.95,4.05,2.7));
#322 = DIRECTION('',(0.,0.,1.));
#323 = DIRECTION('',(-0.707106781187,0.707106781187,0.));
#324 = ADVANCED_FACE('',(#325),#354,.T.);
#325 = FACE_BOUND('',#326,.T.);
#326 = EDGE_LOOP('',(#327,#338,#347));
#327 = ORIENTED_EDGE('',*,*,#328,.T.);
#328 = EDGE_CURVE('',#329,#331,#333,.T.);
#329 = VERTEX_POINT('',#330);
#330 = CARTESIAN_POINT('',(4.75,-6.3,2.9));
#331 = VERTEX_POINT('',#332);
#332 = CARTESIAN_POINT('',(4.55,-6.5,2.9));
#333 = CIRCLE('',#334,0.2);
#334 = AXIS2_PLACEMENT_3D('',#335,#336,#337);
#335 = CARTESIAN_POINT('',(4.55,-6.3,2.9));
#336 = DIRECTION('',(0.,0.,-1.));
#337 = DIRECTION('',(0.,-1.,0.));
#338 = ORIENTED_EDGE('',*,*,#339,.T.);
#339 = EDGE_CURVE('',#331,#340,#342,.T.);
#340 = VERTEX_POINT('',#341);
#341 = CARTESIAN_POINT('',(4.55,-6.3,2.7));
#342 = CIRCLE('',#343,0.2);
#343 = AXIS2_PLACEMENT_3D('',#344,#345,#346);
#344 = CARTESIAN_POINT('',(4.55,-6.3,2.9));
#345 = DIRECTION('',(1.,0.,0.));
#346 = DIRECTION('',(0.,0.,-1.));
#347 = ORIENTED_EDGE('',*,*,#348,.T.);
#348 = EDGE_CURVE('',#340,#329,#349,.T.);
#349 = CIRCLE('',#350,0.2);
#350 = AXIS2_PLACEMENT_3D('',#351,#352,#353);
#351 = CARTESIAN_POINT('',(4.55,-6.3,2.9));
#352 = DIRECTION('',(0.,-1.,0.));
#353 = DIRECTION('',(1.,0.,0.));
#354 = SPHERICAL_SURFACE('',#355,0.2);
#355 = AXIS2_PLACEMENT_3D('',#356,#357,#358);
#356 = CARTESIAN_POINT('',(4.55,-6.3,2.9));
#357 = DIRECTION('',(-0.408248290464,-0.816496580928,0.408248290464));
#358 = DIRECTION('',(0.57735026919,-0.57735026919,-0.57735026919));
#359 = ADVANCED_FACE('',(#360),#376,.T.);
#360 = FACE_BOUND('',#361,.T.);
#361 = EDGE_LOOP('',(#362,#363,#369,#370));
#362 = ORIENTED_EDGE('',*,*,#185,.F.);
#363 = ORIENTED_EDGE('',*,*,#364,.T.);
#364 = EDGE_CURVE('',#177,#340,#365,.T.);
#365 = LINE('',#366,#367);
#366 = CARTESIAN_POINT('',(-2.375,-6.3,2.7));
#367 = VECTOR('',#368,1.);
#368 = DIRECTION('',(1.,0.,0.));
#369 = ORIENTED_EDGE('',*,*,#339,.F.);
#370 = ORIENTED_EDGE('',*,*,#371,.T.);
#371 = EDGE_CURVE('',#331,#166,#372,.T.);
#372 = LINE('',#373,#374);
#373 = CARTESIAN_POINT('',(-2.375,-6.5,2.9));
#374 = VECTOR('',#375,1.);
#375 = DIRECTION('',(-1.,0.,0.));
#376 = CYLINDRICAL_SURFACE('',#377,0.2);
#377 = AXIS2_PLACEMENT_3D('',#378,#379,#380);
#378 = CARTESIAN_POINT('',(-2.375,-6.3,2.9));
#379 = DIRECTION('',(-1.,0.,0.));
#380 = DIRECTION('',(-0.,-0.707106781187,-0.707106781187));
#381 = ADVANCED_FACE('',(#382),#420,.T.);
#382 = FACE_BOUND('',#383,.T.);
#383 = EDGE_LOOP('',(#384,#395,#404,#413));
#384 = ORIENTED_EDGE('',*,*,#385,.T.);
#385 = EDGE_CURVE('',#386,#388,#390,.T.);
#386 = VERTEX_POINT('',#387);
#387 = CARTESIAN_POINT('',(3.95,4.85,2.9));
#388 = VERTEX_POINT('',#389);
#389 = CARTESIAN_POINT('',(4.75,4.05,2.9));
#390 = CIRCLE('',#391,0.8);
#391 = AXIS2_PLACEMENT_3D('',#392,#393,#394);
#392 = CARTESIAN_POINT('',(3.95,4.05,2.9));
#393 = DIRECTION('',(0.,0.,-1.));
#394 = DIRECTION('',(1.,0.,0.));
#395 = ORIENTED_EDGE('',*,*,#396,.F.);
#396 = EDGE_CURVE('',#397,#388,#399,.T.);
#397 = VERTEX_POINT('',#398);
#398 = CARTESIAN_POINT('',(4.55,4.05,2.7));
#399 = CIRCLE('',#400,0.2);
#400 = AXIS2_PLACEMENT_3D('',#401,#402,#403);
#401 = CARTESIAN_POINT('',(4.55,4.05,2.9));
#402 = DIRECTION('',(0.,-1.,0.));
#403 = DIRECTION('',(0.,0.,-1.));
#404 = ORIENTED_EDGE('',*,*,#405,.T.);
#405 = EDGE_CURVE('',#397,#406,#408,.T.);
#406 = VERTEX_POINT('',#407);
#407 = CARTESIAN_POINT('',(3.95,4.65,2.7));
#408 = CIRCLE('',#409,0.6);
#409 = AXIS2_PLACEMENT_3D('',#410,#411,#412);
#410 = CARTESIAN_POINT('',(3.95,4.05,2.7));
#411 = DIRECTION('',(0.,0.,1.));
#412 = DIRECTION('',(0.707106781187,0.707106781187,-0.));
#413 = ORIENTED_EDGE('',*,*,#414,.F.);
#414 = EDGE_CURVE('',#386,#406,#415,.T.);
#415 = CIRCLE('',#416,0.2);
#416 = AXIS2_PLACEMENT_3D('',#417,#418,#419);
#417 = CARTESIAN_POINT('',(3.95,4.65,2.9));
#418 = DIRECTION('',(-1.,0.,0.));
#419 = DIRECTION('',(0.,1.,0.));
#420 = TOROIDAL_SURFACE('',#421,0.6,0.2);
#421 = AXIS2_PLACEMENT_3D('',#422,#423,#424);
#422 = CARTESIAN_POINT('',(3.95,4.05,2.9));
#423 = DIRECTION('',(0.,0.,-1.));
#424 = DIRECTION('',(-1.,0.,0.));
#425 = ADVANCED_FACE('',(#426),#442,.T.);
#426 = FACE_BOUND('',#427,.T.);
#427 = EDGE_LOOP('',(#428,#429,#435,#436));
#428 = ORIENTED_EDGE('',*,*,#348,.F.);
#429 = ORIENTED_EDGE('',*,*,#430,.T.);
#430 = EDGE_CURVE('',#340,#397,#431,.T.);
#431 = LINE('',#432,#433);
#432 = CARTESIAN_POINT('',(4.55,-3.6625,2.7));
#433 = VECTOR('',#434,1.);
#434 = DIRECTION('',(0.,1.,0.));
#435 = ORIENTED_EDGE('',*,*,#396,.T.);
#436 = ORIENTED_EDGE('',*,*,#437,.T.);
#437 = EDGE_CURVE('',#388,#329,#438,.T.);
#438 = LINE('',#439,#440);
#439 = CARTESIAN_POINT('',(4.75,-3.6625,2.9));
#440 = VECTOR('',#441,1.);
#441 = DIRECTION('',(0.,-1.,0.));
#442 = CYLINDRICAL_SURFACE('',#443,0.2);
#443 = AXIS2_PLACEMENT_3D('',#444,#445,#446);
#444 = CARTESIAN_POINT('',(4.55,-3.6625,2.9));
#445 = DIRECTION('',(0.,-1.,0.));
#446 = DIRECTION('',(0.707106781187,0.,-0.707106781187));
#447 = ADVANCED_FACE('',(#448),#472,.T.);
#448 = FACE_BOUND('',#449,.T.);
#449 = EDGE_LOOP('',(#450,#459,#465,#466));
#450 = ORIENTED_EDGE('',*,*,#451,.T.);
#451 = EDGE_CURVE('',#134,#452,#454,.T.);
#452 = VERTEX_POINT('',#453);
#453 = CARTESIAN_POINT('',(2.2,4.85,2.9));
#454 = CIRCLE('',#455,0.2);
#455 = AXIS2_PLACEMENT_3D('',#456,#457,#458);
#456 = CARTESIAN_POINT('',(2.2,4.65,2.9));
#457 = DIRECTION('',(1.,0.,0.));
#458 = DIRECTION('',(0.,0.,-1.));
#459 = ORIENTED_EDGE('',*,*,#460,.T.);
#460 = EDGE_CURVE('',#452,#386,#461,.T.);
#461 = LINE('',#462,#463);
#462 = CARTESIAN_POINT('',(2.375,4.85,2.9));
#463 = VECTOR('',#464,1.);
#464 = DIRECTION('',(1.,0.,0.));
#465 = ORIENTED_EDGE('',*,*,#414,.T.);
#466 = ORIENTED_EDGE('',*,*,#467,.T.);
#467 = EDGE_CURVE('',#406,#134,#468,.T.);
#468 = LINE('',#469,#470);
#469 = CARTESIAN_POINT('',(2.375,4.65,2.7));
#470 = VECTOR('',#471,1.);
#471 = DIRECTION('',(-1.,0.,0.));
#472 = CYLINDRICAL_SURFACE('',#473,0.2);
#473 = AXIS2_PLACEMENT_3D('',#474,#475,#476);
#474 = CARTESIAN_POINT('',(2.375,4.65,2.9));
#475 = DIRECTION('',(1.,0.,0.));
#476 = DIRECTION('',(0.,0.707106781187,-0.707106781187));
#477 = ADVANCED_FACE('',(#478),#504,.T.);
#478 = FACE_BOUND('',#479,.T.);
#479 = EDGE_LOOP('',(#480,#491,#497,#498));
#480 = ORIENTED_EDGE('',*,*,#481,.T.);
#481 = EDGE_CURVE('',#482,#484,#486,.T.);
#482 = VERTEX_POINT('',#483);
#483 = CARTESIAN_POINT('',(3.95,4.85,3.5));
#484 = VERTEX_POINT('',#485);
#485 = CARTESIAN_POINT('',(4.75,4.05,3.5));
#486 = CIRCLE('',#487,0.8);
#487 = AXIS2_PLACEMENT_3D('',#488,#489,#490);
#488 = CARTESIAN_POINT('',(3.95,4.05,3.5));
#489 = DIRECTION('',(0.,0.,-1.));
#490 = DIRECTION('',(0.707106781187,0.707106781187,0.));
#491 = ORIENTED_EDGE('',*,*,#492,.T.);
#492 = EDGE_CURVE('',#484,#388,#493,.T.);
#493 = LINE('',#494,#495);
#494 = CARTESIAN_POINT('',(4.75,4.05,2.7));
#495 = VECTOR('',#496,1.);
#496 = DIRECTION('',(0.,0.,-1.));
#497 = ORIENTED_EDGE('',*,*,#385,.F.);
#498 = ORIENTED_EDGE('',*,*,#499,.T.);
#499 = EDGE_CURVE('',#386,#482,#500,.T.);
#500 = LINE('',#501,#502);
#501 = CARTESIAN_POINT('',(3.95,4.85,2.7));
#502 = VECTOR('',#503,1.);
#503 = DIRECTION('',(0.,0.,1.));
#504 = CYLINDRICAL_SURFACE('',#505,0.8);
#505 = AXIS2_PLACEMENT_3D('',#506,#507,#508);
#506 = CARTESIAN_POINT('',(3.95,4.05,2.7));
#507 = DIRECTION('',(0.,0.,1.));
#508 = DIRECTION('',(0.707106781187,0.707106781187,-0.));
#509 = ADVANCED_FACE('',(#510),#536,.T.);
#510 = FACE_BOUND('',#511,.T.);
#511 = EDGE_LOOP('',(#512,#523,#529,#530));
#512 = ORIENTED_EDGE('',*,*,#513,.T.);
#513 = EDGE_CURVE('',#514,#516,#518,.T.);
#514 = VERTEX_POINT('',#515);
#515 = CARTESIAN_POINT('',(4.75,-6.3,3.5));
#516 = VERTEX_POINT('',#517);
#517 = CARTESIAN_POINT('',(4.55,-6.5,3.5));
#518 = CIRCLE('',#519,0.2);
#519 = AXIS2_PLACEMENT_3D('',#520,#521,#522);
#520 = CARTESIAN_POINT('',(4.55,-6.3,3.5));
#521 = DIRECTION('',(0.,0.,-1.));
#522 = DIRECTION('',(0.707106781187,-0.707106781187,0.));
#523 = ORIENTED_EDGE('',*,*,#524,.T.);
#524 = EDGE_CURVE('',#516,#331,#525,.T.);
#525 = LINE('',#526,#527);
#526 = CARTESIAN_POINT('',(4.55,-6.5,2.7));
#527 = VECTOR('',#528,1.);
#528 = DIRECTION('',(0.,0.,-1.));
#529 = ORIENTED_EDGE('',*,*,#328,.F.);
#530 = ORIENTED_EDGE('',*,*,#531,.T.);
#531 = EDGE_CURVE('',#329,#514,#532,.T.);
#532 = LINE('',#533,#534);
#533 = CARTESIAN_POINT('',(4.75,-6.3,2.7));
#534 = VECTOR('',#535,1.);
#535 = DIRECTION('',(0.,0.,1.));
#536 = CYLINDRICAL_SURFACE('',#537,0.2);
#537 = AXIS2_PLACEMENT_3D('',#538,#539,#540);
#538 = CARTESIAN_POINT('',(4.55,-6.3,2.7));
#539 = DIRECTION('',(0.,0.,1.));
#540 = DIRECTION('',(0.707106781187,-0.707106781187,0.));
#541 = ADVANCED_FACE('',(#542),#568,.T.);
#542 = FACE_BOUND('',#543,.T.);
#543 = EDGE_LOOP('',(#544,#555,#561,#562));
#544 = ORIENTED_EDGE('',*,*,#545,.T.);
#545 = EDGE_CURVE('',#546,#548,#550,.T.);
#546 = VERTEX_POINT('',#547);
#547 = CARTESIAN_POINT('',(-4.55,-6.5,3.5));
#548 = VERTEX_POINT('',#549);
#549 = CARTESIAN_POINT('',(-4.75,-6.3,3.5));
#550 = CIRCLE('',#551,0.2);
#551 = AXIS2_PLACEMENT_3D('',#552,#553,#554);
#552 = CARTESIAN_POINT('',(-4.55,-6.3,3.5));
#553 = DIRECTION('',(0.,0.,-1.));
#554 = DIRECTION('',(-0.707106781187,-0.707106781187,-0.));
#555 = ORIENTED_EDGE('',*,*,#556,.T.);
#556 = EDGE_CURVE('',#548,#168,#557,.T.);
#557 = LINE('',#558,#559);
#558 = CARTESIAN_POINT('',(-4.75,-6.3,2.7));
#559 = VECTOR('',#560,1.);
#560 = DIRECTION('',(0.,0.,-1.));
#561 = ORIENTED_EDGE('',*,*,#165,.F.);
#562 = ORIENTED_EDGE('',*,*,#563,.T.);
#563 = EDGE_CURVE('',#166,#546,#564,.T.);
#564 = LINE('',#565,#566);
#565 = CARTESIAN_POINT('',(-4.55,-6.5,2.7));
#566 = VECTOR('',#567,1.);
#567 = DIRECTION('',(0.,0.,1.));
#568 = CYLINDRICAL_SURFACE('',#569,0.2);
#569 = AXIS2_PLACEMENT_3D('',#570,#571,#572);
#570 = CARTESIAN_POINT('',(-4.55,-6.3,2.7));
#571 = DIRECTION('',(0.,0.,1.));
#572 = DIRECTION('',(-0.707106781187,-0.707106781187,0.));
#573 = ADVANCED_FACE('',(#574),#585,.T.);
#574 = FACE_BOUND('',#575,.T.);
#575 = EDGE_LOOP('',(#576,#577,#584));
#576 = ORIENTED_EDGE('',*,*,#244,.F.);
#577 = ORIENTED_EDGE('',*,*,#578,.T.);
#578 = EDGE_CURVE('',#245,#76,#579,.T.);
#579 = CIRCLE('',#580,0.2);
#580 = AXIS2_PLACEMENT_3D('',#581,#582,#583);
#581 = CARTESIAN_POINT('',(-2.2,4.65,2.9));
#582 = DIRECTION('',(0.,0.,-1.));
#583 = DIRECTION('',(0.707106781187,0.707106781187,0.));
#584 = ORIENTED_EDGE('',*,*,#75,.F.);
#585 = SPHERICAL_SURFACE('',#586,0.2);
#586 = AXIS2_PLACEMENT_3D('',#587,#588,#589);
#587 = CARTESIAN_POINT('',(-2.2,4.65,2.9));
#588 = DIRECTION('',(0.408248290464,-0.816496580928,-0.408248290464));
#589 = DIRECTION('',(0.57735026919,0.57735026919,-0.57735026919));
#590 = ADVANCED_FACE('',(#591),#602,.T.);
#591 = FACE_BOUND('',#592,.T.);
#592 = EDGE_LOOP('',(#593,#594,#601));
#593 = ORIENTED_EDGE('',*,*,#131,.F.);
#594 = ORIENTED_EDGE('',*,*,#595,.T.);
#595 = EDGE_CURVE('',#132,#452,#596,.T.);
#596 = CIRCLE('',#597,0.2);
#597 = AXIS2_PLACEMENT_3D('',#598,#599,#600);
#598 = CARTESIAN_POINT('',(2.2,4.65,2.9));
#599 = DIRECTION('',(0.,0.,-1.));
#600 = DIRECTION('',(-0.707106781187,0.707106781187,0.));
#601 = ORIENTED_EDGE('',*,*,#451,.F.);
#602 = SPHERICAL_SURFACE('',#603,0.2);
#603 = AXIS2_PLACEMENT_3D('',#604,#605,#606);
#604 = CARTESIAN_POINT('',(2.2,4.65,2.9));
#605 = DIRECTION('',(-0.408248290464,-0.816496580928,-0.408248290464));
#606 = DIRECTION('',(-0.57735026919,0.57735026919,-0.57735026919));
#607 = ADVANCED_FACE('',(#608),#619,.T.);
#608 = FACE_BOUND('',#609,.T.);
#609 = EDGE_LOOP('',(#610,#611,#612,#613));
#610 = ORIENTED_EDGE('',*,*,#563,.F.);
#611 = ORIENTED_EDGE('',*,*,#371,.F.);
#612 = ORIENTED_EDGE('',*,*,#524,.F.);
#613 = ORIENTED_EDGE('',*,*,#614,.F.);
#614 = EDGE_CURVE('',#546,#516,#615,.T.);
#615 = LINE('',#616,#617);
#616 = CARTESIAN_POINT('',(4.75,-6.5,3.5));
#617 = VECTOR('',#618,1.);
#618 = DIRECTION('',(1.,0.,0.));
#619 = PLANE('',#620);
#620 = AXIS2_PLACEMENT_3D('',#621,#622,#623);
#621 = CARTESIAN_POINT('',(-4.75,-6.5,2.7));
#622 = DIRECTION('',(0.,-1.,0.));
#623 = DIRECTION('',(1.,0.,0.));
#624 = ADVANCED_FACE('',(#625),#636,.T.);
#625 = FACE_BOUND('',#626,.T.);
#626 = EDGE_LOOP('',(#627,#628,#629,#630));
#627 = ORIENTED_EDGE('',*,*,#531,.F.);
#628 = ORIENTED_EDGE('',*,*,#437,.F.);
#629 = ORIENTED_EDGE('',*,*,#492,.F.);
#630 = ORIENTED_EDGE('',*,*,#631,.F.);
#631 = EDGE_CURVE('',#514,#484,#632,.T.);
#632 = LINE('',#633,#634);
#633 = CARTESIAN_POINT('',(4.75,4.85,3.5));
#634 = VECTOR('',#635,1.);
#635 = DIRECTION('',(0.,1.,0.));
#636 = PLANE('',#637);
#637 = AXIS2_PLACEMENT_3D('',#638,#639,#640);
#638 = CARTESIAN_POINT('',(4.75,-6.5,2.7));
#639 = DIRECTION('',(1.,0.,0.));
#640 = DIRECTION('',(-0.,1.,0.));
#641 = ADVANCED_FACE('',(#642,#714,#725),#736,.T.);
#642 = FACE_BOUND('',#643,.T.);
#643 = EDGE_LOOP('',(#644,#645,#646,#647,#648,#649,#657,#666,#675,#683,
    #692,#701,#707,#708));
#644 = ORIENTED_EDGE('',*,*,#545,.F.);
#645 = ORIENTED_EDGE('',*,*,#614,.T.);
#646 = ORIENTED_EDGE('',*,*,#513,.F.);
#647 = ORIENTED_EDGE('',*,*,#631,.T.);
#648 = ORIENTED_EDGE('',*,*,#481,.F.);
#649 = ORIENTED_EDGE('',*,*,#650,.T.);
#650 = EDGE_CURVE('',#482,#651,#653,.T.);
#651 = VERTEX_POINT('',#652);
#652 = CARTESIAN_POINT('',(2.2,4.85,3.5));
#653 = LINE('',#654,#655);
#654 = CARTESIAN_POINT('',(-4.75,4.85,3.5));
#655 = VECTOR('',#656,1.);
#656 = DIRECTION('',(-1.,0.,0.));
#657 = ORIENTED_EDGE('',*,*,#658,.F.);
#658 = EDGE_CURVE('',#659,#651,#661,.T.);
#659 = VERTEX_POINT('',#660);
#660 = CARTESIAN_POINT('',(2.,4.65,3.5));
#661 = CIRCLE('',#662,0.2);
#662 = AXIS2_PLACEMENT_3D('',#663,#664,#665);
#663 = CARTESIAN_POINT('',(2.2,4.65,3.5));
#664 = DIRECTION('',(0.,0.,-1.));
#665 = DIRECTION('',(-0.707106781187,0.707106781187,0.));
#666 = ORIENTED_EDGE('',*,*,#667,.F.);
#667 = EDGE_CURVE('',#668,#659,#670,.T.);
#668 = VERTEX_POINT('',#669);
#669 = CARTESIAN_POINT('',(1.8,4.45,3.5));
#670 = CIRCLE('',#671,0.2);
#671 = AXIS2_PLACEMENT_3D('',#672,#673,#674);
#672 = CARTESIAN_POINT('',(1.8,4.65,3.5));
#673 = DIRECTION('',(0.,0.,1.));
#674 = DIRECTION('',(0.707106781187,-0.707106781187,0.));
#675 = ORIENTED_EDGE('',*,*,#676,.T.);
#676 = EDGE_CURVE('',#668,#677,#679,.T.);
#677 = VERTEX_POINT('',#678);
#678 = CARTESIAN_POINT('',(-1.8,4.45,3.5));
#679 = LINE('',#680,#681);
#680 = CARTESIAN_POINT('',(-2.,4.45,3.5));
#681 = VECTOR('',#682,1.);
#682 = DIRECTION('',(-1.,0.,0.));
#683 = ORIENTED_EDGE('',*,*,#684,.F.);
#684 = EDGE_CURVE('',#685,#677,#687,.T.);
#685 = VERTEX_POINT('',#686);
#686 = CARTESIAN_POINT('',(-2.,4.65,3.5));
#687 = CIRCLE('',#688,0.2);
#688 = AXIS2_PLACEMENT_3D('',#689,#690,#691);
#689 = CARTESIAN_POINT('',(-1.8,4.65,3.5));
#690 = DIRECTION('',(0.,0.,1.));
#691 = DIRECTION('',(-0.707106781187,-0.707106781187,0.));
#692 = ORIENTED_EDGE('',*,*,#693,.F.);
#693 = EDGE_CURVE('',#694,#685,#696,.T.);
#694 = VERTEX_POINT('',#695);
#695 = CARTESIAN_POINT('',(-2.2,4.85,3.5));
#696 = CIRCLE('',#697,0.2);
#697 = AXIS2_PLACEMENT_3D('',#698,#699,#700);
#698 = CARTESIAN_POINT('',(-2.2,4.65,3.5));
#699 = DIRECTION('',(0.,0.,-1.));
#700 = DIRECTION('',(0.707106781187,0.707106781187,0.));
#701 = ORIENTED_EDGE('',*,*,#702,.T.);
#702 = EDGE_CURVE('',#694,#299,#703,.T.);
#703 = LINE('',#704,#705);
#704 = CARTESIAN_POINT('',(-4.75,4.85,3.5));
#705 = VECTOR('',#706,1.);
#706 = DIRECTION('',(-1.,0.,0.));
#707 = ORIENTED_EDGE('',*,*,#296,.F.);
#708 = ORIENTED_EDGE('',*,*,#709,.T.);
#709 = EDGE_CURVE('',#297,#548,#710,.T.);
#710 = LINE('',#711,#712);
#711 = CARTESIAN_POINT('',(-4.75,-6.5,3.5));
#712 = VECTOR('',#713,1.);
#713 = DIRECTION('',(0.,-1.,0.));
#714 = FACE_BOUND('',#715,.T.);
#715 = EDGE_LOOP('',(#716));
#716 = ORIENTED_EDGE('',*,*,#717,.T.);
#717 = EDGE_CURVE('',#718,#718,#720,.T.);
#718 = VERTEX_POINT('',#719);
#719 = CARTESIAN_POINT('',(3.25,3.65,3.5));
#720 = CIRCLE('',#721,0.6);
#721 = AXIS2_PLACEMENT_3D('',#722,#723,#724);
#722 = CARTESIAN_POINT('',(3.85,3.65,3.5));
#723 = DIRECTION('',(0.,0.,-1.));
#724 = DIRECTION('',(1.,0.,0.));
#725 = FACE_BOUND('',#726,.T.);
#726 = EDGE_LOOP('',(#727));
#727 = ORIENTED_EDGE('',*,*,#728,.T.);
#728 = EDGE_CURVE('',#729,#729,#731,.T.);
#729 = VERTEX_POINT('',#730);
#730 = CARTESIAN_POINT('',(-4.45,-3.65,3.5));
#731 = CIRCLE('',#732,0.6);
#732 = AXIS2_PLACEMENT_3D('',#733,#734,#735);
#733 = CARTESIAN_POINT('',(-3.85,-3.65,3.5));
#734 = DIRECTION('',(0.,0.,-1.));
#735 = DIRECTION('',(1.,0.,0.));
#736 = PLANE('',#737);
#737 = AXIS2_PLACEMENT_3D('',#738,#739,#740);
#738 = CARTESIAN_POINT('',(5.551115123126E-16,-0.825,3.5));
#739 = DIRECTION('',(0.,0.,1.));
#740 = DIRECTION('',(1.,0.,-0.));
#741 = ADVANCED_FACE('',(#742),#753,.T.);
#742 = FACE_BOUND('',#743,.T.);
#743 = EDGE_LOOP('',(#744,#745,#746,#752));
#744 = ORIENTED_EDGE('',*,*,#499,.F.);
#745 = ORIENTED_EDGE('',*,*,#460,.F.);
#746 = ORIENTED_EDGE('',*,*,#747,.F.);
#747 = EDGE_CURVE('',#651,#452,#748,.T.);
#748 = LINE('',#749,#750);
#749 = CARTESIAN_POINT('',(2.2,4.85,2.7));
#750 = VECTOR('',#751,1.);
#751 = DIRECTION('',(0.,0.,-1.));
#752 = ORIENTED_EDGE('',*,*,#650,.F.);
#753 = PLANE('',#754);
#754 = AXIS2_PLACEMENT_3D('',#755,#756,#757);
#755 = CARTESIAN_POINT('',(4.75,4.85,2.7));
#756 = DIRECTION('',(0.,1.,0.));
#757 = DIRECTION('',(-1.,0.,0.));
#758 = ADVANCED_FACE('',(#759,#771,#782),#793,.F.);
#759 = FACE_BOUND('',#760,.T.);
#760 = EDGE_LOOP('',(#761,#762,#763,#764,#765,#766,#767,#768,#769,#770)
  );
#761 = ORIENTED_EDGE('',*,*,#405,.F.);
#762 = ORIENTED_EDGE('',*,*,#430,.F.);
#763 = ORIENTED_EDGE('',*,*,#364,.F.);
#764 = ORIENTED_EDGE('',*,*,#275,.F.);
#765 = ORIENTED_EDGE('',*,*,#220,.F.);
#766 = ORIENTED_EDGE('',*,*,#253,.F.);
#767 = ORIENTED_EDGE('',*,*,#66,.F.);
#768 = ORIENTED_EDGE('',*,*,#110,.F.);
#769 = ORIENTED_EDGE('',*,*,#142,.F.);
#770 = ORIENTED_EDGE('',*,*,#467,.F.);
#771 = FACE_BOUND('',#772,.T.);
#772 = EDGE_LOOP('',(#773));
#773 = ORIENTED_EDGE('',*,*,#774,.T.);
#774 = EDGE_CURVE('',#775,#775,#777,.T.);
#775 = VERTEX_POINT('',#776);
#776 = CARTESIAN_POINT('',(3.25,3.65,2.7));
#777 = CIRCLE('',#778,0.6);
#778 = AXIS2_PLACEMENT_3D('',#779,#780,#781);
#779 = CARTESIAN_POINT('',(3.85,3.65,2.7));
#780 = DIRECTION('',(0.,0.,1.));
#781 = DIRECTION('',(1.,0.,-0.));
#782 = FACE_BOUND('',#783,.T.);
#783 = EDGE_LOOP('',(#784));
#784 = ORIENTED_EDGE('',*,*,#785,.T.);
#785 = EDGE_CURVE('',#786,#786,#788,.T.);
#786 = VERTEX_POINT('',#787);
#787 = CARTESIAN_POINT('',(-4.45,-3.65,2.7));
#788 = CIRCLE('',#789,0.6);
#789 = AXIS2_PLACEMENT_3D('',#790,#791,#792);
#790 = CARTESIAN_POINT('',(-3.85,-3.65,2.7));
#791 = DIRECTION('',(0.,0.,1.));
#792 = DIRECTION('',(1.,0.,-0.));
#793 = PLANE('',#794);
#794 = AXIS2_PLACEMENT_3D('',#795,#796,#797);
#795 = CARTESIAN_POINT('',(5.551115123126E-16,-0.825,2.7));
#796 = DIRECTION('',(0.,0.,1.));
#797 = DIRECTION('',(1.,0.,-0.));
#798 = ADVANCED_FACE('',(#799),#815,.T.);
#799 = FACE_BOUND('',#800,.T.);
#800 = EDGE_LOOP('',(#801,#802,#808,#809));
#801 = ORIENTED_EDGE('',*,*,#578,.F.);
#802 = ORIENTED_EDGE('',*,*,#803,.T.);
#803 = EDGE_CURVE('',#245,#694,#804,.T.);
#804 = LINE('',#805,#806);
#805 = CARTESIAN_POINT('',(-2.2,4.85,2.7));
#806 = VECTOR('',#807,1.);
#807 = DIRECTION('',(0.,0.,1.));
#808 = ORIENTED_EDGE('',*,*,#693,.T.);
#809 = ORIENTED_EDGE('',*,*,#810,.F.);
#810 = EDGE_CURVE('',#76,#685,#811,.T.);
#811 = LINE('',#812,#813);
#812 = CARTESIAN_POINT('',(-2.,4.65,2.7));
#813 = VECTOR('',#814,1.);
#814 = DIRECTION('',(0.,0.,1.));
#815 = CYLINDRICAL_SURFACE('',#816,0.2);
#816 = AXIS2_PLACEMENT_3D('',#817,#818,#819);
#817 = CARTESIAN_POINT('',(-2.2,4.65,2.7));
#818 = DIRECTION('',(0.,0.,1.));
#819 = DIRECTION('',(0.707106781187,0.707106781187,-0.));
#820 = ADVANCED_FACE('',(#821),#827,.T.);
#821 = FACE_BOUND('',#822,.T.);
#822 = EDGE_LOOP('',(#823,#824,#825,#826));
#823 = ORIENTED_EDGE('',*,*,#307,.F.);
#824 = ORIENTED_EDGE('',*,*,#702,.F.);
#825 = ORIENTED_EDGE('',*,*,#803,.F.);
#826 = ORIENTED_EDGE('',*,*,#260,.F.);
#827 = PLANE('',#828);
#828 = AXIS2_PLACEMENT_3D('',#829,#830,#831);
#829 = CARTESIAN_POINT('',(-2.,4.85,2.7));
#830 = DIRECTION('',(0.,1.,0.));
#831 = DIRECTION('',(-1.,0.,0.));
#832 = ADVANCED_FACE('',(#833),#844,.T.);
#833 = FACE_BOUND('',#834,.T.);
#834 = EDGE_LOOP('',(#835,#836,#842,#843));
#835 = ORIENTED_EDGE('',*,*,#595,.F.);
#836 = ORIENTED_EDGE('',*,*,#837,.F.);
#837 = EDGE_CURVE('',#659,#132,#838,.T.);
#838 = LINE('',#839,#840);
#839 = CARTESIAN_POINT('',(2.,4.65,2.7));
#840 = VECTOR('',#841,1.);
#841 = DIRECTION('',(0.,0.,-1.));
#842 = ORIENTED_EDGE('',*,*,#658,.T.);
#843 = ORIENTED_EDGE('',*,*,#747,.T.);
#844 = CYLINDRICAL_SURFACE('',#845,0.2);
#845 = AXIS2_PLACEMENT_3D('',#846,#847,#848);
#846 = CARTESIAN_POINT('',(2.2,4.65,2.7));
#847 = DIRECTION('',(0.,0.,1.));
#848 = DIRECTION('',(-0.707106781187,0.707106781187,0.));
#849 = ADVANCED_FACE('',(#850),#861,.F.);
#850 = FACE_BOUND('',#851,.F.);
#851 = EDGE_LOOP('',(#852,#853,#854,#860));
#852 = ORIENTED_EDGE('',*,*,#837,.F.);
#853 = ORIENTED_EDGE('',*,*,#667,.F.);
#854 = ORIENTED_EDGE('',*,*,#855,.F.);
#855 = EDGE_CURVE('',#100,#668,#856,.T.);
#856 = LINE('',#857,#858);
#857 = CARTESIAN_POINT('',(1.8,4.45,2.7));
#858 = VECTOR('',#859,1.);
#859 = DIRECTION('',(0.,0.,1.));
#860 = ORIENTED_EDGE('',*,*,#150,.T.);
#861 = CYLINDRICAL_SURFACE('',#862,0.2);
#862 = AXIS2_PLACEMENT_3D('',#863,#864,#865);
#863 = CARTESIAN_POINT('',(1.8,4.65,2.7));
#864 = DIRECTION('',(0.,0.,1.));
#865 = DIRECTION('',(0.707106781187,-0.707106781187,0.));
#866 = ADVANCED_FACE('',(#867),#878,.T.);
#867 = FACE_BOUND('',#868,.T.);
#868 = EDGE_LOOP('',(#869,#870,#876,#877));
#869 = ORIENTED_EDGE('',*,*,#117,.F.);
#870 = ORIENTED_EDGE('',*,*,#871,.F.);
#871 = EDGE_CURVE('',#677,#56,#872,.T.);
#872 = LINE('',#873,#874);
#873 = CARTESIAN_POINT('',(-1.8,4.45,2.7));
#874 = VECTOR('',#875,1.);
#875 = DIRECTION('',(0.,0.,-1.));
#876 = ORIENTED_EDGE('',*,*,#676,.F.);
#877 = ORIENTED_EDGE('',*,*,#855,.F.);
#878 = PLANE('',#879);
#879 = AXIS2_PLACEMENT_3D('',#880,#881,#882);
#880 = CARTESIAN_POINT('',(2.,4.45,2.7));
#881 = DIRECTION('',(0.,1.,0.));
#882 = DIRECTION('',(-1.,0.,0.));
#883 = ADVANCED_FACE('',(#884),#890,.F.);
#884 = FACE_BOUND('',#885,.F.);
#885 = EDGE_LOOP('',(#886,#887,#888,#889));
#886 = ORIENTED_EDGE('',*,*,#871,.F.);
#887 = ORIENTED_EDGE('',*,*,#684,.F.);
#888 = ORIENTED_EDGE('',*,*,#810,.F.);
#889 = ORIENTED_EDGE('',*,*,#84,.T.);
#890 = CYLINDRICAL_SURFACE('',#891,0.2);
#891 = AXIS2_PLACEMENT_3D('',#892,#893,#894);
#892 = CARTESIAN_POINT('',(-1.8,4.65,2.7));
#893 = DIRECTION('',(0.,0.,1.));
#894 = DIRECTION('',(-0.707106781187,-0.707106781187,0.));
#895 = ADVANCED_FACE('',(#896),#907,.F.);
#896 = FACE_BOUND('',#897,.F.);
#897 = EDGE_LOOP('',(#898,#904,#905,#906));
#898 = ORIENTED_EDGE('',*,*,#899,.T.);
#899 = EDGE_CURVE('',#729,#786,#900,.T.);
#900 = LINE('',#901,#902);
#901 = CARTESIAN_POINT('',(-4.45,-3.65,2.7));
#902 = VECTOR('',#903,1.);
#903 = DIRECTION('',(0.,0.,-1.));
#904 = ORIENTED_EDGE('',*,*,#785,.T.);
#905 = ORIENTED_EDGE('',*,*,#899,.F.);
#906 = ORIENTED_EDGE('',*,*,#728,.T.);
#907 = CYLINDRICAL_SURFACE('',#908,0.6);
#908 = AXIS2_PLACEMENT_3D('',#909,#910,#911);
#909 = CARTESIAN_POINT('',(-3.85,-3.65,2.7));
#910 = DIRECTION('',(0.,0.,-1.));
#911 = DIRECTION('',(1.,0.,0.));
#912 = ADVANCED_FACE('',(#913),#924,.F.);
#913 = FACE_BOUND('',#914,.F.);
#914 = EDGE_LOOP('',(#915,#921,#922,#923));
#915 = ORIENTED_EDGE('',*,*,#916,.T.);
#916 = EDGE_CURVE('',#718,#775,#917,.T.);
#917 = LINE('',#918,#919);
#918 = CARTESIAN_POINT('',(3.25,3.65,2.7));
#919 = VECTOR('',#920,1.);
#920 = DIRECTION('',(0.,0.,-1.));
#921 = ORIENTED_EDGE('',*,*,#774,.T.);
#922 = ORIENTED_EDGE('',*,*,#916,.F.);
#923 = ORIENTED_EDGE('',*,*,#717,.T.);
#924 = CYLINDRICAL_SURFACE('',#925,0.6);
#925 = AXIS2_PLACEMENT_3D('',#926,#927,#928);
#926 = CARTESIAN_POINT('',(3.85,3.65,2.7));
#927 = DIRECTION('',(0.,0.,-1.));
#928 = DIRECTION('',(1.,0.,0.));
#929 = ADVANCED_FACE('',(#930),#936,.T.);
#930 = FACE_BOUND('',#931,.T.);
#931 = EDGE_LOOP('',(#932,#933,#934,#935));
#932 = ORIENTED_EDGE('',*,*,#556,.F.);
#933 = ORIENTED_EDGE('',*,*,#709,.F.);
#934 = ORIENTED_EDGE('',*,*,#314,.F.);
#935 = ORIENTED_EDGE('',*,*,#282,.F.);
#936 = PLANE('',#937);
#937 = AXIS2_PLACEMENT_3D('',#938,#939,#940);
#938 = CARTESIAN_POINT('',(-4.75,4.85,2.7));
#939 = DIRECTION('',(-1.,0.,0.));
#940 = DIRECTION('',(0.,-1.,0.));
#941 = MANIFOLD_SOLID_BREP('',#942);
#942 = CLOSED_SHELL('',(#943,#985,#1032,#1091,#1123,#1163,#1196,#1227,
    #1292,#1310,#1327,#1344,#1356,#1373,#1398,#1423));
#943 = ADVANCED_FACE('',(#944),#980,.T.);
#944 = FACE_BOUND('',#945,.T.);
#945 = EDGE_LOOP('',(#946,#957,#965,#974));
#946 = ORIENTED_EDGE('',*,*,#947,.T.);
#947 = EDGE_CURVE('',#948,#950,#952,.T.);
#948 = VERTEX_POINT('',#949);
#949 = CARTESIAN_POINT('',(-4.55,-6.5,7.2));
#950 = VERTEX_POINT('',#951);
#951 = CARTESIAN_POINT('',(-4.75,-6.3,7.2));
#952 = CIRCLE('',#953,0.2);
#953 = AXIS2_PLACEMENT_3D('',#954,#955,#956);
#954 = CARTESIAN_POINT('',(-4.55,-6.3,7.2));
#955 = DIRECTION('',(0.,0.,-1.));
#956 = DIRECTION('',(-0.707106781187,-0.707106781187,-0.));
#957 = ORIENTED_EDGE('',*,*,#958,.T.);
#958 = EDGE_CURVE('',#950,#959,#961,.T.);
#959 = VERTEX_POINT('',#960);
#960 = CARTESIAN_POINT('',(-4.75,-6.3,3.5));
#961 = LINE('',#962,#963);
#962 = CARTESIAN_POINT('',(-4.75,-6.3,2.7));
#963 = VECTOR('',#964,1.);
#964 = DIRECTION('',(0.,0.,-1.));
#965 = ORIENTED_EDGE('',*,*,#966,.T.);
#966 = EDGE_CURVE('',#959,#967,#969,.T.);
#967 = VERTEX_POINT('',#968);
#968 = CARTESIAN_POINT('',(-4.55,-6.5,3.5));
#969 = CIRCLE('',#970,0.2);
#970 = AXIS2_PLACEMENT_3D('',#971,#972,#973);
#971 = CARTESIAN_POINT('',(-4.55,-6.3,3.5));
#972 = DIRECTION('',(0.,0.,1.));
#973 = DIRECTION('',(-0.707106781187,-0.707106781187,0.));
#974 = ORIENTED_EDGE('',*,*,#975,.T.);
#975 = EDGE_CURVE('',#967,#948,#976,.T.);
#976 = LINE('',#977,#978);
#977 = CARTESIAN_POINT('',(-4.55,-6.5,2.7));
#978 = VECTOR('',#979,1.);
#979 = DIRECTION('',(0.,0.,1.));
#980 = CYLINDRICAL_SURFACE('',#981,0.2);
#981 = AXIS2_PLACEMENT_3D('',#982,#983,#984);
#982 = CARTESIAN_POINT('',(-4.55,-6.3,2.7));
#983 = DIRECTION('',(0.,0.,1.));
#984 = DIRECTION('',(-0.707106781187,-0.707106781187,0.));
#985 = ADVANCED_FACE('',(#986),#1027,.T.);
#986 = FACE_BOUND('',#987,.T.);
#987 = EDGE_LOOP('',(#988,#989,#997,#1005,#1013,#1021));
#988 = ORIENTED_EDGE('',*,*,#958,.F.);
#989 = ORIENTED_EDGE('',*,*,#990,.T.);
#990 = EDGE_CURVE('',#950,#991,#993,.T.);
#991 = VERTEX_POINT('',#992);
#992 = CARTESIAN_POINT('',(-4.75,-5.35,7.2));
#993 = LINE('',#994,#995);
#994 = CARTESIAN_POINT('',(-4.75,-0.5875,7.2));
#995 = VECTOR('',#996,1.);
#996 = DIRECTION('',(0.,1.,0.));
#997 = ORIENTED_EDGE('',*,*,#998,.F.);
#998 = EDGE_CURVE('',#999,#991,#1001,.T.);
#999 = VERTEX_POINT('',#1000);
#1000 = CARTESIAN_POINT('',(-4.75,-5.35,7.5));
#1001 = LINE('',#1002,#1003);
#1002 = CARTESIAN_POINT('',(-4.75,-5.35,5.1));
#1003 = VECTOR('',#1004,1.);
#1004 = DIRECTION('',(0.,0.,-1.));
#1005 = ORIENTED_EDGE('',*,*,#1006,.F.);
#1006 = EDGE_CURVE('',#1007,#999,#1009,.T.);
#1007 = VERTEX_POINT('',#1008);
#1008 = CARTESIAN_POINT('',(-4.75,4.05,7.5));
#1009 = LINE('',#1010,#1011);
#1010 = CARTESIAN_POINT('',(-4.75,-6.5,7.5));
#1011 = VECTOR('',#1012,1.);
#1012 = DIRECTION('',(0.,-1.,0.));
#1013 = ORIENTED_EDGE('',*,*,#1014,.F.);
#1014 = EDGE_CURVE('',#1015,#1007,#1017,.T.);
#1015 = VERTEX_POINT('',#1016);
#1016 = CARTESIAN_POINT('',(-4.75,4.05,3.5));
#1017 = LINE('',#1018,#1019);
#1018 = CARTESIAN_POINT('',(-4.75,4.05,2.7));
#1019 = VECTOR('',#1020,1.);
#1020 = DIRECTION('',(0.,0.,1.));
#1021 = ORIENTED_EDGE('',*,*,#1022,.T.);
#1022 = EDGE_CURVE('',#1015,#959,#1023,.T.);
#1023 = LINE('',#1024,#1025);
#1024 = CARTESIAN_POINT('',(-4.75,2.0125,3.5));
#1025 = VECTOR('',#1026,1.);
#1026 = DIRECTION('',(0.,-1.,0.));
#1027 = PLANE('',#1028);
#1028 = AXIS2_PLACEMENT_3D('',#1029,#1030,#1031);
#1029 = CARTESIAN_POINT('',(-4.75,4.85,2.7));
#1030 = DIRECTION('',(-1.,0.,0.));
#1031 = DIRECTION('',(0.,-1.,0.));
#1032 = ADVANCED_FACE('',(#1033),#1086,.F.);
#1033 = FACE_BOUND('',#1034,.T.);
#1034 = EDGE_LOOP('',(#1035,#1036,#1044,#1053,#1061,#1070,#1078,#1085));
#1035 = ORIENTED_EDGE('',*,*,#947,.F.);
#1036 = ORIENTED_EDGE('',*,*,#1037,.F.);
#1037 = EDGE_CURVE('',#1038,#948,#1040,.T.);
#1038 = VERTEX_POINT('',#1039);
#1039 = CARTESIAN_POINT('',(4.55,-6.5,7.2));
#1040 = LINE('',#1041,#1042);
#1041 = CARTESIAN_POINT('',(-2.375,-6.5,7.2));
#1042 = VECTOR('',#1043,1.);
#1043 = DIRECTION('',(-1.,0.,0.));
#1044 = ORIENTED_EDGE('',*,*,#1045,.F.);
#1045 = EDGE_CURVE('',#1046,#1038,#1048,.T.);
#1046 = VERTEX_POINT('',#1047);
#1047 = CARTESIAN_POINT('',(4.75,-6.3,7.2));
#1048 = CIRCLE('',#1049,0.2);
#1049 = AXIS2_PLACEMENT_3D('',#1050,#1051,#1052);
#1050 = CARTESIAN_POINT('',(4.55,-6.3,7.2));
#1051 = DIRECTION('',(0.,0.,-1.));
#1052 = DIRECTION('',(0.707106781187,-0.707106781187,0.));
#1053 = ORIENTED_EDGE('',*,*,#1054,.F.);
#1054 = EDGE_CURVE('',#1055,#1046,#1057,.T.);
#1055 = VERTEX_POINT('',#1056);
#1056 = CARTESIAN_POINT('',(4.75,-5.35,7.2));
#1057 = LINE('',#1058,#1059);
#1058 = CARTESIAN_POINT('',(4.75,-6.2625,7.2));
#1059 = VECTOR('',#1060,1.);
#1060 = DIRECTION('',(0.,-1.,0.));
#1061 = ORIENTED_EDGE('',*,*,#1062,.T.);
#1062 = EDGE_CURVE('',#1055,#1063,#1065,.T.);
#1063 = VERTEX_POINT('',#1064);
#1064 = CARTESIAN_POINT('',(4.55,-5.55,7.2));
#1065 = CIRCLE('',#1066,0.2);
#1066 = AXIS2_PLACEMENT_3D('',#1067,#1068,#1069);
#1067 = CARTESIAN_POINT('',(4.55,-5.35,7.2));
#1068 = DIRECTION('',(0.,0.,-1.));
#1069 = DIRECTION('',(0.707106781187,-0.707106781187,0.));
#1070 = ORIENTED_EDGE('',*,*,#1071,.F.);
#1071 = EDGE_CURVE('',#1072,#1063,#1074,.T.);
#1072 = VERTEX_POINT('',#1073);
#1073 = CARTESIAN_POINT('',(-4.55,-5.55,7.2));
#1074 = LINE('',#1075,#1076);
#1075 = CARTESIAN_POINT('',(-4.75,-5.55,7.2));
#1076 = VECTOR('',#1077,1.);
#1077 = DIRECTION('',(1.,0.,0.));
#1078 = ORIENTED_EDGE('',*,*,#1079,.T.);
#1079 = EDGE_CURVE('',#1072,#991,#1080,.T.);
#1080 = CIRCLE('',#1081,0.2);
#1081 = AXIS2_PLACEMENT_3D('',#1082,#1083,#1084);
#1082 = CARTESIAN_POINT('',(-4.55,-5.35,7.2));
#1083 = DIRECTION('',(0.,0.,-1.));
#1084 = DIRECTION('',(-0.707106781187,-0.707106781187,-0.));
#1085 = ORIENTED_EDGE('',*,*,#990,.F.);
#1086 = PLANE('',#1087);
#1087 = AXIS2_PLACEMENT_3D('',#1088,#1089,#1090);
#1088 = CARTESIAN_POINT('',(5.551115123126E-16,-6.025,7.2));
#1089 = DIRECTION('',(0.,0.,-1.));
#1090 = DIRECTION('',(-1.,0.,0.));
#1091 = ADVANCED_FACE('',(#1092),#1118,.T.);
#1092 = FACE_BOUND('',#1093,.T.);
#1093 = EDGE_LOOP('',(#1094,#1095,#1103,#1112));
#1094 = ORIENTED_EDGE('',*,*,#1045,.T.);
#1095 = ORIENTED_EDGE('',*,*,#1096,.T.);
#1096 = EDGE_CURVE('',#1038,#1097,#1099,.T.);
#1097 = VERTEX_POINT('',#1098);
#1098 = CARTESIAN_POINT('',(4.55,-6.5,3.5));
#1099 = LINE('',#1100,#1101);
#1100 = CARTESIAN_POINT('',(4.55,-6.5,2.7));
#1101 = VECTOR('',#1102,1.);
#1102 = DIRECTION('',(0.,0.,-1.));
#1103 = ORIENTED_EDGE('',*,*,#1104,.T.);
#1104 = EDGE_CURVE('',#1097,#1105,#1107,.T.);
#1105 = VERTEX_POINT('',#1106);
#1106 = CARTESIAN_POINT('',(4.75,-6.3,3.5));
#1107 = CIRCLE('',#1108,0.2);
#1108 = AXIS2_PLACEMENT_3D('',#1109,#1110,#1111);
#1109 = CARTESIAN_POINT('',(4.55,-6.3,3.5));
#1110 = DIRECTION('',(0.,0.,1.));
#1111 = DIRECTION('',(0.707106781187,-0.707106781187,0.));
#1112 = ORIENTED_EDGE('',*,*,#1113,.T.);
#1113 = EDGE_CURVE('',#1105,#1046,#1114,.T.);
#1114 = LINE('',#1115,#1116);
#1115 = CARTESIAN_POINT('',(4.75,-6.3,2.7));
#1116 = VECTOR('',#1117,1.);
#1117 = DIRECTION('',(0.,0.,1.));
#1118 = CYLINDRICAL_SURFACE('',#1119,0.2);
#1119 = AXIS2_PLACEMENT_3D('',#1120,#1121,#1122);
#1120 = CARTESIAN_POINT('',(4.55,-6.3,2.7));
#1121 = DIRECTION('',(0.,0.,1.));
#1122 = DIRECTION('',(0.707106781187,-0.707106781187,0.));
#1123 = ADVANCED_FACE('',(#1124),#1158,.T.);
#1124 = FACE_BOUND('',#1125,.T.);
#1125 = EDGE_LOOP('',(#1126,#1127,#1135,#1143,#1151,#1157));
#1126 = ORIENTED_EDGE('',*,*,#1113,.F.);
#1127 = ORIENTED_EDGE('',*,*,#1128,.T.);
#1128 = EDGE_CURVE('',#1105,#1129,#1131,.T.);
#1129 = VERTEX_POINT('',#1130);
#1130 = CARTESIAN_POINT('',(4.75,4.05,3.5));
#1131 = LINE('',#1132,#1133);
#1132 = CARTESIAN_POINT('',(4.75,-3.6625,3.5));
#1133 = VECTOR('',#1134,1.);
#1134 = DIRECTION('',(0.,1.,0.));
#1135 = ORIENTED_EDGE('',*,*,#1136,.F.);
#1136 = EDGE_CURVE('',#1137,#1129,#1139,.T.);
#1137 = VERTEX_POINT('',#1138);
#1138 = CARTESIAN_POINT('',(4.75,4.05,7.5));
#1139 = LINE('',#1140,#1141);
#1140 = CARTESIAN_POINT('',(4.75,4.05,2.7));
#1141 = VECTOR('',#1142,1.);
#1142 = DIRECTION('',(0.,0.,-1.));
#1143 = ORIENTED_EDGE('',*,*,#1144,.F.);
#1144 = EDGE_CURVE('',#1145,#1137,#1147,.T.);
#1145 = VERTEX_POINT('',#1146);
#1146 = CARTESIAN_POINT('',(4.75,-5.35,7.5));
#1147 = LINE('',#1148,#1149);
#1148 = CARTESIAN_POINT('',(4.75,4.85,7.5));
#1149 = VECTOR('',#1150,1.);
#1150 = DIRECTION('',(0.,1.,0.));
#1151 = ORIENTED_EDGE('',*,*,#1152,.F.);
#1152 = EDGE_CURVE('',#1055,#1145,#1153,.T.);
#1153 = LINE('',#1154,#1155);
#1154 = CARTESIAN_POINT('',(4.75,-5.35,5.1));
#1155 = VECTOR('',#1156,1.);
#1156 = DIRECTION('',(0.,0.,1.));
#1157 = ORIENTED_EDGE('',*,*,#1054,.T.);
#1158 = PLANE('',#1159);
#1159 = AXIS2_PLACEMENT_3D('',#1160,#1161,#1162);
#1160 = CARTESIAN_POINT('',(4.75,-6.5,2.7));
#1161 = DIRECTION('',(1.,0.,0.));
#1162 = DIRECTION('',(-0.,1.,0.));
#1163 = ADVANCED_FACE('',(#1164),#1191,.T.);
#1164 = FACE_BOUND('',#1165,.T.);
#1165 = EDGE_LOOP('',(#1166,#1175,#1183,#1190));
#1166 = ORIENTED_EDGE('',*,*,#1167,.T.);
#1167 = EDGE_CURVE('',#1007,#1168,#1170,.T.);
#1168 = VERTEX_POINT('',#1169);
#1169 = CARTESIAN_POINT('',(-3.95,4.85,7.5));
#1170 = CIRCLE('',#1171,0.8);
#1171 = AXIS2_PLACEMENT_3D('',#1172,#1173,#1174);
#1172 = CARTESIAN_POINT('',(-3.95,4.05,7.5));
#1173 = DIRECTION('',(0.,0.,-1.));
#1174 = DIRECTION('',(-0.707106781187,0.707106781187,0.));
#1175 = ORIENTED_EDGE('',*,*,#1176,.T.);
#1176 = EDGE_CURVE('',#1168,#1177,#1179,.T.);
#1177 = VERTEX_POINT('',#1178);
#1178 = CARTESIAN_POINT('',(-3.95,4.85,3.5));
#1179 = LINE('',#1180,#1181);
#1180 = CARTESIAN_POINT('',(-3.95,4.85,2.7));
#1181 = VECTOR('',#1182,1.);
#1182 = DIRECTION('',(0.,0.,-1.));
#1183 = ORIENTED_EDGE('',*,*,#1184,.T.);
#1184 = EDGE_CURVE('',#1177,#1015,#1185,.T.);
#1185 = CIRCLE('',#1186,0.8);
#1186 = AXIS2_PLACEMENT_3D('',#1187,#1188,#1189);
#1187 = CARTESIAN_POINT('',(-3.95,4.05,3.5));
#1188 = DIRECTION('',(0.,0.,1.));
#1189 = DIRECTION('',(-0.707106781187,0.707106781187,0.));
#1190 = ORIENTED_EDGE('',*,*,#1014,.T.);
#1191 = CYLINDRICAL_SURFACE('',#1192,0.8);
#1192 = AXIS2_PLACEMENT_3D('',#1193,#1194,#1195);
#1193 = CARTESIAN_POINT('',(-3.95,4.05,2.7));
#1194 = DIRECTION('',(0.,0.,1.));
#1195 = DIRECTION('',(-0.707106781187,0.707106781187,0.));
#1196 = ADVANCED_FACE('',(#1197),#1222,.T.);
#1197 = FACE_BOUND('',#1198,.T.);
#1198 = EDGE_LOOP('',(#1199,#1200,#1208,#1216));
#1199 = ORIENTED_EDGE('',*,*,#1176,.F.);
#1200 = ORIENTED_EDGE('',*,*,#1201,.F.);
#1201 = EDGE_CURVE('',#1202,#1168,#1204,.T.);
#1202 = VERTEX_POINT('',#1203);
#1203 = CARTESIAN_POINT('',(3.95,4.85,7.5));
#1204 = LINE('',#1205,#1206);
#1205 = CARTESIAN_POINT('',(-4.75,4.85,7.5));
#1206 = VECTOR('',#1207,1.);
#1207 = DIRECTION('',(-1.,0.,0.));
#1208 = ORIENTED_EDGE('',*,*,#1209,.F.);
#1209 = EDGE_CURVE('',#1210,#1202,#1212,.T.);
#1210 = VERTEX_POINT('',#1211);
#1211 = CARTESIAN_POINT('',(3.95,4.85,3.5));
#1212 = LINE('',#1213,#1214);
#1213 = CARTESIAN_POINT('',(3.95,4.85,2.7));
#1214 = VECTOR('',#1215,1.);
#1215 = DIRECTION('',(0.,0.,1.));
#1216 = ORIENTED_EDGE('',*,*,#1217,.T.);
#1217 = EDGE_CURVE('',#1210,#1177,#1218,.T.);
#1218 = LINE('',#1219,#1220);
#1219 = CARTESIAN_POINT('',(2.375,4.85,3.5));
#1220 = VECTOR('',#1221,1.);
#1221 = DIRECTION('',(-1.,0.,0.));
#1222 = PLANE('',#1223);
#1223 = AXIS2_PLACEMENT_3D('',#1224,#1225,#1226);
#1224 = CARTESIAN_POINT('',(4.75,4.85,2.7));
#1225 = DIRECTION('',(0.,1.,0.));
#1226 = DIRECTION('',(-1.,0.,0.));
#1227 = ADVANCED_FACE('',(#1228,#1265,#1276),#1287,.T.);
#1228 = FACE_BOUND('',#1229,.T.);
#1229 = EDGE_LOOP('',(#1230,#1231,#1232,#1241,#1249,#1256,#1257,#1264));
#1230 = ORIENTED_EDGE('',*,*,#1167,.F.);
#1231 = ORIENTED_EDGE('',*,*,#1006,.T.);
#1232 = ORIENTED_EDGE('',*,*,#1233,.F.);
#1233 = EDGE_CURVE('',#1234,#999,#1236,.T.);
#1234 = VERTEX_POINT('',#1235);
#1235 = CARTESIAN_POINT('',(-4.55,-5.55,7.5));
#1236 = CIRCLE('',#1237,0.2);
#1237 = AXIS2_PLACEMENT_3D('',#1238,#1239,#1240);
#1238 = CARTESIAN_POINT('',(-4.55,-5.35,7.5));
#1239 = DIRECTION('',(0.,0.,-1.));
#1240 = DIRECTION('',(-0.707106781187,-0.707106781187,-0.));
#1241 = ORIENTED_EDGE('',*,*,#1242,.T.);
#1242 = EDGE_CURVE('',#1234,#1243,#1245,.T.);
#1243 = VERTEX_POINT('',#1244);
#1244 = CARTESIAN_POINT('',(4.55,-5.55,7.5));
#1245 = LINE('',#1246,#1247);
#1246 = CARTESIAN_POINT('',(-2.375,-5.55,7.5));
#1247 = VECTOR('',#1248,1.);
#1248 = DIRECTION('',(1.,0.,0.));
#1249 = ORIENTED_EDGE('',*,*,#1250,.F.);
#1250 = EDGE_CURVE('',#1145,#1243,#1251,.T.);
#1251 = CIRCLE('',#1252,0.2);
#1252 = AXIS2_PLACEMENT_3D('',#1253,#1254,#1255);
#1253 = CARTESIAN_POINT('',(4.55,-5.35,7.5));
#1254 = DIRECTION('',(0.,0.,-1.));
#1255 = DIRECTION('',(0.707106781187,-0.707106781187,0.));
#1256 = ORIENTED_EDGE('',*,*,#1144,.T.);
#1257 = ORIENTED_EDGE('',*,*,#1258,.F.);
#1258 = EDGE_CURVE('',#1202,#1137,#1259,.T.);
#1259 = CIRCLE('',#1260,0.8);
#1260 = AXIS2_PLACEMENT_3D('',#1261,#1262,#1263);
#1261 = CARTESIAN_POINT('',(3.95,4.05,7.5));
#1262 = DIRECTION('',(0.,0.,-1.));
#1263 = DIRECTION('',(0.707106781187,0.707106781187,0.));
#1264 = ORIENTED_EDGE('',*,*,#1201,.T.);
#1265 = FACE_BOUND('',#1266,.T.);
#1266 = EDGE_LOOP('',(#1267));
#1267 = ORIENTED_EDGE('',*,*,#1268,.T.);
#1268 = EDGE_CURVE('',#1269,#1269,#1271,.T.);
#1269 = VERTEX_POINT('',#1270);
#1270 = CARTESIAN_POINT('',(3.25,3.65,7.5));
#1271 = CIRCLE('',#1272,0.6);
#1272 = AXIS2_PLACEMENT_3D('',#1273,#1274,#1275);
#1273 = CARTESIAN_POINT('',(3.85,3.65,7.5));
#1274 = DIRECTION('',(0.,0.,-1.));
#1275 = DIRECTION('',(1.,0.,0.));
#1276 = FACE_BOUND('',#1277,.T.);
#1277 = EDGE_LOOP('',(#1278));
#1278 = ORIENTED_EDGE('',*,*,#1279,.T.);
#1279 = EDGE_CURVE('',#1280,#1280,#1282,.T.);
#1280 = VERTEX_POINT('',#1281);
#1281 = CARTESIAN_POINT('',(-4.45,-3.65,7.5));
#1282 = CIRCLE('',#1283,0.6);
#1283 = AXIS2_PLACEMENT_3D('',#1284,#1285,#1286);
#1284 = CARTESIAN_POINT('',(-3.85,-3.65,7.5));
#1285 = DIRECTION('',(0.,0.,-1.));
#1286 = DIRECTION('',(1.,0.,0.));
#1287 = PLANE('',#1288);
#1288 = AXIS2_PLACEMENT_3D('',#1289,#1290,#1291);
#1289 = CARTESIAN_POINT('',(5.551115123126E-16,-0.825,7.5));
#1290 = DIRECTION('',(0.,0.,1.));
#1291 = DIRECTION('',(1.,0.,-0.));
#1292 = ADVANCED_FACE('',(#1293),#1305,.T.);
#1293 = FACE_BOUND('',#1294,.T.);
#1294 = EDGE_LOOP('',(#1295,#1296,#1297,#1304));
#1295 = ORIENTED_EDGE('',*,*,#1258,.T.);
#1296 = ORIENTED_EDGE('',*,*,#1136,.T.);
#1297 = ORIENTED_EDGE('',*,*,#1298,.T.);
#1298 = EDGE_CURVE('',#1129,#1210,#1299,.T.);
#1299 = CIRCLE('',#1300,0.8);
#1300 = AXIS2_PLACEMENT_3D('',#1301,#1302,#1303);
#1301 = CARTESIAN_POINT('',(3.95,4.05,3.5));
#1302 = DIRECTION('',(0.,0.,1.));
#1303 = DIRECTION('',(0.707106781187,0.707106781187,-0.));
#1304 = ORIENTED_EDGE('',*,*,#1209,.T.);
#1305 = CYLINDRICAL_SURFACE('',#1306,0.8);
#1306 = AXIS2_PLACEMENT_3D('',#1307,#1308,#1309);
#1307 = CARTESIAN_POINT('',(3.95,4.05,2.7));
#1308 = DIRECTION('',(0.,0.,1.));
#1309 = DIRECTION('',(0.707106781187,0.707106781187,-0.));
#1310 = ADVANCED_FACE('',(#1311),#1322,.T.);
#1311 = FACE_BOUND('',#1312,.T.);
#1312 = EDGE_LOOP('',(#1313,#1314,#1315,#1316));
#1313 = ORIENTED_EDGE('',*,*,#1233,.T.);
#1314 = ORIENTED_EDGE('',*,*,#998,.T.);
#1315 = ORIENTED_EDGE('',*,*,#1079,.F.);
#1316 = ORIENTED_EDGE('',*,*,#1317,.T.);
#1317 = EDGE_CURVE('',#1072,#1234,#1318,.T.);
#1318 = LINE('',#1319,#1320);
#1319 = CARTESIAN_POINT('',(-4.55,-5.55,5.1));
#1320 = VECTOR('',#1321,1.);
#1321 = DIRECTION('',(0.,0.,1.));
#1322 = CYLINDRICAL_SURFACE('',#1323,0.2);
#1323 = AXIS2_PLACEMENT_3D('',#1324,#1325,#1326);
#1324 = CARTESIAN_POINT('',(-4.55,-5.35,5.1));
#1325 = DIRECTION('',(0.,0.,1.));
#1326 = DIRECTION('',(-0.707106781187,-0.707106781187,0.));
#1327 = ADVANCED_FACE('',(#1328),#1339,.F.);
#1328 = FACE_BOUND('',#1329,.T.);
#1329 = EDGE_LOOP('',(#1330,#1331,#1332,#1338));
#1330 = ORIENTED_EDGE('',*,*,#1317,.F.);
#1331 = ORIENTED_EDGE('',*,*,#1071,.T.);
#1332 = ORIENTED_EDGE('',*,*,#1333,.F.);
#1333 = EDGE_CURVE('',#1243,#1063,#1334,.T.);
#1334 = LINE('',#1335,#1336);
#1335 = CARTESIAN_POINT('',(4.55,-5.55,5.1));
#1336 = VECTOR('',#1337,1.);
#1337 = DIRECTION('',(0.,0.,-1.));
#1338 = ORIENTED_EDGE('',*,*,#1242,.F.);
#1339 = PLANE('',#1340);
#1340 = AXIS2_PLACEMENT_3D('',#1341,#1342,#1343);
#1341 = CARTESIAN_POINT('',(-4.75,-5.55,7.5));
#1342 = DIRECTION('',(0.,1.,0.));
#1343 = DIRECTION('',(1.,0.,0.));
#1344 = ADVANCED_FACE('',(#1345),#1351,.T.);
#1345 = FACE_BOUND('',#1346,.T.);
#1346 = EDGE_LOOP('',(#1347,#1348,#1349,#1350));
#1347 = ORIENTED_EDGE('',*,*,#1250,.T.);
#1348 = ORIENTED_EDGE('',*,*,#1333,.T.);
#1349 = ORIENTED_EDGE('',*,*,#1062,.F.);
#1350 = ORIENTED_EDGE('',*,*,#1152,.T.);
#1351 = CYLINDRICAL_SURFACE('',#1352,0.2);
#1352 = AXIS2_PLACEMENT_3D('',#1353,#1354,#1355);
#1353 = CARTESIAN_POINT('',(4.55,-5.35,5.1));
#1354 = DIRECTION('',(0.,0.,-1.));
#1355 = DIRECTION('',(0.707106781187,-0.707106781187,0.));
#1356 = ADVANCED_FACE('',(#1357),#1368,.T.);
#1357 = FACE_BOUND('',#1358,.T.);
#1358 = EDGE_LOOP('',(#1359,#1360,#1366,#1367));
#1359 = ORIENTED_EDGE('',*,*,#975,.F.);
#1360 = ORIENTED_EDGE('',*,*,#1361,.T.);
#1361 = EDGE_CURVE('',#967,#1097,#1362,.T.);
#1362 = LINE('',#1363,#1364);
#1363 = CARTESIAN_POINT('',(-2.375,-6.5,3.5));
#1364 = VECTOR('',#1365,1.);
#1365 = DIRECTION('',(1.,0.,0.));
#1366 = ORIENTED_EDGE('',*,*,#1096,.F.);
#1367 = ORIENTED_EDGE('',*,*,#1037,.T.);
#1368 = PLANE('',#1369);
#1369 = AXIS2_PLACEMENT_3D('',#1370,#1371,#1372);
#1370 = CARTESIAN_POINT('',(-4.75,-6.5,2.7));
#1371 = DIRECTION('',(0.,-1.,0.));
#1372 = DIRECTION('',(1.,0.,0.));
#1373 = ADVANCED_FACE('',(#1374),#1393,.F.);
#1374 = FACE_BOUND('',#1375,.F.);
#1375 = EDGE_LOOP('',(#1376,#1384,#1391,#1392));
#1376 = ORIENTED_EDGE('',*,*,#1377,.T.);
#1377 = EDGE_CURVE('',#1280,#1378,#1380,.T.);
#1378 = VERTEX_POINT('',#1379);
#1379 = CARTESIAN_POINT('',(-4.45,-3.65,3.5));
#1380 = LINE('',#1381,#1382);
#1381 = CARTESIAN_POINT('',(-4.45,-3.65,2.7));
#1382 = VECTOR('',#1383,1.);
#1383 = DIRECTION('',(0.,0.,-1.));
#1384 = ORIENTED_EDGE('',*,*,#1385,.T.);
#1385 = EDGE_CURVE('',#1378,#1378,#1386,.T.);
#1386 = CIRCLE('',#1387,0.6);
#1387 = AXIS2_PLACEMENT_3D('',#1388,#1389,#1390);
#1388 = CARTESIAN_POINT('',(-3.85,-3.65,3.5));
#1389 = DIRECTION('',(0.,0.,1.));
#1390 = DIRECTION('',(1.,0.,-0.));
#1391 = ORIENTED_EDGE('',*,*,#1377,.F.);
#1392 = ORIENTED_EDGE('',*,*,#1279,.T.);
#1393 = CYLINDRICAL_SURFACE('',#1394,0.6);
#1394 = AXIS2_PLACEMENT_3D('',#1395,#1396,#1397);
#1395 = CARTESIAN_POINT('',(-3.85,-3.65,2.7));
#1396 = DIRECTION('',(0.,0.,-1.));
#1397 = DIRECTION('',(1.,0.,0.));
#1398 = ADVANCED_FACE('',(#1399),#1418,.F.);
#1399 = FACE_BOUND('',#1400,.F.);
#1400 = EDGE_LOOP('',(#1401,#1409,#1416,#1417));
#1401 = ORIENTED_EDGE('',*,*,#1402,.T.);
#1402 = EDGE_CURVE('',#1269,#1403,#1405,.T.);
#1403 = VERTEX_POINT('',#1404);
#1404 = CARTESIAN_POINT('',(3.25,3.65,3.5));
#1405 = LINE('',#1406,#1407);
#1406 = CARTESIAN_POINT('',(3.25,3.65,2.7));
#1407 = VECTOR('',#1408,1.);
#1408 = DIRECTION('',(0.,0.,-1.));
#1409 = ORIENTED_EDGE('',*,*,#1410,.T.);
#1410 = EDGE_CURVE('',#1403,#1403,#1411,.T.);
#1411 = CIRCLE('',#1412,0.6);
#1412 = AXIS2_PLACEMENT_3D('',#1413,#1414,#1415);
#1413 = CARTESIAN_POINT('',(3.85,3.65,3.5));
#1414 = DIRECTION('',(0.,0.,1.));
#1415 = DIRECTION('',(1.,0.,-0.));
#1416 = ORIENTED_EDGE('',*,*,#1402,.F.);
#1417 = ORIENTED_EDGE('',*,*,#1268,.T.);
#1418 = CYLINDRICAL_SURFACE('',#1419,0.6);
#1419 = AXIS2_PLACEMENT_3D('',#1420,#1421,#1422);
#1420 = CARTESIAN_POINT('',(3.85,3.65,2.7));
#1421 = DIRECTION('',(0.,0.,-1.));
#1422 = DIRECTION('',(1.,0.,0.));
#1423 = ADVANCED_FACE('',(#1424,#1434,#1437),#1440,.F.);
#1424 = FACE_BOUND('',#1425,.T.);
#1425 = EDGE_LOOP('',(#1426,#1427,#1428,#1429,#1430,#1431,#1432,#1433));
#1426 = ORIENTED_EDGE('',*,*,#966,.F.);
#1427 = ORIENTED_EDGE('',*,*,#1022,.F.);
#1428 = ORIENTED_EDGE('',*,*,#1184,.F.);
#1429 = ORIENTED_EDGE('',*,*,#1217,.F.);
#1430 = ORIENTED_EDGE('',*,*,#1298,.F.);
#1431 = ORIENTED_EDGE('',*,*,#1128,.F.);
#1432 = ORIENTED_EDGE('',*,*,#1104,.F.);
#1433 = ORIENTED_EDGE('',*,*,#1361,.F.);
#1434 = FACE_BOUND('',#1435,.T.);
#1435 = EDGE_LOOP('',(#1436));
#1436 = ORIENTED_EDGE('',*,*,#1385,.T.);
#1437 = FACE_BOUND('',#1438,.T.);
#1438 = EDGE_LOOP('',(#1439));
#1439 = ORIENTED_EDGE('',*,*,#1410,.T.);
#1440 = PLANE('',#1441);
#1441 = AXIS2_PLACEMENT_3D('',#1442,#1443,#1444);
#1442 = CARTESIAN_POINT('',(0.,4.65,3.5));
#1443 = DIRECTION('',(0.,0.,1.));
#1444 = DIRECTION('',(1.,0.,-0.));
#1445 = MANIFOLD_SOLID_BREP('',#1446);
#1446 = CLOSED_SHELL('',(#1447,#1488,#1520,#1594,#1635,#1667,#1741,#1766
    ,#1790,#1815,#1839,#1863,#1900,#1931,#1962,#1994,#2011,#2036,#2060,
    #2084,#2121,#2152,#2183,#2216,#2249,#2306,#2355,#2403,#2428,#2460,
    #2477,#2512,#2524,#2547,#2570,#2627,#2676,#2724,#2749,#2781,#2798,
    #2833,#2845,#2868,#2891,#2924,#2969,#2994,#3031,#3064,#3117,#3142,
    #3167,#3209,#3237,#3271,#3304,#3335,#3368,#3399,#3430,#3453,#3485,
    #3516,#3547,#3580,#3611,#3644,#3669,#3703,#3736,#3767,#3800,#3831,
    #3862,#3885,#3917,#3948,#3979,#4012,#4043,#4076,#4101,#4151));
#1447 = ADVANCED_FACE('',(#1448),#1483,.F.);
#1448 = FACE_BOUND('',#1449,.T.);
#1449 = EDGE_LOOP('',(#1450,#1461,#1469,#1477));
#1450 = ORIENTED_EDGE('',*,*,#1451,.F.);
#1451 = EDGE_CURVE('',#1452,#1454,#1456,.T.);
#1452 = VERTEX_POINT('',#1453);
#1453 = CARTESIAN_POINT('',(5.481223130577,0.5,-3.033997664229));
#1454 = VERTEX_POINT('',#1455);
#1455 = CARTESIAN_POINT('',(5.481223130577,-0.5,-3.033997664229));
#1456 = CIRCLE('',#1457,0.5);
#1457 = AXIS2_PLACEMENT_3D('',#1458,#1459,#1460);
#1458 = CARTESIAN_POINT('',(5.481223130577,0.,-3.033997664229));
#1459 = DIRECTION('',(-0.932004671541,2.775557561563E-17,0.362446261155)
  );
#1460 = DIRECTION('',(-0.256288209078,-0.707106781187,-0.659026823344));
#1461 = ORIENTED_EDGE('',*,*,#1462,.T.);
#1462 = EDGE_CURVE('',#1452,#1463,#1465,.T.);
#1463 = VERTEX_POINT('',#1464);
#1464 = CARTESIAN_POINT('',(5.786928714241,0.5,-2.247897591951));
#1465 = LINE('',#1466,#1467);
#1466 = CARTESIAN_POINT('',(5.786928714241,0.5,-2.247897591951));
#1467 = VECTOR('',#1468,1.);
#1468 = DIRECTION('',(0.362446261155,0.,0.932004671541));
#1469 = ORIENTED_EDGE('',*,*,#1470,.T.);
#1470 = EDGE_CURVE('',#1463,#1471,#1473,.T.);
#1471 = VERTEX_POINT('',#1472);
#1472 = CARTESIAN_POINT('',(5.786928714241,-0.5,-2.247897591951));
#1473 = LINE('',#1474,#1475);
#1474 = CARTESIAN_POINT('',(5.786928714241,0.,-2.247897591951));
#1475 = VECTOR('',#1476,1.);
#1476 = DIRECTION('',(0.,-1.,0.));
#1477 = ORIENTED_EDGE('',*,*,#1478,.T.);
#1478 = EDGE_CURVE('',#1471,#1454,#1479,.T.);
#1479 = LINE('',#1480,#1481);
#1480 = CARTESIAN_POINT('',(5.786928714241,-0.5,-2.247897591951));
#1481 = VECTOR('',#1482,1.);
#1482 = DIRECTION('',(-0.362446261155,0.,-0.932004671541));
#1483 = PLANE('',#1484);
#1484 = AXIS2_PLACEMENT_3D('',#1485,#1486,#1487);
#1485 = CARTESIAN_POINT('',(5.786928714241,0.,-2.247897591951));
#1486 = DIRECTION('',(-0.932004671541,0.,0.362446261155));
#1487 = DIRECTION('',(-0.362446261155,0.,-0.932004671541));
#1488 = ADVANCED_FACE('',(#1489),#1515,.T.);
#1489 = FACE_BOUND('',#1490,.T.);
#1490 = EDGE_LOOP('',(#1491,#1492,#1500,#1509));
#1491 = ORIENTED_EDGE('',*,*,#1451,.T.);
#1492 = ORIENTED_EDGE('',*,*,#1493,.T.);
#1493 = EDGE_CURVE('',#1454,#1494,#1496,.T.);
#1494 = VERTEX_POINT('',#1495);
#1495 = CARTESIAN_POINT('',(5.108421261961,-0.5,-2.889019159767));
#1496 = LINE('',#1497,#1498);
#1497 = CARTESIAN_POINT('',(5.220766319905,-0.5,-2.932708904523));
#1498 = VECTOR('',#1499,1.);
#1499 = DIRECTION('',(-0.932004671541,0.,0.362446261155));
#1500 = ORIENTED_EDGE('',*,*,#1501,.T.);
#1501 = EDGE_CURVE('',#1494,#1502,#1504,.T.);
#1502 = VERTEX_POINT('',#1503);
#1503 = CARTESIAN_POINT('',(5.108421261961,0.5,-2.889019159767));
#1504 = CIRCLE('',#1505,0.5);
#1505 = AXIS2_PLACEMENT_3D('',#1506,#1507,#1508);
#1506 = CARTESIAN_POINT('',(5.108421261961,0.,-2.889019159767));
#1507 = DIRECTION('',(0.932004671541,-2.775557561563E-17,-0.362446261155
    ));
#1508 = DIRECTION('',(-0.256288209078,-0.707106781187,-0.659026823344));
#1509 = ORIENTED_EDGE('',*,*,#1510,.T.);
#1510 = EDGE_CURVE('',#1502,#1452,#1511,.T.);
#1511 = LINE('',#1512,#1513);
#1512 = CARTESIAN_POINT('',(5.220766319905,0.5,-2.932708904523));
#1513 = VECTOR('',#1514,1.);
#1514 = DIRECTION('',(0.932004671541,0.,-0.362446261155));
#1515 = CYLINDRICAL_SURFACE('',#1516,0.5);
#1516 = AXIS2_PLACEMENT_3D('',#1517,#1518,#1519);
#1517 = CARTESIAN_POINT('',(5.220766319905,0.,-2.932708904523));
#1518 = DIRECTION('',(0.932004671541,0.,-0.362446261155));
#1519 = DIRECTION('',(-0.256288209078,0.707106781187,-0.659026823344));
#1520 = ADVANCED_FACE('',(#1521),#1589,.T.);
#1521 = FACE_BOUND('',#1522,.T.);
#1522 = EDGE_LOOP('',(#1523,#1524,#1532,#1541,#1549,#1557,#1565,#1573,
    #1581,#1588));
#1523 = ORIENTED_EDGE('',*,*,#1510,.F.);
#1524 = ORIENTED_EDGE('',*,*,#1525,.F.);
#1525 = EDGE_CURVE('',#1526,#1502,#1528,.T.);
#1526 = VERTEX_POINT('',#1527);
#1527 = CARTESIAN_POINT('',(5.414126845625,0.5,-2.102919087489));
#1528 = LINE('',#1529,#1530);
#1529 = CARTESIAN_POINT('',(5.414126845625,0.5,-2.102919087489));
#1530 = VECTOR('',#1531,1.);
#1531 = DIRECTION('',(-0.362446261155,0.,-0.932004671541));
#1532 = ORIENTED_EDGE('',*,*,#1533,.F.);
#1533 = EDGE_CURVE('',#1534,#1526,#1536,.T.);
#1534 = VERTEX_POINT('',#1535);
#1535 = CARTESIAN_POINT('',(5.335185919909,0.5,-1.447783063626));
#1536 = CIRCLE('',#1537,0.7);
#1537 = AXIS2_PLACEMENT_3D('',#1538,#1539,#1540);
#1538 = CARTESIAN_POINT('',(4.761723575546,0.5,-1.849206704681));
#1539 = DIRECTION('',(0.,1.,0.));
#1540 = DIRECTION('',(0.819231920519,-0.,0.573462344363));
#1541 = ORIENTED_EDGE('',*,*,#1542,.F.);
#1542 = EDGE_CURVE('',#1543,#1534,#1545,.T.);
#1543 = VERTEX_POINT('',#1544);
#1544 = CARTESIAN_POINT('',(4.9,0.5,-0.826088892328));
#1545 = LINE('',#1546,#1547);
#1546 = CARTESIAN_POINT('',(4.9,0.5,-0.826088892328));
#1547 = VECTOR('',#1548,1.);
#1548 = DIRECTION('',(0.573462344363,0.,-0.819231920519));
#1549 = ORIENTED_EDGE('',*,*,#1550,.F.);
#1550 = EDGE_CURVE('',#1551,#1543,#1553,.T.);
#1551 = VERTEX_POINT('',#1552);
#1552 = CARTESIAN_POINT('',(4.9,0.5,-5.551115123126E-16));
#1553 = LINE('',#1554,#1555);
#1554 = CARTESIAN_POINT('',(4.9,0.5,-0.826088892328));
#1555 = VECTOR('',#1556,1.);
#1556 = DIRECTION('',(0.,0.,-1.));
#1557 = ORIENTED_EDGE('',*,*,#1558,.F.);
#1558 = EDGE_CURVE('',#1559,#1551,#1561,.T.);
#1559 = VERTEX_POINT('',#1560);
#1560 = CARTESIAN_POINT('',(5.3,0.5,-5.551115123126E-16));
#1561 = LINE('',#1562,#1563);
#1562 = CARTESIAN_POINT('',(5.240430893886,0.5,-5.551115123126E-16));
#1563 = VECTOR('',#1564,1.);
#1564 = DIRECTION('',(-1.,0.,0.));
#1565 = ORIENTED_EDGE('',*,*,#1566,.F.);
#1566 = EDGE_CURVE('',#1567,#1559,#1569,.T.);
#1567 = VERTEX_POINT('',#1568);
#1568 = CARTESIAN_POINT('',(5.3,0.5,-0.7));
#1569 = LINE('',#1570,#1571);
#1570 = CARTESIAN_POINT('',(5.3,0.5,-0.7));
#1571 = VECTOR('',#1572,1.);
#1572 = DIRECTION('',(0.,0.,1.));
#1573 = ORIENTED_EDGE('',*,*,#1574,.F.);
#1574 = EDGE_CURVE('',#1575,#1567,#1577,.T.);
#1575 = VERTEX_POINT('',#1576);
#1576 = CARTESIAN_POINT('',(5.662878688117,0.5,-1.218398125881));
#1577 = LINE('',#1578,#1579);
#1578 = CARTESIAN_POINT('',(5.3,0.5,-0.7));
#1579 = VECTOR('',#1580,1.);
#1580 = DIRECTION('',(-0.573462344363,0.,0.819231920519));
#1581 = ORIENTED_EDGE('',*,*,#1582,.F.);
#1582 = EDGE_CURVE('',#1463,#1575,#1583,.T.);
#1583 = CIRCLE('',#1584,1.1);
#1584 = AXIS2_PLACEMENT_3D('',#1585,#1586,#1587);
#1585 = CARTESIAN_POINT('',(4.761723575546,0.5,-1.849206704681));
#1586 = DIRECTION('',(0.,-1.,0.));
#1587 = DIRECTION('',(0.819231920519,0.,0.573462344363));
#1588 = ORIENTED_EDGE('',*,*,#1462,.F.);
#1589 = PLANE('',#1590);
#1590 = AXIS2_PLACEMENT_3D('',#1591,#1592,#1593);
#1591 = CARTESIAN_POINT('',(5.380861787773,0.5,-1.75));
#1592 = DIRECTION('',(0.,1.,0.));
#1593 = DIRECTION('',(-1.,0.,0.));
#1594 = ADVANCED_FACE('',(#1595),#1630,.T.);
#1595 = FACE_BOUND('',#1596,.T.);
#1596 = EDGE_LOOP('',(#1597,#1608,#1616,#1624));
#1597 = ORIENTED_EDGE('',*,*,#1598,.F.);
#1598 = EDGE_CURVE('',#1599,#1601,#1603,.T.);
#1599 = VERTEX_POINT('',#1600);
#1600 = CARTESIAN_POINT('',(-5.108421261961,0.5,-2.889019159767));
#1601 = VERTEX_POINT('',#1602);
#1602 = CARTESIAN_POINT('',(-5.108421261961,-0.5,-2.889019159767));
#1603 = CIRCLE('',#1604,0.5);
#1604 = AXIS2_PLACEMENT_3D('',#1605,#1606,#1607);
#1605 = CARTESIAN_POINT('',(-5.108421261961,0.,-2.889019159767));
#1606 = DIRECTION('',(-0.932004671541,-2.775557561563E-17,
    -0.362446261155));
#1607 = DIRECTION('',(0.256288209078,-0.707106781187,-0.659026823344));
#1608 = ORIENTED_EDGE('',*,*,#1609,.F.);
#1609 = EDGE_CURVE('',#1610,#1599,#1612,.T.);
#1610 = VERTEX_POINT('',#1611);
#1611 = CARTESIAN_POINT('',(-5.414126845625,0.5,-2.102919087489));
#1612 = LINE('',#1613,#1614);
#1613 = CARTESIAN_POINT('',(-5.414126845625,0.5,-2.102919087489));
#1614 = VECTOR('',#1615,1.);
#1615 = DIRECTION('',(0.362446261155,0.,-0.932004671541));
#1616 = ORIENTED_EDGE('',*,*,#1617,.T.);
#1617 = EDGE_CURVE('',#1610,#1618,#1620,.T.);
#1618 = VERTEX_POINT('',#1619);
#1619 = CARTESIAN_POINT('',(-5.414126845625,-0.5,-2.102919087489));
#1620 = LINE('',#1621,#1622);
#1621 = CARTESIAN_POINT('',(-5.414126845625,0.,-2.102919087489));
#1622 = VECTOR('',#1623,1.);
#1623 = DIRECTION('',(0.,-1.,0.));
#1624 = ORIENTED_EDGE('',*,*,#1625,.F.);
#1625 = EDGE_CURVE('',#1601,#1618,#1626,.T.);
#1626 = LINE('',#1627,#1628);
#1627 = CARTESIAN_POINT('',(-5.414126845625,-0.5,-2.102919087489));
#1628 = VECTOR('',#1629,1.);
#1629 = DIRECTION('',(-0.362446261155,0.,0.932004671541));
#1630 = PLANE('',#1631);
#1631 = AXIS2_PLACEMENT_3D('',#1632,#1633,#1634);
#1632 = CARTESIAN_POINT('',(-4.927198131383,0.,-3.355021495538));
#1633 = DIRECTION('',(0.932004671541,0.,0.362446261155));
#1634 = DIRECTION('',(-0.362446261155,0.,0.932004671541));
#1635 = ADVANCED_FACE('',(#1636),#1662,.T.);
#1636 = FACE_BOUND('',#1637,.T.);
#1637 = EDGE_LOOP('',(#1638,#1649,#1655,#1656));
#1638 = ORIENTED_EDGE('',*,*,#1639,.T.);
#1639 = EDGE_CURVE('',#1640,#1642,#1644,.T.);
#1640 = VERTEX_POINT('',#1641);
#1641 = CARTESIAN_POINT('',(-5.481223130577,-0.5,-3.033997664229));
#1642 = VERTEX_POINT('',#1643);
#1643 = CARTESIAN_POINT('',(-5.481223130577,0.5,-3.033997664229));
#1644 = CIRCLE('',#1645,0.5);
#1645 = AXIS2_PLACEMENT_3D('',#1646,#1647,#1648);
#1646 = CARTESIAN_POINT('',(-5.481223130577,0.,-3.033997664229));
#1647 = DIRECTION('',(0.932004671541,2.775557561563E-17,0.362446261155)
  );
#1648 = DIRECTION('',(0.256288209078,-0.707106781187,-0.659026823344));
#1649 = ORIENTED_EDGE('',*,*,#1650,.T.);
#1650 = EDGE_CURVE('',#1642,#1599,#1651,.T.);
#1651 = LINE('',#1652,#1653);
#1652 = CARTESIAN_POINT('',(-5.220766319905,0.5,-2.932708904523));
#1653 = VECTOR('',#1654,1.);
#1654 = DIRECTION('',(0.932004671541,0.,0.362446261155));
#1655 = ORIENTED_EDGE('',*,*,#1598,.T.);
#1656 = ORIENTED_EDGE('',*,*,#1657,.T.);
#1657 = EDGE_CURVE('',#1601,#1640,#1658,.T.);
#1658 = LINE('',#1659,#1660);
#1659 = CARTESIAN_POINT('',(-5.220766319905,-0.5,-2.932708904523));
#1660 = VECTOR('',#1661,1.);
#1661 = DIRECTION('',(-0.932004671541,0.,-0.362446261155));
#1662 = CYLINDRICAL_SURFACE('',#1663,0.5);
#1663 = AXIS2_PLACEMENT_3D('',#1664,#1665,#1666);
#1664 = CARTESIAN_POINT('',(-5.220766319905,0.,-2.932708904523));
#1665 = DIRECTION('',(-0.932004671541,0.,-0.362446261155));
#1666 = DIRECTION('',(0.256288209078,0.707106781187,-0.659026823344));
#1667 = ADVANCED_FACE('',(#1668),#1736,.F.);
#1668 = FACE_BOUND('',#1669,.T.);
#1669 = EDGE_LOOP('',(#1670,#1671,#1679,#1688,#1696,#1704,#1712,#1720,
    #1728,#1735));
#1670 = ORIENTED_EDGE('',*,*,#1650,.F.);
#1671 = ORIENTED_EDGE('',*,*,#1672,.T.);
#1672 = EDGE_CURVE('',#1642,#1673,#1675,.T.);
#1673 = VERTEX_POINT('',#1674);
#1674 = CARTESIAN_POINT('',(-5.786928714241,0.5,-2.247897591951));
#1675 = LINE('',#1676,#1677);
#1676 = CARTESIAN_POINT('',(-5.786928714241,0.5,-2.247897591951));
#1677 = VECTOR('',#1678,1.);
#1678 = DIRECTION('',(-0.362446261155,0.,0.932004671541));
#1679 = ORIENTED_EDGE('',*,*,#1680,.T.);
#1680 = EDGE_CURVE('',#1673,#1681,#1683,.T.);
#1681 = VERTEX_POINT('',#1682);
#1682 = CARTESIAN_POINT('',(-5.662878688117,0.5,-1.218398125881));
#1683 = CIRCLE('',#1684,1.1);
#1684 = AXIS2_PLACEMENT_3D('',#1685,#1686,#1687);
#1685 = CARTESIAN_POINT('',(-4.761723575546,0.5,-1.849206704681));
#1686 = DIRECTION('',(0.,1.,0.));
#1687 = DIRECTION('',(-0.819231920519,0.,0.573462344363));
#1688 = ORIENTED_EDGE('',*,*,#1689,.T.);
#1689 = EDGE_CURVE('',#1681,#1690,#1692,.T.);
#1690 = VERTEX_POINT('',#1691);
#1691 = CARTESIAN_POINT('',(-5.3,0.5,-0.7));
#1692 = LINE('',#1693,#1694);
#1693 = CARTESIAN_POINT('',(-5.3,0.5,-0.7));
#1694 = VECTOR('',#1695,1.);
#1695 = DIRECTION('',(0.573462344363,0.,0.819231920519));
#1696 = ORIENTED_EDGE('',*,*,#1697,.T.);
#1697 = EDGE_CURVE('',#1690,#1698,#1700,.T.);
#1698 = VERTEX_POINT('',#1699);
#1699 = CARTESIAN_POINT('',(-5.3,0.5,-5.551115123126E-16));
#1700 = LINE('',#1701,#1702);
#1701 = CARTESIAN_POINT('',(-5.3,0.5,-0.7));
#1702 = VECTOR('',#1703,1.);
#1703 = DIRECTION('',(0.,0.,1.));
#1704 = ORIENTED_EDGE('',*,*,#1705,.F.);
#1705 = EDGE_CURVE('',#1706,#1698,#1708,.T.);
#1706 = VERTEX_POINT('',#1707);
#1707 = CARTESIAN_POINT('',(-4.9,0.5,-5.551115123126E-16));
#1708 = LINE('',#1709,#1710);
#1709 = CARTESIAN_POINT('',(-5.240430893886,0.5,-5.551115123126E-16));
#1710 = VECTOR('',#1711,1.);
#1711 = DIRECTION('',(-1.,0.,0.));
#1712 = ORIENTED_EDGE('',*,*,#1713,.T.);
#1713 = EDGE_CURVE('',#1706,#1714,#1716,.T.);
#1714 = VERTEX_POINT('',#1715);
#1715 = CARTESIAN_POINT('',(-4.9,0.5,-0.826088892328));
#1716 = LINE('',#1717,#1718);
#1717 = CARTESIAN_POINT('',(-4.9,0.5,-0.826088892328));
#1718 = VECTOR('',#1719,1.);
#1719 = DIRECTION('',(0.,0.,-1.));
#1720 = ORIENTED_EDGE('',*,*,#1721,.T.);
#1721 = EDGE_CURVE('',#1714,#1722,#1724,.T.);
#1722 = VERTEX_POINT('',#1723);
#1723 = CARTESIAN_POINT('',(-5.335185919909,0.5,-1.447783063626));
#1724 = LINE('',#1725,#1726);
#1725 = CARTESIAN_POINT('',(-4.9,0.5,-0.826088892328));
#1726 = VECTOR('',#1727,1.);
#1727 = DIRECTION('',(-0.573462344363,0.,-0.819231920519));
#1728 = ORIENTED_EDGE('',*,*,#1729,.T.);
#1729 = EDGE_CURVE('',#1722,#1610,#1730,.T.);
#1730 = CIRCLE('',#1731,0.7);
#1731 = AXIS2_PLACEMENT_3D('',#1732,#1733,#1734);
#1732 = CARTESIAN_POINT('',(-4.761723575546,0.5,-1.849206704681));
#1733 = DIRECTION('',(0.,-1.,0.));
#1734 = DIRECTION('',(-0.819231920519,0.,0.573462344363));
#1735 = ORIENTED_EDGE('',*,*,#1609,.T.);
#1736 = PLANE('',#1737);
#1737 = AXIS2_PLACEMENT_3D('',#1738,#1739,#1740);
#1738 = CARTESIAN_POINT('',(-5.380861787773,0.5,-1.75));
#1739 = DIRECTION('',(0.,-1.,0.));
#1740 = DIRECTION('',(1.,0.,0.));
#1741 = ADVANCED_FACE('',(#1742),#1761,.F.);
#1742 = FACE_BOUND('',#1743,.F.);
#1743 = EDGE_LOOP('',(#1744,#1745,#1746,#1755));
#1744 = ORIENTED_EDGE('',*,*,#1729,.T.);
#1745 = ORIENTED_EDGE('',*,*,#1617,.T.);
#1746 = ORIENTED_EDGE('',*,*,#1747,.T.);
#1747 = EDGE_CURVE('',#1618,#1748,#1750,.T.);
#1748 = VERTEX_POINT('',#1749);
#1749 = CARTESIAN_POINT('',(-5.335185919909,-0.5,-1.447783063626));
#1750 = CIRCLE('',#1751,0.7);
#1751 = AXIS2_PLACEMENT_3D('',#1752,#1753,#1754);
#1752 = CARTESIAN_POINT('',(-4.761723575546,-0.5,-1.849206704681));
#1753 = DIRECTION('',(0.,1.,0.));
#1754 = DIRECTION('',(-0.819231920519,0.,0.573462344363));
#1755 = ORIENTED_EDGE('',*,*,#1756,.T.);
#1756 = EDGE_CURVE('',#1748,#1722,#1757,.T.);
#1757 = LINE('',#1758,#1759);
#1758 = CARTESIAN_POINT('',(-5.335185919909,0.,-1.447783063626));
#1759 = VECTOR('',#1760,1.);
#1760 = DIRECTION('',(0.,1.,0.));
#1761 = CYLINDRICAL_SURFACE('',#1762,0.7);
#1762 = AXIS2_PLACEMENT_3D('',#1763,#1764,#1765);
#1763 = CARTESIAN_POINT('',(-4.761723575546,0.,-1.849206704681));
#1764 = DIRECTION('',(0.,-1.,0.));
#1765 = DIRECTION('',(-0.819231920519,0.,0.573462344363));
#1766 = ADVANCED_FACE('',(#1767),#1785,.T.);
#1767 = FACE_BOUND('',#1768,.T.);
#1768 = EDGE_LOOP('',(#1769,#1770,#1778,#1784));
#1769 = ORIENTED_EDGE('',*,*,#1639,.F.);
#1770 = ORIENTED_EDGE('',*,*,#1771,.F.);
#1771 = EDGE_CURVE('',#1772,#1640,#1774,.T.);
#1772 = VERTEX_POINT('',#1773);
#1773 = CARTESIAN_POINT('',(-5.786928714241,-0.5,-2.247897591951));
#1774 = LINE('',#1775,#1776);
#1775 = CARTESIAN_POINT('',(-5.786928714241,-0.5,-2.247897591951));
#1776 = VECTOR('',#1777,1.);
#1777 = DIRECTION('',(0.362446261155,0.,-0.932004671541));
#1778 = ORIENTED_EDGE('',*,*,#1779,.F.);
#1779 = EDGE_CURVE('',#1673,#1772,#1780,.T.);
#1780 = LINE('',#1781,#1782);
#1781 = CARTESIAN_POINT('',(-5.786928714241,0.,-2.247897591951));
#1782 = VECTOR('',#1783,1.);
#1783 = DIRECTION('',(0.,-1.,0.));
#1784 = ORIENTED_EDGE('',*,*,#1672,.F.);
#1785 = PLANE('',#1786);
#1786 = AXIS2_PLACEMENT_3D('',#1787,#1788,#1789);
#1787 = CARTESIAN_POINT('',(-5.786928714241,0.,-2.247897591951));
#1788 = DIRECTION('',(-0.932004671541,0.,-0.362446261155));
#1789 = DIRECTION('',(0.362446261155,0.,-0.932004671541));
#1790 = ADVANCED_FACE('',(#1791),#1810,.T.);
#1791 = FACE_BOUND('',#1792,.T.);
#1792 = EDGE_LOOP('',(#1793,#1794,#1803,#1809));
#1793 = ORIENTED_EDGE('',*,*,#1779,.T.);
#1794 = ORIENTED_EDGE('',*,*,#1795,.F.);
#1795 = EDGE_CURVE('',#1796,#1772,#1798,.T.);
#1796 = VERTEX_POINT('',#1797);
#1797 = CARTESIAN_POINT('',(-5.662878688117,-0.5,-1.218398125881));
#1798 = CIRCLE('',#1799,1.1);
#1799 = AXIS2_PLACEMENT_3D('',#1800,#1801,#1802);
#1800 = CARTESIAN_POINT('',(-4.761723575546,-0.5,-1.849206704681));
#1801 = DIRECTION('',(0.,-1.,0.));
#1802 = DIRECTION('',(-0.819231920519,0.,0.573462344363));
#1803 = ORIENTED_EDGE('',*,*,#1804,.F.);
#1804 = EDGE_CURVE('',#1681,#1796,#1805,.T.);
#1805 = LINE('',#1806,#1807);
#1806 = CARTESIAN_POINT('',(-5.662878688117,0.,-1.218398125881));
#1807 = VECTOR('',#1808,1.);
#1808 = DIRECTION('',(0.,-1.,0.));
#1809 = ORIENTED_EDGE('',*,*,#1680,.F.);
#1810 = CYLINDRICAL_SURFACE('',#1811,1.1);
#1811 = AXIS2_PLACEMENT_3D('',#1812,#1813,#1814);
#1812 = CARTESIAN_POINT('',(-4.761723575546,0.,-1.849206704681));
#1813 = DIRECTION('',(0.,-1.,0.));
#1814 = DIRECTION('',(-0.819231920519,0.,0.573462344363));
#1815 = ADVANCED_FACE('',(#1816),#1834,.T.);
#1816 = FACE_BOUND('',#1817,.T.);
#1817 = EDGE_LOOP('',(#1818,#1819,#1827,#1833));
#1818 = ORIENTED_EDGE('',*,*,#1804,.T.);
#1819 = ORIENTED_EDGE('',*,*,#1820,.F.);
#1820 = EDGE_CURVE('',#1821,#1796,#1823,.T.);
#1821 = VERTEX_POINT('',#1822);
#1822 = CARTESIAN_POINT('',(-5.3,-0.5,-0.7));
#1823 = LINE('',#1824,#1825);
#1824 = CARTESIAN_POINT('',(-5.3,-0.5,-0.7));
#1825 = VECTOR('',#1826,1.);
#1826 = DIRECTION('',(-0.573462344363,0.,-0.819231920519));
#1827 = ORIENTED_EDGE('',*,*,#1828,.F.);
#1828 = EDGE_CURVE('',#1690,#1821,#1829,.T.);
#1829 = LINE('',#1830,#1831);
#1830 = CARTESIAN_POINT('',(-5.3,0.,-0.7));
#1831 = VECTOR('',#1832,1.);
#1832 = DIRECTION('',(0.,-1.,0.));
#1833 = ORIENTED_EDGE('',*,*,#1689,.F.);
#1834 = PLANE('',#1835);
#1835 = AXIS2_PLACEMENT_3D('',#1836,#1837,#1838);
#1836 = CARTESIAN_POINT('',(-5.3,0.,-0.7));
#1837 = DIRECTION('',(-0.819231920519,0.,0.573462344363));
#1838 = DIRECTION('',(-0.573462344363,0.,-0.819231920519));
#1839 = ADVANCED_FACE('',(#1840),#1858,.T.);
#1840 = FACE_BOUND('',#1841,.T.);
#1841 = EDGE_LOOP('',(#1842,#1850,#1856,#1857));
#1842 = ORIENTED_EDGE('',*,*,#1843,.T.);
#1843 = EDGE_CURVE('',#1714,#1844,#1846,.T.);
#1844 = VERTEX_POINT('',#1845);
#1845 = CARTESIAN_POINT('',(-4.9,-0.5,-0.826088892328));
#1846 = LINE('',#1847,#1848);
#1847 = CARTESIAN_POINT('',(-4.9,0.,-0.826088892328));
#1848 = VECTOR('',#1849,1.);
#1849 = DIRECTION('',(0.,-1.,0.));
#1850 = ORIENTED_EDGE('',*,*,#1851,.F.);
#1851 = EDGE_CURVE('',#1748,#1844,#1852,.T.);
#1852 = LINE('',#1853,#1854);
#1853 = CARTESIAN_POINT('',(-4.9,-0.5,-0.826088892328));
#1854 = VECTOR('',#1855,1.);
#1855 = DIRECTION('',(0.573462344363,0.,0.819231920519));
#1856 = ORIENTED_EDGE('',*,*,#1756,.T.);
#1857 = ORIENTED_EDGE('',*,*,#1721,.F.);
#1858 = PLANE('',#1859);
#1859 = AXIS2_PLACEMENT_3D('',#1860,#1861,#1862);
#1860 = CARTESIAN_POINT('',(-5.335185919909,0.,-1.447783063626));
#1861 = DIRECTION('',(0.819231920519,0.,-0.573462344363));
#1862 = DIRECTION('',(0.573462344363,0.,0.819231920519));
#1863 = ADVANCED_FACE('',(#1864),#1895,.T.);
#1864 = FACE_BOUND('',#1865,.T.);
#1865 = EDGE_LOOP('',(#1866,#1867,#1868,#1869,#1870,#1878,#1886,#1892,
    #1893,#1894));
#1866 = ORIENTED_EDGE('',*,*,#1657,.F.);
#1867 = ORIENTED_EDGE('',*,*,#1625,.T.);
#1868 = ORIENTED_EDGE('',*,*,#1747,.T.);
#1869 = ORIENTED_EDGE('',*,*,#1851,.T.);
#1870 = ORIENTED_EDGE('',*,*,#1871,.T.);
#1871 = EDGE_CURVE('',#1844,#1872,#1874,.T.);
#1872 = VERTEX_POINT('',#1873);
#1873 = CARTESIAN_POINT('',(-4.9,-0.5,-5.551115123126E-16));
#1874 = LINE('',#1875,#1876);
#1875 = CARTESIAN_POINT('',(-4.9,-0.5,-0.826088892328));
#1876 = VECTOR('',#1877,1.);
#1877 = DIRECTION('',(0.,0.,1.));
#1878 = ORIENTED_EDGE('',*,*,#1879,.F.);
#1879 = EDGE_CURVE('',#1880,#1872,#1882,.T.);
#1880 = VERTEX_POINT('',#1881);
#1881 = CARTESIAN_POINT('',(-5.3,-0.5,-5.551115123126E-16));
#1882 = LINE('',#1883,#1884);
#1883 = CARTESIAN_POINT('',(-5.240430893886,-0.5,-5.551115123126E-16));
#1884 = VECTOR('',#1885,1.);
#1885 = DIRECTION('',(1.,0.,0.));
#1886 = ORIENTED_EDGE('',*,*,#1887,.T.);
#1887 = EDGE_CURVE('',#1880,#1821,#1888,.T.);
#1888 = LINE('',#1889,#1890);
#1889 = CARTESIAN_POINT('',(-5.3,-0.5,-0.7));
#1890 = VECTOR('',#1891,1.);
#1891 = DIRECTION('',(0.,0.,-1.));
#1892 = ORIENTED_EDGE('',*,*,#1820,.T.);
#1893 = ORIENTED_EDGE('',*,*,#1795,.T.);
#1894 = ORIENTED_EDGE('',*,*,#1771,.T.);
#1895 = PLANE('',#1896);
#1896 = AXIS2_PLACEMENT_3D('',#1897,#1898,#1899);
#1897 = CARTESIAN_POINT('',(-5.380861787773,-0.5,-1.75));
#1898 = DIRECTION('',(0.,-1.,0.));
#1899 = DIRECTION('',(1.,0.,0.));
#1900 = ADVANCED_FACE('',(#1901),#1926,.T.);
#1901 = FACE_BOUND('',#1902,.T.);
#1902 = EDGE_LOOP('',(#1903,#1904,#1912,#1920));
#1903 = ORIENTED_EDGE('',*,*,#1705,.T.);
#1904 = ORIENTED_EDGE('',*,*,#1905,.T.);
#1905 = EDGE_CURVE('',#1698,#1906,#1908,.T.);
#1906 = VERTEX_POINT('',#1907);
#1907 = CARTESIAN_POINT('',(-5.3,1.3,-5.551115123126E-16));
#1908 = LINE('',#1909,#1910);
#1909 = CARTESIAN_POINT('',(-5.3,-1.5,-5.551115123126E-16));
#1910 = VECTOR('',#1911,1.);
#1911 = DIRECTION('',(0.,1.,0.));
#1912 = ORIENTED_EDGE('',*,*,#1913,.F.);
#1913 = EDGE_CURVE('',#1914,#1906,#1916,.T.);
#1914 = VERTEX_POINT('',#1915);
#1915 = CARTESIAN_POINT('',(-4.9,1.3,-5.551115123126E-16));
#1916 = LINE('',#1917,#1918);
#1917 = CARTESIAN_POINT('',(-5.2,1.3,-5.551115123126E-16));
#1918 = VECTOR('',#1919,1.);
#1919 = DIRECTION('',(-1.,0.,0.));
#1920 = ORIENTED_EDGE('',*,*,#1921,.T.);
#1921 = EDGE_CURVE('',#1914,#1706,#1922,.T.);
#1922 = LINE('',#1923,#1924);
#1923 = CARTESIAN_POINT('',(-4.9,1.5,-5.551115123126E-16));
#1924 = VECTOR('',#1925,1.);
#1925 = DIRECTION('',(0.,-1.,0.));
#1926 = PLANE('',#1927);
#1927 = AXIS2_PLACEMENT_3D('',#1928,#1929,#1930);
#1928 = CARTESIAN_POINT('',(-5.1,0.,-5.551115123126E-16));
#1929 = DIRECTION('',(0.,0.,-1.));
#1930 = DIRECTION('',(-1.,0.,0.));
#1931 = ADVANCED_FACE('',(#1932),#1957,.T.);
#1932 = FACE_BOUND('',#1933,.T.);
#1933 = EDGE_LOOP('',(#1934,#1935,#1943,#1951));
#1934 = ORIENTED_EDGE('',*,*,#1879,.T.);
#1935 = ORIENTED_EDGE('',*,*,#1936,.T.);
#1936 = EDGE_CURVE('',#1872,#1937,#1939,.T.);
#1937 = VERTEX_POINT('',#1938);
#1938 = CARTESIAN_POINT('',(-4.9,-1.3,-5.551115123126E-16));
#1939 = LINE('',#1940,#1941);
#1940 = CARTESIAN_POINT('',(-4.9,1.5,-5.551115123126E-16));
#1941 = VECTOR('',#1942,1.);
#1942 = DIRECTION('',(0.,-1.,0.));
#1943 = ORIENTED_EDGE('',*,*,#1944,.F.);
#1944 = EDGE_CURVE('',#1945,#1937,#1947,.T.);
#1945 = VERTEX_POINT('',#1946);
#1946 = CARTESIAN_POINT('',(-5.3,-1.3,-5.551115123126E-16));
#1947 = LINE('',#1948,#1949);
#1948 = CARTESIAN_POINT('',(-5.,-1.3,-5.551115123126E-16));
#1949 = VECTOR('',#1950,1.);
#1950 = DIRECTION('',(1.,0.,0.));
#1951 = ORIENTED_EDGE('',*,*,#1952,.T.);
#1952 = EDGE_CURVE('',#1945,#1880,#1953,.T.);
#1953 = LINE('',#1954,#1955);
#1954 = CARTESIAN_POINT('',(-5.3,-1.5,-5.551115123126E-16));
#1955 = VECTOR('',#1956,1.);
#1956 = DIRECTION('',(0.,1.,0.));
#1957 = PLANE('',#1958);
#1958 = AXIS2_PLACEMENT_3D('',#1959,#1960,#1961);
#1959 = CARTESIAN_POINT('',(-5.1,0.,-5.551115123126E-16));
#1960 = DIRECTION('',(0.,0.,-1.));
#1961 = DIRECTION('',(-1.,0.,0.));
#1962 = ADVANCED_FACE('',(#1963),#1989,.F.);
#1963 = FACE_BOUND('',#1964,.F.);
#1964 = EDGE_LOOP('',(#1965,#1976,#1982,#1983));
#1965 = ORIENTED_EDGE('',*,*,#1966,.F.);
#1966 = EDGE_CURVE('',#1967,#1969,#1971,.T.);
#1967 = VERTEX_POINT('',#1968);
#1968 = CARTESIAN_POINT('',(5.414126845625,-0.5,-2.102919087489));
#1969 = VERTEX_POINT('',#1970);
#1970 = CARTESIAN_POINT('',(5.335185919909,-0.5,-1.447783063626));
#1971 = CIRCLE('',#1972,0.7);
#1972 = AXIS2_PLACEMENT_3D('',#1973,#1974,#1975);
#1973 = CARTESIAN_POINT('',(4.761723575546,-0.5,-1.849206704681));
#1974 = DIRECTION('',(0.,-1.,0.));
#1975 = DIRECTION('',(0.819231920519,0.,0.573462344363));
#1976 = ORIENTED_EDGE('',*,*,#1977,.F.);
#1977 = EDGE_CURVE('',#1526,#1967,#1978,.T.);
#1978 = LINE('',#1979,#1980);
#1979 = CARTESIAN_POINT('',(5.414126845625,0.,-2.102919087489));
#1980 = VECTOR('',#1981,1.);
#1981 = DIRECTION('',(0.,-1.,0.));
#1982 = ORIENTED_EDGE('',*,*,#1533,.F.);
#1983 = ORIENTED_EDGE('',*,*,#1984,.F.);
#1984 = EDGE_CURVE('',#1969,#1534,#1985,.T.);
#1985 = LINE('',#1986,#1987);
#1986 = CARTESIAN_POINT('',(5.335185919909,0.,-1.447783063626));
#1987 = VECTOR('',#1988,1.);
#1988 = DIRECTION('',(0.,1.,0.));
#1989 = CYLINDRICAL_SURFACE('',#1990,0.7);
#1990 = AXIS2_PLACEMENT_3D('',#1991,#1992,#1993);
#1991 = CARTESIAN_POINT('',(4.761723575546,0.,-1.849206704681));
#1992 = DIRECTION('',(0.,1.,0.));
#1993 = DIRECTION('',(0.819231920519,-0.,0.573462344363));
#1994 = ADVANCED_FACE('',(#1995),#2006,.F.);
#1995 = FACE_BOUND('',#1996,.T.);
#1996 = EDGE_LOOP('',(#1997,#1998,#2004,#2005));
#1997 = ORIENTED_EDGE('',*,*,#1501,.F.);
#1998 = ORIENTED_EDGE('',*,*,#1999,.T.);
#1999 = EDGE_CURVE('',#1494,#1967,#2000,.T.);
#2000 = LINE('',#2001,#2002);
#2001 = CARTESIAN_POINT('',(5.414126845625,-0.5,-2.102919087489));
#2002 = VECTOR('',#2003,1.);
#2003 = DIRECTION('',(0.362446261155,0.,0.932004671541));
#2004 = ORIENTED_EDGE('',*,*,#1977,.F.);
#2005 = ORIENTED_EDGE('',*,*,#1525,.T.);
#2006 = PLANE('',#2007);
#2007 = AXIS2_PLACEMENT_3D('',#2008,#2009,#2010);
#2008 = CARTESIAN_POINT('',(4.927198131383,0.,-3.355021495538));
#2009 = DIRECTION('',(0.932004671541,0.,-0.362446261155));
#2010 = DIRECTION('',(0.362446261155,0.,0.932004671541));
#2011 = ADVANCED_FACE('',(#2012),#2031,.T.);
#2012 = FACE_BOUND('',#2013,.T.);
#2013 = EDGE_LOOP('',(#2014,#2015,#2016,#2024));
#2014 = ORIENTED_EDGE('',*,*,#1470,.F.);
#2015 = ORIENTED_EDGE('',*,*,#1582,.T.);
#2016 = ORIENTED_EDGE('',*,*,#2017,.T.);
#2017 = EDGE_CURVE('',#1575,#2018,#2020,.T.);
#2018 = VERTEX_POINT('',#2019);
#2019 = CARTESIAN_POINT('',(5.662878688117,-0.5,-1.218398125881));
#2020 = LINE('',#2021,#2022);
#2021 = CARTESIAN_POINT('',(5.662878688117,0.,-1.218398125881));
#2022 = VECTOR('',#2023,1.);
#2023 = DIRECTION('',(0.,-1.,0.));
#2024 = ORIENTED_EDGE('',*,*,#2025,.T.);
#2025 = EDGE_CURVE('',#2018,#1471,#2026,.T.);
#2026 = CIRCLE('',#2027,1.1);
#2027 = AXIS2_PLACEMENT_3D('',#2028,#2029,#2030);
#2028 = CARTESIAN_POINT('',(4.761723575546,-0.5,-1.849206704681));
#2029 = DIRECTION('',(0.,1.,0.));
#2030 = DIRECTION('',(0.819231920519,-0.,0.573462344363));
#2031 = CYLINDRICAL_SURFACE('',#2032,1.1);
#2032 = AXIS2_PLACEMENT_3D('',#2033,#2034,#2035);
#2033 = CARTESIAN_POINT('',(4.761723575546,0.,-1.849206704681));
#2034 = DIRECTION('',(0.,1.,0.));
#2035 = DIRECTION('',(0.819231920519,-0.,0.573462344363));
#2036 = ADVANCED_FACE('',(#2037),#2055,.F.);
#2037 = FACE_BOUND('',#2038,.T.);
#2038 = EDGE_LOOP('',(#2039,#2040,#2041,#2049));
#2039 = ORIENTED_EDGE('',*,*,#2017,.F.);
#2040 = ORIENTED_EDGE('',*,*,#1574,.T.);
#2041 = ORIENTED_EDGE('',*,*,#2042,.T.);
#2042 = EDGE_CURVE('',#1567,#2043,#2045,.T.);
#2043 = VERTEX_POINT('',#2044);
#2044 = CARTESIAN_POINT('',(5.3,-0.5,-0.7));
#2045 = LINE('',#2046,#2047);
#2046 = CARTESIAN_POINT('',(5.3,0.,-0.7));
#2047 = VECTOR('',#2048,1.);
#2048 = DIRECTION('',(0.,-1.,0.));
#2049 = ORIENTED_EDGE('',*,*,#2050,.T.);
#2050 = EDGE_CURVE('',#2043,#2018,#2051,.T.);
#2051 = LINE('',#2052,#2053);
#2052 = CARTESIAN_POINT('',(5.3,-0.5,-0.7));
#2053 = VECTOR('',#2054,1.);
#2054 = DIRECTION('',(0.573462344363,0.,-0.819231920519));
#2055 = PLANE('',#2056);
#2056 = AXIS2_PLACEMENT_3D('',#2057,#2058,#2059);
#2057 = CARTESIAN_POINT('',(5.3,0.,-0.7));
#2058 = DIRECTION('',(-0.819231920519,0.,-0.573462344363));
#2059 = DIRECTION('',(0.573462344363,0.,-0.819231920519));
#2060 = ADVANCED_FACE('',(#2061),#2079,.F.);
#2061 = FACE_BOUND('',#2062,.T.);
#2062 = EDGE_LOOP('',(#2063,#2071,#2072,#2073));
#2063 = ORIENTED_EDGE('',*,*,#2064,.F.);
#2064 = EDGE_CURVE('',#1543,#2065,#2067,.T.);
#2065 = VERTEX_POINT('',#2066);
#2066 = CARTESIAN_POINT('',(4.9,-0.5,-0.826088892328));
#2067 = LINE('',#2068,#2069);
#2068 = CARTESIAN_POINT('',(4.9,0.,-0.826088892328));
#2069 = VECTOR('',#2070,1.);
#2070 = DIRECTION('',(0.,-1.,0.));
#2071 = ORIENTED_EDGE('',*,*,#1542,.T.);
#2072 = ORIENTED_EDGE('',*,*,#1984,.F.);
#2073 = ORIENTED_EDGE('',*,*,#2074,.T.);
#2074 = EDGE_CURVE('',#1969,#2065,#2075,.T.);
#2075 = LINE('',#2076,#2077);
#2076 = CARTESIAN_POINT('',(4.9,-0.5,-0.826088892328));
#2077 = VECTOR('',#2078,1.);
#2078 = DIRECTION('',(-0.573462344363,0.,0.819231920519));
#2079 = PLANE('',#2080);
#2080 = AXIS2_PLACEMENT_3D('',#2081,#2082,#2083);
#2081 = CARTESIAN_POINT('',(5.335185919909,0.,-1.447783063626));
#2082 = DIRECTION('',(0.819231920519,0.,0.573462344363));
#2083 = DIRECTION('',(-0.573462344363,0.,0.819231920519));
#2084 = ADVANCED_FACE('',(#2085),#2116,.F.);
#2085 = FACE_BOUND('',#2086,.T.);
#2086 = EDGE_LOOP('',(#2087,#2088,#2089,#2090,#2091,#2099,#2107,#2113,
    #2114,#2115));
#2087 = ORIENTED_EDGE('',*,*,#1493,.F.);
#2088 = ORIENTED_EDGE('',*,*,#1478,.F.);
#2089 = ORIENTED_EDGE('',*,*,#2025,.F.);
#2090 = ORIENTED_EDGE('',*,*,#2050,.F.);
#2091 = ORIENTED_EDGE('',*,*,#2092,.F.);
#2092 = EDGE_CURVE('',#2093,#2043,#2095,.T.);
#2093 = VERTEX_POINT('',#2094);
#2094 = CARTESIAN_POINT('',(5.3,-0.5,-5.551115123126E-16));
#2095 = LINE('',#2096,#2097);
#2096 = CARTESIAN_POINT('',(5.3,-0.5,-0.7));
#2097 = VECTOR('',#2098,1.);
#2098 = DIRECTION('',(0.,0.,-1.));
#2099 = ORIENTED_EDGE('',*,*,#2100,.F.);
#2100 = EDGE_CURVE('',#2101,#2093,#2103,.T.);
#2101 = VERTEX_POINT('',#2102);
#2102 = CARTESIAN_POINT('',(4.9,-0.5,-5.551115123126E-16));
#2103 = LINE('',#2104,#2105);
#2104 = CARTESIAN_POINT('',(5.240430893886,-0.5,-5.551115123126E-16));
#2105 = VECTOR('',#2106,1.);
#2106 = DIRECTION('',(1.,0.,0.));
#2107 = ORIENTED_EDGE('',*,*,#2108,.F.);
#2108 = EDGE_CURVE('',#2065,#2101,#2109,.T.);
#2109 = LINE('',#2110,#2111);
#2110 = CARTESIAN_POINT('',(4.9,-0.5,-0.826088892328));
#2111 = VECTOR('',#2112,1.);
#2112 = DIRECTION('',(0.,0.,1.));
#2113 = ORIENTED_EDGE('',*,*,#2074,.F.);
#2114 = ORIENTED_EDGE('',*,*,#1966,.F.);
#2115 = ORIENTED_EDGE('',*,*,#1999,.F.);
#2116 = PLANE('',#2117);
#2117 = AXIS2_PLACEMENT_3D('',#2118,#2119,#2120);
#2118 = CARTESIAN_POINT('',(5.380861787773,-0.5,-1.75));
#2119 = DIRECTION('',(0.,1.,0.));
#2120 = DIRECTION('',(-1.,0.,0.));
#2121 = ADVANCED_FACE('',(#2122),#2147,.T.);
#2122 = FACE_BOUND('',#2123,.T.);
#2123 = EDGE_LOOP('',(#2124,#2125,#2133,#2141));
#2124 = ORIENTED_EDGE('',*,*,#1558,.T.);
#2125 = ORIENTED_EDGE('',*,*,#2126,.T.);
#2126 = EDGE_CURVE('',#1551,#2127,#2129,.T.);
#2127 = VERTEX_POINT('',#2128);
#2128 = CARTESIAN_POINT('',(4.9,1.3,-5.551115123126E-16));
#2129 = LINE('',#2130,#2131);
#2130 = CARTESIAN_POINT('',(4.9,1.5,-5.551115123126E-16));
#2131 = VECTOR('',#2132,1.);
#2132 = DIRECTION('',(0.,1.,0.));
#2133 = ORIENTED_EDGE('',*,*,#2134,.F.);
#2134 = EDGE_CURVE('',#2135,#2127,#2137,.T.);
#2135 = VERTEX_POINT('',#2136);
#2136 = CARTESIAN_POINT('',(5.3,1.3,-5.551115123126E-16));
#2137 = LINE('',#2138,#2139);
#2138 = CARTESIAN_POINT('',(5.,1.3,-5.551115123126E-16));
#2139 = VECTOR('',#2140,1.);
#2140 = DIRECTION('',(-1.,0.,0.));
#2141 = ORIENTED_EDGE('',*,*,#2142,.T.);
#2142 = EDGE_CURVE('',#2135,#1559,#2143,.T.);
#2143 = LINE('',#2144,#2145);
#2144 = CARTESIAN_POINT('',(5.3,-1.5,-5.551115123126E-16));
#2145 = VECTOR('',#2146,1.);
#2146 = DIRECTION('',(0.,-1.,0.));
#2147 = PLANE('',#2148);
#2148 = AXIS2_PLACEMENT_3D('',#2149,#2150,#2151);
#2149 = CARTESIAN_POINT('',(5.1,2.775557561563E-16,-5.551115123126E-16)
  );
#2150 = DIRECTION('',(0.,0.,-1.));
#2151 = DIRECTION('',(-1.,0.,0.));
#2152 = ADVANCED_FACE('',(#2153),#2178,.T.);
#2153 = FACE_BOUND('',#2154,.T.);
#2154 = EDGE_LOOP('',(#2155,#2156,#2164,#2172));
#2155 = ORIENTED_EDGE('',*,*,#2100,.T.);
#2156 = ORIENTED_EDGE('',*,*,#2157,.T.);
#2157 = EDGE_CURVE('',#2093,#2158,#2160,.T.);
#2158 = VERTEX_POINT('',#2159);
#2159 = CARTESIAN_POINT('',(5.3,-1.3,-5.551115123126E-16));
#2160 = LINE('',#2161,#2162);
#2161 = CARTESIAN_POINT('',(5.3,-1.5,-5.551115123126E-16));
#2162 = VECTOR('',#2163,1.);
#2163 = DIRECTION('',(0.,-1.,0.));
#2164 = ORIENTED_EDGE('',*,*,#2165,.F.);
#2165 = EDGE_CURVE('',#2166,#2158,#2168,.T.);
#2166 = VERTEX_POINT('',#2167);
#2167 = CARTESIAN_POINT('',(4.9,-1.3,-5.551115123126E-16));
#2168 = LINE('',#2169,#2170);
#2169 = CARTESIAN_POINT('',(5.2,-1.3,-5.551115123126E-16));
#2170 = VECTOR('',#2171,1.);
#2171 = DIRECTION('',(1.,0.,0.));
#2172 = ORIENTED_EDGE('',*,*,#2173,.T.);
#2173 = EDGE_CURVE('',#2166,#2101,#2174,.T.);
#2174 = LINE('',#2175,#2176);
#2175 = CARTESIAN_POINT('',(4.9,1.5,-5.551115123126E-16));
#2176 = VECTOR('',#2177,1.);
#2177 = DIRECTION('',(0.,1.,0.));
#2178 = PLANE('',#2179);
#2179 = AXIS2_PLACEMENT_3D('',#2180,#2181,#2182);
#2180 = CARTESIAN_POINT('',(5.1,2.775557561563E-16,-5.551115123126E-16)
  );
#2181 = DIRECTION('',(0.,0.,-1.));
#2182 = DIRECTION('',(-1.,0.,0.));
#2183 = ADVANCED_FACE('',(#2184),#2211,.F.);
#2184 = FACE_BOUND('',#2185,.F.);
#2185 = EDGE_LOOP('',(#2186,#2196,#2203,#2204));
#2186 = ORIENTED_EDGE('',*,*,#2187,.T.);
#2187 = EDGE_CURVE('',#2188,#2190,#2192,.T.);
#2188 = VERTEX_POINT('',#2189);
#2189 = CARTESIAN_POINT('',(-4.45,-3.65,2.7));
#2190 = VERTEX_POINT('',#2191);
#2191 = CARTESIAN_POINT('',(-4.45,-3.65,2.3));
#2192 = LINE('',#2193,#2194);
#2193 = CARTESIAN_POINT('',(-4.45,-3.65,2.7));
#2194 = VECTOR('',#2195,1.);
#2195 = DIRECTION('',(0.,0.,-1.));
#2196 = ORIENTED_EDGE('',*,*,#2197,.T.);
#2197 = EDGE_CURVE('',#2190,#2190,#2198,.T.);
#2198 = CIRCLE('',#2199,0.6);
#2199 = AXIS2_PLACEMENT_3D('',#2200,#2201,#2202);
#2200 = CARTESIAN_POINT('',(-3.85,-3.65,2.3));
#2201 = DIRECTION('',(0.,0.,1.));
#2202 = DIRECTION('',(1.,0.,-0.));
#2203 = ORIENTED_EDGE('',*,*,#2187,.F.);
#2204 = ORIENTED_EDGE('',*,*,#2205,.T.);
#2205 = EDGE_CURVE('',#2188,#2188,#2206,.T.);
#2206 = CIRCLE('',#2207,0.6);
#2207 = AXIS2_PLACEMENT_3D('',#2208,#2209,#2210);
#2208 = CARTESIAN_POINT('',(-3.85,-3.65,2.7));
#2209 = DIRECTION('',(0.,0.,-1.));
#2210 = DIRECTION('',(1.,0.,0.));
#2211 = CYLINDRICAL_SURFACE('',#2212,0.6);
#2212 = AXIS2_PLACEMENT_3D('',#2213,#2214,#2215);
#2213 = CARTESIAN_POINT('',(-3.85,-3.65,2.7));
#2214 = DIRECTION('',(0.,0.,-1.));
#2215 = DIRECTION('',(1.,0.,0.));
#2216 = ADVANCED_FACE('',(#2217),#2244,.F.);
#2217 = FACE_BOUND('',#2218,.F.);
#2218 = EDGE_LOOP('',(#2219,#2229,#2236,#2237));
#2219 = ORIENTED_EDGE('',*,*,#2220,.T.);
#2220 = EDGE_CURVE('',#2221,#2223,#2225,.T.);
#2221 = VERTEX_POINT('',#2222);
#2222 = CARTESIAN_POINT('',(3.25,3.65,2.7));
#2223 = VERTEX_POINT('',#2224);
#2224 = CARTESIAN_POINT('',(3.25,3.65,2.3));
#2225 = LINE('',#2226,#2227);
#2226 = CARTESIAN_POINT('',(3.25,3.65,2.7));
#2227 = VECTOR('',#2228,1.);
#2228 = DIRECTION('',(0.,0.,-1.));
#2229 = ORIENTED_EDGE('',*,*,#2230,.T.);
#2230 = EDGE_CURVE('',#2223,#2223,#2231,.T.);
#2231 = CIRCLE('',#2232,0.6);
#2232 = AXIS2_PLACEMENT_3D('',#2233,#2234,#2235);
#2233 = CARTESIAN_POINT('',(3.85,3.65,2.3));
#2234 = DIRECTION('',(0.,0.,1.));
#2235 = DIRECTION('',(1.,0.,-0.));
#2236 = ORIENTED_EDGE('',*,*,#2220,.F.);
#2237 = ORIENTED_EDGE('',*,*,#2238,.T.);
#2238 = EDGE_CURVE('',#2221,#2221,#2239,.T.);
#2239 = CIRCLE('',#2240,0.6);
#2240 = AXIS2_PLACEMENT_3D('',#2241,#2242,#2243);
#2241 = CARTESIAN_POINT('',(3.85,3.65,2.7));
#2242 = DIRECTION('',(0.,0.,-1.));
#2243 = DIRECTION('',(1.,0.,0.));
#2244 = CYLINDRICAL_SURFACE('',#2245,0.6);
#2245 = AXIS2_PLACEMENT_3D('',#2246,#2247,#2248);
#2246 = CARTESIAN_POINT('',(3.85,3.65,2.7));
#2247 = DIRECTION('',(0.,0.,-1.));
#2248 = DIRECTION('',(1.,0.,0.));
#2249 = ADVANCED_FACE('',(#2250),#2301,.T.);
#2250 = FACE_BOUND('',#2251,.T.);
#2251 = EDGE_LOOP('',(#2252,#2262,#2270,#2278,#2286,#2294));
#2252 = ORIENTED_EDGE('',*,*,#2253,.T.);
#2253 = EDGE_CURVE('',#2254,#2256,#2258,.T.);
#2254 = VERTEX_POINT('',#2255);
#2255 = CARTESIAN_POINT('',(-1.5,-4.45,2.564575131106));
#2256 = VERTEX_POINT('',#2257);
#2257 = CARTESIAN_POINT('',(-1.5,-4.45,2.3));
#2258 = LINE('',#2259,#2260);
#2259 = CARTESIAN_POINT('',(-1.5,-4.45,2.7));
#2260 = VECTOR('',#2261,1.);
#2261 = DIRECTION('',(0.,0.,-1.));
#2262 = ORIENTED_EDGE('',*,*,#2263,.F.);
#2263 = EDGE_CURVE('',#2264,#2256,#2266,.T.);
#2264 = VERTEX_POINT('',#2265);
#2265 = CARTESIAN_POINT('',(-1.5,-4.15,2.3));
#2266 = LINE('',#2267,#2268);
#2267 = CARTESIAN_POINT('',(-1.5,-4.15,2.3));
#2268 = VECTOR('',#2269,1.);
#2269 = DIRECTION('',(0.,-1.,0.));
#2270 = ORIENTED_EDGE('',*,*,#2271,.T.);
#2271 = EDGE_CURVE('',#2264,#2272,#2274,.T.);
#2272 = VERTEX_POINT('',#2273);
#2273 = CARTESIAN_POINT('',(-1.5,-4.15,0.2));
#2274 = LINE('',#2275,#2276);
#2275 = CARTESIAN_POINT('',(-1.5,-4.15,2.7));
#2276 = VECTOR('',#2277,1.);
#2277 = DIRECTION('',(0.,0.,-1.));
#2278 = ORIENTED_EDGE('',*,*,#2279,.F.);
#2279 = EDGE_CURVE('',#2280,#2272,#2282,.T.);
#2280 = VERTEX_POINT('',#2281);
#2281 = CARTESIAN_POINT('',(-1.5,-4.55,0.2));
#2282 = LINE('',#2283,#2284);
#2283 = CARTESIAN_POINT('',(-1.5,-4.45,0.2));
#2284 = VECTOR('',#2285,1.);
#2285 = DIRECTION('',(0.,1.,0.));
#2286 = ORIENTED_EDGE('',*,*,#2287,.F.);
#2287 = EDGE_CURVE('',#2288,#2280,#2290,.T.);
#2288 = VERTEX_POINT('',#2289);
#2289 = CARTESIAN_POINT('',(-1.5,-4.55,2.3));
#2290 = LINE('',#2291,#2292);
#2291 = CARTESIAN_POINT('',(-1.5,-4.55,2.7));
#2292 = VECTOR('',#2293,1.);
#2293 = DIRECTION('',(0.,0.,-1.));
#2294 = ORIENTED_EDGE('',*,*,#2295,.F.);
#2295 = EDGE_CURVE('',#2254,#2288,#2296,.T.);
#2296 = CIRCLE('',#2297,0.4);
#2297 = AXIS2_PLACEMENT_3D('',#2298,#2299,#2300);
#2298 = CARTESIAN_POINT('',(-1.5,-4.15,2.3));
#2299 = DIRECTION('',(1.,0.,0.));
#2300 = DIRECTION('',(0.,-0.707106781187,0.707106781187));
#2301 = PLANE('',#2302);
#2302 = AXIS2_PLACEMENT_3D('',#2303,#2304,#2305);
#2303 = CARTESIAN_POINT('',(-1.5,-4.55,2.7));
#2304 = DIRECTION('',(-1.,0.,0.));
#2305 = DIRECTION('',(0.,1.,0.));
#2306 = ADVANCED_FACE('',(#2307),#2350,.T.);
#2307 = FACE_BOUND('',#2308,.T.);
#2308 = EDGE_LOOP('',(#2309,#2317,#2325,#2334,#2342,#2349));
#2309 = ORIENTED_EDGE('',*,*,#2310,.F.);
#2310 = EDGE_CURVE('',#2311,#2264,#2313,.T.);
#2311 = VERTEX_POINT('',#2312);
#2312 = CARTESIAN_POINT('',(1.5,-4.15,2.3));
#2313 = LINE('',#2314,#2315);
#2314 = CARTESIAN_POINT('',(-1.5,-4.15,2.3));
#2315 = VECTOR('',#2316,1.);
#2316 = DIRECTION('',(-1.,0.,0.));
#2317 = ORIENTED_EDGE('',*,*,#2318,.T.);
#2318 = EDGE_CURVE('',#2311,#2319,#2321,.T.);
#2319 = VERTEX_POINT('',#2320);
#2320 = CARTESIAN_POINT('',(1.5,-4.15,0.2));
#2321 = LINE('',#2322,#2323);
#2322 = CARTESIAN_POINT('',(1.5,-4.15,2.7));
#2323 = VECTOR('',#2324,1.);
#2324 = DIRECTION('',(0.,0.,-1.));
#2325 = ORIENTED_EDGE('',*,*,#2326,.F.);
#2326 = EDGE_CURVE('',#2327,#2319,#2329,.T.);
#2327 = VERTEX_POINT('',#2328);
#2328 = CARTESIAN_POINT('',(1.3,-4.15,-5.551115123126E-16));
#2329 = CIRCLE('',#2330,0.2);
#2330 = AXIS2_PLACEMENT_3D('',#2331,#2332,#2333);
#2331 = CARTESIAN_POINT('',(1.3,-4.15,0.2));
#2332 = DIRECTION('',(0.,-1.,0.));
#2333 = DIRECTION('',(0.707106781187,0.,-0.707106781187));
#2334 = ORIENTED_EDGE('',*,*,#2335,.F.);
#2335 = EDGE_CURVE('',#2336,#2327,#2338,.T.);
#2336 = VERTEX_POINT('',#2337);
#2337 = CARTESIAN_POINT('',(-1.3,-4.15,-5.551115123126E-16));
#2338 = LINE('',#2339,#2340);
#2339 = CARTESIAN_POINT('',(-1.5,-4.15,-5.551115123126E-16));
#2340 = VECTOR('',#2341,1.);
#2341 = DIRECTION('',(1.,0.,0.));
#2342 = ORIENTED_EDGE('',*,*,#2343,.F.);
#2343 = EDGE_CURVE('',#2272,#2336,#2344,.T.);
#2344 = CIRCLE('',#2345,0.2);
#2345 = AXIS2_PLACEMENT_3D('',#2346,#2347,#2348);
#2346 = CARTESIAN_POINT('',(-1.3,-4.15,0.2));
#2347 = DIRECTION('',(0.,-1.,0.));
#2348 = DIRECTION('',(-0.707106781187,-0.,-0.707106781187));
#2349 = ORIENTED_EDGE('',*,*,#2271,.F.);
#2350 = PLANE('',#2351);
#2351 = AXIS2_PLACEMENT_3D('',#2352,#2353,#2354);
#2352 = CARTESIAN_POINT('',(-1.5,-4.15,2.7));
#2353 = DIRECTION('',(0.,1.,0.));
#2354 = DIRECTION('',(1.,0.,0.));
#2355 = ADVANCED_FACE('',(#2356),#2398,.T.);
#2356 = FACE_BOUND('',#2357,.T.);
#2357 = EDGE_LOOP('',(#2358,#2366,#2374,#2383,#2391,#2397));
#2358 = ORIENTED_EDGE('',*,*,#2359,.F.);
#2359 = EDGE_CURVE('',#2360,#2311,#2362,.T.);
#2360 = VERTEX_POINT('',#2361);
#2361 = CARTESIAN_POINT('',(1.5,-4.45,2.3));
#2362 = LINE('',#2363,#2364);
#2363 = CARTESIAN_POINT('',(1.5,-4.15,2.3));
#2364 = VECTOR('',#2365,1.);
#2365 = DIRECTION('',(0.,1.,0.));
#2366 = ORIENTED_EDGE('',*,*,#2367,.F.);
#2367 = EDGE_CURVE('',#2368,#2360,#2370,.T.);
#2368 = VERTEX_POINT('',#2369);
#2369 = CARTESIAN_POINT('',(1.5,-4.45,2.564575131106));
#2370 = LINE('',#2371,#2372);
#2371 = CARTESIAN_POINT('',(1.5,-4.45,2.7));
#2372 = VECTOR('',#2373,1.);
#2373 = DIRECTION('',(0.,0.,-1.));
#2374 = ORIENTED_EDGE('',*,*,#2375,.F.);
#2375 = EDGE_CURVE('',#2376,#2368,#2378,.T.);
#2376 = VERTEX_POINT('',#2377);
#2377 = CARTESIAN_POINT('',(1.5,-4.55,2.3));
#2378 = CIRCLE('',#2379,0.4);
#2379 = AXIS2_PLACEMENT_3D('',#2380,#2381,#2382);
#2380 = CARTESIAN_POINT('',(1.5,-4.15,2.3));
#2381 = DIRECTION('',(-1.,0.,0.));
#2382 = DIRECTION('',(0.,-0.707106781187,0.707106781187));
#2383 = ORIENTED_EDGE('',*,*,#2384,.T.);
#2384 = EDGE_CURVE('',#2376,#2385,#2387,.T.);
#2385 = VERTEX_POINT('',#2386);
#2386 = CARTESIAN_POINT('',(1.5,-4.55,0.2));
#2387 = LINE('',#2388,#2389);
#2388 = CARTESIAN_POINT('',(1.5,-4.55,2.7));
#2389 = VECTOR('',#2390,1.);
#2390 = DIRECTION('',(0.,0.,-1.));
#2391 = ORIENTED_EDGE('',*,*,#2392,.F.);
#2392 = EDGE_CURVE('',#2319,#2385,#2393,.T.);
#2393 = LINE('',#2394,#2395);
#2394 = CARTESIAN_POINT('',(1.5,-4.25,0.2));
#2395 = VECTOR('',#2396,1.);
#2396 = DIRECTION('',(0.,-1.,0.));
#2397 = ORIENTED_EDGE('',*,*,#2318,.F.);
#2398 = PLANE('',#2399);
#2399 = AXIS2_PLACEMENT_3D('',#2400,#2401,#2402);
#2400 = CARTESIAN_POINT('',(1.5,-4.15,2.7));
#2401 = DIRECTION('',(1.,0.,0.));
#2402 = DIRECTION('',(0.,-1.,0.));
#2403 = ADVANCED_FACE('',(#2404),#2423,.T.);
#2404 = FACE_BOUND('',#2405,.T.);
#2405 = EDGE_LOOP('',(#2406,#2407,#2415,#2422));
#2406 = ORIENTED_EDGE('',*,*,#2343,.T.);
#2407 = ORIENTED_EDGE('',*,*,#2408,.T.);
#2408 = EDGE_CURVE('',#2336,#2409,#2411,.T.);
#2409 = VERTEX_POINT('',#2410);
#2410 = CARTESIAN_POINT('',(-1.3,-4.55,-5.551115123126E-16));
#2411 = LINE('',#2412,#2413);
#2412 = CARTESIAN_POINT('',(-1.3,-4.45,-5.551115123126E-16));
#2413 = VECTOR('',#2414,1.);
#2414 = DIRECTION('',(0.,-1.,0.));
#2415 = ORIENTED_EDGE('',*,*,#2416,.T.);
#2416 = EDGE_CURVE('',#2409,#2280,#2417,.T.);
#2417 = CIRCLE('',#2418,0.2);
#2418 = AXIS2_PLACEMENT_3D('',#2419,#2420,#2421);
#2419 = CARTESIAN_POINT('',(-1.3,-4.55,0.2));
#2420 = DIRECTION('',(0.,1.,0.));
#2421 = DIRECTION('',(-0.707106781187,0.,-0.707106781187));
#2422 = ORIENTED_EDGE('',*,*,#2279,.T.);
#2423 = CYLINDRICAL_SURFACE('',#2424,0.2);
#2424 = AXIS2_PLACEMENT_3D('',#2425,#2426,#2427);
#2425 = CARTESIAN_POINT('',(-1.3,-4.45,0.2));
#2426 = DIRECTION('',(0.,1.,0.));
#2427 = DIRECTION('',(-0.707106781187,0.,-0.707106781187));
#2428 = ADVANCED_FACE('',(#2429),#2455,.T.);
#2429 = FACE_BOUND('',#2430,.T.);
#2430 = EDGE_LOOP('',(#2431,#2432,#2440,#2447,#2448,#2454));
#2431 = ORIENTED_EDGE('',*,*,#2416,.F.);
#2432 = ORIENTED_EDGE('',*,*,#2433,.F.);
#2433 = EDGE_CURVE('',#2434,#2409,#2436,.T.);
#2434 = VERTEX_POINT('',#2435);
#2435 = CARTESIAN_POINT('',(1.3,-4.55,-5.551115123126E-16));
#2436 = LINE('',#2437,#2438);
#2437 = CARTESIAN_POINT('',(-4.15,-4.55,-5.551115123126E-16));
#2438 = VECTOR('',#2439,1.);
#2439 = DIRECTION('',(-1.,0.,0.));
#2440 = ORIENTED_EDGE('',*,*,#2441,.F.);
#2441 = EDGE_CURVE('',#2385,#2434,#2442,.T.);
#2442 = CIRCLE('',#2443,0.2);
#2443 = AXIS2_PLACEMENT_3D('',#2444,#2445,#2446);
#2444 = CARTESIAN_POINT('',(1.3,-4.55,0.2));
#2445 = DIRECTION('',(0.,1.,0.));
#2446 = DIRECTION('',(0.707106781187,0.,-0.707106781187));
#2447 = ORIENTED_EDGE('',*,*,#2384,.F.);
#2448 = ORIENTED_EDGE('',*,*,#2449,.F.);
#2449 = EDGE_CURVE('',#2288,#2376,#2450,.T.);
#2450 = LINE('',#2451,#2452);
#2451 = CARTESIAN_POINT('',(0.75,-4.55,2.3));
#2452 = VECTOR('',#2453,1.);
#2453 = DIRECTION('',(1.,0.,0.));
#2454 = ORIENTED_EDGE('',*,*,#2287,.T.);
#2455 = PLANE('',#2456);
#2456 = AXIS2_PLACEMENT_3D('',#2457,#2458,#2459);
#2457 = CARTESIAN_POINT('',(1.5,-4.55,2.7));
#2458 = DIRECTION('',(0.,-1.,0.));
#2459 = DIRECTION('',(-1.,0.,0.));
#2460 = ADVANCED_FACE('',(#2461),#2472,.T.);
#2461 = FACE_BOUND('',#2462,.T.);
#2462 = EDGE_LOOP('',(#2463,#2464,#2470,#2471));
#2463 = ORIENTED_EDGE('',*,*,#2441,.T.);
#2464 = ORIENTED_EDGE('',*,*,#2465,.T.);
#2465 = EDGE_CURVE('',#2434,#2327,#2466,.T.);
#2466 = LINE('',#2467,#2468);
#2467 = CARTESIAN_POINT('',(1.3,-4.25,-5.551115123126E-16));
#2468 = VECTOR('',#2469,1.);
#2469 = DIRECTION('',(0.,1.,0.));
#2470 = ORIENTED_EDGE('',*,*,#2326,.T.);
#2471 = ORIENTED_EDGE('',*,*,#2392,.T.);
#2472 = CYLINDRICAL_SURFACE('',#2473,0.2);
#2473 = AXIS2_PLACEMENT_3D('',#2474,#2475,#2476);
#2474 = CARTESIAN_POINT('',(1.3,-4.25,0.2));
#2475 = DIRECTION('',(0.,-1.,0.));
#2476 = DIRECTION('',(0.707106781187,0.,-0.707106781187));
#2477 = ADVANCED_FACE('',(#2478),#2507,.T.);
#2478 = FACE_BOUND('',#2479,.T.);
#2479 = EDGE_LOOP('',(#2480,#2481,#2490,#2498,#2505,#2506));
#2480 = ORIENTED_EDGE('',*,*,#2375,.T.);
#2481 = ORIENTED_EDGE('',*,*,#2482,.F.);
#2482 = EDGE_CURVE('',#2483,#2368,#2485,.T.);
#2483 = VERTEX_POINT('',#2484);
#2484 = CARTESIAN_POINT('',(1.5,-4.15,2.7));
#2485 = CIRCLE('',#2486,0.4);
#2486 = AXIS2_PLACEMENT_3D('',#2487,#2488,#2489);
#2487 = CARTESIAN_POINT('',(1.5,-4.15,2.3));
#2488 = DIRECTION('',(1.,0.,0.));
#2489 = DIRECTION('',(0.,-0.707106781187,0.707106781187));
#2490 = ORIENTED_EDGE('',*,*,#2491,.F.);
#2491 = EDGE_CURVE('',#2492,#2483,#2494,.T.);
#2492 = VERTEX_POINT('',#2493);
#2493 = CARTESIAN_POINT('',(-1.5,-4.15,2.7));
#2494 = LINE('',#2495,#2496);
#2495 = CARTESIAN_POINT('',(-1.5,-4.15,2.7));
#2496 = VECTOR('',#2497,1.);
#2497 = DIRECTION('',(1.,0.,0.));
#2498 = ORIENTED_EDGE('',*,*,#2499,.F.);
#2499 = EDGE_CURVE('',#2254,#2492,#2500,.T.);
#2500 = CIRCLE('',#2501,0.4);
#2501 = AXIS2_PLACEMENT_3D('',#2502,#2503,#2504);
#2502 = CARTESIAN_POINT('',(-1.5,-4.15,2.3));
#2503 = DIRECTION('',(-1.,0.,0.));
#2504 = DIRECTION('',(0.,-0.707106781187,0.707106781187));
#2505 = ORIENTED_EDGE('',*,*,#2295,.T.);
#2506 = ORIENTED_EDGE('',*,*,#2449,.T.);
#2507 = CYLINDRICAL_SURFACE('',#2508,0.4);
#2508 = AXIS2_PLACEMENT_3D('',#2509,#2510,#2511);
#2509 = CARTESIAN_POINT('',(0.75,-4.15,2.3));
#2510 = DIRECTION('',(1.,0.,0.));
#2511 = DIRECTION('',(0.,-0.707106781187,0.707106781187));
#2512 = ADVANCED_FACE('',(#2513),#2519,.T.);
#2513 = FACE_BOUND('',#2514,.T.);
#2514 = EDGE_LOOP('',(#2515,#2516,#2517,#2518));
#2515 = ORIENTED_EDGE('',*,*,#2408,.F.);
#2516 = ORIENTED_EDGE('',*,*,#2335,.T.);
#2517 = ORIENTED_EDGE('',*,*,#2465,.F.);
#2518 = ORIENTED_EDGE('',*,*,#2433,.T.);
#2519 = PLANE('',#2520);
#2520 = AXIS2_PLACEMENT_3D('',#2521,#2522,#2523);
#2521 = CARTESIAN_POINT('',(-2.775557561563E-16,-4.35,
    -5.551115123126E-16));
#2522 = DIRECTION('',(0.,0.,-1.));
#2523 = DIRECTION('',(-1.,0.,0.));
#2524 = ADVANCED_FACE('',(#2525),#2542,.T.);
#2525 = FACE_BOUND('',#2526,.T.);
#2526 = EDGE_LOOP('',(#2527,#2528,#2536));
#2527 = ORIENTED_EDGE('',*,*,#2499,.T.);
#2528 = ORIENTED_EDGE('',*,*,#2529,.T.);
#2529 = EDGE_CURVE('',#2492,#2530,#2532,.T.);
#2530 = VERTEX_POINT('',#2531);
#2531 = CARTESIAN_POINT('',(-1.5,-4.45,2.7));
#2532 = LINE('',#2533,#2534);
#2533 = CARTESIAN_POINT('',(-1.5,-4.15,2.7));
#2534 = VECTOR('',#2535,1.);
#2535 = DIRECTION('',(0.,-1.,0.));
#2536 = ORIENTED_EDGE('',*,*,#2537,.T.);
#2537 = EDGE_CURVE('',#2530,#2254,#2538,.T.);
#2538 = LINE('',#2539,#2540);
#2539 = CARTESIAN_POINT('',(-1.5,-4.45,2.7));
#2540 = VECTOR('',#2541,1.);
#2541 = DIRECTION('',(0.,0.,-1.));
#2542 = PLANE('',#2543);
#2543 = AXIS2_PLACEMENT_3D('',#2544,#2545,#2546);
#2544 = CARTESIAN_POINT('',(-1.5,-4.15,2.7));
#2545 = DIRECTION('',(1.,0.,0.));
#2546 = DIRECTION('',(0.,-1.,0.));
#2547 = ADVANCED_FACE('',(#2548),#2565,.T.);
#2548 = FACE_BOUND('',#2549,.T.);
#2549 = EDGE_LOOP('',(#2550,#2551,#2559));
#2550 = ORIENTED_EDGE('',*,*,#2482,.T.);
#2551 = ORIENTED_EDGE('',*,*,#2552,.F.);
#2552 = EDGE_CURVE('',#2553,#2368,#2555,.T.);
#2553 = VERTEX_POINT('',#2554);
#2554 = CARTESIAN_POINT('',(1.5,-4.45,2.7));
#2555 = LINE('',#2556,#2557);
#2556 = CARTESIAN_POINT('',(1.5,-4.45,2.7));
#2557 = VECTOR('',#2558,1.);
#2558 = DIRECTION('',(0.,0.,-1.));
#2559 = ORIENTED_EDGE('',*,*,#2560,.F.);
#2560 = EDGE_CURVE('',#2483,#2553,#2561,.T.);
#2561 = LINE('',#2562,#2563);
#2562 = CARTESIAN_POINT('',(1.5,-4.15,2.7));
#2563 = VECTOR('',#2564,1.);
#2564 = DIRECTION('',(0.,-1.,0.));
#2565 = PLANE('',#2566);
#2566 = AXIS2_PLACEMENT_3D('',#2567,#2568,#2569);
#2567 = CARTESIAN_POINT('',(1.5,-4.45,2.7));
#2568 = DIRECTION('',(-1.,0.,0.));
#2569 = DIRECTION('',(0.,1.,0.));
#2570 = ADVANCED_FACE('',(#2571),#2622,.T.);
#2571 = FACE_BOUND('',#2572,.T.);
#2572 = EDGE_LOOP('',(#2573,#2583,#2591,#2599,#2607,#2615));
#2573 = ORIENTED_EDGE('',*,*,#2574,.T.);
#2574 = EDGE_CURVE('',#2575,#2577,#2579,.T.);
#2575 = VERTEX_POINT('',#2576);
#2576 = CARTESIAN_POINT('',(1.5,4.45,2.564575131106));
#2577 = VERTEX_POINT('',#2578);
#2578 = CARTESIAN_POINT('',(1.5,4.45,2.3));
#2579 = LINE('',#2580,#2581);
#2580 = CARTESIAN_POINT('',(1.5,4.45,2.7));
#2581 = VECTOR('',#2582,1.);
#2582 = DIRECTION('',(0.,0.,-1.));
#2583 = ORIENTED_EDGE('',*,*,#2584,.F.);
#2584 = EDGE_CURVE('',#2585,#2577,#2587,.T.);
#2585 = VERTEX_POINT('',#2586);
#2586 = CARTESIAN_POINT('',(1.5,4.15,2.3));
#2587 = LINE('',#2588,#2589);
#2588 = CARTESIAN_POINT('',(1.5,4.15,2.3));
#2589 = VECTOR('',#2590,1.);
#2590 = DIRECTION('',(0.,1.,0.));
#2591 = ORIENTED_EDGE('',*,*,#2592,.T.);
#2592 = EDGE_CURVE('',#2585,#2593,#2595,.T.);
#2593 = VERTEX_POINT('',#2594);
#2594 = CARTESIAN_POINT('',(1.5,4.15,0.2));
#2595 = LINE('',#2596,#2597);
#2596 = CARTESIAN_POINT('',(1.5,4.15,2.7));
#2597 = VECTOR('',#2598,1.);
#2598 = DIRECTION('',(0.,0.,-1.));
#2599 = ORIENTED_EDGE('',*,*,#2600,.F.);
#2600 = EDGE_CURVE('',#2601,#2593,#2603,.T.);
#2601 = VERTEX_POINT('',#2602);
#2602 = CARTESIAN_POINT('',(1.5,4.55,0.2));
#2603 = LINE('',#2604,#2605);
#2604 = CARTESIAN_POINT('',(1.5,4.45,0.2));
#2605 = VECTOR('',#2606,1.);
#2606 = DIRECTION('',(0.,-1.,0.));
#2607 = ORIENTED_EDGE('',*,*,#2608,.F.);
#2608 = EDGE_CURVE('',#2609,#2601,#2611,.T.);
#2609 = VERTEX_POINT('',#2610);
#2610 = CARTESIAN_POINT('',(1.5,4.55,2.3));
#2611 = LINE('',#2612,#2613);
#2612 = CARTESIAN_POINT('',(1.5,4.55,2.7));
#2613 = VECTOR('',#2614,1.);
#2614 = DIRECTION('',(0.,0.,-1.));
#2615 = ORIENTED_EDGE('',*,*,#2616,.F.);
#2616 = EDGE_CURVE('',#2575,#2609,#2617,.T.);
#2617 = CIRCLE('',#2618,0.4);
#2618 = AXIS2_PLACEMENT_3D('',#2619,#2620,#2621);
#2619 = CARTESIAN_POINT('',(1.5,4.15,2.3));
#2620 = DIRECTION('',(-1.,0.,0.));
#2621 = DIRECTION('',(0.,0.707106781187,0.707106781187));
#2622 = PLANE('',#2623);
#2623 = AXIS2_PLACEMENT_3D('',#2624,#2625,#2626);
#2624 = CARTESIAN_POINT('',(1.5,4.55,2.7));
#2625 = DIRECTION('',(1.,0.,0.));
#2626 = DIRECTION('',(0.,-1.,0.));
#2627 = ADVANCED_FACE('',(#2628),#2671,.T.);
#2628 = FACE_BOUND('',#2629,.T.);
#2629 = EDGE_LOOP('',(#2630,#2638,#2646,#2655,#2663,#2670));
#2630 = ORIENTED_EDGE('',*,*,#2631,.F.);
#2631 = EDGE_CURVE('',#2632,#2585,#2634,.T.);
#2632 = VERTEX_POINT('',#2633);
#2633 = CARTESIAN_POINT('',(-1.5,4.15,2.3));
#2634 = LINE('',#2635,#2636);
#2635 = CARTESIAN_POINT('',(-1.5,4.15,2.3));
#2636 = VECTOR('',#2637,1.);
#2637 = DIRECTION('',(1.,0.,0.));
#2638 = ORIENTED_EDGE('',*,*,#2639,.T.);
#2639 = EDGE_CURVE('',#2632,#2640,#2642,.T.);
#2640 = VERTEX_POINT('',#2641);
#2641 = CARTESIAN_POINT('',(-1.5,4.15,0.2));
#2642 = LINE('',#2643,#2644);
#2643 = CARTESIAN_POINT('',(-1.5,4.15,2.7));
#2644 = VECTOR('',#2645,1.);
#2645 = DIRECTION('',(0.,0.,-1.));
#2646 = ORIENTED_EDGE('',*,*,#2647,.F.);
#2647 = EDGE_CURVE('',#2648,#2640,#2650,.T.);
#2648 = VERTEX_POINT('',#2649);
#2649 = CARTESIAN_POINT('',(-1.3,4.15,-5.551115123126E-16));
#2650 = CIRCLE('',#2651,0.2);
#2651 = AXIS2_PLACEMENT_3D('',#2652,#2653,#2654);
#2652 = CARTESIAN_POINT('',(-1.3,4.15,0.2));
#2653 = DIRECTION('',(0.,1.,0.));
#2654 = DIRECTION('',(-0.707106781187,0.,-0.707106781187));
#2655 = ORIENTED_EDGE('',*,*,#2656,.F.);
#2656 = EDGE_CURVE('',#2657,#2648,#2659,.T.);
#2657 = VERTEX_POINT('',#2658);
#2658 = CARTESIAN_POINT('',(1.3,4.15,-5.551115123126E-16));
#2659 = LINE('',#2660,#2661);
#2660 = CARTESIAN_POINT('',(-1.5,4.15,-5.551115123126E-16));
#2661 = VECTOR('',#2662,1.);
#2662 = DIRECTION('',(-1.,0.,0.));
#2663 = ORIENTED_EDGE('',*,*,#2664,.F.);
#2664 = EDGE_CURVE('',#2593,#2657,#2665,.T.);
#2665 = CIRCLE('',#2666,0.2);
#2666 = AXIS2_PLACEMENT_3D('',#2667,#2668,#2669);
#2667 = CARTESIAN_POINT('',(1.3,4.15,0.2));
#2668 = DIRECTION('',(0.,1.,0.));
#2669 = DIRECTION('',(0.707106781187,0.,-0.707106781187));
#2670 = ORIENTED_EDGE('',*,*,#2592,.F.);
#2671 = PLANE('',#2672);
#2672 = AXIS2_PLACEMENT_3D('',#2673,#2674,#2675);
#2673 = CARTESIAN_POINT('',(1.5,4.15,2.7));
#2674 = DIRECTION('',(0.,-1.,0.));
#2675 = DIRECTION('',(-1.,0.,0.));
#2676 = ADVANCED_FACE('',(#2677),#2719,.T.);
#2677 = FACE_BOUND('',#2678,.T.);
#2678 = EDGE_LOOP('',(#2679,#2687,#2695,#2704,#2712,#2718));
#2679 = ORIENTED_EDGE('',*,*,#2680,.F.);
#2680 = EDGE_CURVE('',#2681,#2632,#2683,.T.);
#2681 = VERTEX_POINT('',#2682);
#2682 = CARTESIAN_POINT('',(-1.5,4.45,2.3));
#2683 = LINE('',#2684,#2685);
#2684 = CARTESIAN_POINT('',(-1.5,4.15,2.3));
#2685 = VECTOR('',#2686,1.);
#2686 = DIRECTION('',(0.,-1.,0.));
#2687 = ORIENTED_EDGE('',*,*,#2688,.F.);
#2688 = EDGE_CURVE('',#2689,#2681,#2691,.T.);
#2689 = VERTEX_POINT('',#2690);
#2690 = CARTESIAN_POINT('',(-1.5,4.45,2.564575131106));
#2691 = LINE('',#2692,#2693);
#2692 = CARTESIAN_POINT('',(-1.5,4.45,2.7));
#2693 = VECTOR('',#2694,1.);
#2694 = DIRECTION('',(0.,0.,-1.));
#2695 = ORIENTED_EDGE('',*,*,#2696,.F.);
#2696 = EDGE_CURVE('',#2697,#2689,#2699,.T.);
#2697 = VERTEX_POINT('',#2698);
#2698 = CARTESIAN_POINT('',(-1.5,4.55,2.3));
#2699 = CIRCLE('',#2700,0.4);
#2700 = AXIS2_PLACEMENT_3D('',#2701,#2702,#2703);
#2701 = CARTESIAN_POINT('',(-1.5,4.15,2.3));
#2702 = DIRECTION('',(1.,0.,0.));
#2703 = DIRECTION('',(-0.,0.707106781187,0.707106781187));
#2704 = ORIENTED_EDGE('',*,*,#2705,.T.);
#2705 = EDGE_CURVE('',#2697,#2706,#2708,.T.);
#2706 = VERTEX_POINT('',#2707);
#2707 = CARTESIAN_POINT('',(-1.5,4.55,0.2));
#2708 = LINE('',#2709,#2710);
#2709 = CARTESIAN_POINT('',(-1.5,4.55,2.7));
#2710 = VECTOR('',#2711,1.);
#2711 = DIRECTION('',(0.,0.,-1.));
#2712 = ORIENTED_EDGE('',*,*,#2713,.F.);
#2713 = EDGE_CURVE('',#2640,#2706,#2714,.T.);
#2714 = LINE('',#2715,#2716);
#2715 = CARTESIAN_POINT('',(-1.5,4.25,0.2));
#2716 = VECTOR('',#2717,1.);
#2717 = DIRECTION('',(0.,1.,0.));
#2718 = ORIENTED_EDGE('',*,*,#2639,.F.);
#2719 = PLANE('',#2720);
#2720 = AXIS2_PLACEMENT_3D('',#2721,#2722,#2723);
#2721 = CARTESIAN_POINT('',(-1.5,4.15,2.7));
#2722 = DIRECTION('',(-1.,0.,0.));
#2723 = DIRECTION('',(0.,1.,0.));
#2724 = ADVANCED_FACE('',(#2725),#2744,.T.);
#2725 = FACE_BOUND('',#2726,.T.);
#2726 = EDGE_LOOP('',(#2727,#2728,#2736,#2743));
#2727 = ORIENTED_EDGE('',*,*,#2664,.T.);
#2728 = ORIENTED_EDGE('',*,*,#2729,.T.);
#2729 = EDGE_CURVE('',#2657,#2730,#2732,.T.);
#2730 = VERTEX_POINT('',#2731);
#2731 = CARTESIAN_POINT('',(1.3,4.55,-5.551115123126E-16));
#2732 = LINE('',#2733,#2734);
#2733 = CARTESIAN_POINT('',(1.3,4.45,-5.551115123126E-16));
#2734 = VECTOR('',#2735,1.);
#2735 = DIRECTION('',(0.,1.,0.));
#2736 = ORIENTED_EDGE('',*,*,#2737,.T.);
#2737 = EDGE_CURVE('',#2730,#2601,#2738,.T.);
#2738 = CIRCLE('',#2739,0.2);
#2739 = AXIS2_PLACEMENT_3D('',#2740,#2741,#2742);
#2740 = CARTESIAN_POINT('',(1.3,4.55,0.2));
#2741 = DIRECTION('',(0.,-1.,0.));
#2742 = DIRECTION('',(0.707106781187,0.,-0.707106781187));
#2743 = ORIENTED_EDGE('',*,*,#2600,.T.);
#2744 = CYLINDRICAL_SURFACE('',#2745,0.2);
#2745 = AXIS2_PLACEMENT_3D('',#2746,#2747,#2748);
#2746 = CARTESIAN_POINT('',(1.3,4.45,0.2));
#2747 = DIRECTION('',(0.,-1.,0.));
#2748 = DIRECTION('',(0.707106781187,0.,-0.707106781187));
#2749 = ADVANCED_FACE('',(#2750),#2776,.T.);
#2750 = FACE_BOUND('',#2751,.T.);
#2751 = EDGE_LOOP('',(#2752,#2753,#2761,#2768,#2769,#2775));
#2752 = ORIENTED_EDGE('',*,*,#2737,.F.);
#2753 = ORIENTED_EDGE('',*,*,#2754,.F.);
#2754 = EDGE_CURVE('',#2755,#2730,#2757,.T.);
#2755 = VERTEX_POINT('',#2756);
#2756 = CARTESIAN_POINT('',(-1.3,4.55,-5.551115123126E-16));
#2757 = LINE('',#2758,#2759);
#2758 = CARTESIAN_POINT('',(-4.15,4.55,-5.551115123126E-16));
#2759 = VECTOR('',#2760,1.);
#2760 = DIRECTION('',(1.,0.,0.));
#2761 = ORIENTED_EDGE('',*,*,#2762,.F.);
#2762 = EDGE_CURVE('',#2706,#2755,#2763,.T.);
#2763 = CIRCLE('',#2764,0.2);
#2764 = AXIS2_PLACEMENT_3D('',#2765,#2766,#2767);
#2765 = CARTESIAN_POINT('',(-1.3,4.55,0.2));
#2766 = DIRECTION('',(0.,-1.,0.));
#2767 = DIRECTION('',(-0.707106781187,-0.,-0.707106781187));
#2768 = ORIENTED_EDGE('',*,*,#2705,.F.);
#2769 = ORIENTED_EDGE('',*,*,#2770,.F.);
#2770 = EDGE_CURVE('',#2609,#2697,#2771,.T.);
#2771 = LINE('',#2772,#2773);
#2772 = CARTESIAN_POINT('',(-0.75,4.55,2.3));
#2773 = VECTOR('',#2774,1.);
#2774 = DIRECTION('',(-1.,0.,0.));
#2775 = ORIENTED_EDGE('',*,*,#2608,.T.);
#2776 = PLANE('',#2777);
#2777 = AXIS2_PLACEMENT_3D('',#2778,#2779,#2780);
#2778 = CARTESIAN_POINT('',(-1.5,4.55,2.7));
#2779 = DIRECTION('',(0.,1.,0.));
#2780 = DIRECTION('',(1.,0.,0.));
#2781 = ADVANCED_FACE('',(#2782),#2793,.T.);
#2782 = FACE_BOUND('',#2783,.T.);
#2783 = EDGE_LOOP('',(#2784,#2785,#2791,#2792));
#2784 = ORIENTED_EDGE('',*,*,#2762,.T.);
#2785 = ORIENTED_EDGE('',*,*,#2786,.T.);
#2786 = EDGE_CURVE('',#2755,#2648,#2787,.T.);
#2787 = LINE('',#2788,#2789);
#2788 = CARTESIAN_POINT('',(-1.3,4.25,-5.551115123126E-16));
#2789 = VECTOR('',#2790,1.);
#2790 = DIRECTION('',(0.,-1.,0.));
#2791 = ORIENTED_EDGE('',*,*,#2647,.T.);
#2792 = ORIENTED_EDGE('',*,*,#2713,.T.);
#2793 = CYLINDRICAL_SURFACE('',#2794,0.2);
#2794 = AXIS2_PLACEMENT_3D('',#2795,#2796,#2797);
#2795 = CARTESIAN_POINT('',(-1.3,4.25,0.2));
#2796 = DIRECTION('',(0.,1.,0.));
#2797 = DIRECTION('',(-0.707106781187,0.,-0.707106781187));
#2798 = ADVANCED_FACE('',(#2799),#2828,.T.);
#2799 = FACE_BOUND('',#2800,.T.);
#2800 = EDGE_LOOP('',(#2801,#2810,#2811,#2812,#2813,#2822));
#2801 = ORIENTED_EDGE('',*,*,#2802,.F.);
#2802 = EDGE_CURVE('',#2575,#2803,#2805,.T.);
#2803 = VERTEX_POINT('',#2804);
#2804 = CARTESIAN_POINT('',(1.5,4.15,2.7));
#2805 = CIRCLE('',#2806,0.4);
#2806 = AXIS2_PLACEMENT_3D('',#2807,#2808,#2809);
#2807 = CARTESIAN_POINT('',(1.5,4.15,2.3));
#2808 = DIRECTION('',(1.,0.,0.));
#2809 = DIRECTION('',(-0.,0.707106781187,0.707106781187));
#2810 = ORIENTED_EDGE('',*,*,#2616,.T.);
#2811 = ORIENTED_EDGE('',*,*,#2770,.T.);
#2812 = ORIENTED_EDGE('',*,*,#2696,.T.);
#2813 = ORIENTED_EDGE('',*,*,#2814,.F.);
#2814 = EDGE_CURVE('',#2815,#2689,#2817,.T.);
#2815 = VERTEX_POINT('',#2816);
#2816 = CARTESIAN_POINT('',(-1.5,4.15,2.7));
#2817 = CIRCLE('',#2818,0.4);
#2818 = AXIS2_PLACEMENT_3D('',#2819,#2820,#2821);
#2819 = CARTESIAN_POINT('',(-1.5,4.15,2.3));
#2820 = DIRECTION('',(-1.,0.,0.));
#2821 = DIRECTION('',(0.,0.707106781187,0.707106781187));
#2822 = ORIENTED_EDGE('',*,*,#2823,.T.);
#2823 = EDGE_CURVE('',#2815,#2803,#2824,.T.);
#2824 = LINE('',#2825,#2826);
#2825 = CARTESIAN_POINT('',(-1.5,4.15,2.7));
#2826 = VECTOR('',#2827,1.);
#2827 = DIRECTION('',(1.,0.,0.));
#2828 = CYLINDRICAL_SURFACE('',#2829,0.4);
#2829 = AXIS2_PLACEMENT_3D('',#2830,#2831,#2832);
#2830 = CARTESIAN_POINT('',(-0.75,4.15,2.3));
#2831 = DIRECTION('',(1.,0.,0.));
#2832 = DIRECTION('',(-0.,0.707106781187,0.707106781187));
#2833 = ADVANCED_FACE('',(#2834),#2840,.T.);
#2834 = FACE_BOUND('',#2835,.T.);
#2835 = EDGE_LOOP('',(#2836,#2837,#2838,#2839));
#2836 = ORIENTED_EDGE('',*,*,#2729,.F.);
#2837 = ORIENTED_EDGE('',*,*,#2656,.T.);
#2838 = ORIENTED_EDGE('',*,*,#2786,.F.);
#2839 = ORIENTED_EDGE('',*,*,#2754,.T.);
#2840 = PLANE('',#2841);
#2841 = AXIS2_PLACEMENT_3D('',#2842,#2843,#2844);
#2842 = CARTESIAN_POINT('',(-2.775557561563E-16,4.35,-5.551115123126E-16
    ));
#2843 = DIRECTION('',(0.,0.,-1.));
#2844 = DIRECTION('',(-1.,0.,0.));
#2845 = ADVANCED_FACE('',(#2846),#2863,.T.);
#2846 = FACE_BOUND('',#2847,.T.);
#2847 = EDGE_LOOP('',(#2848,#2849,#2857));
#2848 = ORIENTED_EDGE('',*,*,#2802,.T.);
#2849 = ORIENTED_EDGE('',*,*,#2850,.T.);
#2850 = EDGE_CURVE('',#2803,#2851,#2853,.T.);
#2851 = VERTEX_POINT('',#2852);
#2852 = CARTESIAN_POINT('',(1.5,4.45,2.7));
#2853 = LINE('',#2854,#2855);
#2854 = CARTESIAN_POINT('',(1.5,4.15,2.7));
#2855 = VECTOR('',#2856,1.);
#2856 = DIRECTION('',(0.,1.,0.));
#2857 = ORIENTED_EDGE('',*,*,#2858,.T.);
#2858 = EDGE_CURVE('',#2851,#2575,#2859,.T.);
#2859 = LINE('',#2860,#2861);
#2860 = CARTESIAN_POINT('',(1.5,4.45,2.7));
#2861 = VECTOR('',#2862,1.);
#2862 = DIRECTION('',(0.,0.,-1.));
#2863 = PLANE('',#2864);
#2864 = AXIS2_PLACEMENT_3D('',#2865,#2866,#2867);
#2865 = CARTESIAN_POINT('',(1.5,4.15,2.7));
#2866 = DIRECTION('',(-1.,0.,0.));
#2867 = DIRECTION('',(0.,1.,0.));
#2868 = ADVANCED_FACE('',(#2869),#2886,.T.);
#2869 = FACE_BOUND('',#2870,.T.);
#2870 = EDGE_LOOP('',(#2871,#2872,#2880));
#2871 = ORIENTED_EDGE('',*,*,#2814,.T.);
#2872 = ORIENTED_EDGE('',*,*,#2873,.F.);
#2873 = EDGE_CURVE('',#2874,#2689,#2876,.T.);
#2874 = VERTEX_POINT('',#2875);
#2875 = CARTESIAN_POINT('',(-1.5,4.45,2.7));
#2876 = LINE('',#2877,#2878);
#2877 = CARTESIAN_POINT('',(-1.5,4.45,2.7));
#2878 = VECTOR('',#2879,1.);
#2879 = DIRECTION('',(0.,0.,-1.));
#2880 = ORIENTED_EDGE('',*,*,#2881,.F.);
#2881 = EDGE_CURVE('',#2815,#2874,#2882,.T.);
#2882 = LINE('',#2883,#2884);
#2883 = CARTESIAN_POINT('',(-1.5,4.15,2.7));
#2884 = VECTOR('',#2885,1.);
#2885 = DIRECTION('',(0.,1.,0.));
#2886 = PLANE('',#2887);
#2887 = AXIS2_PLACEMENT_3D('',#2888,#2889,#2890);
#2888 = CARTESIAN_POINT('',(-1.5,4.45,2.7));
#2889 = DIRECTION('',(1.,0.,0.));
#2890 = DIRECTION('',(0.,-1.,0.));
#2891 = ADVANCED_FACE('',(#2892),#2919,.T.);
#2892 = FACE_BOUND('',#2893,.T.);
#2893 = EDGE_LOOP('',(#2894,#2903,#2904,#2913));
#2894 = ORIENTED_EDGE('',*,*,#2895,.T.);
#2895 = EDGE_CURVE('',#2896,#2166,#2898,.T.);
#2896 = VERTEX_POINT('',#2897);
#2897 = CARTESIAN_POINT('',(4.9,-1.5,0.2));
#2898 = CIRCLE('',#2899,0.2);
#2899 = AXIS2_PLACEMENT_3D('',#2900,#2901,#2902);
#2900 = CARTESIAN_POINT('',(4.9,-1.3,0.2));
#2901 = DIRECTION('',(1.,0.,0.));
#2902 = DIRECTION('',(0.,-0.707106781187,-0.707106781187));
#2903 = ORIENTED_EDGE('',*,*,#2165,.T.);
#2904 = ORIENTED_EDGE('',*,*,#2905,.T.);
#2905 = EDGE_CURVE('',#2158,#2906,#2908,.T.);
#2906 = VERTEX_POINT('',#2907);
#2907 = CARTESIAN_POINT('',(5.3,-1.5,0.2));
#2908 = CIRCLE('',#2909,0.2);
#2909 = AXIS2_PLACEMENT_3D('',#2910,#2911,#2912);
#2910 = CARTESIAN_POINT('',(5.3,-1.3,0.2));
#2911 = DIRECTION('',(-1.,0.,0.));
#2912 = DIRECTION('',(-0.,-0.707106781187,-0.707106781187));
#2913 = ORIENTED_EDGE('',*,*,#2914,.T.);
#2914 = EDGE_CURVE('',#2906,#2896,#2915,.T.);
#2915 = LINE('',#2916,#2917);
#2916 = CARTESIAN_POINT('',(5.2,-1.5,0.2));
#2917 = VECTOR('',#2918,1.);
#2918 = DIRECTION('',(-1.,0.,0.));
#2919 = CYLINDRICAL_SURFACE('',#2920,0.2);
#2920 = AXIS2_PLACEMENT_3D('',#2921,#2922,#2923);
#2921 = CARTESIAN_POINT('',(5.2,-1.3,0.2));
#2922 = DIRECTION('',(-1.,0.,0.));
#2923 = DIRECTION('',(-0.,-0.707106781187,-0.707106781187));
#2924 = ADVANCED_FACE('',(#2925),#2964,.T.);
#2925 = FACE_BOUND('',#2926,.T.);
#2926 = EDGE_LOOP('',(#2927,#2937,#2945,#2952,#2953,#2954,#2955,#2956,
    #2957,#2958));
#2927 = ORIENTED_EDGE('',*,*,#2928,.F.);
#2928 = EDGE_CURVE('',#2929,#2931,#2933,.T.);
#2929 = VERTEX_POINT('',#2930);
#2930 = CARTESIAN_POINT('',(4.9,1.5,2.3));
#2931 = VERTEX_POINT('',#2932);
#2932 = CARTESIAN_POINT('',(4.9,-1.5,2.3));
#2933 = LINE('',#2934,#2935);
#2934 = CARTESIAN_POINT('',(4.9,1.5,2.3));
#2935 = VECTOR('',#2936,1.);
#2936 = DIRECTION('',(0.,-1.,0.));
#2937 = ORIENTED_EDGE('',*,*,#2938,.T.);
#2938 = EDGE_CURVE('',#2929,#2939,#2941,.T.);
#2939 = VERTEX_POINT('',#2940);
#2940 = CARTESIAN_POINT('',(4.9,1.5,0.2));
#2941 = LINE('',#2942,#2943);
#2942 = CARTESIAN_POINT('',(4.9,1.5,2.7));
#2943 = VECTOR('',#2944,1.);
#2944 = DIRECTION('',(0.,0.,-1.));
#2945 = ORIENTED_EDGE('',*,*,#2946,.F.);
#2946 = EDGE_CURVE('',#2127,#2939,#2947,.T.);
#2947 = CIRCLE('',#2948,0.2);
#2948 = AXIS2_PLACEMENT_3D('',#2949,#2950,#2951);
#2949 = CARTESIAN_POINT('',(4.9,1.3,0.2));
#2950 = DIRECTION('',(1.,0.,0.));
#2951 = DIRECTION('',(0.,0.707106781187,-0.707106781187));
#2952 = ORIENTED_EDGE('',*,*,#2126,.F.);
#2953 = ORIENTED_EDGE('',*,*,#1550,.T.);
#2954 = ORIENTED_EDGE('',*,*,#2064,.T.);
#2955 = ORIENTED_EDGE('',*,*,#2108,.T.);
#2956 = ORIENTED_EDGE('',*,*,#2173,.F.);
#2957 = ORIENTED_EDGE('',*,*,#2895,.F.);
#2958 = ORIENTED_EDGE('',*,*,#2959,.F.);
#2959 = EDGE_CURVE('',#2931,#2896,#2960,.T.);
#2960 = LINE('',#2961,#2962);
#2961 = CARTESIAN_POINT('',(4.9,-1.5,2.7));
#2962 = VECTOR('',#2963,1.);
#2963 = DIRECTION('',(0.,0.,-1.));
#2964 = PLANE('',#2965);
#2965 = AXIS2_PLACEMENT_3D('',#2966,#2967,#2968);
#2966 = CARTESIAN_POINT('',(4.9,-1.5,2.7));
#2967 = DIRECTION('',(-1.,0.,0.));
#2968 = DIRECTION('',(0.,1.,0.));
#2969 = ADVANCED_FACE('',(#2970),#2989,.T.);
#2970 = FACE_BOUND('',#2971,.T.);
#2971 = EDGE_LOOP('',(#2972,#2981,#2982,#2983));
#2972 = ORIENTED_EDGE('',*,*,#2973,.T.);
#2973 = EDGE_CURVE('',#2974,#2135,#2976,.T.);
#2974 = VERTEX_POINT('',#2975);
#2975 = CARTESIAN_POINT('',(5.3,1.5,0.2));
#2976 = CIRCLE('',#2977,0.2);
#2977 = AXIS2_PLACEMENT_3D('',#2978,#2979,#2980);
#2978 = CARTESIAN_POINT('',(5.3,1.3,0.2));
#2979 = DIRECTION('',(-1.,0.,0.));
#2980 = DIRECTION('',(0.,0.707106781187,-0.707106781187));
#2981 = ORIENTED_EDGE('',*,*,#2134,.T.);
#2982 = ORIENTED_EDGE('',*,*,#2946,.T.);
#2983 = ORIENTED_EDGE('',*,*,#2984,.T.);
#2984 = EDGE_CURVE('',#2939,#2974,#2985,.T.);
#2985 = LINE('',#2986,#2987);
#2986 = CARTESIAN_POINT('',(5.,1.5,0.2));
#2987 = VECTOR('',#2988,1.);
#2988 = DIRECTION('',(1.,0.,0.));
#2989 = CYLINDRICAL_SURFACE('',#2990,0.2);
#2990 = AXIS2_PLACEMENT_3D('',#2991,#2992,#2993);
#2991 = CARTESIAN_POINT('',(5.,1.3,0.2));
#2992 = DIRECTION('',(1.,0.,0.));
#2993 = DIRECTION('',(0.,0.707106781187,-0.707106781187));
#2994 = ADVANCED_FACE('',(#2995),#3026,.T.);
#2995 = FACE_BOUND('',#2996,.T.);
#2996 = EDGE_LOOP('',(#2997,#2998,#2999,#3000,#3001,#3002,#3003,#3004,
    #3012,#3020));
#2997 = ORIENTED_EDGE('',*,*,#2905,.F.);
#2998 = ORIENTED_EDGE('',*,*,#2157,.F.);
#2999 = ORIENTED_EDGE('',*,*,#2092,.T.);
#3000 = ORIENTED_EDGE('',*,*,#2042,.F.);
#3001 = ORIENTED_EDGE('',*,*,#1566,.T.);
#3002 = ORIENTED_EDGE('',*,*,#2142,.F.);
#3003 = ORIENTED_EDGE('',*,*,#2973,.F.);
#3004 = ORIENTED_EDGE('',*,*,#3005,.F.);
#3005 = EDGE_CURVE('',#3006,#2974,#3008,.T.);
#3006 = VERTEX_POINT('',#3007);
#3007 = CARTESIAN_POINT('',(5.3,1.5,2.3));
#3008 = LINE('',#3009,#3010);
#3009 = CARTESIAN_POINT('',(5.3,1.5,2.7));
#3010 = VECTOR('',#3011,1.);
#3011 = DIRECTION('',(0.,0.,-1.));
#3012 = ORIENTED_EDGE('',*,*,#3013,.F.);
#3013 = EDGE_CURVE('',#3014,#3006,#3016,.T.);
#3014 = VERTEX_POINT('',#3015);
#3015 = CARTESIAN_POINT('',(5.3,-1.5,2.3));
#3016 = LINE('',#3017,#3018);
#3017 = CARTESIAN_POINT('',(5.3,0.75,2.3));
#3018 = VECTOR('',#3019,1.);
#3019 = DIRECTION('',(0.,1.,0.));
#3020 = ORIENTED_EDGE('',*,*,#3021,.T.);
#3021 = EDGE_CURVE('',#3014,#2906,#3022,.T.);
#3022 = LINE('',#3023,#3024);
#3023 = CARTESIAN_POINT('',(5.3,-1.5,2.7));
#3024 = VECTOR('',#3025,1.);
#3025 = DIRECTION('',(0.,0.,-1.));
#3026 = PLANE('',#3027);
#3027 = AXIS2_PLACEMENT_3D('',#3028,#3029,#3030);
#3028 = CARTESIAN_POINT('',(5.3,1.5,2.7));
#3029 = DIRECTION('',(1.,0.,0.));
#3030 = DIRECTION('',(0.,-1.,0.));
#3031 = ADVANCED_FACE('',(#3032),#3059,.T.);
#3032 = FACE_BOUND('',#3033,.T.);
#3033 = EDGE_LOOP('',(#3034,#3043,#3051,#3058));
#3034 = ORIENTED_EDGE('',*,*,#3035,.T.);
#3035 = EDGE_CURVE('',#3006,#3036,#3038,.T.);
#3036 = VERTEX_POINT('',#3037);
#3037 = CARTESIAN_POINT('',(4.9,1.5,2.7));
#3038 = CIRCLE('',#3039,0.4);
#3039 = AXIS2_PLACEMENT_3D('',#3040,#3041,#3042);
#3040 = CARTESIAN_POINT('',(4.9,1.5,2.3));
#3041 = DIRECTION('',(0.,-1.,0.));
#3042 = DIRECTION('',(0.707106781187,0.,0.707106781187));
#3043 = ORIENTED_EDGE('',*,*,#3044,.T.);
#3044 = EDGE_CURVE('',#3036,#3045,#3047,.T.);
#3045 = VERTEX_POINT('',#3046);
#3046 = CARTESIAN_POINT('',(4.9,-1.5,2.7));
#3047 = LINE('',#3048,#3049);
#3048 = CARTESIAN_POINT('',(4.9,1.5,2.7));
#3049 = VECTOR('',#3050,1.);
#3050 = DIRECTION('',(0.,-1.,0.));
#3051 = ORIENTED_EDGE('',*,*,#3052,.T.);
#3052 = EDGE_CURVE('',#3045,#3014,#3053,.T.);
#3053 = CIRCLE('',#3054,0.4);
#3054 = AXIS2_PLACEMENT_3D('',#3055,#3056,#3057);
#3055 = CARTESIAN_POINT('',(4.9,-1.5,2.3));
#3056 = DIRECTION('',(0.,1.,0.));
#3057 = DIRECTION('',(0.707106781187,-0.,0.707106781187));
#3058 = ORIENTED_EDGE('',*,*,#3013,.T.);
#3059 = CYLINDRICAL_SURFACE('',#3060,0.4);
#3060 = AXIS2_PLACEMENT_3D('',#3061,#3062,#3063);
#3061 = CARTESIAN_POINT('',(4.9,0.75,2.3));
#3062 = DIRECTION('',(0.,1.,0.));
#3063 = DIRECTION('',(0.707106781187,-0.,0.707106781187));
#3064 = ADVANCED_FACE('',(#3065),#3112,.T.);
#3065 = FACE_BOUND('',#3066,.T.);
#3066 = EDGE_LOOP('',(#3067,#3077,#3085,#3092,#3093,#3094,#3095,#3096,
    #3097,#3106));
#3067 = ORIENTED_EDGE('',*,*,#3068,.F.);
#3068 = EDGE_CURVE('',#3069,#3071,#3073,.T.);
#3069 = VERTEX_POINT('',#3070);
#3070 = CARTESIAN_POINT('',(-4.9,-1.5,2.3));
#3071 = VERTEX_POINT('',#3072);
#3072 = CARTESIAN_POINT('',(-4.9,1.5,2.3));
#3073 = LINE('',#3074,#3075);
#3074 = CARTESIAN_POINT('',(-4.9,1.5,2.3));
#3075 = VECTOR('',#3076,1.);
#3076 = DIRECTION('',(0.,1.,0.));
#3077 = ORIENTED_EDGE('',*,*,#3078,.T.);
#3078 = EDGE_CURVE('',#3069,#3079,#3081,.T.);
#3079 = VERTEX_POINT('',#3080);
#3080 = CARTESIAN_POINT('',(-4.9,-1.5,0.2));
#3081 = LINE('',#3082,#3083);
#3082 = CARTESIAN_POINT('',(-4.9,-1.5,2.7));
#3083 = VECTOR('',#3084,1.);
#3084 = DIRECTION('',(0.,0.,-1.));
#3085 = ORIENTED_EDGE('',*,*,#3086,.F.);
#3086 = EDGE_CURVE('',#1937,#3079,#3087,.T.);
#3087 = CIRCLE('',#3088,0.2);
#3088 = AXIS2_PLACEMENT_3D('',#3089,#3090,#3091);
#3089 = CARTESIAN_POINT('',(-4.9,-1.3,0.2));
#3090 = DIRECTION('',(-1.,0.,0.));
#3091 = DIRECTION('',(-0.,-0.707106781187,-0.707106781187));
#3092 = ORIENTED_EDGE('',*,*,#1936,.F.);
#3093 = ORIENTED_EDGE('',*,*,#1871,.F.);
#3094 = ORIENTED_EDGE('',*,*,#1843,.F.);
#3095 = ORIENTED_EDGE('',*,*,#1713,.F.);
#3096 = ORIENTED_EDGE('',*,*,#1921,.F.);
#3097 = ORIENTED_EDGE('',*,*,#3098,.F.);
#3098 = EDGE_CURVE('',#3099,#1914,#3101,.T.);
#3099 = VERTEX_POINT('',#3100);
#3100 = CARTESIAN_POINT('',(-4.9,1.5,0.2));
#3101 = CIRCLE('',#3102,0.2);
#3102 = AXIS2_PLACEMENT_3D('',#3103,#3104,#3105);
#3103 = CARTESIAN_POINT('',(-4.9,1.3,0.2));
#3104 = DIRECTION('',(-1.,0.,0.));
#3105 = DIRECTION('',(0.,0.707106781187,-0.707106781187));
#3106 = ORIENTED_EDGE('',*,*,#3107,.F.);
#3107 = EDGE_CURVE('',#3071,#3099,#3108,.T.);
#3108 = LINE('',#3109,#3110);
#3109 = CARTESIAN_POINT('',(-4.9,1.5,2.7));
#3110 = VECTOR('',#3111,1.);
#3111 = DIRECTION('',(0.,0.,-1.));
#3112 = PLANE('',#3113);
#3113 = AXIS2_PLACEMENT_3D('',#3114,#3115,#3116);
#3114 = CARTESIAN_POINT('',(-4.9,1.5,2.7));
#3115 = DIRECTION('',(1.,0.,0.));
#3116 = DIRECTION('',(0.,-1.,0.));
#3117 = ADVANCED_FACE('',(#3118),#3137,.T.);
#3118 = FACE_BOUND('',#3119,.T.);
#3119 = EDGE_LOOP('',(#3120,#3129,#3130,#3131));
#3120 = ORIENTED_EDGE('',*,*,#3121,.T.);
#3121 = EDGE_CURVE('',#3122,#1945,#3124,.T.);
#3122 = VERTEX_POINT('',#3123);
#3123 = CARTESIAN_POINT('',(-5.3,-1.5,0.2));
#3124 = CIRCLE('',#3125,0.2);
#3125 = AXIS2_PLACEMENT_3D('',#3126,#3127,#3128);
#3126 = CARTESIAN_POINT('',(-5.3,-1.3,0.2));
#3127 = DIRECTION('',(1.,0.,0.));
#3128 = DIRECTION('',(0.,-0.707106781187,-0.707106781187));
#3129 = ORIENTED_EDGE('',*,*,#1944,.T.);
#3130 = ORIENTED_EDGE('',*,*,#3086,.T.);
#3131 = ORIENTED_EDGE('',*,*,#3132,.T.);
#3132 = EDGE_CURVE('',#3079,#3122,#3133,.T.);
#3133 = LINE('',#3134,#3135);
#3134 = CARTESIAN_POINT('',(-5.,-1.5,0.2));
#3135 = VECTOR('',#3136,1.);
#3136 = DIRECTION('',(-1.,0.,0.));
#3137 = CYLINDRICAL_SURFACE('',#3138,0.2);
#3138 = AXIS2_PLACEMENT_3D('',#3139,#3140,#3141);
#3139 = CARTESIAN_POINT('',(-5.,-1.3,0.2));
#3140 = DIRECTION('',(-1.,0.,0.));
#3141 = DIRECTION('',(-0.,-0.707106781187,-0.707106781187));
#3142 = ADVANCED_FACE('',(#3143),#3162,.T.);
#3143 = FACE_BOUND('',#3144,.T.);
#3144 = EDGE_LOOP('',(#3145,#3146,#3147,#3156));
#3145 = ORIENTED_EDGE('',*,*,#3098,.T.);
#3146 = ORIENTED_EDGE('',*,*,#1913,.T.);
#3147 = ORIENTED_EDGE('',*,*,#3148,.T.);
#3148 = EDGE_CURVE('',#1906,#3149,#3151,.T.);
#3149 = VERTEX_POINT('',#3150);
#3150 = CARTESIAN_POINT('',(-5.3,1.5,0.2));
#3151 = CIRCLE('',#3152,0.2);
#3152 = AXIS2_PLACEMENT_3D('',#3153,#3154,#3155);
#3153 = CARTESIAN_POINT('',(-5.3,1.3,0.2));
#3154 = DIRECTION('',(1.,0.,0.));
#3155 = DIRECTION('',(0.,0.707106781187,-0.707106781187));
#3156 = ORIENTED_EDGE('',*,*,#3157,.T.);
#3157 = EDGE_CURVE('',#3149,#3099,#3158,.T.);
#3158 = LINE('',#3159,#3160);
#3159 = CARTESIAN_POINT('',(-5.2,1.5,0.2));
#3160 = VECTOR('',#3161,1.);
#3161 = DIRECTION('',(1.,0.,0.));
#3162 = CYLINDRICAL_SURFACE('',#3163,0.2);
#3163 = AXIS2_PLACEMENT_3D('',#3164,#3165,#3166);
#3164 = CARTESIAN_POINT('',(-5.2,1.3,0.2));
#3165 = DIRECTION('',(1.,0.,0.));
#3166 = DIRECTION('',(0.,0.707106781187,-0.707106781187));
#3167 = ADVANCED_FACE('',(#3168),#3204,.T.);
#3168 = FACE_BOUND('',#3169,.T.);
#3169 = EDGE_LOOP('',(#3170,#3181,#3189,#3198));
#3170 = ORIENTED_EDGE('',*,*,#3171,.T.);
#3171 = EDGE_CURVE('',#3172,#3174,#3176,.T.);
#3172 = VERTEX_POINT('',#3173);
#3173 = CARTESIAN_POINT('',(-4.9,1.5,2.7));
#3174 = VERTEX_POINT('',#3175);
#3175 = CARTESIAN_POINT('',(-5.3,1.5,2.3));
#3176 = CIRCLE('',#3177,0.4);
#3177 = AXIS2_PLACEMENT_3D('',#3178,#3179,#3180);
#3178 = CARTESIAN_POINT('',(-4.9,1.5,2.3));
#3179 = DIRECTION('',(0.,-1.,0.));
#3180 = DIRECTION('',(-0.707106781187,0.,0.707106781187));
#3181 = ORIENTED_EDGE('',*,*,#3182,.T.);
#3182 = EDGE_CURVE('',#3174,#3183,#3185,.T.);
#3183 = VERTEX_POINT('',#3184);
#3184 = CARTESIAN_POINT('',(-5.3,-1.5,2.3));
#3185 = LINE('',#3186,#3187);
#3186 = CARTESIAN_POINT('',(-5.3,-0.75,2.3));
#3187 = VECTOR('',#3188,1.);
#3188 = DIRECTION('',(0.,-1.,0.));
#3189 = ORIENTED_EDGE('',*,*,#3190,.T.);
#3190 = EDGE_CURVE('',#3183,#3191,#3193,.T.);
#3191 = VERTEX_POINT('',#3192);
#3192 = CARTESIAN_POINT('',(-4.9,-1.5,2.7));
#3193 = CIRCLE('',#3194,0.4);
#3194 = AXIS2_PLACEMENT_3D('',#3195,#3196,#3197);
#3195 = CARTESIAN_POINT('',(-4.9,-1.5,2.3));
#3196 = DIRECTION('',(0.,1.,0.));
#3197 = DIRECTION('',(-0.707106781187,0.,0.707106781187));
#3198 = ORIENTED_EDGE('',*,*,#3199,.F.);
#3199 = EDGE_CURVE('',#3172,#3191,#3200,.T.);
#3200 = LINE('',#3201,#3202);
#3201 = CARTESIAN_POINT('',(-4.9,1.5,2.7));
#3202 = VECTOR('',#3203,1.);
#3203 = DIRECTION('',(0.,-1.,0.));
#3204 = CYLINDRICAL_SURFACE('',#3205,0.4);
#3205 = AXIS2_PLACEMENT_3D('',#3206,#3207,#3208);
#3206 = CARTESIAN_POINT('',(-4.9,-0.75,2.3));
#3207 = DIRECTION('',(0.,1.,0.));
#3208 = DIRECTION('',(-0.707106781187,0.,0.707106781187));
#3209 = ADVANCED_FACE('',(#3210),#3232,.T.);
#3210 = FACE_BOUND('',#3211,.T.);
#3211 = EDGE_LOOP('',(#3212,#3213,#3219,#3220,#3226,#3227,#3228,#3229,
    #3230,#3231));
#3212 = ORIENTED_EDGE('',*,*,#3121,.F.);
#3213 = ORIENTED_EDGE('',*,*,#3214,.F.);
#3214 = EDGE_CURVE('',#3183,#3122,#3215,.T.);
#3215 = LINE('',#3216,#3217);
#3216 = CARTESIAN_POINT('',(-5.3,-1.5,2.7));
#3217 = VECTOR('',#3218,1.);
#3218 = DIRECTION('',(0.,0.,-1.));
#3219 = ORIENTED_EDGE('',*,*,#3182,.F.);
#3220 = ORIENTED_EDGE('',*,*,#3221,.T.);
#3221 = EDGE_CURVE('',#3174,#3149,#3222,.T.);
#3222 = LINE('',#3223,#3224);
#3223 = CARTESIAN_POINT('',(-5.3,1.5,2.7));
#3224 = VECTOR('',#3225,1.);
#3225 = DIRECTION('',(0.,0.,-1.));
#3226 = ORIENTED_EDGE('',*,*,#3148,.F.);
#3227 = ORIENTED_EDGE('',*,*,#1905,.F.);
#3228 = ORIENTED_EDGE('',*,*,#1697,.F.);
#3229 = ORIENTED_EDGE('',*,*,#1828,.T.);
#3230 = ORIENTED_EDGE('',*,*,#1887,.F.);
#3231 = ORIENTED_EDGE('',*,*,#1952,.F.);
#3232 = PLANE('',#3233);
#3233 = AXIS2_PLACEMENT_3D('',#3234,#3235,#3236);
#3234 = CARTESIAN_POINT('',(-5.3,-1.5,2.7));
#3235 = DIRECTION('',(-1.,0.,0.));
#3236 = DIRECTION('',(0.,1.,0.));
#3237 = ADVANCED_FACE('',(#3238),#3266,.T.);
#3238 = FACE_BOUND('',#3239,.T.);
#3239 = EDGE_LOOP('',(#3240,#3248,#3249,#3250,#3251,#3252,#3260));
#3240 = ORIENTED_EDGE('',*,*,#3241,.F.);
#3241 = EDGE_CURVE('',#3036,#3242,#3244,.T.);
#3242 = VERTEX_POINT('',#3243);
#3243 = CARTESIAN_POINT('',(4.75,1.5,2.7));
#3244 = LINE('',#3245,#3246);
#3245 = CARTESIAN_POINT('',(5.3,1.5,2.7));
#3246 = VECTOR('',#3247,1.);
#3247 = DIRECTION('',(-1.,0.,0.));
#3248 = ORIENTED_EDGE('',*,*,#3035,.F.);
#3249 = ORIENTED_EDGE('',*,*,#3005,.T.);
#3250 = ORIENTED_EDGE('',*,*,#2984,.F.);
#3251 = ORIENTED_EDGE('',*,*,#2938,.F.);
#3252 = ORIENTED_EDGE('',*,*,#3253,.F.);
#3253 = EDGE_CURVE('',#3254,#2929,#3256,.T.);
#3254 = VERTEX_POINT('',#3255);
#3255 = CARTESIAN_POINT('',(4.75,1.5,2.3));
#3256 = LINE('',#3257,#3258);
#3257 = CARTESIAN_POINT('',(5.3,1.5,2.3));
#3258 = VECTOR('',#3259,1.);
#3259 = DIRECTION('',(1.,0.,0.));
#3260 = ORIENTED_EDGE('',*,*,#3261,.F.);
#3261 = EDGE_CURVE('',#3242,#3254,#3262,.T.);
#3262 = LINE('',#3263,#3264);
#3263 = CARTESIAN_POINT('',(4.75,1.5,2.7));
#3264 = VECTOR('',#3265,1.);
#3265 = DIRECTION('',(0.,0.,-1.));
#3266 = PLANE('',#3267);
#3267 = AXIS2_PLACEMENT_3D('',#3268,#3269,#3270);
#3268 = CARTESIAN_POINT('',(4.75,1.5,2.7));
#3269 = DIRECTION('',(0.,1.,0.));
#3270 = DIRECTION('',(1.,0.,0.));
#3271 = ADVANCED_FACE('',(#3272),#3299,.F.);
#3272 = FACE_BOUND('',#3273,.F.);
#3273 = EDGE_LOOP('',(#3274,#3284,#3291,#3292));
#3274 = ORIENTED_EDGE('',*,*,#3275,.T.);
#3275 = EDGE_CURVE('',#3276,#3278,#3280,.T.);
#3276 = VERTEX_POINT('',#3277);
#3277 = CARTESIAN_POINT('',(4.75,2.2,2.7));
#3278 = VERTEX_POINT('',#3279);
#3279 = CARTESIAN_POINT('',(4.75,2.2,2.3));
#3280 = LINE('',#3281,#3282);
#3281 = CARTESIAN_POINT('',(4.75,2.2,2.7));
#3282 = VECTOR('',#3283,1.);
#3283 = DIRECTION('',(0.,0.,-1.));
#3284 = ORIENTED_EDGE('',*,*,#3285,.T.);
#3285 = EDGE_CURVE('',#3278,#3254,#3286,.T.);
#3286 = CIRCLE('',#3287,0.35);
#3287 = AXIS2_PLACEMENT_3D('',#3288,#3289,#3290);
#3288 = CARTESIAN_POINT('',(4.75,1.85,2.3));
#3289 = DIRECTION('',(0.,0.,1.));
#3290 = DIRECTION('',(0.,-1.,0.));
#3291 = ORIENTED_EDGE('',*,*,#3261,.F.);
#3292 = ORIENTED_EDGE('',*,*,#3293,.T.);
#3293 = EDGE_CURVE('',#3242,#3276,#3294,.T.);
#3294 = CIRCLE('',#3295,0.35);
#3295 = AXIS2_PLACEMENT_3D('',#3296,#3297,#3298);
#3296 = CARTESIAN_POINT('',(4.75,1.85,2.7));
#3297 = DIRECTION('',(0.,0.,-1.));
#3298 = DIRECTION('',(0.,-1.,0.));
#3299 = CYLINDRICAL_SURFACE('',#3300,0.35);
#3300 = AXIS2_PLACEMENT_3D('',#3301,#3302,#3303);
#3301 = CARTESIAN_POINT('',(4.75,1.85,2.7));
#3302 = DIRECTION('',(0.,0.,-1.));
#3303 = DIRECTION('',(0.,-1.,0.));
#3304 = ADVANCED_FACE('',(#3305),#3330,.T.);
#3305 = FACE_BOUND('',#3306,.T.);
#3306 = EDGE_LOOP('',(#3307,#3315,#3316,#3324));
#3307 = ORIENTED_EDGE('',*,*,#3308,.F.);
#3308 = EDGE_CURVE('',#3276,#3309,#3311,.T.);
#3309 = VERTEX_POINT('',#3310);
#3310 = CARTESIAN_POINT('',(4.75,3.95,2.7));
#3311 = LINE('',#3312,#3313);
#3312 = CARTESIAN_POINT('',(4.75,2.2,2.7));
#3313 = VECTOR('',#3314,1.);
#3314 = DIRECTION('',(0.,1.,0.));
#3315 = ORIENTED_EDGE('',*,*,#3275,.T.);
#3316 = ORIENTED_EDGE('',*,*,#3317,.F.);
#3317 = EDGE_CURVE('',#3318,#3278,#3320,.T.);
#3318 = VERTEX_POINT('',#3319);
#3319 = CARTESIAN_POINT('',(4.75,3.95,2.3));
#3320 = LINE('',#3321,#3322);
#3321 = CARTESIAN_POINT('',(4.75,2.2,2.3));
#3322 = VECTOR('',#3323,1.);
#3323 = DIRECTION('',(0.,-1.,0.));
#3324 = ORIENTED_EDGE('',*,*,#3325,.F.);
#3325 = EDGE_CURVE('',#3309,#3318,#3326,.T.);
#3326 = LINE('',#3327,#3328);
#3327 = CARTESIAN_POINT('',(4.75,3.95,2.7));
#3328 = VECTOR('',#3329,1.);
#3329 = DIRECTION('',(0.,0.,-1.));
#3330 = PLANE('',#3331);
#3331 = AXIS2_PLACEMENT_3D('',#3332,#3333,#3334);
#3332 = CARTESIAN_POINT('',(4.75,3.95,2.7));
#3333 = DIRECTION('',(1.,0.,0.));
#3334 = DIRECTION('',(0.,-1.,0.));
#3335 = ADVANCED_FACE('',(#3336),#3363,.T.);
#3336 = FACE_BOUND('',#3337,.T.);
#3337 = EDGE_LOOP('',(#3338,#3347,#3348,#3357));
#3338 = ORIENTED_EDGE('',*,*,#3339,.T.);
#3339 = EDGE_CURVE('',#3340,#3309,#3342,.T.);
#3340 = VERTEX_POINT('',#3341);
#3341 = CARTESIAN_POINT('',(4.15,4.55,2.7));
#3342 = CIRCLE('',#3343,0.6);
#3343 = AXIS2_PLACEMENT_3D('',#3344,#3345,#3346);
#3344 = CARTESIAN_POINT('',(4.15,3.95,2.7));
#3345 = DIRECTION('',(0.,0.,-1.));
#3346 = DIRECTION('',(-1.850371707709E-15,1.,0.));
#3347 = ORIENTED_EDGE('',*,*,#3325,.T.);
#3348 = ORIENTED_EDGE('',*,*,#3349,.F.);
#3349 = EDGE_CURVE('',#3350,#3318,#3352,.T.);
#3350 = VERTEX_POINT('',#3351);
#3351 = CARTESIAN_POINT('',(4.15,4.55,2.3));
#3352 = CIRCLE('',#3353,0.6);
#3353 = AXIS2_PLACEMENT_3D('',#3354,#3355,#3356);
#3354 = CARTESIAN_POINT('',(4.15,3.95,2.3));
#3355 = DIRECTION('',(0.,0.,-1.));
#3356 = DIRECTION('',(-1.850371707709E-15,1.,0.));
#3357 = ORIENTED_EDGE('',*,*,#3358,.F.);
#3358 = EDGE_CURVE('',#3340,#3350,#3359,.T.);
#3359 = LINE('',#3360,#3361);
#3360 = CARTESIAN_POINT('',(4.15,4.55,2.7));
#3361 = VECTOR('',#3362,1.);
#3362 = DIRECTION('',(0.,0.,-1.));
#3363 = CYLINDRICAL_SURFACE('',#3364,0.6);
#3364 = AXIS2_PLACEMENT_3D('',#3365,#3366,#3367);
#3365 = CARTESIAN_POINT('',(4.15,3.95,2.7));
#3366 = DIRECTION('',(0.,0.,-1.));
#3367 = DIRECTION('',(-1.850371707709E-15,1.,0.));
#3368 = ADVANCED_FACE('',(#3369),#3394,.T.);
#3369 = FACE_BOUND('',#3370,.T.);
#3370 = EDGE_LOOP('',(#3371,#3379,#3380,#3388));
#3371 = ORIENTED_EDGE('',*,*,#3372,.T.);
#3372 = EDGE_CURVE('',#3373,#3340,#3375,.T.);
#3373 = VERTEX_POINT('',#3374);
#3374 = CARTESIAN_POINT('',(2.,4.55,2.7));
#3375 = LINE('',#3376,#3377);
#3376 = CARTESIAN_POINT('',(-4.15,4.55,2.7));
#3377 = VECTOR('',#3378,1.);
#3378 = DIRECTION('',(1.,0.,0.));
#3379 = ORIENTED_EDGE('',*,*,#3358,.T.);
#3380 = ORIENTED_EDGE('',*,*,#3381,.F.);
#3381 = EDGE_CURVE('',#3382,#3350,#3384,.T.);
#3382 = VERTEX_POINT('',#3383);
#3383 = CARTESIAN_POINT('',(2.,4.55,2.3));
#3384 = LINE('',#3385,#3386);
#3385 = CARTESIAN_POINT('',(-4.15,4.55,2.3));
#3386 = VECTOR('',#3387,1.);
#3387 = DIRECTION('',(1.,0.,0.));
#3388 = ORIENTED_EDGE('',*,*,#3389,.F.);
#3389 = EDGE_CURVE('',#3373,#3382,#3390,.T.);
#3390 = LINE('',#3391,#3392);
#3391 = CARTESIAN_POINT('',(2.,4.55,2.7));
#3392 = VECTOR('',#3393,1.);
#3393 = DIRECTION('',(0.,0.,-1.));
#3394 = PLANE('',#3395);
#3395 = AXIS2_PLACEMENT_3D('',#3396,#3397,#3398);
#3396 = CARTESIAN_POINT('',(2.,4.55,2.7));
#3397 = DIRECTION('',(0.,1.,0.));
#3398 = DIRECTION('',(1.,0.,0.));
#3399 = ADVANCED_FACE('',(#3400),#3425,.T.);
#3400 = FACE_BOUND('',#3401,.T.);
#3401 = EDGE_LOOP('',(#3402,#3410,#3411,#3419));
#3402 = ORIENTED_EDGE('',*,*,#3403,.F.);
#3403 = EDGE_CURVE('',#3373,#3404,#3406,.T.);
#3404 = VERTEX_POINT('',#3405);
#3405 = CARTESIAN_POINT('',(2.,4.45,2.7));
#3406 = LINE('',#3407,#3408);
#3407 = CARTESIAN_POINT('',(2.,4.55,2.7));
#3408 = VECTOR('',#3409,1.);
#3409 = DIRECTION('',(0.,-1.,0.));
#3410 = ORIENTED_EDGE('',*,*,#3389,.T.);
#3411 = ORIENTED_EDGE('',*,*,#3412,.F.);
#3412 = EDGE_CURVE('',#3413,#3382,#3415,.T.);
#3413 = VERTEX_POINT('',#3414);
#3414 = CARTESIAN_POINT('',(2.,4.45,2.3));
#3415 = LINE('',#3416,#3417);
#3416 = CARTESIAN_POINT('',(2.,4.55,2.3));
#3417 = VECTOR('',#3418,1.);
#3418 = DIRECTION('',(0.,1.,0.));
#3419 = ORIENTED_EDGE('',*,*,#3420,.F.);
#3420 = EDGE_CURVE('',#3404,#3413,#3421,.T.);
#3421 = LINE('',#3422,#3423);
#3422 = CARTESIAN_POINT('',(2.,4.45,2.7));
#3423 = VECTOR('',#3424,1.);
#3424 = DIRECTION('',(0.,0.,-1.));
#3425 = PLANE('',#3426);
#3426 = AXIS2_PLACEMENT_3D('',#3427,#3428,#3429);
#3427 = CARTESIAN_POINT('',(2.,4.45,2.7));
#3428 = DIRECTION('',(-1.,0.,0.));
#3429 = DIRECTION('',(0.,1.,0.));
#3430 = ADVANCED_FACE('',(#3431),#3448,.T.);
#3431 = FACE_BOUND('',#3432,.T.);
#3432 = EDGE_LOOP('',(#3433,#3439,#3440,#3446,#3447));
#3433 = ORIENTED_EDGE('',*,*,#3434,.F.);
#3434 = EDGE_CURVE('',#3404,#2851,#3435,.T.);
#3435 = LINE('',#3436,#3437);
#3436 = CARTESIAN_POINT('',(2.,4.45,2.7));
#3437 = VECTOR('',#3438,1.);
#3438 = DIRECTION('',(-1.,0.,0.));
#3439 = ORIENTED_EDGE('',*,*,#3420,.T.);
#3440 = ORIENTED_EDGE('',*,*,#3441,.F.);
#3441 = EDGE_CURVE('',#2577,#3413,#3442,.T.);
#3442 = LINE('',#3443,#3444);
#3443 = CARTESIAN_POINT('',(2.,4.45,2.3));
#3444 = VECTOR('',#3445,1.);
#3445 = DIRECTION('',(1.,0.,0.));
#3446 = ORIENTED_EDGE('',*,*,#2574,.F.);
#3447 = ORIENTED_EDGE('',*,*,#2858,.F.);
#3448 = PLANE('',#3449);
#3449 = AXIS2_PLACEMENT_3D('',#3450,#3451,#3452);
#3450 = CARTESIAN_POINT('',(1.5,4.45,2.7));
#3451 = DIRECTION('',(0.,1.,0.));
#3452 = DIRECTION('',(1.,0.,0.));
#3453 = ADVANCED_FACE('',(#3454),#3480,.T.);
#3454 = FACE_BOUND('',#3455,.T.);
#3455 = EDGE_LOOP('',(#3456,#3464,#3465,#3466,#3474));
#3456 = ORIENTED_EDGE('',*,*,#3457,.T.);
#3457 = EDGE_CURVE('',#3458,#2874,#3460,.T.);
#3458 = VERTEX_POINT('',#3459);
#3459 = CARTESIAN_POINT('',(-2.,4.45,2.7));
#3460 = LINE('',#3461,#3462);
#3461 = CARTESIAN_POINT('',(-2.,4.45,2.7));
#3462 = VECTOR('',#3463,1.);
#3463 = DIRECTION('',(1.,0.,0.));
#3464 = ORIENTED_EDGE('',*,*,#2873,.T.);
#3465 = ORIENTED_EDGE('',*,*,#2688,.T.);
#3466 = ORIENTED_EDGE('',*,*,#3467,.F.);
#3467 = EDGE_CURVE('',#3468,#2681,#3470,.T.);
#3468 = VERTEX_POINT('',#3469);
#3469 = CARTESIAN_POINT('',(-2.,4.45,2.3));
#3470 = LINE('',#3471,#3472);
#3471 = CARTESIAN_POINT('',(-2.,4.45,2.3));
#3472 = VECTOR('',#3473,1.);
#3473 = DIRECTION('',(1.,0.,0.));
#3474 = ORIENTED_EDGE('',*,*,#3475,.F.);
#3475 = EDGE_CURVE('',#3458,#3468,#3476,.T.);
#3476 = LINE('',#3477,#3478);
#3477 = CARTESIAN_POINT('',(-2.,4.45,2.7));
#3478 = VECTOR('',#3479,1.);
#3479 = DIRECTION('',(0.,0.,-1.));
#3480 = PLANE('',#3481);
#3481 = AXIS2_PLACEMENT_3D('',#3482,#3483,#3484);
#3482 = CARTESIAN_POINT('',(-2.,4.45,2.7));
#3483 = DIRECTION('',(0.,1.,0.));
#3484 = DIRECTION('',(1.,0.,0.));
#3485 = ADVANCED_FACE('',(#3486),#3511,.T.);
#3486 = FACE_BOUND('',#3487,.T.);
#3487 = EDGE_LOOP('',(#3488,#3496,#3497,#3505));
#3488 = ORIENTED_EDGE('',*,*,#3489,.T.);
#3489 = EDGE_CURVE('',#3490,#3458,#3492,.T.);
#3490 = VERTEX_POINT('',#3491);
#3491 = CARTESIAN_POINT('',(-2.,4.55,2.7));
#3492 = LINE('',#3493,#3494);
#3493 = CARTESIAN_POINT('',(-2.,4.55,2.7));
#3494 = VECTOR('',#3495,1.);
#3495 = DIRECTION('',(0.,-1.,0.));
#3496 = ORIENTED_EDGE('',*,*,#3475,.T.);
#3497 = ORIENTED_EDGE('',*,*,#3498,.F.);
#3498 = EDGE_CURVE('',#3499,#3468,#3501,.T.);
#3499 = VERTEX_POINT('',#3500);
#3500 = CARTESIAN_POINT('',(-2.,4.55,2.3));
#3501 = LINE('',#3502,#3503);
#3502 = CARTESIAN_POINT('',(-2.,4.55,2.3));
#3503 = VECTOR('',#3504,1.);
#3504 = DIRECTION('',(0.,-1.,0.));
#3505 = ORIENTED_EDGE('',*,*,#3506,.F.);
#3506 = EDGE_CURVE('',#3490,#3499,#3507,.T.);
#3507 = LINE('',#3508,#3509);
#3508 = CARTESIAN_POINT('',(-2.,4.55,2.7));
#3509 = VECTOR('',#3510,1.);
#3510 = DIRECTION('',(0.,0.,-1.));
#3511 = PLANE('',#3512);
#3512 = AXIS2_PLACEMENT_3D('',#3513,#3514,#3515);
#3513 = CARTESIAN_POINT('',(-2.,4.55,2.7));
#3514 = DIRECTION('',(1.,0.,0.));
#3515 = DIRECTION('',(0.,-1.,0.));
#3516 = ADVANCED_FACE('',(#3517),#3542,.T.);
#3517 = FACE_BOUND('',#3518,.T.);
#3518 = EDGE_LOOP('',(#3519,#3527,#3528,#3536));
#3519 = ORIENTED_EDGE('',*,*,#3520,.T.);
#3520 = EDGE_CURVE('',#3521,#3490,#3523,.T.);
#3521 = VERTEX_POINT('',#3522);
#3522 = CARTESIAN_POINT('',(-4.15,4.55,2.7));
#3523 = LINE('',#3524,#3525);
#3524 = CARTESIAN_POINT('',(-4.15,4.55,2.7));
#3525 = VECTOR('',#3526,1.);
#3526 = DIRECTION('',(1.,0.,0.));
#3527 = ORIENTED_EDGE('',*,*,#3506,.T.);
#3528 = ORIENTED_EDGE('',*,*,#3529,.F.);
#3529 = EDGE_CURVE('',#3530,#3499,#3532,.T.);
#3530 = VERTEX_POINT('',#3531);
#3531 = CARTESIAN_POINT('',(-4.15,4.55,2.3));
#3532 = LINE('',#3533,#3534);
#3533 = CARTESIAN_POINT('',(-4.15,4.55,2.3));
#3534 = VECTOR('',#3535,1.);
#3535 = DIRECTION('',(1.,0.,0.));
#3536 = ORIENTED_EDGE('',*,*,#3537,.F.);
#3537 = EDGE_CURVE('',#3521,#3530,#3538,.T.);
#3538 = LINE('',#3539,#3540);
#3539 = CARTESIAN_POINT('',(-4.15,4.55,2.7));
#3540 = VECTOR('',#3541,1.);
#3541 = DIRECTION('',(0.,0.,-1.));
#3542 = PLANE('',#3543);
#3543 = AXIS2_PLACEMENT_3D('',#3544,#3545,#3546);
#3544 = CARTESIAN_POINT('',(-4.15,4.55,2.7));
#3545 = DIRECTION('',(0.,1.,0.));
#3546 = DIRECTION('',(1.,0.,0.));
#3547 = ADVANCED_FACE('',(#3548),#3575,.T.);
#3548 = FACE_BOUND('',#3549,.T.);
#3549 = EDGE_LOOP('',(#3550,#3559,#3560,#3569));
#3550 = ORIENTED_EDGE('',*,*,#3551,.T.);
#3551 = EDGE_CURVE('',#3552,#3521,#3554,.T.);
#3552 = VERTEX_POINT('',#3553);
#3553 = CARTESIAN_POINT('',(-4.75,3.95,2.7));
#3554 = CIRCLE('',#3555,0.6);
#3555 = AXIS2_PLACEMENT_3D('',#3556,#3557,#3558);
#3556 = CARTESIAN_POINT('',(-4.15,3.95,2.7));
#3557 = DIRECTION('',(0.,0.,-1.));
#3558 = DIRECTION('',(-1.,-9.251858538543E-16,-0.));
#3559 = ORIENTED_EDGE('',*,*,#3537,.T.);
#3560 = ORIENTED_EDGE('',*,*,#3561,.F.);
#3561 = EDGE_CURVE('',#3562,#3530,#3564,.T.);
#3562 = VERTEX_POINT('',#3563);
#3563 = CARTESIAN_POINT('',(-4.75,3.95,2.3));
#3564 = CIRCLE('',#3565,0.6);
#3565 = AXIS2_PLACEMENT_3D('',#3566,#3567,#3568);
#3566 = CARTESIAN_POINT('',(-4.15,3.95,2.3));
#3567 = DIRECTION('',(0.,0.,-1.));
#3568 = DIRECTION('',(-1.,-9.251858538543E-16,-0.));
#3569 = ORIENTED_EDGE('',*,*,#3570,.F.);
#3570 = EDGE_CURVE('',#3552,#3562,#3571,.T.);
#3571 = LINE('',#3572,#3573);
#3572 = CARTESIAN_POINT('',(-4.75,3.95,2.7));
#3573 = VECTOR('',#3574,1.);
#3574 = DIRECTION('',(0.,0.,-1.));
#3575 = CYLINDRICAL_SURFACE('',#3576,0.6);
#3576 = AXIS2_PLACEMENT_3D('',#3577,#3578,#3579);
#3577 = CARTESIAN_POINT('',(-4.15,3.95,2.7));
#3578 = DIRECTION('',(0.,0.,-1.));
#3579 = DIRECTION('',(-1.,-9.251858538543E-16,-0.));
#3580 = ADVANCED_FACE('',(#3581),#3606,.T.);
#3581 = FACE_BOUND('',#3582,.T.);
#3582 = EDGE_LOOP('',(#3583,#3591,#3592,#3600));
#3583 = ORIENTED_EDGE('',*,*,#3584,.T.);
#3584 = EDGE_CURVE('',#3585,#3552,#3587,.T.);
#3585 = VERTEX_POINT('',#3586);
#3586 = CARTESIAN_POINT('',(-4.75,2.2,2.7));
#3587 = LINE('',#3588,#3589);
#3588 = CARTESIAN_POINT('',(-4.75,2.2,2.7));
#3589 = VECTOR('',#3590,1.);
#3590 = DIRECTION('',(0.,1.,0.));
#3591 = ORIENTED_EDGE('',*,*,#3570,.T.);
#3592 = ORIENTED_EDGE('',*,*,#3593,.F.);
#3593 = EDGE_CURVE('',#3594,#3562,#3596,.T.);
#3594 = VERTEX_POINT('',#3595);
#3595 = CARTESIAN_POINT('',(-4.75,2.2,2.3));
#3596 = LINE('',#3597,#3598);
#3597 = CARTESIAN_POINT('',(-4.75,2.2,2.3));
#3598 = VECTOR('',#3599,1.);
#3599 = DIRECTION('',(0.,1.,0.));
#3600 = ORIENTED_EDGE('',*,*,#3601,.F.);
#3601 = EDGE_CURVE('',#3585,#3594,#3602,.T.);
#3602 = LINE('',#3603,#3604);
#3603 = CARTESIAN_POINT('',(-4.75,2.2,2.7));
#3604 = VECTOR('',#3605,1.);
#3605 = DIRECTION('',(0.,0.,-1.));
#3606 = PLANE('',#3607);
#3607 = AXIS2_PLACEMENT_3D('',#3608,#3609,#3610);
#3608 = CARTESIAN_POINT('',(-4.75,2.2,2.7));
#3609 = DIRECTION('',(-1.,0.,0.));
#3610 = DIRECTION('',(0.,1.,0.));
#3611 = ADVANCED_FACE('',(#3612),#3639,.F.);
#3612 = FACE_BOUND('',#3613,.F.);
#3613 = EDGE_LOOP('',(#3614,#3624,#3631,#3632));
#3614 = ORIENTED_EDGE('',*,*,#3615,.T.);
#3615 = EDGE_CURVE('',#3616,#3618,#3620,.T.);
#3616 = VERTEX_POINT('',#3617);
#3617 = CARTESIAN_POINT('',(-4.75,1.5,2.7));
#3618 = VERTEX_POINT('',#3619);
#3619 = CARTESIAN_POINT('',(-4.75,1.5,2.3));
#3620 = LINE('',#3621,#3622);
#3621 = CARTESIAN_POINT('',(-4.75,1.5,2.7));
#3622 = VECTOR('',#3623,1.);
#3623 = DIRECTION('',(0.,0.,-1.));
#3624 = ORIENTED_EDGE('',*,*,#3625,.T.);
#3625 = EDGE_CURVE('',#3618,#3594,#3626,.T.);
#3626 = CIRCLE('',#3627,0.35);
#3627 = AXIS2_PLACEMENT_3D('',#3628,#3629,#3630);
#3628 = CARTESIAN_POINT('',(-4.75,1.85,2.3));
#3629 = DIRECTION('',(0.,-0.,1.));
#3630 = DIRECTION('',(0.,1.,0.));
#3631 = ORIENTED_EDGE('',*,*,#3601,.F.);
#3632 = ORIENTED_EDGE('',*,*,#3633,.T.);
#3633 = EDGE_CURVE('',#3585,#3616,#3634,.T.);
#3634 = CIRCLE('',#3635,0.35);
#3635 = AXIS2_PLACEMENT_3D('',#3636,#3637,#3638);
#3636 = CARTESIAN_POINT('',(-4.75,1.85,2.7));
#3637 = DIRECTION('',(0.,0.,-1.));
#3638 = DIRECTION('',(0.,1.,0.));
#3639 = CYLINDRICAL_SURFACE('',#3640,0.35);
#3640 = AXIS2_PLACEMENT_3D('',#3641,#3642,#3643);
#3641 = CARTESIAN_POINT('',(-4.75,1.85,2.7));
#3642 = DIRECTION('',(0.,0.,-1.));
#3643 = DIRECTION('',(0.,1.,0.));
#3644 = ADVANCED_FACE('',(#3645),#3664,.T.);
#3645 = FACE_BOUND('',#3646,.T.);
#3646 = EDGE_LOOP('',(#3647,#3653,#3654,#3660,#3661,#3662,#3663));
#3647 = ORIENTED_EDGE('',*,*,#3648,.T.);
#3648 = EDGE_CURVE('',#3172,#3616,#3649,.T.);
#3649 = LINE('',#3650,#3651);
#3650 = CARTESIAN_POINT('',(-5.3,1.5,2.7));
#3651 = VECTOR('',#3652,1.);
#3652 = DIRECTION('',(1.,0.,0.));
#3653 = ORIENTED_EDGE('',*,*,#3615,.T.);
#3654 = ORIENTED_EDGE('',*,*,#3655,.F.);
#3655 = EDGE_CURVE('',#3071,#3618,#3656,.T.);
#3656 = LINE('',#3657,#3658);
#3657 = CARTESIAN_POINT('',(-5.3,1.5,2.3));
#3658 = VECTOR('',#3659,1.);
#3659 = DIRECTION('',(1.,0.,0.));
#3660 = ORIENTED_EDGE('',*,*,#3107,.T.);
#3661 = ORIENTED_EDGE('',*,*,#3157,.F.);
#3662 = ORIENTED_EDGE('',*,*,#3221,.F.);
#3663 = ORIENTED_EDGE('',*,*,#3171,.F.);
#3664 = PLANE('',#3665);
#3665 = AXIS2_PLACEMENT_3D('',#3666,#3667,#3668);
#3666 = CARTESIAN_POINT('',(-4.9,1.5,2.7));
#3667 = DIRECTION('',(0.,1.,0.));
#3668 = DIRECTION('',(1.,0.,0.));
#3669 = ADVANCED_FACE('',(#3670),#3698,.T.);
#3670 = FACE_BOUND('',#3671,.T.);
#3671 = EDGE_LOOP('',(#3672,#3680,#3681,#3682,#3683,#3684,#3692));
#3672 = ORIENTED_EDGE('',*,*,#3673,.F.);
#3673 = EDGE_CURVE('',#3191,#3674,#3676,.T.);
#3674 = VERTEX_POINT('',#3675);
#3675 = CARTESIAN_POINT('',(-4.75,-1.5,2.7));
#3676 = LINE('',#3677,#3678);
#3677 = CARTESIAN_POINT('',(-5.3,-1.5,2.7));
#3678 = VECTOR('',#3679,1.);
#3679 = DIRECTION('',(1.,0.,0.));
#3680 = ORIENTED_EDGE('',*,*,#3190,.F.);
#3681 = ORIENTED_EDGE('',*,*,#3214,.T.);
#3682 = ORIENTED_EDGE('',*,*,#3132,.F.);
#3683 = ORIENTED_EDGE('',*,*,#3078,.F.);
#3684 = ORIENTED_EDGE('',*,*,#3685,.F.);
#3685 = EDGE_CURVE('',#3686,#3069,#3688,.T.);
#3686 = VERTEX_POINT('',#3687);
#3687 = CARTESIAN_POINT('',(-4.75,-1.5,2.3));
#3688 = LINE('',#3689,#3690);
#3689 = CARTESIAN_POINT('',(-5.3,-1.5,2.3));
#3690 = VECTOR('',#3691,1.);
#3691 = DIRECTION('',(-1.,0.,0.));
#3692 = ORIENTED_EDGE('',*,*,#3693,.F.);
#3693 = EDGE_CURVE('',#3674,#3686,#3694,.T.);
#3694 = LINE('',#3695,#3696);
#3695 = CARTESIAN_POINT('',(-4.75,-1.5,2.7));
#3696 = VECTOR('',#3697,1.);
#3697 = DIRECTION('',(0.,0.,-1.));
#3698 = PLANE('',#3699);
#3699 = AXIS2_PLACEMENT_3D('',#3700,#3701,#3702);
#3700 = CARTESIAN_POINT('',(-4.75,-1.5,2.7));
#3701 = DIRECTION('',(0.,-1.,0.));
#3702 = DIRECTION('',(-1.,0.,0.));
#3703 = ADVANCED_FACE('',(#3704),#3731,.F.);
#3704 = FACE_BOUND('',#3705,.F.);
#3705 = EDGE_LOOP('',(#3706,#3716,#3723,#3724));
#3706 = ORIENTED_EDGE('',*,*,#3707,.T.);
#3707 = EDGE_CURVE('',#3708,#3710,#3712,.T.);
#3708 = VERTEX_POINT('',#3709);
#3709 = CARTESIAN_POINT('',(-4.75,-2.2,2.7));
#3710 = VERTEX_POINT('',#3711);
#3711 = CARTESIAN_POINT('',(-4.75,-2.2,2.3));
#3712 = LINE('',#3713,#3714);
#3713 = CARTESIAN_POINT('',(-4.75,-2.2,2.7));
#3714 = VECTOR('',#3715,1.);
#3715 = DIRECTION('',(0.,0.,-1.));
#3716 = ORIENTED_EDGE('',*,*,#3717,.T.);
#3717 = EDGE_CURVE('',#3710,#3686,#3718,.T.);
#3718 = CIRCLE('',#3719,0.35);
#3719 = AXIS2_PLACEMENT_3D('',#3720,#3721,#3722);
#3720 = CARTESIAN_POINT('',(-4.75,-1.85,2.3));
#3721 = DIRECTION('',(0.,-0.,1.));
#3722 = DIRECTION('',(0.,1.,0.));
#3723 = ORIENTED_EDGE('',*,*,#3693,.F.);
#3724 = ORIENTED_EDGE('',*,*,#3725,.T.);
#3725 = EDGE_CURVE('',#3674,#3708,#3726,.T.);
#3726 = CIRCLE('',#3727,0.35);
#3727 = AXIS2_PLACEMENT_3D('',#3728,#3729,#3730);
#3728 = CARTESIAN_POINT('',(-4.75,-1.85,2.7));
#3729 = DIRECTION('',(0.,0.,-1.));
#3730 = DIRECTION('',(0.,1.,0.));
#3731 = CYLINDRICAL_SURFACE('',#3732,0.35);
#3732 = AXIS2_PLACEMENT_3D('',#3733,#3734,#3735);
#3733 = CARTESIAN_POINT('',(-4.75,-1.85,2.7));
#3734 = DIRECTION('',(0.,0.,-1.));
#3735 = DIRECTION('',(0.,1.,0.));
#3736 = ADVANCED_FACE('',(#3737),#3762,.T.);
#3737 = FACE_BOUND('',#3738,.T.);
#3738 = EDGE_LOOP('',(#3739,#3747,#3748,#3756));
#3739 = ORIENTED_EDGE('',*,*,#3740,.T.);
#3740 = EDGE_CURVE('',#3741,#3708,#3743,.T.);
#3741 = VERTEX_POINT('',#3742);
#3742 = CARTESIAN_POINT('',(-4.75,-3.95,2.7));
#3743 = LINE('',#3744,#3745);
#3744 = CARTESIAN_POINT('',(-4.75,-3.95,2.7));
#3745 = VECTOR('',#3746,1.);
#3746 = DIRECTION('',(0.,1.,0.));
#3747 = ORIENTED_EDGE('',*,*,#3707,.T.);
#3748 = ORIENTED_EDGE('',*,*,#3749,.F.);
#3749 = EDGE_CURVE('',#3750,#3710,#3752,.T.);
#3750 = VERTEX_POINT('',#3751);
#3751 = CARTESIAN_POINT('',(-4.75,-3.95,2.3));
#3752 = LINE('',#3753,#3754);
#3753 = CARTESIAN_POINT('',(-4.75,-3.95,2.3));
#3754 = VECTOR('',#3755,1.);
#3755 = DIRECTION('',(0.,1.,0.));
#3756 = ORIENTED_EDGE('',*,*,#3757,.F.);
#3757 = EDGE_CURVE('',#3741,#3750,#3758,.T.);
#3758 = LINE('',#3759,#3760);
#3759 = CARTESIAN_POINT('',(-4.75,-3.95,2.7));
#3760 = VECTOR('',#3761,1.);
#3761 = DIRECTION('',(0.,0.,-1.));
#3762 = PLANE('',#3763);
#3763 = AXIS2_PLACEMENT_3D('',#3764,#3765,#3766);
#3764 = CARTESIAN_POINT('',(-4.75,-3.95,2.7));
#3765 = DIRECTION('',(-1.,0.,0.));
#3766 = DIRECTION('',(0.,1.,0.));
#3767 = ADVANCED_FACE('',(#3768),#3795,.T.);
#3768 = FACE_BOUND('',#3769,.T.);
#3769 = EDGE_LOOP('',(#3770,#3779,#3780,#3789));
#3770 = ORIENTED_EDGE('',*,*,#3771,.T.);
#3771 = EDGE_CURVE('',#3772,#3741,#3774,.T.);
#3772 = VERTEX_POINT('',#3773);
#3773 = CARTESIAN_POINT('',(-4.15,-4.55,2.7));
#3774 = CIRCLE('',#3775,0.6);
#3775 = AXIS2_PLACEMENT_3D('',#3776,#3777,#3778);
#3776 = CARTESIAN_POINT('',(-4.15,-3.95,2.7));
#3777 = DIRECTION('',(0.,0.,-1.));
#3778 = DIRECTION('',(9.251858538543E-16,-1.,0.));
#3779 = ORIENTED_EDGE('',*,*,#3757,.T.);
#3780 = ORIENTED_EDGE('',*,*,#3781,.F.);
#3781 = EDGE_CURVE('',#3782,#3750,#3784,.T.);
#3782 = VERTEX_POINT('',#3783);
#3783 = CARTESIAN_POINT('',(-4.15,-4.55,2.3));
#3784 = CIRCLE('',#3785,0.6);
#3785 = AXIS2_PLACEMENT_3D('',#3786,#3787,#3788);
#3786 = CARTESIAN_POINT('',(-4.15,-3.95,2.3));
#3787 = DIRECTION('',(0.,0.,-1.));
#3788 = DIRECTION('',(9.251858538543E-16,-1.,0.));
#3789 = ORIENTED_EDGE('',*,*,#3790,.F.);
#3790 = EDGE_CURVE('',#3772,#3782,#3791,.T.);
#3791 = LINE('',#3792,#3793);
#3792 = CARTESIAN_POINT('',(-4.15,-4.55,2.7));
#3793 = VECTOR('',#3794,1.);
#3794 = DIRECTION('',(0.,0.,-1.));
#3795 = CYLINDRICAL_SURFACE('',#3796,0.6);
#3796 = AXIS2_PLACEMENT_3D('',#3797,#3798,#3799);
#3797 = CARTESIAN_POINT('',(-4.15,-3.95,2.7));
#3798 = DIRECTION('',(0.,0.,-1.));
#3799 = DIRECTION('',(9.251858538543E-16,-1.,0.));
#3800 = ADVANCED_FACE('',(#3801),#3826,.T.);
#3801 = FACE_BOUND('',#3802,.T.);
#3802 = EDGE_LOOP('',(#3803,#3811,#3812,#3820));
#3803 = ORIENTED_EDGE('',*,*,#3804,.F.);
#3804 = EDGE_CURVE('',#3772,#3805,#3807,.T.);
#3805 = VERTEX_POINT('',#3806);
#3806 = CARTESIAN_POINT('',(-2.,-4.55,2.7));
#3807 = LINE('',#3808,#3809);
#3808 = CARTESIAN_POINT('',(-4.15,-4.55,2.7));
#3809 = VECTOR('',#3810,1.);
#3810 = DIRECTION('',(1.,0.,0.));
#3811 = ORIENTED_EDGE('',*,*,#3790,.T.);
#3812 = ORIENTED_EDGE('',*,*,#3813,.F.);
#3813 = EDGE_CURVE('',#3814,#3782,#3816,.T.);
#3814 = VERTEX_POINT('',#3815);
#3815 = CARTESIAN_POINT('',(-2.,-4.55,2.3));
#3816 = LINE('',#3817,#3818);
#3817 = CARTESIAN_POINT('',(-4.15,-4.55,2.3));
#3818 = VECTOR('',#3819,1.);
#3819 = DIRECTION('',(-1.,0.,0.));
#3820 = ORIENTED_EDGE('',*,*,#3821,.F.);
#3821 = EDGE_CURVE('',#3805,#3814,#3822,.T.);
#3822 = LINE('',#3823,#3824);
#3823 = CARTESIAN_POINT('',(-2.,-4.55,2.7));
#3824 = VECTOR('',#3825,1.);
#3825 = DIRECTION('',(0.,0.,-1.));
#3826 = PLANE('',#3827);
#3827 = AXIS2_PLACEMENT_3D('',#3828,#3829,#3830);
#3828 = CARTESIAN_POINT('',(-2.,-4.55,2.7));
#3829 = DIRECTION('',(0.,-1.,0.));
#3830 = DIRECTION('',(-1.,0.,0.));
#3831 = ADVANCED_FACE('',(#3832),#3857,.T.);
#3832 = FACE_BOUND('',#3833,.T.);
#3833 = EDGE_LOOP('',(#3834,#3842,#3843,#3851));
#3834 = ORIENTED_EDGE('',*,*,#3835,.F.);
#3835 = EDGE_CURVE('',#3805,#3836,#3838,.T.);
#3836 = VERTEX_POINT('',#3837);
#3837 = CARTESIAN_POINT('',(-2.,-4.45,2.7));
#3838 = LINE('',#3839,#3840);
#3839 = CARTESIAN_POINT('',(-2.,-4.55,2.7));
#3840 = VECTOR('',#3841,1.);
#3841 = DIRECTION('',(0.,1.,0.));
#3842 = ORIENTED_EDGE('',*,*,#3821,.T.);
#3843 = ORIENTED_EDGE('',*,*,#3844,.F.);
#3844 = EDGE_CURVE('',#3845,#3814,#3847,.T.);
#3845 = VERTEX_POINT('',#3846);
#3846 = CARTESIAN_POINT('',(-2.,-4.45,2.3));
#3847 = LINE('',#3848,#3849);
#3848 = CARTESIAN_POINT('',(-2.,-4.55,2.3));
#3849 = VECTOR('',#3850,1.);
#3850 = DIRECTION('',(0.,-1.,0.));
#3851 = ORIENTED_EDGE('',*,*,#3852,.F.);
#3852 = EDGE_CURVE('',#3836,#3845,#3853,.T.);
#3853 = LINE('',#3854,#3855);
#3854 = CARTESIAN_POINT('',(-2.,-4.45,2.7));
#3855 = VECTOR('',#3856,1.);
#3856 = DIRECTION('',(0.,0.,-1.));
#3857 = PLANE('',#3858);
#3858 = AXIS2_PLACEMENT_3D('',#3859,#3860,#3861);
#3859 = CARTESIAN_POINT('',(-2.,-4.45,2.7));
#3860 = DIRECTION('',(1.,0.,0.));
#3861 = DIRECTION('',(0.,-1.,0.));
#3862 = ADVANCED_FACE('',(#3863),#3880,.T.);
#3863 = FACE_BOUND('',#3864,.T.);
#3864 = EDGE_LOOP('',(#3865,#3871,#3872,#3878,#3879));
#3865 = ORIENTED_EDGE('',*,*,#3866,.F.);
#3866 = EDGE_CURVE('',#3836,#2530,#3867,.T.);
#3867 = LINE('',#3868,#3869);
#3868 = CARTESIAN_POINT('',(-2.,-4.45,2.7));
#3869 = VECTOR('',#3870,1.);
#3870 = DIRECTION('',(1.,0.,0.));
#3871 = ORIENTED_EDGE('',*,*,#3852,.T.);
#3872 = ORIENTED_EDGE('',*,*,#3873,.F.);
#3873 = EDGE_CURVE('',#2256,#3845,#3874,.T.);
#3874 = LINE('',#3875,#3876);
#3875 = CARTESIAN_POINT('',(-2.,-4.45,2.3));
#3876 = VECTOR('',#3877,1.);
#3877 = DIRECTION('',(-1.,0.,0.));
#3878 = ORIENTED_EDGE('',*,*,#2253,.F.);
#3879 = ORIENTED_EDGE('',*,*,#2537,.F.);
#3880 = PLANE('',#3881);
#3881 = AXIS2_PLACEMENT_3D('',#3882,#3883,#3884);
#3882 = CARTESIAN_POINT('',(-1.5,-4.45,2.7));
#3883 = DIRECTION('',(0.,-1.,0.));
#3884 = DIRECTION('',(-1.,0.,0.));
#3885 = ADVANCED_FACE('',(#3886),#3912,.T.);
#3886 = FACE_BOUND('',#3887,.T.);
#3887 = EDGE_LOOP('',(#3888,#3896,#3897,#3898,#3906));
#3888 = ORIENTED_EDGE('',*,*,#3889,.T.);
#3889 = EDGE_CURVE('',#3890,#2553,#3892,.T.);
#3890 = VERTEX_POINT('',#3891);
#3891 = CARTESIAN_POINT('',(2.,-4.45,2.7));
#3892 = LINE('',#3893,#3894);
#3893 = CARTESIAN_POINT('',(2.,-4.45,2.7));
#3894 = VECTOR('',#3895,1.);
#3895 = DIRECTION('',(-1.,0.,0.));
#3896 = ORIENTED_EDGE('',*,*,#2552,.T.);
#3897 = ORIENTED_EDGE('',*,*,#2367,.T.);
#3898 = ORIENTED_EDGE('',*,*,#3899,.F.);
#3899 = EDGE_CURVE('',#3900,#2360,#3902,.T.);
#3900 = VERTEX_POINT('',#3901);
#3901 = CARTESIAN_POINT('',(2.,-4.45,2.3));
#3902 = LINE('',#3903,#3904);
#3903 = CARTESIAN_POINT('',(2.,-4.45,2.3));
#3904 = VECTOR('',#3905,1.);
#3905 = DIRECTION('',(-1.,0.,0.));
#3906 = ORIENTED_EDGE('',*,*,#3907,.F.);
#3907 = EDGE_CURVE('',#3890,#3900,#3908,.T.);
#3908 = LINE('',#3909,#3910);
#3909 = CARTESIAN_POINT('',(2.,-4.45,2.7));
#3910 = VECTOR('',#3911,1.);
#3911 = DIRECTION('',(0.,0.,-1.));
#3912 = PLANE('',#3913);
#3913 = AXIS2_PLACEMENT_3D('',#3914,#3915,#3916);
#3914 = CARTESIAN_POINT('',(2.,-4.45,2.7));
#3915 = DIRECTION('',(0.,-1.,0.));
#3916 = DIRECTION('',(-1.,0.,0.));
#3917 = ADVANCED_FACE('',(#3918),#3943,.T.);
#3918 = FACE_BOUND('',#3919,.T.);
#3919 = EDGE_LOOP('',(#3920,#3928,#3929,#3937));
#3920 = ORIENTED_EDGE('',*,*,#3921,.T.);
#3921 = EDGE_CURVE('',#3922,#3890,#3924,.T.);
#3922 = VERTEX_POINT('',#3923);
#3923 = CARTESIAN_POINT('',(2.,-4.55,2.7));
#3924 = LINE('',#3925,#3926);
#3925 = CARTESIAN_POINT('',(2.,-4.55,2.7));
#3926 = VECTOR('',#3927,1.);
#3927 = DIRECTION('',(0.,1.,0.));
#3928 = ORIENTED_EDGE('',*,*,#3907,.T.);
#3929 = ORIENTED_EDGE('',*,*,#3930,.F.);
#3930 = EDGE_CURVE('',#3931,#3900,#3933,.T.);
#3931 = VERTEX_POINT('',#3932);
#3932 = CARTESIAN_POINT('',(2.,-4.55,2.3));
#3933 = LINE('',#3934,#3935);
#3934 = CARTESIAN_POINT('',(2.,-4.55,2.3));
#3935 = VECTOR('',#3936,1.);
#3936 = DIRECTION('',(0.,1.,0.));
#3937 = ORIENTED_EDGE('',*,*,#3938,.F.);
#3938 = EDGE_CURVE('',#3922,#3931,#3939,.T.);
#3939 = LINE('',#3940,#3941);
#3940 = CARTESIAN_POINT('',(2.,-4.55,2.7));
#3941 = VECTOR('',#3942,1.);
#3942 = DIRECTION('',(0.,0.,-1.));
#3943 = PLANE('',#3944);
#3944 = AXIS2_PLACEMENT_3D('',#3945,#3946,#3947);
#3945 = CARTESIAN_POINT('',(2.,-4.55,2.7));
#3946 = DIRECTION('',(-1.,0.,0.));
#3947 = DIRECTION('',(0.,1.,0.));
#3948 = ADVANCED_FACE('',(#3949),#3974,.T.);
#3949 = FACE_BOUND('',#3950,.T.);
#3950 = EDGE_LOOP('',(#3951,#3959,#3960,#3968));
#3951 = ORIENTED_EDGE('',*,*,#3952,.F.);
#3952 = EDGE_CURVE('',#3922,#3953,#3955,.T.);
#3953 = VERTEX_POINT('',#3954);
#3954 = CARTESIAN_POINT('',(4.15,-4.55,2.7));
#3955 = LINE('',#3956,#3957);
#3956 = CARTESIAN_POINT('',(-4.15,-4.55,2.7));
#3957 = VECTOR('',#3958,1.);
#3958 = DIRECTION('',(1.,0.,0.));
#3959 = ORIENTED_EDGE('',*,*,#3938,.T.);
#3960 = ORIENTED_EDGE('',*,*,#3961,.F.);
#3961 = EDGE_CURVE('',#3962,#3931,#3964,.T.);
#3962 = VERTEX_POINT('',#3963);
#3963 = CARTESIAN_POINT('',(4.15,-4.55,2.3));
#3964 = LINE('',#3965,#3966);
#3965 = CARTESIAN_POINT('',(-4.15,-4.55,2.3));
#3966 = VECTOR('',#3967,1.);
#3967 = DIRECTION('',(-1.,0.,0.));
#3968 = ORIENTED_EDGE('',*,*,#3969,.F.);
#3969 = EDGE_CURVE('',#3953,#3962,#3970,.T.);
#3970 = LINE('',#3971,#3972);
#3971 = CARTESIAN_POINT('',(4.15,-4.55,2.7));
#3972 = VECTOR('',#3973,1.);
#3973 = DIRECTION('',(0.,0.,-1.));
#3974 = PLANE('',#3975);
#3975 = AXIS2_PLACEMENT_3D('',#3976,#3977,#3978);
#3976 = CARTESIAN_POINT('',(4.15,-4.55,2.7));
#3977 = DIRECTION('',(0.,-1.,0.));
#3978 = DIRECTION('',(-1.,0.,0.));
#3979 = ADVANCED_FACE('',(#3980),#4007,.T.);
#3980 = FACE_BOUND('',#3981,.T.);
#3981 = EDGE_LOOP('',(#3982,#3991,#3992,#4001));
#3982 = ORIENTED_EDGE('',*,*,#3983,.T.);
#3983 = EDGE_CURVE('',#3984,#3953,#3986,.T.);
#3984 = VERTEX_POINT('',#3985);
#3985 = CARTESIAN_POINT('',(4.75,-3.95,2.7));
#3986 = CIRCLE('',#3987,0.6);
#3987 = AXIS2_PLACEMENT_3D('',#3988,#3989,#3990);
#3988 = CARTESIAN_POINT('',(4.15,-3.95,2.7));
#3989 = DIRECTION('',(0.,0.,-1.));
#3990 = DIRECTION('',(1.,9.251858538543E-16,0.));
#3991 = ORIENTED_EDGE('',*,*,#3969,.T.);
#3992 = ORIENTED_EDGE('',*,*,#3993,.F.);
#3993 = EDGE_CURVE('',#3994,#3962,#3996,.T.);
#3994 = VERTEX_POINT('',#3995);
#3995 = CARTESIAN_POINT('',(4.75,-3.95,2.3));
#3996 = CIRCLE('',#3997,0.6);
#3997 = AXIS2_PLACEMENT_3D('',#3998,#3999,#4000);
#3998 = CARTESIAN_POINT('',(4.15,-3.95,2.3));
#3999 = DIRECTION('',(0.,0.,-1.));
#4000 = DIRECTION('',(1.,9.251858538543E-16,0.));
#4001 = ORIENTED_EDGE('',*,*,#4002,.F.);
#4002 = EDGE_CURVE('',#3984,#3994,#4003,.T.);
#4003 = LINE('',#4004,#4005);
#4004 = CARTESIAN_POINT('',(4.75,-3.95,2.7));
#4005 = VECTOR('',#4006,1.);
#4006 = DIRECTION('',(0.,0.,-1.));
#4007 = CYLINDRICAL_SURFACE('',#4008,0.6);
#4008 = AXIS2_PLACEMENT_3D('',#4009,#4010,#4011);
#4009 = CARTESIAN_POINT('',(4.15,-3.95,2.7));
#4010 = DIRECTION('',(0.,0.,-1.));
#4011 = DIRECTION('',(1.,9.251858538543E-16,0.));
#4012 = ADVANCED_FACE('',(#4013),#4038,.T.);
#4013 = FACE_BOUND('',#4014,.T.);
#4014 = EDGE_LOOP('',(#4015,#4023,#4024,#4032));
#4015 = ORIENTED_EDGE('',*,*,#4016,.F.);
#4016 = EDGE_CURVE('',#3984,#4017,#4019,.T.);
#4017 = VERTEX_POINT('',#4018);
#4018 = CARTESIAN_POINT('',(4.75,-2.2,2.7));
#4019 = LINE('',#4020,#4021);
#4020 = CARTESIAN_POINT('',(4.75,-3.95,2.7));
#4021 = VECTOR('',#4022,1.);
#4022 = DIRECTION('',(0.,1.,0.));
#4023 = ORIENTED_EDGE('',*,*,#4002,.T.);
#4024 = ORIENTED_EDGE('',*,*,#4025,.F.);
#4025 = EDGE_CURVE('',#4026,#3994,#4028,.T.);
#4026 = VERTEX_POINT('',#4027);
#4027 = CARTESIAN_POINT('',(4.75,-2.2,2.3));
#4028 = LINE('',#4029,#4030);
#4029 = CARTESIAN_POINT('',(4.75,-3.95,2.3));
#4030 = VECTOR('',#4031,1.);
#4031 = DIRECTION('',(0.,-1.,0.));
#4032 = ORIENTED_EDGE('',*,*,#4033,.F.);
#4033 = EDGE_CURVE('',#4017,#4026,#4034,.T.);
#4034 = LINE('',#4035,#4036);
#4035 = CARTESIAN_POINT('',(4.75,-2.2,2.7));
#4036 = VECTOR('',#4037,1.);
#4037 = DIRECTION('',(0.,0.,-1.));
#4038 = PLANE('',#4039);
#4039 = AXIS2_PLACEMENT_3D('',#4040,#4041,#4042);
#4040 = CARTESIAN_POINT('',(4.75,-2.2,2.7));
#4041 = DIRECTION('',(1.,0.,0.));
#4042 = DIRECTION('',(0.,-1.,0.));
#4043 = ADVANCED_FACE('',(#4044),#4071,.F.);
#4044 = FACE_BOUND('',#4045,.F.);
#4045 = EDGE_LOOP('',(#4046,#4056,#4063,#4064));
#4046 = ORIENTED_EDGE('',*,*,#4047,.T.);
#4047 = EDGE_CURVE('',#4048,#4050,#4052,.T.);
#4048 = VERTEX_POINT('',#4049);
#4049 = CARTESIAN_POINT('',(4.75,-1.5,2.7));
#4050 = VERTEX_POINT('',#4051);
#4051 = CARTESIAN_POINT('',(4.75,-1.5,2.3));
#4052 = LINE('',#4053,#4054);
#4053 = CARTESIAN_POINT('',(4.75,-1.5,2.7));
#4054 = VECTOR('',#4055,1.);
#4055 = DIRECTION('',(0.,0.,-1.));
#4056 = ORIENTED_EDGE('',*,*,#4057,.T.);
#4057 = EDGE_CURVE('',#4050,#4026,#4058,.T.);
#4058 = CIRCLE('',#4059,0.35);
#4059 = AXIS2_PLACEMENT_3D('',#4060,#4061,#4062);
#4060 = CARTESIAN_POINT('',(4.75,-1.85,2.3));
#4061 = DIRECTION('',(0.,0.,1.));
#4062 = DIRECTION('',(0.,-1.,0.));
#4063 = ORIENTED_EDGE('',*,*,#4033,.F.);
#4064 = ORIENTED_EDGE('',*,*,#4065,.T.);
#4065 = EDGE_CURVE('',#4017,#4048,#4066,.T.);
#4066 = CIRCLE('',#4067,0.35);
#4067 = AXIS2_PLACEMENT_3D('',#4068,#4069,#4070);
#4068 = CARTESIAN_POINT('',(4.75,-1.85,2.7));
#4069 = DIRECTION('',(0.,0.,-1.));
#4070 = DIRECTION('',(0.,-1.,0.));
#4071 = CYLINDRICAL_SURFACE('',#4072,0.35);
#4072 = AXIS2_PLACEMENT_3D('',#4073,#4074,#4075);
#4073 = CARTESIAN_POINT('',(4.75,-1.85,2.7));
#4074 = DIRECTION('',(0.,0.,-1.));
#4075 = DIRECTION('',(0.,-1.,0.));
#4076 = ADVANCED_FACE('',(#4077),#4096,.T.);
#4077 = FACE_BOUND('',#4078,.T.);
#4078 = EDGE_LOOP('',(#4079,#4085,#4086,#4092,#4093,#4094,#4095));
#4079 = ORIENTED_EDGE('',*,*,#4080,.T.);
#4080 = EDGE_CURVE('',#3045,#4048,#4081,.T.);
#4081 = LINE('',#4082,#4083);
#4082 = CARTESIAN_POINT('',(5.3,-1.5,2.7));
#4083 = VECTOR('',#4084,1.);
#4084 = DIRECTION('',(-1.,0.,0.));
#4085 = ORIENTED_EDGE('',*,*,#4047,.T.);
#4086 = ORIENTED_EDGE('',*,*,#4087,.F.);
#4087 = EDGE_CURVE('',#2931,#4050,#4088,.T.);
#4088 = LINE('',#4089,#4090);
#4089 = CARTESIAN_POINT('',(5.3,-1.5,2.3));
#4090 = VECTOR('',#4091,1.);
#4091 = DIRECTION('',(-1.,0.,0.));
#4092 = ORIENTED_EDGE('',*,*,#2959,.T.);
#4093 = ORIENTED_EDGE('',*,*,#2914,.F.);
#4094 = ORIENTED_EDGE('',*,*,#3021,.F.);
#4095 = ORIENTED_EDGE('',*,*,#3052,.F.);
#4096 = PLANE('',#4097);
#4097 = AXIS2_PLACEMENT_3D('',#4098,#4099,#4100);
#4098 = CARTESIAN_POINT('',(4.9,-1.5,2.7));
#4099 = DIRECTION('',(0.,-1.,0.));
#4100 = DIRECTION('',(-1.,0.,0.));
#4101 = ADVANCED_FACE('',(#4102,#4140,#4143),#4146,.T.);
#4102 = FACE_BOUND('',#4103,.T.);
#4103 = EDGE_LOOP('',(#4104,#4105,#4106,#4107,#4108,#4109,#4110,#4111,
    #4112,#4113,#4114,#4115,#4116,#4117,#4118,#4119,#4120,#4121,#4122,
    #4123,#4124,#4125,#4126,#4127,#4128,#4129,#4130,#4131,#4132,#4133,
    #4134,#4135,#4136,#4137,#4138,#4139));
#4104 = ORIENTED_EDGE('',*,*,#2928,.T.);
#4105 = ORIENTED_EDGE('',*,*,#4087,.T.);
#4106 = ORIENTED_EDGE('',*,*,#4057,.T.);
#4107 = ORIENTED_EDGE('',*,*,#4025,.T.);
#4108 = ORIENTED_EDGE('',*,*,#3993,.T.);
#4109 = ORIENTED_EDGE('',*,*,#3961,.T.);
#4110 = ORIENTED_EDGE('',*,*,#3930,.T.);
#4111 = ORIENTED_EDGE('',*,*,#3899,.T.);
#4112 = ORIENTED_EDGE('',*,*,#2359,.T.);
#4113 = ORIENTED_EDGE('',*,*,#2310,.T.);
#4114 = ORIENTED_EDGE('',*,*,#2263,.T.);
#4115 = ORIENTED_EDGE('',*,*,#3873,.T.);
#4116 = ORIENTED_EDGE('',*,*,#3844,.T.);
#4117 = ORIENTED_EDGE('',*,*,#3813,.T.);
#4118 = ORIENTED_EDGE('',*,*,#3781,.T.);
#4119 = ORIENTED_EDGE('',*,*,#3749,.T.);
#4120 = ORIENTED_EDGE('',*,*,#3717,.T.);
#4121 = ORIENTED_EDGE('',*,*,#3685,.T.);
#4122 = ORIENTED_EDGE('',*,*,#3068,.T.);
#4123 = ORIENTED_EDGE('',*,*,#3655,.T.);
#4124 = ORIENTED_EDGE('',*,*,#3625,.T.);
#4125 = ORIENTED_EDGE('',*,*,#3593,.T.);
#4126 = ORIENTED_EDGE('',*,*,#3561,.T.);
#4127 = ORIENTED_EDGE('',*,*,#3529,.T.);
#4128 = ORIENTED_EDGE('',*,*,#3498,.T.);
#4129 = ORIENTED_EDGE('',*,*,#3467,.T.);
#4130 = ORIENTED_EDGE('',*,*,#2680,.T.);
#4131 = ORIENTED_EDGE('',*,*,#2631,.T.);
#4132 = ORIENTED_EDGE('',*,*,#2584,.T.);
#4133 = ORIENTED_EDGE('',*,*,#3441,.T.);
#4134 = ORIENTED_EDGE('',*,*,#3412,.T.);
#4135 = ORIENTED_EDGE('',*,*,#3381,.T.);
#4136 = ORIENTED_EDGE('',*,*,#3349,.T.);
#4137 = ORIENTED_EDGE('',*,*,#3317,.T.);
#4138 = ORIENTED_EDGE('',*,*,#3285,.T.);
#4139 = ORIENTED_EDGE('',*,*,#3253,.T.);
#4140 = FACE_BOUND('',#4141,.T.);
#4141 = EDGE_LOOP('',(#4142));
#4142 = ORIENTED_EDGE('',*,*,#2197,.T.);
#4143 = FACE_BOUND('',#4144,.T.);
#4144 = EDGE_LOOP('',(#4145));
#4145 = ORIENTED_EDGE('',*,*,#2230,.T.);
#4146 = PLANE('',#4147);
#4147 = AXIS2_PLACEMENT_3D('',#4148,#4149,#4150);
#4148 = CARTESIAN_POINT('',(4.825,2.775557561563E-16,2.3));
#4149 = DIRECTION('',(0.,0.,-1.));
#4150 = DIRECTION('',(1.,0.,0.));
#4151 = ADVANCED_FACE('',(#4152,#4190,#4193),#4196,.F.);
#4152 = FACE_BOUND('',#4153,.T.);
#4153 = EDGE_LOOP('',(#4154,#4155,#4156,#4157,#4158,#4159,#4160,#4161,
    #4162,#4163,#4164,#4165,#4166,#4167,#4168,#4169,#4170,#4171,#4172,
    #4173,#4174,#4175,#4176,#4177,#4178,#4179,#4180,#4181,#4182,#4183,
    #4184,#4185,#4186,#4187,#4188,#4189));
#4154 = ORIENTED_EDGE('',*,*,#3044,.F.);
#4155 = ORIENTED_EDGE('',*,*,#3241,.T.);
#4156 = ORIENTED_EDGE('',*,*,#3293,.T.);
#4157 = ORIENTED_EDGE('',*,*,#3308,.T.);
#4158 = ORIENTED_EDGE('',*,*,#3339,.F.);
#4159 = ORIENTED_EDGE('',*,*,#3372,.F.);
#4160 = ORIENTED_EDGE('',*,*,#3403,.T.);
#4161 = ORIENTED_EDGE('',*,*,#3434,.T.);
#4162 = ORIENTED_EDGE('',*,*,#2850,.F.);
#4163 = ORIENTED_EDGE('',*,*,#2823,.F.);
#4164 = ORIENTED_EDGE('',*,*,#2881,.T.);
#4165 = ORIENTED_EDGE('',*,*,#3457,.F.);
#4166 = ORIENTED_EDGE('',*,*,#3489,.F.);
#4167 = ORIENTED_EDGE('',*,*,#3520,.F.);
#4168 = ORIENTED_EDGE('',*,*,#3551,.F.);
#4169 = ORIENTED_EDGE('',*,*,#3584,.F.);
#4170 = ORIENTED_EDGE('',*,*,#3633,.T.);
#4171 = ORIENTED_EDGE('',*,*,#3648,.F.);
#4172 = ORIENTED_EDGE('',*,*,#3199,.T.);
#4173 = ORIENTED_EDGE('',*,*,#3673,.T.);
#4174 = ORIENTED_EDGE('',*,*,#3725,.T.);
#4175 = ORIENTED_EDGE('',*,*,#3740,.F.);
#4176 = ORIENTED_EDGE('',*,*,#3771,.F.);
#4177 = ORIENTED_EDGE('',*,*,#3804,.T.);
#4178 = ORIENTED_EDGE('',*,*,#3835,.T.);
#4179 = ORIENTED_EDGE('',*,*,#3866,.T.);
#4180 = ORIENTED_EDGE('',*,*,#2529,.F.);
#4181 = ORIENTED_EDGE('',*,*,#2491,.T.);
#4182 = ORIENTED_EDGE('',*,*,#2560,.T.);
#4183 = ORIENTED_EDGE('',*,*,#3889,.F.);
#4184 = ORIENTED_EDGE('',*,*,#3921,.F.);
#4185 = ORIENTED_EDGE('',*,*,#3952,.T.);
#4186 = ORIENTED_EDGE('',*,*,#3983,.F.);
#4187 = ORIENTED_EDGE('',*,*,#4016,.T.);
#4188 = ORIENTED_EDGE('',*,*,#4065,.T.);
#4189 = ORIENTED_EDGE('',*,*,#4080,.F.);
#4190 = FACE_BOUND('',#4191,.T.);
#4191 = EDGE_LOOP('',(#4192));
#4192 = ORIENTED_EDGE('',*,*,#2205,.T.);
#4193 = FACE_BOUND('',#4194,.T.);
#4194 = EDGE_LOOP('',(#4195));
#4195 = ORIENTED_EDGE('',*,*,#2238,.T.);
#4196 = PLANE('',#4197);
#4197 = AXIS2_PLACEMENT_3D('',#4198,#4199,#4200);
#4198 = CARTESIAN_POINT('',(4.825,2.775557561563E-16,2.7));
#4199 = DIRECTION('',(0.,0.,-1.));
#4200 = DIRECTION('',(1.,0.,0.));
#4201 = MANIFOLD_SOLID_BREP('',#4202);
#4202 = CLOSED_SHELL('',(#4203,#4255,#4324,#4399,#4468,#4537,#4612,#4687
    ,#4735,#4781,#4827,#4872,#4918,#4964,#5006,#5048,#5136,#5166,#5210,
    #5242,#5272,#5304,#5321,#5338,#5380,#5414,#5444,#5484,#5524,#5541,
    #5558,#5575,#5607,#5631,#5656,#5680,#5705,#5754,#5835,#5868,#5893,
    #5917,#5942,#5966,#5991,#6038,#6063,#6081,#6108,#6150,#6181,#6228,
    #6261,#6286,#6318,#6340,#6364,#6376,#6400,#6426,#6463,#6487,#6524,
    #6758,#6775,#6792,#6804,#6832,#7050,#7268,#7290,#7492,#7509,#7528,
    #7545,#7570,#7589,#7614,#7639,#7664));
#4203 = ADVANCED_FACE('',(#4204),#4250,.T.);
#4204 = FACE_BOUND('',#4205,.T.);
#4205 = EDGE_LOOP('',(#4206,#4216,#4231,#4240));
#4206 = ORIENTED_EDGE('',*,*,#4207,.F.);
#4207 = EDGE_CURVE('',#4208,#4210,#4212,.T.);
#4208 = VERTEX_POINT('',#4209);
#4209 = CARTESIAN_POINT('',(3.455244954925,-2.890326897287E-03,
    10.240159844631));
#4210 = VERTEX_POINT('',#4211);
#4211 = CARTESIAN_POINT('',(3.455813764359,-3.661454734301E-03,
    10.134840155369));
#4212 = LINE('',#4213,#4214);
#4213 = CARTESIAN_POINT('',(3.454,4.229930044255E-16,10.));
#4214 = VECTOR('',#4215,1.);
#4215 = DIRECTION('',(0.,0.,-1.));
#4216 = ORIENTED_EDGE('',*,*,#4217,.T.);
#4217 = EDGE_CURVE('',#4208,#4218,#4220,.T.);
#4218 = VERTEX_POINT('',#4219);
#4219 = CARTESIAN_POINT('',(-1.474825440966,-3.123300484853,10.));
#4220 = B_SPLINE_CURVE_WITH_KNOTS('',3,(#4221,#4222,#4223,#4224,#4225,
    #4226,#4227,#4228,#4229,#4230),.UNSPECIFIED.,.F.,.F.,(4,3,3,4),(
    -4.092990880109,-3.905073433661,-2.928805075246,-2.081032470565),
  .UNSPECIFIED.);
#4221 = CARTESIAN_POINT('',(3.455244954925,-2.890326897287E-03,
    10.240159844631));
#4222 = CARTESIAN_POINT('',(3.45708647083,-0.218982493189,
    10.232682847007));
#4223 = CARTESIAN_POINT('',(3.43847280122,-0.434746492751,
    10.225205849383));
#4224 = CARTESIAN_POINT('',(3.398229306046,-0.646379307807,
    10.217728851759));
#4225 = CARTESIAN_POINT('',(3.189156376879,-1.745853703857,
    10.178884368003));
#4226 = CARTESIAN_POINT('',(2.39629265681,-2.733827086478,
    10.140039884246));
#4227 = CARTESIAN_POINT('',(1.368162862165,-3.176815500648,
    10.10119540049));
#4228 = CARTESIAN_POINT('',(0.475354786964,-3.561498091748,
    10.067463600326));
#4229 = CARTESIAN_POINT('',(-0.59486391729,-3.535215666958,
    10.033731800163));
#4230 = CARTESIAN_POINT('',(-1.478268874277,-3.125897634005,10.));
#4231 = ORIENTED_EDGE('',*,*,#4232,.F.);
#4232 = EDGE_CURVE('',#4233,#4218,#4235,.T.);
#4233 = VERTEX_POINT('',#4234);
#4234 = CARTESIAN_POINT('',(1.474825440966,-3.123300484853,10.));
#4235 = CIRCLE('',#4236,3.454);
#4236 = AXIS2_PLACEMENT_3D('',#4237,#4238,#4239);
#4237 = CARTESIAN_POINT('',(0.,0.,10.));
#4238 = DIRECTION('',(0.,0.,-1.));
#4239 = DIRECTION('',(-1.,0.,0.));
#4240 = ORIENTED_EDGE('',*,*,#4241,.T.);
#4241 = EDGE_CURVE('',#4233,#4210,#4242,.T.);
#4242 = B_SPLINE_CURVE_WITH_KNOTS('',3,(#4243,#4244,#4245,#4246,#4247,
    #4248,#4249),.UNSPECIFIED.,.F.,.F.,(4,3,4),(0.,0.976268358415,
    1.129634244045),.UNSPECIFIED.);
#4243 = CARTESIAN_POINT('',(1.474825440966,-3.123300484853,10.));
#4244 = CARTESIAN_POINT('',(2.491218586694,-2.643358680786,
    10.038844483757));
#4245 = CARTESIAN_POINT('',(3.247654823666,-1.633661187961,
    10.077688967513));
#4246 = CARTESIAN_POINT('',(3.418144258378,-0.529152357055,
    10.11653345127));
#4247 = CARTESIAN_POINT('',(3.444927122864,-0.355640664724,
    10.122635685969));
#4248 = CARTESIAN_POINT('',(3.45724968763,-0.179789168916,
    10.128737920669));
#4249 = CARTESIAN_POINT('',(3.455813764359,-3.661454734301E-03,
    10.134840155369));
#4250 = CYLINDRICAL_SURFACE('',#4251,3.454);
#4251 = AXIS2_PLACEMENT_3D('',#4252,#4253,#4254);
#4252 = CARTESIAN_POINT('',(0.,0.,10.));
#4253 = DIRECTION('',(0.,0.,1.));
#4254 = DIRECTION('',(-1.,0.,0.));
#4255 = ADVANCED_FACE('',(#4256),#4319,.T.);
#4256 = FACE_BOUND('',#4257,.T.);
#4257 = EDGE_LOOP('',(#4258,#4268,#4293,#4294));
#4258 = ORIENTED_EDGE('',*,*,#4259,.F.);
#4259 = EDGE_CURVE('',#4260,#4262,#4264,.T.);
#4260 = VERTEX_POINT('',#4261);
#4261 = CARTESIAN_POINT('',(3.450224961747,1.965383969307E-03,
    10.990159844631));
#4262 = VERTEX_POINT('',#4263);
#4263 = CARTESIAN_POINT('',(3.449589965149,1.482927895904E-03,
    10.884840155369));
#4264 = LINE('',#4265,#4266);
#4265 = CARTESIAN_POINT('',(3.454,4.229930044255E-16,10.));
#4266 = VECTOR('',#4267,1.);
#4267 = DIRECTION('',(0.,0.,-1.));
#4268 = ORIENTED_EDGE('',*,*,#4269,.T.);
#4269 = EDGE_CURVE('',#4260,#4208,#4270,.T.);
#4270 = B_SPLINE_CURVE_WITH_KNOTS('',3,(#4271,#4272,#4273,#4274,#4275,
    #4276,#4277,#4278,#4279,#4280,#4281,#4282,#4283,#4284,#4285,#4286,
    #4287,#4288,#4289,#4290,#4291,#4292),.UNSPECIFIED.,.F.,.F.,(4,3,3,3,
    3,3,3,4),(-10.37617618728,-9.762683584152,-8.786415225737,
    -7.810146867322,-6.833878508907,-5.857610150491,-4.881341792076,
    -4.092990880109),.UNSPECIFIED.);
#4271 = CARTESIAN_POINT('',(3.450224961747,1.965383969307E-03,
    10.990159844631));
#4272 = CARTESIAN_POINT('',(3.446373415169,-0.706159939082,
    10.965749749546));
#4273 = CARTESIAN_POINT('',(3.233318030345,-1.416412963923,
    10.941339654461));
#4274 = CARTESIAN_POINT('',(2.828356362465,-1.99153494564,
    10.916929559376));
#4275 = CARTESIAN_POINT('',(2.183929256577,-2.906743034717,
    10.87808507562));
#4276 = CARTESIAN_POINT('',(1.053532710671,-3.479755150269,
    10.839240591863));
#4277 = CARTESIAN_POINT('',(-6.559650894796E-02,-3.458534196127,
    10.800396108107));
#4278 = CARTESIAN_POINT('',(-1.184725728567,-3.437313241986,
    10.76155162435));
#4279 = CARTESIAN_POINT('',(-2.292587621897,-2.821859218151,
    10.722707140594));
#4280 = CARTESIAN_POINT('',(-2.901844570836,-1.882859200268,
    10.683862656837));
#4281 = CARTESIAN_POINT('',(-3.511101519776,-0.943859182386,
    10.645018173081));
#4282 = CARTESIAN_POINT('',(-3.621753524323,0.318686829545,
    10.606173689324));
#4283 = CARTESIAN_POINT('',(-3.185143923584,1.34932936716,
    10.567329205568));
#4284 = CARTESIAN_POINT('',(-2.748534322845,2.379971904774,
    10.528484721811));
#4285 = CARTESIAN_POINT('',(-1.764663116818,3.178710968073,
    10.489640238055));
#4286 = CARTESIAN_POINT('',(-0.666284443383,3.394346479027,
    10.450795754298));
#4287 = CARTESIAN_POINT('',(0.432094230053,3.609981989981,
    10.411951270542));
#4288 = CARTESIAN_POINT('',(1.644980370897,3.24251394859,10.373106786785
    ));
#4289 = CARTESIAN_POINT('',(2.438782372187,2.453292223156,
    10.334262303029));
#4290 = CARTESIAN_POINT('',(3.079789044424,1.815984190352,
    10.302894816896));
#4291 = CARTESIAN_POINT('',(3.447519430919,0.903659115873,
    10.271527330763));
#4292 = CARTESIAN_POINT('',(3.455244954925,-2.890326897287E-03,
    10.240159844631));
#4293 = ORIENTED_EDGE('',*,*,#4207,.T.);
#4294 = ORIENTED_EDGE('',*,*,#4295,.T.);
#4295 = EDGE_CURVE('',#4210,#4262,#4296,.T.);
#4296 = B_SPLINE_CURVE_WITH_KNOTS('',3,(#4297,#4298,#4299,#4300,#4301,
    #4302,#4303,#4304,#4305,#4306,#4307,#4308,#4309,#4310,#4311,#4312,
    #4313,#4314,#4315,#4316,#4317,#4318),.UNSPECIFIED.,.F.,.F.,(4,3,3,3,
    3,3,3,4),(1.129634244045,1.95253671683,2.928805075246,3.905073433661
    ,4.881341792076,5.857610150491,6.833878508907,7.412819551225),
  .UNSPECIFIED.);
#4297 = CARTESIAN_POINT('',(3.455813764359,-3.661454734301E-03,
    10.134840155369));
#4298 = CARTESIAN_POINT('',(3.448109151269,0.941372252931,
    10.167582404426));
#4299 = CARTESIAN_POINT('',(3.044299914813,1.894358242447,
    10.200324653482));
#4300 = CARTESIAN_POINT('',(2.352798564061,2.536523766171,
    10.233066902539));
#4301 = CARTESIAN_POINT('',(1.532420802581,3.298370889506,
    10.271911386295));
#4302 = CARTESIAN_POINT('',(0.307122647168,3.62274496719,10.310755870052
    ));
#4303 = CARTESIAN_POINT('',(-0.783258751131,3.369055638981,
    10.349600353808));
#4304 = CARTESIAN_POINT('',(-1.87364014943,3.115366310772,
    10.388444837565));
#4305 = CARTESIAN_POINT('',(-2.829104790617,2.283613576669,
    10.427289321321));
#4306 = CARTESIAN_POINT('',(-3.229795567748,1.238624237494,
    10.466133805078));
#4307 = CARTESIAN_POINT('',(-3.63048634488,0.19363489832,10.504978288835
    ));
#4308 = CARTESIAN_POINT('',(-3.476403257957,-1.064591045926,
    10.543822772591));
#4309 = CARTESIAN_POINT('',(-2.835100801945,-1.982046053498,
    10.582667256348));
#4310 = CARTESIAN_POINT('',(-2.193798345933,-2.899501061071,
    10.621511740104));
#4311 = CARTESIAN_POINT('',(-1.065276520831,-3.476185131969,
    10.660356223861));
#4312 = CARTESIAN_POINT('',(5.393251486967E-02,-3.458701515308,
    10.699200707617));
#4313 = CARTESIAN_POINT('',(1.173141550571,-3.441217898646,
    10.738045191373));
#4314 = CARTESIAN_POINT('',(2.283037796871,-2.829566594424,
    10.77688967513));
#4315 = CARTESIAN_POINT('',(2.895457193671,-1.892659627323,
    10.815734158886));
#4316 = CARTESIAN_POINT('',(3.258630619158,-1.337060450711,
    10.838769491047));
#4317 = CARTESIAN_POINT('',(3.446858403939,-0.667079950843,
    10.861804823208));
#4318 = CARTESIAN_POINT('',(3.449589965149,1.482927895904E-03,
    10.884840155369));
#4319 = CYLINDRICAL_SURFACE('',#4320,3.454);
#4320 = AXIS2_PLACEMENT_3D('',#4321,#4322,#4323);
#4321 = CARTESIAN_POINT('',(0.,0.,10.));
#4322 = DIRECTION('',(0.,0.,1.));
#4323 = DIRECTION('',(-1.,0.,0.));
#4324 = ADVANCED_FACE('',(#4325),#4394,.T.);
#4325 = FACE_BOUND('',#4326,.T.);
#4326 = EDGE_LOOP('',(#4327,#4337,#4365,#4366));
#4327 = ORIENTED_EDGE('',*,*,#4328,.F.);
#4328 = EDGE_CURVE('',#4329,#4331,#4333,.T.);
#4329 = VERTEX_POINT('',#4330);
#4330 = CARTESIAN_POINT('',(3.458597189113,-1.182647863571E-03,
    11.740159844631));
#4331 = VERTEX_POINT('',#4332);
#4332 = CARTESIAN_POINT('',(3.459040473173,-5.476348590202E-04,
    11.634840155369));
#4333 = LINE('',#4334,#4335);
#4334 = CARTESIAN_POINT('',(3.454,4.229930044255E-16,10.));
#4335 = VECTOR('',#4336,1.);
#4336 = DIRECTION('',(0.,0.,-1.));
#4337 = ORIENTED_EDGE('',*,*,#4338,.T.);
#4338 = EDGE_CURVE('',#4329,#4260,#4339,.T.);
#4339 = B_SPLINE_CURVE_WITH_KNOTS('',3,(#4340,#4341,#4342,#4343,#4344,
    #4345,#4346,#4347,#4348,#4349,#4350,#4351,#4352,#4353,#4354,#4355,
    #4356,#4357,#4358,#4359,#4360,#4361,#4362,#4363,#4364),
  .UNSPECIFIED.,.F.,.F.,(4,3,3,3,3,3,3,3,4),(-16.65936149446,
    -16.59656209305,-15.62029373464,-14.64402537622,-13.66775701781,
    -12.69148865939,-11.71522030098,-10.73895194256,-10.37617618728),
  .UNSPECIFIED.);
#4340 = CARTESIAN_POINT('',(3.458597189113,-1.182647863571E-03,
    11.740159844631));
#4341 = CARTESIAN_POINT('',(3.458926254462,-7.321617470961E-02,
    11.737661135841));
#4342 = CARTESIAN_POINT('',(3.45686204721,-0.14523052162,11.735162427052
    ));
#4343 = CARTESIAN_POINT('',(3.452343339955,-0.217090524807,
    11.732663718263));
#4344 = CARTESIAN_POINT('',(3.382096318241,-1.334213391782,
    11.693819234506));
#4345 = CARTESIAN_POINT('',(2.718663892387,-2.414035609342,
    11.65497475075));
#4346 = CARTESIAN_POINT('',(1.753878235921,-2.981562381001,
    11.616130266993));
#4347 = CARTESIAN_POINT('',(0.789092579456,-3.54908915266,
    11.577285783237));
#4348 = CARTESIAN_POINT('',(-0.47704630762,-3.604320478417,
    11.53844129948));
#4349 = CARTESIAN_POINT('',(-1.487586527186,-3.122961471526,
    11.499596815724));
#4350 = CARTESIAN_POINT('',(-2.498126746753,-2.641602464635,
    11.460752331967));
#4351 = CARTESIAN_POINT('',(-3.25306829881,-1.623653125095,
    11.421907848211));
#4352 = CARTESIAN_POINT('',(-3.420325649826,-0.516890509789,
    11.383063364454));
#4353 = CARTESIAN_POINT('',(-3.587583000841,0.589872105518,
    11.344218880698));
#4354 = CARTESIAN_POINT('',(-3.167156150816,1.785447996591,
    11.305374396941));
#4355 = CARTESIAN_POINT('',(-2.343983720373,2.543923115696,
    11.266529913185));
#4356 = CARTESIAN_POINT('',(-1.520811289931,3.302398234802,
    11.227685429428));
#4357 = CARTESIAN_POINT('',(-0.294893279073,3.623772581939,
    11.188840945672));
#4358 = CARTESIAN_POINT('',(0.794511404407,3.366682145435,
    11.149996461915));
#4359 = CARTESIAN_POINT('',(1.883916087887,3.109591708932,
    11.111151978159));
#4360 = CARTESIAN_POINT('',(2.836807443988,2.274036488786,
    11.072307494402));
#4361 = CARTESIAN_POINT('',(3.234024289104,1.227556847412,
    11.033463010646));
#4362 = CARTESIAN_POINT('',(3.381627803808,0.838690979733,
    11.019028621974));
#4363 = CARTESIAN_POINT('',(3.4525024916,0.420700178144,11.004594233302)
  );
#4364 = CARTESIAN_POINT('',(3.450224961747,1.965383969307E-03,
    10.990159844631));
#4365 = ORIENTED_EDGE('',*,*,#4259,.T.);
#4366 = ORIENTED_EDGE('',*,*,#4367,.T.);
#4367 = EDGE_CURVE('',#4262,#4331,#4368,.T.);
#4368 = B_SPLINE_CURVE_WITH_KNOTS('',3,(#4369,#4370,#4371,#4372,#4373,
    #4374,#4375,#4376,#4377,#4378,#4379,#4380,#4381,#4382,#4383,#4384,
    #4385,#4386,#4387,#4388,#4389,#4390,#4391,#4392,#4393),
  .UNSPECIFIED.,.F.,.F.,(4,3,3,3,3,3,3,3,4),(7.412819551225,
    7.810146867322,8.786415225737,9.762683584152,10.738951942568,
    11.715220300983,12.691488659398,13.667757017813,13.696004858404),
  .UNSPECIFIED.);
#4369 = CARTESIAN_POINT('',(3.449589965149,1.482927895904E-03,
    10.884840155369));
#4370 = CARTESIAN_POINT('',(3.451464635979,0.46031772252,10.900649306965
    ));
#4371 = CARTESIAN_POINT('',(3.365969124405,0.918484806426,10.91645845856
    ));
#4372 = CARTESIAN_POINT('',(3.189692925292,1.338551850094,
    10.932267610156));
#4373 = CARTESIAN_POINT('',(2.756566712811,2.370693730432,
    10.971112093913));
#4374 = CARTESIAN_POINT('',(1.77537174055,3.172814861129,11.009956577669
    ));
#4375 = CARTESIAN_POINT('',(0.677734082665,3.392114340926,
    11.048801061426));
#4376 = CARTESIAN_POINT('',(-0.41990357522,3.611413820723,
    11.087645545182));
#4377 = CARTESIAN_POINT('',(-1.633983918728,3.247891649621,
    11.126490028939));
#4378 = CARTESIAN_POINT('',(-2.430462768059,2.461435204242,
    11.165334512695));
#4379 = CARTESIAN_POINT('',(-3.22694161739,1.674978758862,
    11.204178996451));
#4380 = CARTESIAN_POINT('',(-3.605818972544,0.465588039207,
    11.243023480208));
#4381 = CARTESIAN_POINT('',(-3.40042920296,-0.634737387849,
    11.281867963964));
#4382 = CARTESIAN_POINT('',(-3.195039433376,-1.735062814905,
    11.320712447721));
#4383 = CARTESIAN_POINT('',(-2.405382539056,-2.726322949361,
    11.359556931477));
#4384 = CARTESIAN_POINT('',(-1.37881672403,-3.172485288635,
    11.398401415234));
#4385 = CARTESIAN_POINT('',(-0.352250909004,-3.618647627909,
    11.437245898991));
#4386 = CARTESIAN_POINT('',(0.911223826727,-3.519712172001,
    11.476090382747));
#4387 = CARTESIAN_POINT('',(1.855828533873,-2.919196183211,
    11.514934866504));
#4388 = CARTESIAN_POINT('',(2.800433241019,-2.31868019442,11.55377935026
    ));
#4389 = CARTESIAN_POINT('',(3.426167919579,-1.216583672747,
    11.592623834016));
#4390 = CARTESIAN_POINT('',(3.457782430697,-9.770066849619E-02,
    11.631468317773));
#4391 = CARTESIAN_POINT('',(3.458697180891,-6.532634388394E-02,
    11.632592263638));
#4392 = CARTESIAN_POINT('',(3.459114530405,-3.293796553591E-02,
    11.633716209504));
#4393 = CARTESIAN_POINT('',(3.459040473173,-5.476348590202E-04,
    11.634840155369));
#4394 = CYLINDRICAL_SURFACE('',#4395,3.454);
#4395 = AXIS2_PLACEMENT_3D('',#4396,#4397,#4398);
#4396 = CARTESIAN_POINT('',(0.,0.,10.));
#4397 = DIRECTION('',(0.,0.,1.));
#4398 = DIRECTION('',(-1.,0.,0.));
#4399 = ADVANCED_FACE('',(#4400),#4463,.T.);
#4400 = FACE_BOUND('',#4401,.T.);
#4401 = EDGE_LOOP('',(#4402,#4412,#4437,#4438));
#4402 = ORIENTED_EDGE('',*,*,#4403,.F.);
#4403 = EDGE_CURVE('',#4404,#4406,#4408,.T.);
#4404 = VERTEX_POINT('',#4405);
#4405 = CARTESIAN_POINT('',(3.448870891855,4.159600208164E-06,
    12.490159844631));
#4406 = VERTEX_POINT('',#4407);
#4407 = CARTESIAN_POINT('',(3.448976086892,-5.895117975254E-04,
    12.384840155369));
#4408 = LINE('',#4409,#4410);
#4409 = CARTESIAN_POINT('',(3.454,4.229930044255E-16,10.));
#4410 = VECTOR('',#4411,1.);
#4411 = DIRECTION('',(0.,0.,-1.));
#4412 = ORIENTED_EDGE('',*,*,#4413,.T.);
#4413 = EDGE_CURVE('',#4404,#4329,#4414,.T.);
#4414 = B_SPLINE_CURVE_WITH_KNOTS('',3,(#4415,#4416,#4417,#4418,#4419,
    #4420,#4421,#4422,#4423,#4424,#4425,#4426,#4427,#4428,#4429,#4430,
    #4431,#4432,#4433,#4434,#4435,#4436),.UNSPECIFIED.,.F.,.F.,(4,3,3,3,
    3,3,3,4),(-22.94254680164,-22.45417224355,-21.47790388513,
    -20.50163552672,-19.5253671683,-18.54909880989,-17.57283045147,
    -16.65936149446),.UNSPECIFIED.);
#4415 = CARTESIAN_POINT('',(3.448870891855,4.159600208164E-06,
    12.490159844631));
#4416 = CARTESIAN_POINT('',(3.448864577492,-0.564259871391,
    12.47072803838));
#4417 = CARTESIAN_POINT('',(3.317493550715,-1.128526674934,
    12.45129623213));
#4418 = CARTESIAN_POINT('',(3.054774578487,-1.62300804719,12.43186442588
    ));
#4419 = CARTESIAN_POINT('',(2.52959525559,-2.611484022352,
    12.393019942123));
#4420 = CARTESIAN_POINT('',(1.479541221285,-3.321092992925,
    12.354175458367));
#4421 = CARTESIAN_POINT('',(0.36651260474,-3.439690584289,12.31533097461
    ));
#4422 = CARTESIAN_POINT('',(-0.746516011805,-3.558288175652,
    12.276486490854));
#4423 = CARTESIAN_POINT('',(-1.92251921059,-3.085874387806,
    12.237642007097));
#4424 = CARTESIAN_POINT('',(-2.644194109833,-2.23025565469,
    12.198797523341));
#4425 = CARTESIAN_POINT('',(-3.365869009075,-1.374636921574,
    12.159953039584));
#4426 = CARTESIAN_POINT('',(-3.633215608775,-0.135813243188,
    12.121108555828));
#4427 = CARTESIAN_POINT('',(-3.328632882377,0.941278885047,
    12.082264072071));
#4428 = CARTESIAN_POINT('',(-3.02405015598,2.018371013282,
    12.043419588315));
#4429 = CARTESIAN_POINT('',(-2.147538103486,2.933731591366,
    12.004575104558));
#4430 = CARTESIAN_POINT('',(-1.084658802605,3.284709747991,
    11.965730620802));
#4431 = CARTESIAN_POINT('',(-2.177950172311E-02,3.635687904615,
    11.926886137045));
#4432 = CARTESIAN_POINT('',(1.227467047546,3.42228363978,11.888041653289
    ));
#4433 = CARTESIAN_POINT('',(2.113559513394,2.738369749168,
    11.849197169532));
#4434 = CARTESIAN_POINT('',(2.942653228879,2.098449277554,
    11.812851394565));
#4435 = CARTESIAN_POINT('',(3.453810662903,1.046604260299,
    11.776505619598));
#4436 = CARTESIAN_POINT('',(3.458597189113,-1.182647863571E-03,
    11.740159844631));
#4437 = ORIENTED_EDGE('',*,*,#4328,.T.);
#4438 = ORIENTED_EDGE('',*,*,#4439,.T.);
#4439 = EDGE_CURVE('',#4331,#4406,#4440,.T.);
#4440 = B_SPLINE_CURVE_WITH_KNOTS('',3,(#4441,#4442,#4443,#4444,#4445,
    #4446,#4447,#4448,#4449,#4450,#4451,#4452,#4453,#4454,#4455,#4456,
    #4457,#4458,#4459,#4460,#4461,#4462),.UNSPECIFIED.,.F.,.F.,(4,3,3,3,
    3,3,3,4),(13.696004858404,14.644025376228,15.620293734644,
    16.596562093059,17.572830451474,18.54909880989,19.525367168305,
    19.979190165584),.UNSPECIFIED.);
#4441 = CARTESIAN_POINT('',(3.459040473173,-5.476348590202E-04,
    11.634840155369));
#4442 = CARTESIAN_POINT('',(3.456555052191,1.086498221334,11.67256069326
    ));
#4443 = CARTESIAN_POINT('',(2.900584344524,2.175743040623,
    11.710281231151));
#4444 = CARTESIAN_POINT('',(2.017701997597,2.809747691405,
    11.748001769042));
#4445 = CARTESIAN_POINT('',(1.108512709704,3.462643560228,
    11.786846252799));
#4446 = CARTESIAN_POINT('',(-0.147360209757,3.632765811047,
    11.825690736555));
#4447 = CARTESIAN_POINT('',(-1.197480747062,3.245280321794,
    11.864535220312));
#4448 = CARTESIAN_POINT('',(-2.247601284367,2.85779483254,
    11.903379704068));
#4449 = CARTESIAN_POINT('',(-3.091969439515,1.912701603215,
    11.942224187825));
#4450 = CARTESIAN_POINT('',(-3.359162593714,0.825730531974,
    11.981068671581));
#4451 = CARTESIAN_POINT('',(-3.626355747913,-0.261240539268,
    12.019913155338));
#4452 = CARTESIAN_POINT('',(-3.316373901163,-1.490089452426,
    12.058757639094));
#4453 = CARTESIAN_POINT('',(-2.565572598475,-2.320267517266,
    12.097602122851));
#4454 = CARTESIAN_POINT('',(-1.814771295787,-3.150445582106,
    12.136446606607));
#4455 = CARTESIAN_POINT('',(-0.623150537162,-3.581952798627,
    12.175291090364));
#4456 = CARTESIAN_POINT('',(0.485116915595,-3.424976764033,
    12.21413557412));
#4457 = CARTESIAN_POINT('',(1.593384368351,-3.268000729439,
    12.252980057877));
#4458 = CARTESIAN_POINT('',(2.618298515239,-2.522541443729,
    12.291824541633));
#4459 = CARTESIAN_POINT('',(3.109017831035,-1.516513218185,
    12.33066902539));
#4460 = CARTESIAN_POINT('',(3.337131042732,-1.048856204898,
    12.348726068716));
#4461 = CARTESIAN_POINT('',(3.449810119264,-0.524892862027,
    12.366783112043));
#4462 = CARTESIAN_POINT('',(3.448976086892,-5.895117975254E-04,
    12.384840155369));
#4463 = CYLINDRICAL_SURFACE('',#4464,3.454);
#4464 = AXIS2_PLACEMENT_3D('',#4465,#4466,#4467);
#4465 = CARTESIAN_POINT('',(0.,0.,10.));
#4466 = DIRECTION('',(0.,0.,1.));
#4467 = DIRECTION('',(-1.,0.,0.));
#4468 = ADVANCED_FACE('',(#4469),#4532,.T.);
#4469 = FACE_BOUND('',#4470,.T.);
#4470 = EDGE_LOOP('',(#4471,#4481,#4506,#4507));
#4471 = ORIENTED_EDGE('',*,*,#4472,.F.);
#4472 = EDGE_CURVE('',#4473,#4475,#4477,.T.);
#4473 = VERTEX_POINT('',#4474);
#4474 = CARTESIAN_POINT('',(3.458604332582,1.174229422703E-03,
    13.240159844631));
#4475 = VERTEX_POINT('',#4476);
#4476 = CARTESIAN_POINT('',(3.457905739983,1.737301393133E-03,
    13.134840155369));
#4477 = LINE('',#4478,#4479);
#4478 = CARTESIAN_POINT('',(3.454,4.229930044255E-16,10.));
#4479 = VECTOR('',#4480,1.);
#4480 = DIRECTION('',(0.,0.,-1.));
#4481 = ORIENTED_EDGE('',*,*,#4482,.T.);
#4482 = EDGE_CURVE('',#4473,#4404,#4483,.T.);
#4483 = B_SPLINE_CURVE_WITH_KNOTS('',3,(#4484,#4485,#4486,#4487,#4488,
    #4489,#4490,#4491,#4492,#4493,#4494,#4495,#4496,#4497,#4498,#4499,
    #4500,#4501,#4502,#4503,#4504,#4505),.UNSPECIFIED.,.F.,.F.,(4,3,3,3,
    3,3,3,4),(-29.22573210882,-28.31178239404,-27.33551403562,
    -26.35924567721,-25.38297731879,-24.40670896038,-23.43044060196,
    -22.94254680164),.UNSPECIFIED.);
#4484 = CARTESIAN_POINT('',(3.458604332582,1.174229422703E-03,
    13.240159844631));
#4485 = CARTESIAN_POINT('',(3.453844183767,-1.047157577022,
    13.203794940919));
#4486 = CARTESIAN_POINT('',(2.942080616659,-2.09952715805,
    13.167430037208));
#4487 = CARTESIAN_POINT('',(2.112243209395,-2.739385537728,
    13.131065133497));
#4488 = CARTESIAN_POINT('',(1.225822446596,-3.422873348753,
    13.09222064974));
#4489 = CARTESIAN_POINT('',(-2.352740336543E-02,-3.635677013994,
    13.053376165984));
#4490 = CARTESIAN_POINT('',(-1.086238050681,-3.284187912897,
    13.014531682227));
#4491 = CARTESIAN_POINT('',(-2.148948697997,-2.932698811799,
    12.975687198471));
#4492 = CARTESIAN_POINT('',(-3.025020142668,-2.016916944364,
    12.936842714714));
#4493 = CARTESIAN_POINT('',(-3.329084908584,-0.939678508823,
    12.897998230958));
#4494 = CARTESIAN_POINT('',(-3.633149674499,0.137559926717,
    12.859153747201));
#4495 = CARTESIAN_POINT('',(-3.36520776166,1.376254930362,
    12.820309263445));
#4496 = CARTESIAN_POINT('',(-2.643121653119,2.231526613117,
    12.781464779688));
#4497 = CARTESIAN_POINT('',(-1.921035544579,3.086798295873,
    12.742620295932));
#4498 = CARTESIAN_POINT('',(-0.744805240337,3.558646657739,
    12.703775812175));
#4499 = CARTESIAN_POINT('',(0.368166255193,3.439513983316,
    12.664931328419));
#4500 = CARTESIAN_POINT('',(1.481137750723,3.320381308894,
    12.626086844662));
#4501 = CARTESIAN_POINT('',(2.530850437541,2.610267598184,
    12.587242360906));
#4502 = CARTESIAN_POINT('',(3.055554475206,1.621539252953,
    12.548397877149));
#4503 = CARTESIAN_POINT('',(3.317777300284,1.127418527153,
    12.528985199643));
#4504 = CARTESIAN_POINT('',(3.448877200002,0.563712726924,
    12.509572522137));
#4505 = CARTESIAN_POINT('',(3.448870891855,4.159600208164E-06,
    12.490159844631));
#4506 = ORIENTED_EDGE('',*,*,#4403,.T.);
#4507 = ORIENTED_EDGE('',*,*,#4508,.T.);
#4508 = EDGE_CURVE('',#4406,#4475,#4509,.T.);
#4509 = B_SPLINE_CURVE_WITH_KNOTS('',3,(#4510,#4511,#4512,#4513,#4514,
    #4515,#4516,#4517,#4518,#4519,#4520,#4521,#4522,#4523,#4524,#4525,
    #4526,#4527,#4528,#4529,#4530,#4531),.UNSPECIFIED.,.F.,.F.,(4,3,3,3,
    3,3,3,4),(19.979190165584,20.50163552672,21.477903885135,
    22.45417224355,23.430440601966,24.406708960381,25.382977318796,
    26.262375472763),.UNSPECIFIED.);
#4510 = CARTESIAN_POINT('',(3.448976086892,-5.895117975254E-04,
    12.384840155369));
#4511 = CARTESIAN_POINT('',(3.448015940875,0.602993503603,
    12.405627595799));
#4512 = CARTESIAN_POINT('',(3.296618756993,1.207027125109,
    12.426415036229));
#4513 = CARTESIAN_POINT('',(2.997715404435,1.726124717225,
    12.447202476659));
#4514 = CARTESIAN_POINT('',(2.439169177337,2.696137261713,
    12.486046960416));
#4515 = CARTESIAN_POINT('',(1.365552238439,3.369565185313,
    12.524891444172));
#4516 = CARTESIAN_POINT('',(0.249129573096,3.450179512783,
    12.563735927929));
#4517 = CARTESIAN_POINT('',(-0.867293092247,3.530793840254,
    12.602580411685));
#4518 = CARTESIAN_POINT('',(-2.026521484035,3.018594571595,
    12.641424895442));
#4519 = CARTESIAN_POINT('',(-2.718631613998,2.138889058211,
    12.680269379198));
#4520 = CARTESIAN_POINT('',(-3.410741743961,1.259183544826,
    12.719113862955));
#4521 = CARTESIAN_POINT('',(-3.635733612099,1.197178671547E-02,
    12.757958346711));
#4522 = CARTESIAN_POINT('',(-3.294637351098,-1.05411993363,
    12.796802830468));
#4523 = CARTESIAN_POINT('',(-2.953541090097,-2.120211653976,
    12.835647314224));
#4524 = CARTESIAN_POINT('',(-2.046356699957,-3.005183336558,
    12.874491797981));
#4525 = CARTESIAN_POINT('',(-0.972138358502,-3.319751685649,
    12.913336281737));
#4526 = CARTESIAN_POINT('',(0.102079982952,-3.634320034741,
    12.952180765494));
#4527 = CARTESIAN_POINT('',(1.343332275721,-3.378485050342,
    12.99102524925));
#4528 = CARTESIAN_POINT('',(2.205613500802,-2.664783967169,
    13.029869733007));
#4529 = CARTESIAN_POINT('',(2.982334892007,-2.021899856856,
    13.064859873794));
#4530 = CARTESIAN_POINT('',(3.451560809751,-1.007505188537,
    13.099850014582));
#4531 = CARTESIAN_POINT('',(3.457905739983,1.737301393133E-03,
    13.134840155369));
#4532 = CYLINDRICAL_SURFACE('',#4533,3.454);
#4533 = AXIS2_PLACEMENT_3D('',#4534,#4535,#4536);
#4534 = CARTESIAN_POINT('',(0.,0.,10.));
#4535 = DIRECTION('',(0.,0.,1.));
#4536 = DIRECTION('',(-1.,0.,0.));
#4537 = ADVANCED_FACE('',(#4538),#4607,.T.);
#4538 = FACE_BOUND('',#4539,.T.);
#4539 = EDGE_LOOP('',(#4540,#4550,#4578,#4579));
#4540 = ORIENTED_EDGE('',*,*,#4541,.F.);
#4541 = EDGE_CURVE('',#4542,#4544,#4546,.T.);
#4542 = VERTEX_POINT('',#4543);
#4543 = CARTESIAN_POINT('',(3.450249968748,-1.958938268926E-03,
    13.990159844631));
#4544 = VERTEX_POINT('',#4545);
#4545 = CARTESIAN_POINT('',(3.451014694424,-2.347884522053E-03,
    13.884840155369));
#4546 = LINE('',#4547,#4548);
#4547 = CARTESIAN_POINT('',(3.454,4.229930044255E-16,10.));
#4548 = VECTOR('',#4549,1.);
#4549 = DIRECTION('',(0.,0.,-1.));
#4550 = ORIENTED_EDGE('',*,*,#4551,.T.);
#4551 = EDGE_CURVE('',#4542,#4473,#4552,.T.);
#4552 = B_SPLINE_CURVE_WITH_KNOTS('',3,(#4553,#4554,#4555,#4556,#4557,
    #4558,#4559,#4560,#4561,#4562,#4563,#4564,#4565,#4566,#4567,#4568,
    #4569,#4570,#4571,#4572,#4573,#4574,#4575,#4576,#4577),
  .UNSPECIFIED.,.F.,.F.,(4,3,3,3,3,3,3,3,4),(-35.508917416,
    -35.14566090294,-34.16939254453,-33.19312418611,-32.2168558277,
    -31.24058746928,-30.26431911087,-29.28805075245,-29.22573210882),
  .UNSPECIFIED.);
#4553 = CARTESIAN_POINT('',(3.450249968748,-1.958938268926E-03,
    13.990159844631));
#4554 = CARTESIAN_POINT('',(3.452491802999,-0.421252084913,
    13.975706327215));
#4555 = CARTESIAN_POINT('',(3.381390851425,-0.839801735835,
    13.961252809799));
#4556 = CARTESIAN_POINT('',(3.233389341301,-1.229112015538,
    13.946799292383));
#4557 = CARTESIAN_POINT('',(2.835628568574,-2.275401053769,
    13.907954808626));
#4558 = CARTESIAN_POINT('',(1.882422744154,-3.110497034826,
    13.86911032487));
#4559 = CARTESIAN_POINT('',(0.792915673336,-3.367063452031,
    13.830265841113));
#4560 = CARTESIAN_POINT('',(-0.296591397481,-3.623629869235,
    13.791421357357));
#4561 = CARTESIAN_POINT('',(-1.522399714696,-3.301666722587,
    13.7525768736));
#4562 = CARTESIAN_POINT('',(-2.345218286119,-2.542796073573,
    13.713732389844));
#4563 = CARTESIAN_POINT('',(-3.168036857543,-1.783925424559,
    13.674887906088));
#4564 = CARTESIAN_POINT('',(-3.587865683176,-0.58814727318,
    13.636043422331));
#4565 = CARTESIAN_POINT('',(-3.420070653632,0.518534870509,
    13.597198938575));
#4566 = CARTESIAN_POINT('',(-3.252275624088,1.625217014198,
    13.558354454818));
#4567 = CARTESIAN_POINT('',(-2.496856739368,2.642803150196,
    13.519509971062));
#4568 = CARTESIAN_POINT('',(-1.486088115681,3.123676242064,
    13.480665487305));
#4569 = CARTESIAN_POINT('',(-0.475319491993,3.604549333932,
    13.441821003548));
#4570 = CARTESIAN_POINT('',(0.790798870662,3.548709381671,
    13.402976519792));
#4571 = CARTESIAN_POINT('',(1.755313067015,2.980718865125,
    13.364132036035));
#4572 = CARTESIAN_POINT('',(2.719827263368,2.412728348578,
    13.325287552279));
#4573 = CARTESIAN_POINT('',(3.38273729342,1.332587267746,13.286443068523
    ));
#4574 = CARTESIAN_POINT('',(3.452446470627,0.215430748926,
    13.247598584766));
#4575 = CARTESIAN_POINT('',(3.456896252631,0.144118718402,
    13.245119004721));
#4576 = CARTESIAN_POINT('',(3.458928908445,7.265586040758E-02,
    13.242639424676));
#4577 = CARTESIAN_POINT('',(3.458604332582,1.174229422703E-03,
    13.240159844631));
#4578 = ORIENTED_EDGE('',*,*,#4472,.T.);
#4579 = ORIENTED_EDGE('',*,*,#4580,.T.);
#4580 = EDGE_CURVE('',#4475,#4544,#4581,.T.);
#4581 = B_SPLINE_CURVE_WITH_KNOTS('',3,(#4582,#4583,#4584,#4585,#4586,
    #4587,#4588,#4589,#4590,#4591,#4592,#4593,#4594,#4595,#4596,#4597,
    #4598,#4599,#4600,#4601,#4602,#4603,#4604,#4605,#4606),
  .UNSPECIFIED.,.F.,.F.,(4,3,3,3,3,3,3,3,4),(26.262375472763,
    26.359245677211,27.335514035627,28.311782394042,29.288050752457,
    30.264319110872,31.240587469288,32.216855827703,32.545560779943),
  .UNSPECIFIED.);
#4582 = CARTESIAN_POINT('',(3.457905739983,1.737301393133E-03,
    13.134840155369));
#4583 = CARTESIAN_POINT('',(3.4586046665,0.112910523552,13.138694498338)
  );
#4584 = CARTESIAN_POINT('',(3.453686926017,0.224021228409,
    13.142548841307));
#4585 = CARTESIAN_POINT('',(3.442944824257,0.33456595401,13.146403184276
    ));
#4586 = CARTESIAN_POINT('',(3.334684765235,1.448647610069,
    13.185247668033));
#4587 = CARTESIAN_POINT('',(2.634854489796,2.505243740238,
    13.224092151789));
#4588 = CARTESIAN_POINT('',(1.651296125099,3.039576593194,
    13.262936635546));
#4589 = CARTESIAN_POINT('',(0.667737760402,3.57390944615,13.301781119302
    ));
#4590 = CARTESIAN_POINT('',(-0.599548693553,3.585979021893,
    13.340625603059));
#4591 = CARTESIAN_POINT('',(-1.59310496876,3.070475934073,
    13.379470086815));
#4592 = CARTESIAN_POINT('',(-2.586661243967,2.554972846253,
    13.418314570572));
#4593 = CARTESIAN_POINT('',(-3.306487340425,1.511897094869,
    13.457159054328));
#4594 = CARTESIAN_POINT('',(-3.435947443005,0.400079534563,
    13.496003538085));
#4595 = CARTESIAN_POINT('',(-3.565407545585,-0.711738025744,
    13.534848021841));
#4596 = CARTESIAN_POINT('',(-3.104501654287,-1.892297394974,
    13.573692505598));
#4597 = CARTESIAN_POINT('',(-2.255968480804,-2.622292228089,
    13.612536989354));
#4598 = CARTESIAN_POINT('',(-1.407435307321,-3.352287061204,
    13.651381473111));
#4599 = CARTESIAN_POINT('',(-0.171274851654,-3.631717358204,
    13.690225956867));
#4600 = CARTESIAN_POINT('',(0.908737034532,-3.337665281851,
    13.729070440624));
#4601 = CARTESIAN_POINT('',(1.988748920718,-3.043613205498,
    13.76791492438));
#4602 = CARTESIAN_POINT('',(2.912612237422,-2.176078755793,
    13.806759408137));
#4603 = CARTESIAN_POINT('',(3.273956962184,-1.11667766096,
    13.845603891893));
#4604 = CARTESIAN_POINT('',(3.395620026926,-0.759982308418,
    13.858682646385));
#4605 = CARTESIAN_POINT('',(3.453513894724,-0.381536240335,
    13.871761400877));
#4606 = CARTESIAN_POINT('',(3.451014694424,-2.347884522053E-03,
    13.884840155369));
#4607 = CYLINDRICAL_SURFACE('',#4608,3.454);
#4608 = AXIS2_PLACEMENT_3D('',#4609,#4610,#4611);
#4609 = CARTESIAN_POINT('',(0.,0.,10.));
#4610 = DIRECTION('',(0.,0.,1.));
#4611 = DIRECTION('',(-1.,0.,0.));
#4612 = ADVANCED_FACE('',(#4613),#4682,.T.);
#4613 = FACE_BOUND('',#4614,.T.);
#4614 = EDGE_LOOP('',(#4615,#4625,#4634,#4656,#4657));
#4615 = ORIENTED_EDGE('',*,*,#4616,.F.);
#4616 = EDGE_CURVE('',#4617,#4619,#4621,.T.);
#4617 = VERTEX_POINT('',#4618);
#4618 = CARTESIAN_POINT('',(3.454,4.229930044255E-16,14.646));
#4619 = VERTEX_POINT('',#4620);
#4620 = CARTESIAN_POINT('',(3.454939742909,2.713333855604E-03,
    14.634840155369));
#4621 = LINE('',#4622,#4623);
#4622 = CARTESIAN_POINT('',(3.454,4.229930044255E-16,10.));
#4623 = VECTOR('',#4624,1.);
#4624 = DIRECTION('',(0.,0.,-1.));
#4625 = ORIENTED_EDGE('',*,*,#4626,.T.);
#4626 = EDGE_CURVE('',#4617,#4627,#4629,.T.);
#4627 = VERTEX_POINT('',#4628);
#4628 = CARTESIAN_POINT('',(2.433946629015,-2.450718222706,14.646));
#4629 = CIRCLE('',#4630,3.454);
#4630 = AXIS2_PLACEMENT_3D('',#4631,#4632,#4633);
#4631 = CARTESIAN_POINT('',(0.,0.,14.646));
#4632 = DIRECTION('',(0.,0.,-1.));
#4633 = DIRECTION('',(-1.,0.,0.));
#4634 = ORIENTED_EDGE('',*,*,#4635,.T.);
#4635 = EDGE_CURVE('',#4627,#4542,#4636,.T.);
#4636 = B_SPLINE_CURVE_WITH_KNOTS('',3,(#4637,#4638,#4639,#4640,#4641,
    #4642,#4643,#4644,#4645,#4646,#4647,#4648,#4649,#4650,#4651,#4652,
    #4653,#4654,#4655),.UNSPECIFIED.,.F.,.F.,(4,3,3,3,3,3,4),(
    -41.00327105344,-40.02700269502,-39.0507343366,-38.07446597819,
    -37.09819761977,-36.12192926136,-35.508917416),.UNSPECIFIED.);
#4637 = CARTESIAN_POINT('',(2.433946629015,-2.450718222706,14.646));
#4638 = CARTESIAN_POINT('',(1.636427076942,-3.242779916033,
    14.607155516244));
#4639 = CARTESIAN_POINT('',(0.429418273922,-3.609947427017,
    14.568311032487));
#4640 = CARTESIAN_POINT('',(-0.667094041494,-3.393921588089,
    14.529466548731));
#4641 = CARTESIAN_POINT('',(-1.763606356909,-3.177895749161,
    14.490622064974));
#4642 = CARTESIAN_POINT('',(-2.74962218472,-2.37867656032,
    14.451777581218));
#4643 = CARTESIAN_POINT('',(-3.186378634503,-1.347815132122,
    14.412933097461));
#4644 = CARTESIAN_POINT('',(-3.623135084285,-0.316953703924,
    14.374088613704));
#4645 = CARTESIAN_POINT('',(-3.510632156039,0.94554996363,
    14.335244129948));
#4646 = CARTESIAN_POINT('',(-2.900619724816,1.884258887355,
    14.296399646191));
#4647 = CARTESIAN_POINT('',(-2.290607293593,2.822967811079,
    14.257555162435));
#4648 = CARTESIAN_POINT('',(-1.183085359392,3.437881990972,
    14.218710678678));
#4649 = CARTESIAN_POINT('',(-6.41002287442E-02,3.458563254692,
    14.179866194922));
#4650 = CARTESIAN_POINT('',(1.054884901903,3.479244518411,
    14.141021711166));
#4651 = CARTESIAN_POINT('',(2.185333228998,2.905692865957,
    14.102177227409));
#4652 = CARTESIAN_POINT('',(2.829399532029,1.990175992027,
    14.063332743653));
#4653 = CARTESIAN_POINT('',(3.233817302563,1.415310809207,
    14.038941777312));
#4654 = CARTESIAN_POINT('',(3.446466771745,0.705617268431,
    14.014550810971));
#4655 = CARTESIAN_POINT('',(3.450249968748,-1.958938268926E-03,
    13.990159844631));
#4656 = ORIENTED_EDGE('',*,*,#4541,.T.);
#4657 = ORIENTED_EDGE('',*,*,#4658,.T.);
#4658 = EDGE_CURVE('',#4544,#4619,#4659,.T.);
#4659 = B_SPLINE_CURVE_WITH_KNOTS('',3,(#4660,#4661,#4662,#4663,#4664,
    #4665,#4666,#4667,#4668,#4669,#4670,#4671,#4672,#4673,#4674,#4675,
    #4676,#4677,#4678,#4679,#4680,#4681),.UNSPECIFIED.,.F.,.F.,(4,3,3,3,
    3,3,3,4),(32.545560779943,33.193124186118,34.169392544533,
    35.145660902948,36.121929261364,37.098197619779,38.074465978194,
    38.828746087123),.UNSPECIFIED.);
#4660 = CARTESIAN_POINT('',(3.451014694424,-2.347884522053E-03,
    13.884840155369));
#4661 = CARTESIAN_POINT('',(3.446091158444,0.744670076718,
    13.910605884634));
#4662 = CARTESIAN_POINT('',(3.206777559076,1.494568912759,
    13.936371613898));
#4663 = CARTESIAN_POINT('',(2.758887412594,2.086720455086,
    13.962137343163));
#4664 = CARTESIAN_POINT('',(2.083647005422,2.979449736339,
    14.000981826919));
#4665 = CARTESIAN_POINT('',(0.934340058256,3.513640558885,
    14.039826310676));
#4666 = CARTESIAN_POINT('',(-0.183394733446,3.454301549811,
    14.078670794432));
#4667 = CARTESIAN_POINT('',(-1.301129525147,3.394962540737,
    14.117515278189));
#4668 = CARTESIAN_POINT('',(-2.387292161386,2.742093700044,
    14.156359761945));
#4669 = CARTESIAN_POINT('',(-2.964252163329,1.782900446,14.195204245702)
  );
#4670 = CARTESIAN_POINT('',(-3.541212165273,0.823707191956,
    14.234048729458));
#4671 = CARTESIAN_POINT('',(-3.608969532922,-0.441810475438,
    14.272893213215));
#4672 = CARTESIAN_POINT('',(-3.137422058608,-1.457012677206,
    14.311737696971));
#4673 = CARTESIAN_POINT('',(-2.665874584293,-2.472214878974,
    14.350582180728));
#4674 = CARTESIAN_POINT('',(-1.655022268015,-3.237101615115,
    14.389426664484));
#4675 = CARTESIAN_POINT('',(-0.550097322492,-3.415137236912,
    14.428271148241));
#4676 = CARTESIAN_POINT('',(0.55482762303,-3.593172858708,
    14.467115631997));
#4677 = CARTESIAN_POINT('',(1.753825197797,-3.18435736616,
    14.505960115754));
#4678 = CARTESIAN_POINT('',(2.520600987981,-2.368670688205,
    14.54480459951));
#4679 = CARTESIAN_POINT('',(3.113023882319,-1.738458481699,
    14.574816451463));
#4680 = CARTESIAN_POINT('',(3.447438561201,-0.865370714054,
    14.604828303416));
#4681 = CARTESIAN_POINT('',(3.454939742909,2.713333855604E-03,
    14.634840155369));
#4682 = CYLINDRICAL_SURFACE('',#4683,3.454);
#4683 = AXIS2_PLACEMENT_3D('',#4684,#4685,#4686);
#4684 = CARTESIAN_POINT('',(0.,0.,10.));
#4685 = DIRECTION('',(0.,0.,1.));
#4686 = DIRECTION('',(-1.,0.,0.));
#4687 = ADVANCED_FACE('',(#4688),#4730,.T.);
#4688 = FACE_BOUND('',#4689,.T.);
#4689 = EDGE_LOOP('',(#4690,#4700,#4712,#4721));
#4690 = ORIENTED_EDGE('',*,*,#4691,.F.);
#4691 = EDGE_CURVE('',#4692,#4694,#4696,.T.);
#4692 = VERTEX_POINT('',#4693);
#4693 = CARTESIAN_POINT('',(3.020467094094,-1.714921711315E-03,
    14.23856479795));
#4694 = VERTEX_POINT('',#4695);
#4695 = CARTESIAN_POINT('',(3.024572683156,2.375345467853E-03,
    14.38643520205));
#4696 = LINE('',#4697,#4698);
#4697 = CARTESIAN_POINT('',(3.02375,1.348736163132E-14,8.61356479795));
#4698 = VECTOR('',#4699,1.);
#4699 = DIRECTION('',(0.,0.,1.));
#4700 = ORIENTED_EDGE('',*,*,#4701,.T.);
#4701 = EDGE_CURVE('',#4692,#4702,#4704,.T.);
#4702 = VERTEX_POINT('',#4703);
#4703 = CARTESIAN_POINT('',(-2.915553191825,-0.814153155564,14.646));
#4704 = B_SPLINE_CURVE_WITH_KNOTS('',3,(#4705,#4706,#4707,#4708,#4709,
    #4710,#4711),.UNSPECIFIED.,.F.,.F.,(4,1,1,1,4),(47.123889803847,
    47.736901649203,48.713170007619,49.689438366034,50.537210970715),
  .UNSPECIFIED.);
#4705 = CARTESIAN_POINT('',(3.020467094094,-1.714921711316E-03,
    14.23856479795));
#4706 = CARTESIAN_POINT('',(3.017155153754,0.617721544707,14.26295576429
    ));
#4707 = CARTESIAN_POINT('',(2.534519436715,2.228463637063,
    14.326191214387));
#4708 = CARTESIAN_POINT('',(-6.615081265824E-02,3.547956694168,
    14.428271148241));
#4709 = CARTESIAN_POINT('',(-2.847225655583,2.003858736872,
    14.539691915917));
#4710 = CARTESIAN_POINT('',(-3.138345482486,8.558840695251E-03,
    14.612268199837));
#4711 = CARTESIAN_POINT('',(-2.915553191825,-0.814153155564,14.646));
#4712 = ORIENTED_EDGE('',*,*,#4713,.F.);
#4713 = EDGE_CURVE('',#4714,#4702,#4716,.T.);
#4714 = VERTEX_POINT('',#4715);
#4715 = CARTESIAN_POINT('',(-1.716631013764,2.489225185692,14.646));
#4716 = CIRCLE('',#4717,3.02375);
#4717 = AXIS2_PLACEMENT_3D('',#4718,#4719,#4720);
#4718 = CARTESIAN_POINT('',(0.,0.,14.646));
#4719 = DIRECTION('',(0.,0.,1.));
#4720 = DIRECTION('',(-1.,-4.338010435859E-15,0.));
#4721 = ORIENTED_EDGE('',*,*,#4722,.F.);
#4722 = EDGE_CURVE('',#4694,#4714,#4723,.T.);
#4723 = B_SPLINE_CURVE_WITH_KNOTS('',3,(#4724,#4725,#4726,#4727,#4728,
    #4729),.UNSPECIFIED.,.F.,.F.,(4,1,1,4),(47.123889803847,
    47.345878053334,48.322146411749,49.298414770164),.UNSPECIFIED.);
#4724 = CARTESIAN_POINT('',(3.024572683156,2.375345467853E-03,
    14.38643520205));
#4725 = CARTESIAN_POINT('',(3.026505321382,0.226032427828,
    14.395267833854));
#4726 = CARTESIAN_POINT('',(2.903132831176,1.431249120128,
    14.442944949414));
#4727 = CARTESIAN_POINT('',(1.28723171283,3.30585391002,14.529466548731)
  );
#4728 = CARTESIAN_POINT('',(-0.90658041851,3.047856032963,
    14.607155516244));
#4729 = CARTESIAN_POINT('',(-1.716631013764,2.489225185692,14.646));
#4730 = CYLINDRICAL_SURFACE('',#4731,3.02375);
#4731 = AXIS2_PLACEMENT_3D('',#4732,#4733,#4734);
#4732 = CARTESIAN_POINT('',(0.,0.,8.61356479795));
#4733 = DIRECTION('',(0.,0.,1.));
#4734 = DIRECTION('',(-0.135452606682,0.990783826747,0.));
#4735 = ADVANCED_FACE('',(#4736),#4776,.T.);
#4736 = FACE_BOUND('',#4737,.T.);
#4737 = EDGE_LOOP('',(#4738,#4748,#4762,#4763));
#4738 = ORIENTED_EDGE('',*,*,#4739,.F.);
#4739 = EDGE_CURVE('',#4740,#4742,#4744,.T.);
#4740 = VERTEX_POINT('',#4741);
#4741 = CARTESIAN_POINT('',(3.027780790575,1.027960688182E-03,
    13.48856479795));
#4742 = VERTEX_POINT('',#4743);
#4743 = CARTESIAN_POINT('',(3.021136561165,-2.055418593943E-03,
    13.63643520205));
#4744 = LINE('',#4745,#4746);
#4745 = CARTESIAN_POINT('',(3.02375,1.348736163132E-14,8.61356479795));
#4746 = VECTOR('',#4747,1.);
#4747 = DIRECTION('',(0.,0.,1.));
#4748 = ORIENTED_EDGE('',*,*,#4749,.T.);
#4749 = EDGE_CURVE('',#4740,#4692,#4750,.T.);
#4750 = B_SPLINE_CURVE_WITH_KNOTS('',3,(#4751,#4752,#4753,#4754,#4755,
    #4756,#4757,#4758,#4759,#4760,#4761),.UNSPECIFIED.,.F.,.F.,(4,1,1,1,
    1,1,1,1,4),(40.840704496667,40.903023140297,41.879291498712,
    42.855559857127,43.831828215542,44.808096573957,45.784364932373,
    46.760633290788,47.123889803847),.UNSPECIFIED.);
#4751 = CARTESIAN_POINT('',(3.027780790575,1.027960688182E-03,
    13.48856479795));
#4752 = CARTESIAN_POINT('',(3.028064935411,6.360543077807E-02,
    13.491044377995));
#4753 = CARTESIAN_POINT('',(2.99840895504,1.106232076583,13.532368441796
    ));
#4754 = CARTESIAN_POINT('',(1.80069585531,3.057777630915,13.612536989354
    ));
#4755 = CARTESIAN_POINT('',(-1.524514392876,3.204430255972,
    13.729070440624));
#4756 = CARTESIAN_POINT('',(-3.508473153158,0.531940899814,
    13.845603891893));
#4757 = CARTESIAN_POINT('',(-2.405875517223,-2.608534651924,
    13.962137343163));
#4758 = CARTESIAN_POINT('',(0.813468344251,-3.454107377469,
    14.078670794432));
#4759 = CARTESIAN_POINT('',(2.79290132344,-1.719942013238,
    14.170813279361));
#4760 = CARTESIAN_POINT('',(3.022429672646,-0.368778515273,
    14.224111280534));
#4761 = CARTESIAN_POINT('',(3.020467094094,-1.714921711316E-03,
    14.23856479795));
#4762 = ORIENTED_EDGE('',*,*,#4691,.T.);
#4763 = ORIENTED_EDGE('',*,*,#4764,.F.);
#4764 = EDGE_CURVE('',#4742,#4694,#4765,.T.);
#4765 = B_SPLINE_CURVE_WITH_KNOTS('',3,(#4766,#4767,#4768,#4769,#4770,
    #4771,#4772,#4773,#4774,#4775),.UNSPECIFIED.,.F.,.F.,(4,1,1,1,1,1,1,
    4),(40.840704496667,41.488267902842,42.464536261257,43.440804619673,
    44.417072978088,45.393341336503,46.369609694919,47.123889803847),
  .UNSPECIFIED.);
#4766 = CARTESIAN_POINT('',(3.021136561165,-2.055418593943E-03,
    13.63643520205));
#4767 = CARTESIAN_POINT('',(3.016826328994,0.651909711777,
    13.662200931315));
#4768 = CARTESIAN_POINT('',(2.49147521109,2.298118673025,13.726811144336
    ));
#4769 = CARTESIAN_POINT('',(-0.188189383422,3.543610347308,
    13.830265841113));
#4770 = CARTESIAN_POINT('',(-3.040781396733,1.828979058617,
    13.946799292383));
#4771 = CARTESIAN_POINT('',(-3.218732763637,-1.494653581902,
    14.063332743653));
#4772 = CARTESIAN_POINT('',(-0.563928457314,-3.503477787236,
    14.179866194922));
#4773 = CARTESIAN_POINT('',(2.346329641444,-2.511183371363,
    14.287567014388));
#4774 = CARTESIAN_POINT('',(3.018005891556,-0.757575187209,
    14.356423350097));
#4775 = CARTESIAN_POINT('',(3.024572683156,2.375345467853E-03,
    14.38643520205));
#4776 = CYLINDRICAL_SURFACE('',#4777,3.02375);
#4777 = AXIS2_PLACEMENT_3D('',#4778,#4779,#4780);
#4778 = CARTESIAN_POINT('',(0.,0.,8.61356479795));
#4779 = DIRECTION('',(0.,0.,1.));
#4780 = DIRECTION('',(-1.,-4.338010435859E-15,0.));
#4781 = ADVANCED_FACE('',(#4782),#4822,.T.);
#4782 = FACE_BOUND('',#4783,.T.);
#4783 = EDGE_LOOP('',(#4784,#4794,#4807,#4808));
#4784 = ORIENTED_EDGE('',*,*,#4785,.F.);
#4785 = EDGE_CURVE('',#4786,#4788,#4790,.T.);
#4786 = VERTEX_POINT('',#4787);
#4787 = CARTESIAN_POINT('',(3.019259802908,3.641456567041E-06,
    12.73856479795));
#4788 = VERTEX_POINT('',#4789);
#4789 = CARTESIAN_POINT('',(3.027169218667,1.520893192629E-03,
    12.88643520205));
#4790 = LINE('',#4791,#4792);
#4791 = CARTESIAN_POINT('',(3.02375,1.348736163132E-14,8.61356479795));
#4792 = VECTOR('',#4793,1.);
#4793 = DIRECTION('',(0.,0.,1.));
#4794 = ORIENTED_EDGE('',*,*,#4795,.T.);
#4795 = EDGE_CURVE('',#4786,#4740,#4796,.T.);
#4796 = B_SPLINE_CURVE_WITH_KNOTS('',3,(#4797,#4798,#4799,#4800,#4801,
    #4802,#4803,#4804,#4805,#4806),.UNSPECIFIED.,.F.,.F.,(4,1,1,1,1,1,1,
    4),(34.557519189488,35.045412989805,36.02168134822,36.997949706636,
    37.974218065051,38.950486423466,39.926754781881,40.840704496667),
  .UNSPECIFIED.);
#4797 = CARTESIAN_POINT('',(3.019259802908,3.641456566734E-06,
    12.73856479795));
#4798 = CARTESIAN_POINT('',(3.019265325276,0.493493444712,
    12.757977475456));
#4799 = CARTESIAN_POINT('',(2.67484419597,1.974441856797,12.816234636718
    ));
#4800 = CARTESIAN_POINT('',(0.377684289804,3.52843350189,12.913336281737
    ));
#4801 = CARTESIAN_POINT('',(-2.711452695533,2.289216810351,
    13.029869733007));
#4802 = CARTESIAN_POINT('',(-3.415149301452,-0.963971392258,
    13.146403184276));
#4803 = CARTESIAN_POINT('',(-1.114320380644,-3.369091909044,
    13.262936635546));
#4804 = CARTESIAN_POINT('',(2.097034444752,-2.822096944218,
    13.37699050677));
#4805 = CARTESIAN_POINT('',(3.023613593128,-0.916717638541,
    13.452199894238));
#4806 = CARTESIAN_POINT('',(3.027780790575,1.027960688182E-03,
    13.48856479795));
#4807 = ORIENTED_EDGE('',*,*,#4739,.T.);
#4808 = ORIENTED_EDGE('',*,*,#4809,.F.);
#4809 = EDGE_CURVE('',#4788,#4742,#4810,.T.);
#4810 = B_SPLINE_CURVE_WITH_KNOTS('',3,(#4811,#4812,#4813,#4814,#4815,
    #4816,#4817,#4818,#4819,#4820,#4821),.UNSPECIFIED.,.F.,.F.,(4,1,1,1,
    1,1,1,1,4),(34.557519189488,34.654389393936,35.630657752351,
    36.606926110766,37.583194469181,38.559462827597,39.535731186012,
    40.511999544427,40.840704496667),.UNSPECIFIED.);
#4811 = CARTESIAN_POINT('',(3.027169218667,1.520893192628E-03,
    12.88643520205));
#4812 = CARTESIAN_POINT('',(3.027781082898,9.884574278808E-02,
    12.89028954502));
#4813 = CARTESIAN_POINT('',(2.980088072096,1.176414611086,
    12.932988371745));
#4814 = CARTESIAN_POINT('',(1.693986528131,3.118156719207,
    13.014531682227));
#4815 = CARTESIAN_POINT('',(-1.634291481551,3.149855080227,
    13.131065133497));
#4816 = CARTESIAN_POINT('',(-3.524772801036,0.41042227486,
    13.247598584766));
#4817 = CARTESIAN_POINT('',(-2.314294350995,-2.690084146138,
    13.364132036035));
#4818 = CARTESIAN_POINT('',(0.93223736107,-3.423952727974,
    13.480665487305));
#4819 = CARTESIAN_POINT('',(2.822113550501,-1.649304172971,
    13.57143320931));
#4820 = CARTESIAN_POINT('',(3.023324446778,-0.334009903507,
    13.623356447558));
#4821 = CARTESIAN_POINT('',(3.021136561165,-2.055418593943E-03,
    13.63643520205));
#4822 = CYLINDRICAL_SURFACE('',#4823,3.02375);
#4823 = AXIS2_PLACEMENT_3D('',#4824,#4825,#4826);
#4824 = CARTESIAN_POINT('',(0.,0.,8.61356479795));
#4825 = DIRECTION('',(0.,0.,1.));
#4826 = DIRECTION('',(-1.,-4.338010435859E-15,0.));
#4827 = ADVANCED_FACE('',(#4828),#4867,.T.);
#4828 = FACE_BOUND('',#4829,.T.);
#4829 = EDGE_LOOP('',(#4830,#4840,#4853,#4854));
#4830 = ORIENTED_EDGE('',*,*,#4831,.F.);
#4831 = EDGE_CURVE('',#4832,#4834,#4836,.T.);
#4832 = VERTEX_POINT('',#4833);
#4833 = CARTESIAN_POINT('',(3.027774536937,-1.035330479933E-03,
    11.98856479795));
#4834 = VERTEX_POINT('',#4835);
#4835 = CARTESIAN_POINT('',(3.01935189425,-5.160788354938E-04,
    12.13643520205));
#4836 = LINE('',#4837,#4838);
#4837 = CARTESIAN_POINT('',(3.02375,1.348736163132E-14,8.61356479795));
#4838 = VECTOR('',#4839,1.);
#4839 = DIRECTION('',(0.,0.,1.));
#4840 = ORIENTED_EDGE('',*,*,#4841,.T.);
#4841 = EDGE_CURVE('',#4832,#4786,#4842,.T.);
#4842 = B_SPLINE_CURVE_WITH_KNOTS('',3,(#4843,#4844,#4845,#4846,#4847,
    #4848,#4849,#4850,#4851,#4852),.UNSPECIFIED.,.F.,.F.,(4,1,1,1,1,1,1,
    4),(28.274333882308,29.187802839314,30.164071197729,31.140339556144,
    32.11660791456,33.092876272975,34.06914463139,34.557519189488),
  .UNSPECIFIED.);
#4843 = CARTESIAN_POINT('',(3.027774536937,-1.035330479933E-03,
    11.98856479795));
#4844 = CARTESIAN_POINT('',(3.023584247815,0.916233246115,
    12.024910572917));
#4845 = CARTESIAN_POINT('',(2.097850971035,2.821180469168,12.10010083164
    ));
#4846 = CARTESIAN_POINT('',(-1.112699774664,3.36962722854,12.21413557412
    ));
#4847 = CARTESIAN_POINT('',(-3.414685865047,0.965613145174,
    12.33066902539));
#4848 = CARTESIAN_POINT('',(-2.712552731717,-2.287912996274,
    12.447202476659));
#4849 = CARTESIAN_POINT('',(0.375987805916,-3.528614667669,
    12.563735927929));
#4850 = CARTESIAN_POINT('',(2.67434738777,-1.975421666543,
    12.660856701692));
#4851 = CARTESIAN_POINT('',(3.019254275099,-0.493972433734,
    12.719132991699));
#4852 = CARTESIAN_POINT('',(3.019259802908,3.641456566734E-06,
    12.73856479795));
#4853 = ORIENTED_EDGE('',*,*,#4785,.T.);
#4854 = ORIENTED_EDGE('',*,*,#4855,.F.);
#4855 = EDGE_CURVE('',#4834,#4788,#4856,.T.);
#4856 = B_SPLINE_CURVE_WITH_KNOTS('',3,(#4857,#4858,#4859,#4860,#4861,
    #4862,#4863,#4864,#4865,#4866),.UNSPECIFIED.,.F.,.F.,(4,1,1,1,1,1,1,
    4),(28.274333882308,28.796779243444,29.773047601859,30.749315960275,
    31.72558431869,32.701852677105,33.67812103552,34.557519189488),
  .UNSPECIFIED.);
#4857 = CARTESIAN_POINT('',(3.01935189425,-5.160788354941E-04,
    12.13643520205));
#4858 = CARTESIAN_POINT('',(3.018511349514,0.527881183126,12.15722264248
    ));
#4859 = CARTESIAN_POINT('',(2.638305187942,2.044800446785,
    12.216854566667));
#4860 = CARTESIAN_POINT('',(0.255570168497,3.539374757694,12.31533097461
    ));
#4861 = CARTESIAN_POINT('',(-2.788914645924,2.194184365157,
    12.43186442588));
#4862 = CARTESIAN_POINT('',(-3.379811427581,-1.08137141387,
    12.548397877149));
#4863 = CARTESIAN_POINT('',(-0.997270489811,-3.405575054754,
    12.664931328419));
#4864 = CARTESIAN_POINT('',(2.154812615908,-2.755898001289,
    12.777610436719));
#4865 = CARTESIAN_POINT('',(3.021614649243,-0.882004578413,
    12.851445061263));
#4866 = CARTESIAN_POINT('',(3.027169218667,1.520893192628E-03,
    12.88643520205));
#4867 = CYLINDRICAL_SURFACE('',#4868,3.02375);
#4868 = AXIS2_PLACEMENT_3D('',#4869,#4870,#4871);
#4869 = CARTESIAN_POINT('',(0.,0.,8.61356479795));
#4870 = DIRECTION('',(0.,0.,1.));
#4871 = DIRECTION('',(-1.,-4.338010435859E-15,0.));
#4872 = ADVANCED_FACE('',(#4873),#4913,.T.);
#4873 = FACE_BOUND('',#4874,.T.);
#4874 = EDGE_LOOP('',(#4875,#4885,#4899,#4900));
#4875 = ORIENTED_EDGE('',*,*,#4876,.F.);
#4876 = EDGE_CURVE('',#4877,#4879,#4881,.T.);
#4877 = VERTEX_POINT('',#4878);
#4878 = CARTESIAN_POINT('',(3.020445202108,1.720564498266E-03,
    11.23856479795));
#4879 = VERTEX_POINT('',#4880);
#4880 = CARTESIAN_POINT('',(3.028162602998,-4.794183280667E-04,
    11.38643520205));
#4881 = LINE('',#4882,#4883);
#4882 = CARTESIAN_POINT('',(3.02375,1.348736163132E-14,8.61356479795));
#4883 = VECTOR('',#4884,1.);
#4884 = DIRECTION('',(0.,0.,1.));
#4885 = ORIENTED_EDGE('',*,*,#4886,.T.);
#4886 = EDGE_CURVE('',#4877,#4832,#4887,.T.);
#4887 = B_SPLINE_CURVE_WITH_KNOTS('',3,(#4888,#4889,#4890,#4891,#4892,
    #4893,#4894,#4895,#4896,#4897,#4898),.UNSPECIFIED.,.F.,.F.,(4,1,1,1,
    1,1,1,1,4),(21.991148575128,22.353924330407,23.330192688822,
    24.306461047238,25.282729405653,26.258997764068,27.235266122483,
    28.211534480899,28.274333882308),.UNSPECIFIED.);
#4888 = CARTESIAN_POINT('',(3.020445202108,1.720564498266E-03,
    11.23856479795));
#4889 = CARTESIAN_POINT('',(3.022439029814,0.368295357169,
    11.252999186621));
#4890 = CARTESIAN_POINT('',(2.793420123313,1.718958044928,
    11.306278059049));
#4891 = CARTESIAN_POINT('',(0.815050964892,3.453716857787,
    11.398401415234));
#4892 = CARTESIAN_POINT('',(-2.404580985311,2.609690498067,
    11.514934866504));
#4893 = CARTESIAN_POINT('',(-3.508749214406,-0.530253856854,
    11.631468317773));
#4894 = CARTESIAN_POINT('',(-1.52604407425,-3.203697095505,
    11.748001769042));
#4895 = CARTESIAN_POINT('',(1.79922007728,-3.058642907961,
    11.864535220312));
#4896 = CARTESIAN_POINT('',(2.998163023397,-1.107207945859,
    11.944722896614));
#4897 = CARTESIAN_POINT('',(3.028062612023,-6.409594912517E-02,
    11.98606608916));
#4898 = CARTESIAN_POINT('',(3.027774536937,-1.035330479933E-03,
    11.98856479795));
#4899 = ORIENTED_EDGE('',*,*,#4831,.T.);
#4900 = ORIENTED_EDGE('',*,*,#4901,.F.);
#4901 = EDGE_CURVE('',#4879,#4834,#4902,.T.);
#4902 = B_SPLINE_CURVE_WITH_KNOTS('',3,(#4903,#4904,#4905,#4906,#4907,
    #4908,#4909,#4910,#4911,#4912),.UNSPECIFIED.,.F.,.F.,(4,1,1,1,1,1,1,
    4),(21.991148575128,22.939169092953,23.915437451368,24.891705809783,
    25.867974168199,26.844242526614,27.820510885029,28.274333882308),
  .UNSPECIFIED.);
#4903 = CARTESIAN_POINT('',(3.028162602998,-4.794183280667E-04,
    11.38643520205));
#4904 = CARTESIAN_POINT('',(3.025986780273,0.951157787133,
    11.424155739942));
#4905 = CARTESIAN_POINT('',(2.038052645551,2.886695259169,
    11.500720761589));
#4906 = CARTESIAN_POINT('',(-1.228438382882,3.329178568925,
    11.616130266993));
#4907 = CARTESIAN_POINT('',(-3.446004864466,0.847077539244,
    11.732663718263));
#4908 = CARTESIAN_POINT('',(-2.631898660837,-2.380251847984,
    11.849197169532));
#4909 = CARTESIAN_POINT('',(0.497658318515,-3.513520475045,
    11.965730620802));
#4910 = CARTESIAN_POINT('',(2.709236875263,-1.904954746676,
    12.061476631641));
#4911 = CARTESIAN_POINT('',(3.020082034778,-0.459509204272,
    12.118378158724));
#4912 = CARTESIAN_POINT('',(3.01935189425,-5.160788354941E-04,
    12.13643520205));
#4913 = CYLINDRICAL_SURFACE('',#4914,3.02375);
#4914 = AXIS2_PLACEMENT_3D('',#4915,#4916,#4917);
#4915 = CARTESIAN_POINT('',(0.,0.,8.61356479795));
#4916 = DIRECTION('',(0.,0.,1.));
#4917 = DIRECTION('',(-1.,-4.338010435859E-15,0.));
#4918 = ADVANCED_FACE('',(#4919),#4959,.T.);
#4919 = FACE_BOUND('',#4920,.T.);
#4920 = EDGE_LOOP('',(#4921,#4931,#4944,#4945));
#4921 = ORIENTED_EDGE('',*,*,#4922,.F.);
#4922 = EDGE_CURVE('',#4923,#4925,#4927,.T.);
#4923 = VERTEX_POINT('',#4924);
#4924 = CARTESIAN_POINT('',(3.024839876217,-2.530291243733E-03,
    10.48856479795));
#4925 = VERTEX_POINT('',#4926);
#4926 = CARTESIAN_POINT('',(3.01988930432,1.298205913446E-03,
    10.63643520205));
#4927 = LINE('',#4928,#4929);
#4928 = CARTESIAN_POINT('',(3.02375,1.348736163132E-14,8.61356479795));
#4929 = VECTOR('',#4930,1.);
#4930 = DIRECTION('',(0.,0.,1.));
#4931 = ORIENTED_EDGE('',*,*,#4932,.T.);
#4932 = EDGE_CURVE('',#4923,#4877,#4933,.T.);
#4933 = B_SPLINE_CURVE_WITH_KNOTS('',3,(#4934,#4935,#4936,#4937,#4938,
    #4939,#4940,#4941,#4942,#4943),.UNSPECIFIED.,.F.,.F.,(4,1,1,1,1,1,1,
    4),(15.707963267949,16.496314179916,17.472582538331,18.448850896746,
    19.425119255161,20.401387613577,21.377655971992,21.991148575128),
  .UNSPECIFIED.);
#4934 = CARTESIAN_POINT('',(3.024839876217,-2.530291243733E-03,
    10.48856479795));
#4935 = CARTESIAN_POINT('',(3.018076687679,0.791094166653,
    10.519932284082));
#4936 = CARTESIAN_POINT('',(2.297492862126,2.578835175987,
    10.590144253971));
#4937 = CARTESIAN_POINT('',(-0.683532003549,3.481996100857,
    10.699200707617));
#4938 = CARTESIAN_POINT('',(-3.267475743464,1.384265432661,
    10.815734158886));
#4939 = CARTESIAN_POINT('',(-2.976870069968,-1.931562740681,
    10.932267610156));
#4940 = CARTESIAN_POINT('',(-6.728923618849E-02,-3.5479313897,
    11.048801061426));
#4941 = CARTESIAN_POINT('',(2.533749204084,-2.229432545478,
    11.150900124023));
#4942 = CARTESIAN_POINT('',(3.017073426207,-0.618196617197,
    11.214154702865));
#4943 = CARTESIAN_POINT('',(3.020445202108,1.720564498266E-03,
    11.23856479795));
#4944 = ORIENTED_EDGE('',*,*,#4876,.T.);
#4945 = ORIENTED_EDGE('',*,*,#4946,.F.);
#4946 = EDGE_CURVE('',#4925,#4879,#4947,.T.);
#4947 = B_SPLINE_CURVE_WITH_KNOTS('',3,(#4948,#4949,#4950,#4951,#4952,
    #4953,#4954,#4955,#4956,#4957,#4958),.UNSPECIFIED.,.F.,.F.,(4,1,1,1,
    1,1,1,1,4),(15.707963267949,16.105290584046,17.081558942461,
    18.057827300877,19.034095659292,20.010364017707,20.986632376122,
    21.962900734538,21.991148575128),.UNSPECIFIED.);
#4948 = CARTESIAN_POINT('',(3.01988930432,1.298205913446E-03,
    10.63643520205));
#4949 = CARTESIAN_POINT('',(3.021530455426,0.40297791357,10.652244353646
    ));
#4950 = CARTESIAN_POINT('',(2.762782245255,1.789599395066,
    10.706897988998));
#4951 = CARTESIAN_POINT('',(0.695249566622,3.479795224459,
    10.800396108107));
#4952 = CARTESIAN_POINT('',(-2.493293084232,2.525075915075,
    10.916929559376));
#4953 = CARTESIAN_POINT('',(-3.488339757057,-0.651150363349,
    11.033463010646));
#4954 = CARTESIAN_POINT('',(-1.414461615017,-3.254499666964,
    11.149996461915));
#4955 = CARTESIAN_POINT('',(1.903805668279,-2.994665198404,
    11.266529913185));
#4956 = CARTESIAN_POINT('',(3.015234862671,-1.037122662894,
    11.345342826563));
#4957 = CARTESIAN_POINT('',(3.028227435238,-2.883502411388E-02,
    11.385311256185));
#4958 = CARTESIAN_POINT('',(3.028162602998,-4.794183280667E-04,
    11.38643520205));
#4959 = CYLINDRICAL_SURFACE('',#4960,3.02375);
#4960 = AXIS2_PLACEMENT_3D('',#4961,#4962,#4963);
#4961 = CARTESIAN_POINT('',(0.,0.,8.61356479795));
#4962 = DIRECTION('',(0.,0.,1.));
#4963 = DIRECTION('',(-1.,-4.338010435859E-15,0.));
#4964 = ADVANCED_FACE('',(#4965),#5001,.T.);
#4965 = FACE_BOUND('',#4966,.T.);
#4966 = EDGE_LOOP('',(#4967,#4978,#4986,#4995));
#4967 = ORIENTED_EDGE('',*,*,#4968,.T.);
#4968 = EDGE_CURVE('',#4969,#4971,#4973,.T.);
#4969 = VERTEX_POINT('',#4970);
#4970 = CARTESIAN_POINT('',(-2.05,-5.85,10.));
#4971 = VERTEX_POINT('',#4972);
#4972 = CARTESIAN_POINT('',(-2.05,-6.05,9.8));
#4973 = CIRCLE('',#4974,0.2);
#4974 = AXIS2_PLACEMENT_3D('',#4975,#4976,#4977);
#4975 = CARTESIAN_POINT('',(-2.05,-5.85,9.8));
#4976 = DIRECTION('',(1.,0.,-0.));
#4977 = DIRECTION('',(0.,0.,1.));
#4978 = ORIENTED_EDGE('',*,*,#4979,.T.);
#4979 = EDGE_CURVE('',#4971,#4980,#4982,.T.);
#4980 = VERTEX_POINT('',#4981);
#4981 = CARTESIAN_POINT('',(-1.,-6.05,9.8));
#4982 = LINE('',#4983,#4984);
#4983 = CARTESIAN_POINT('',(-1.125,-6.05,9.8));
#4984 = VECTOR('',#4985,1.);
#4985 = DIRECTION('',(1.,0.,0.));
#4986 = ORIENTED_EDGE('',*,*,#4987,.F.);
#4987 = EDGE_CURVE('',#4988,#4980,#4990,.T.);
#4988 = VERTEX_POINT('',#4989);
#4989 = CARTESIAN_POINT('',(-1.,-5.85,10.));
#4990 = CIRCLE('',#4991,0.2);
#4991 = AXIS2_PLACEMENT_3D('',#4992,#4993,#4994);
#4992 = CARTESIAN_POINT('',(-1.,-5.85,9.8));
#4993 = DIRECTION('',(1.,0.,0.));
#4994 = DIRECTION('',(0.,-0.707106781187,0.707106781187));
#4995 = ORIENTED_EDGE('',*,*,#4996,.T.);
#4996 = EDGE_CURVE('',#4988,#4969,#4997,.T.);
#4997 = LINE('',#4998,#4999);
#4998 = CARTESIAN_POINT('',(-1.125,-5.85,10.));
#4999 = VECTOR('',#5000,1.);
#5000 = DIRECTION('',(-1.,0.,0.));
#5001 = CYLINDRICAL_SURFACE('',#5002,0.2);
#5002 = AXIS2_PLACEMENT_3D('',#5003,#5004,#5005);
#5003 = CARTESIAN_POINT('',(-1.125,-5.85,9.8));
#5004 = DIRECTION('',(1.,0.,0.));
#5005 = DIRECTION('',(0.,-0.707106781187,0.707106781187));
#5006 = ADVANCED_FACE('',(#5007),#5043,.T.);
#5007 = FACE_BOUND('',#5008,.T.);
#5008 = EDGE_LOOP('',(#5009,#5020,#5028,#5037));
#5009 = ORIENTED_EDGE('',*,*,#5010,.T.);
#5010 = EDGE_CURVE('',#5011,#5013,#5015,.T.);
#5011 = VERTEX_POINT('',#5012);
#5012 = CARTESIAN_POINT('',(-4.55,-1.85,10.));
#5013 = VERTEX_POINT('',#5014);
#5014 = CARTESIAN_POINT('',(-4.55,-2.05,9.8));
#5015 = CIRCLE('',#5016,0.2);
#5016 = AXIS2_PLACEMENT_3D('',#5017,#5018,#5019);
#5017 = CARTESIAN_POINT('',(-4.55,-1.85,9.8));
#5018 = DIRECTION('',(1.,0.,-0.));
#5019 = DIRECTION('',(0.,0.,1.));
#5020 = ORIENTED_EDGE('',*,*,#5021,.T.);
#5021 = EDGE_CURVE('',#5013,#5022,#5024,.T.);
#5022 = VERTEX_POINT('',#5023);
#5023 = CARTESIAN_POINT('',(-3.45,-2.05,9.8));
#5024 = LINE('',#5025,#5026);
#5025 = CARTESIAN_POINT('',(-2.375,-2.05,9.8));
#5026 = VECTOR('',#5027,1.);
#5027 = DIRECTION('',(1.,0.,0.));
#5028 = ORIENTED_EDGE('',*,*,#5029,.T.);
#5029 = EDGE_CURVE('',#5022,#5030,#5032,.T.);
#5030 = VERTEX_POINT('',#5031);
#5031 = CARTESIAN_POINT('',(-3.45,-1.85,10.));
#5032 = CIRCLE('',#5033,0.2);
#5033 = AXIS2_PLACEMENT_3D('',#5034,#5035,#5036);
#5034 = CARTESIAN_POINT('',(-3.45,-1.85,9.8));
#5035 = DIRECTION('',(-1.,0.,0.));
#5036 = DIRECTION('',(0.,-1.,0.));
#5037 = ORIENTED_EDGE('',*,*,#5038,.T.);
#5038 = EDGE_CURVE('',#5030,#5011,#5039,.T.);
#5039 = LINE('',#5040,#5041);
#5040 = CARTESIAN_POINT('',(-2.375,-1.85,10.));
#5041 = VECTOR('',#5042,1.);
#5042 = DIRECTION('',(-1.,0.,0.));
#5043 = CYLINDRICAL_SURFACE('',#5044,0.2);
#5044 = AXIS2_PLACEMENT_3D('',#5045,#5046,#5047);
#5045 = CARTESIAN_POINT('',(-2.375,-1.85,9.8));
#5046 = DIRECTION('',(1.,0.,0.));
#5047 = DIRECTION('',(0.,-0.707106781187,0.707106781187));
#5048 = ADVANCED_FACE('',(#5049),#5131,.T.);
#5049 = FACE_BOUND('',#5050,.T.);
#5050 = EDGE_LOOP('',(#5051,#5098,#5105,#5106,#5115,#5124));
#5051 = ORIENTED_EDGE('',*,*,#5052,.F.);
#5052 = EDGE_CURVE('',#5053,#5055,#5057,.T.);
#5053 = VERTEX_POINT('',#5054);
#5054 = CARTESIAN_POINT('',(-2.59109891671,-2.144428234293,10.));
#5055 = VERTEX_POINT('',#5056);
#5056 = CARTESIAN_POINT('',(-2.23062563408,-2.562158334408,10.));
#5057 = B_SPLINE_CURVE_WITH_KNOTS('',3,(#5058,#5059,#5060,#5061,#5062,
    #5063,#5064,#5065,#5066,#5067,#5068,#5069,#5070,#5071,#5072,#5073,
    #5074,#5075,#5076,#5077,#5078,#5079,#5080,#5081,#5082,#5083,#5084,
    #5085,#5086,#5087,#5088,#5089,#5090,#5091,#5092,#5093,#5094,#5095,
    #5096,#5097),.UNSPECIFIED.,.F.,.F.,(4,3,3,3,3,3,3,3,3,3,3,3,3,4),(
    -0.387519774578,-0.37462206082,-0.36090627054,-0.352090507326,
    -0.342265310569,-0.33719714218,-0.327540322463,-0.323869849521,
    -0.320703493231,-0.314097996348,-0.312125101363,-0.308527556789,
    -0.303419604976,-0.29266423309),.UNSPECIFIED.);
#5058 = CARTESIAN_POINT('',(-2.58761240802,-2.144386702771,10.));
#5059 = CARTESIAN_POINT('',(-2.57092887973,-2.167647845381,10.));
#5060 = CARTESIAN_POINT('',(-2.555394483149,-2.19009751362,
    9.999529272417));
#5061 = CARTESIAN_POINT('',(-2.54056619368,-2.211722629801,
    9.998848441152));
#5062 = CARTESIAN_POINT('',(-2.524797375081,-2.234719384414,
    9.998124426104));
#5063 = CARTESIAN_POINT('',(-2.509827043425,-2.256783383104,
    9.997162809179));
#5064 = CARTESIAN_POINT('',(-2.495125751455,-2.277838862614,
    9.996277018924));
#5065 = CARTESIAN_POINT('',(-2.485676561412,-2.291372178443,
    9.995707681176));
#5066 = CARTESIAN_POINT('',(-2.476338581201,-2.304487669022,
    9.995169669081));
#5067 = CARTESIAN_POINT('',(-2.466972039371,-2.317154056955,
    9.994746208021));
#5068 = CARTESIAN_POINT('',(-2.456532998055,-2.331270787478,
    9.994274259293));
#5069 = CARTESIAN_POINT('',(-2.446119159312,-2.344749653925,
    9.993948810962));
#5070 = CARTESIAN_POINT('',(-2.435123908048,-2.358173463155,
    9.993827660923));
#5071 = CARTESIAN_POINT('',(-2.429452186019,-2.365097917421,
    9.993765167641));
#5072 = CARTESIAN_POINT('',(-2.423625138487,-2.37200718409,
    9.993757034966));
#5073 = CARTESIAN_POINT('',(-2.417555645413,-2.378977428974,
    9.993811195968));
#5074 = CARTESIAN_POINT('',(-2.405990915143,-2.392258439599,
    9.993914393612));
#5075 = CARTESIAN_POINT('',(-2.394202096043,-2.405017487024,
    9.994235620136));
#5076 = CARTESIAN_POINT('',(-2.381791682333,-2.417874866138,9.9947099133
    ));
#5077 = CARTESIAN_POINT('',(-2.377074592333,-2.422761843789,
    9.994890187994));
#5078 = CARTESIAN_POINT('',(-2.372281001643,-2.427649233038,
    9.99509176158));
#5079 = CARTESIAN_POINT('',(-2.367412889141,-2.432549035939,
    9.995308558506));
#5080 = CARTESIAN_POINT('',(-2.363213381642,-2.436775881356,
    9.995495579722));
#5081 = CARTESIAN_POINT('',(-2.358951074472,-2.441019341456,
    9.995694244216));
#5082 = CARTESIAN_POINT('',(-2.354638617284,-2.445276405597,
    9.995899785149));
#5083 = CARTESIAN_POINT('',(-2.345642181033,-2.454157283595,
    9.996328574541));
#5084 = CARTESIAN_POINT('',(-2.336377657092,-2.463145648225,
    9.996789343812));
#5085 = CARTESIAN_POINT('',(-2.327132729837,-2.472054536686,
    9.997229806505));
#5086 = CARTESIAN_POINT('',(-2.324371503704,-2.474715396524,
    9.99736136158));
#5087 = CARTESIAN_POINT('',(-2.32158072289,-2.477399350186,
    9.997492652257));
#5088 = CARTESIAN_POINT('',(-2.31876391167,-2.48010505536,9.997622490734
    ));
#5089 = CARTESIAN_POINT('',(-2.313627498432,-2.485038868382,
    9.99785924926));
#5090 = CARTESIAN_POINT('',(-2.308415645363,-2.490034372372,
    9.998090633017));
#5091 = CARTESIAN_POINT('',(-2.303150449627,-2.495082983788,
    9.998309687985));
#5092 = CARTESIAN_POINT('',(-2.29567469344,-2.502251224044,
    9.998620711852));
#5093 = CARTESIAN_POINT('',(-2.288192180156,-2.509430115195,
    9.998902947074));
#5094 = CARTESIAN_POINT('',(-2.280601080138,-2.51674993611,9.99914560689
    ));
#5095 = CARTESIAN_POINT('',(-2.26461715807,-2.532162649258,
    9.999656554654));
#5096 = CARTESIAN_POINT('',(-2.247900323989,-2.548440783573,
    10.000000000028));
#5097 = CARTESIAN_POINT('',(-2.230590526184,-2.565770091588,10.));
#5098 = ORIENTED_EDGE('',*,*,#5099,.T.);
#5099 = EDGE_CURVE('',#5053,#5030,#5100,.T.);
#5100 = CIRCLE('',#5101,1.4);
#5101 = AXIS2_PLACEMENT_3D('',#5102,#5103,#5104);
#5102 = CARTESIAN_POINT('',(-3.45,-3.25,10.));
#5103 = DIRECTION('',(0.,0.,1.));
#5104 = DIRECTION('',(0.707106781187,0.707106781187,-0.));
#5105 = ORIENTED_EDGE('',*,*,#5029,.F.);
#5106 = ORIENTED_EDGE('',*,*,#5107,.T.);
#5107 = EDGE_CURVE('',#5022,#5108,#5110,.T.);
#5108 = VERTEX_POINT('',#5109);
#5109 = CARTESIAN_POINT('',(-2.25,-3.25,9.8));
#5110 = CIRCLE('',#5111,1.2);
#5111 = AXIS2_PLACEMENT_3D('',#5112,#5113,#5114);
#5112 = CARTESIAN_POINT('',(-3.45,-3.25,9.8));
#5113 = DIRECTION('',(0.,0.,-1.));
#5114 = DIRECTION('',(0.707106781187,0.707106781187,0.));
#5115 = ORIENTED_EDGE('',*,*,#5116,.T.);
#5116 = EDGE_CURVE('',#5108,#5117,#5119,.T.);
#5117 = VERTEX_POINT('',#5118);
#5118 = CARTESIAN_POINT('',(-2.05,-3.25,10.));
#5119 = CIRCLE('',#5120,0.2);
#5120 = AXIS2_PLACEMENT_3D('',#5121,#5122,#5123);
#5121 = CARTESIAN_POINT('',(-2.05,-3.25,9.8));
#5122 = DIRECTION('',(0.,1.,0.));
#5123 = DIRECTION('',(-1.,0.,0.));
#5124 = ORIENTED_EDGE('',*,*,#5125,.T.);
#5125 = EDGE_CURVE('',#5117,#5055,#5126,.T.);
#5126 = CIRCLE('',#5127,1.4);
#5127 = AXIS2_PLACEMENT_3D('',#5128,#5129,#5130);
#5128 = CARTESIAN_POINT('',(-3.45,-3.25,10.));
#5129 = DIRECTION('',(0.,0.,1.));
#5130 = DIRECTION('',(0.707106781187,0.707106781187,-0.));
#5131 = TOROIDAL_SURFACE('',#5132,1.4,0.2);
#5132 = AXIS2_PLACEMENT_3D('',#5133,#5134,#5135);
#5133 = CARTESIAN_POINT('',(-3.45,-3.25,9.8));
#5134 = DIRECTION('',(0.,0.,-1.));
#5135 = DIRECTION('',(-1.,0.,0.));
#5136 = ADVANCED_FACE('',(#5137),#5161,.T.);
#5137 = FACE_BOUND('',#5138,.T.);
#5138 = EDGE_LOOP('',(#5139,#5148,#5154,#5155));
#5139 = ORIENTED_EDGE('',*,*,#5140,.T.);
#5140 = EDGE_CURVE('',#5141,#4969,#5143,.T.);
#5141 = VERTEX_POINT('',#5142);
#5142 = CARTESIAN_POINT('',(-2.25,-5.85,9.8));
#5143 = CIRCLE('',#5144,0.2);
#5144 = AXIS2_PLACEMENT_3D('',#5145,#5146,#5147);
#5145 = CARTESIAN_POINT('',(-2.05,-5.85,9.8));
#5146 = DIRECTION('',(0.,1.,0.));
#5147 = DIRECTION('',(-1.,0.,0.));
#5148 = ORIENTED_EDGE('',*,*,#5149,.T.);
#5149 = EDGE_CURVE('',#4969,#5117,#5150,.T.);
#5150 = LINE('',#5151,#5152);
#5151 = CARTESIAN_POINT('',(-2.05,-1.925,10.));
#5152 = VECTOR('',#5153,1.);
#5153 = DIRECTION('',(1.982541115402E-16,1.,0.));
#5154 = ORIENTED_EDGE('',*,*,#5116,.F.);
#5155 = ORIENTED_EDGE('',*,*,#5156,.T.);
#5156 = EDGE_CURVE('',#5108,#5141,#5157,.T.);
#5157 = LINE('',#5158,#5159);
#5158 = CARTESIAN_POINT('',(-2.25,-1.925,9.8));
#5159 = VECTOR('',#5160,1.);
#5160 = DIRECTION('',(-1.982541115402E-16,-1.,0.));
#5161 = CYLINDRICAL_SURFACE('',#5162,0.2);
#5162 = AXIS2_PLACEMENT_3D('',#5163,#5164,#5165);
#5163 = CARTESIAN_POINT('',(-2.05,-1.925,9.8));
#5164 = DIRECTION('',(-1.982541115402E-16,-1.,0.));
#5165 = DIRECTION('',(-0.707106781187,1.401868266682E-16,0.707106781187)
  );
#5166 = ADVANCED_FACE('',(#5167),#5205,.T.);
#5167 = FACE_BOUND('',#5168,.T.);
#5168 = EDGE_LOOP('',(#5169,#5180,#5189,#5198));
#5169 = ORIENTED_EDGE('',*,*,#5170,.F.);
#5170 = EDGE_CURVE('',#5171,#5173,#5175,.T.);
#5171 = VERTEX_POINT('',#5172);
#5172 = CARTESIAN_POINT('',(-3.95,4.85,9.8));
#5173 = VERTEX_POINT('',#5174);
#5174 = CARTESIAN_POINT('',(-3.95,4.65,10.));
#5175 = CIRCLE('',#5176,0.2);
#5176 = AXIS2_PLACEMENT_3D('',#5177,#5178,#5179);
#5177 = CARTESIAN_POINT('',(-3.95,4.65,9.8));
#5178 = DIRECTION('',(1.,0.,0.));
#5179 = DIRECTION('',(-0.,1.,0.));
#5180 = ORIENTED_EDGE('',*,*,#5181,.T.);
#5181 = EDGE_CURVE('',#5171,#5182,#5184,.T.);
#5182 = VERTEX_POINT('',#5183);
#5183 = CARTESIAN_POINT('',(-4.75,4.05,9.8));
#5184 = CIRCLE('',#5185,0.8);
#5185 = AXIS2_PLACEMENT_3D('',#5186,#5187,#5188);
#5186 = CARTESIAN_POINT('',(-3.95,4.05,9.8));
#5187 = DIRECTION('',(0.,0.,1.));
#5188 = DIRECTION('',(-1.,0.,0.));
#5189 = ORIENTED_EDGE('',*,*,#5190,.F.);
#5190 = EDGE_CURVE('',#5191,#5182,#5193,.T.);
#5191 = VERTEX_POINT('',#5192);
#5192 = CARTESIAN_POINT('',(-4.55,4.05,10.));
#5193 = CIRCLE('',#5194,0.2);
#5194 = AXIS2_PLACEMENT_3D('',#5195,#5196,#5197);
#5195 = CARTESIAN_POINT('',(-4.55,4.05,9.8));
#5196 = DIRECTION('',(0.,-1.,0.));
#5197 = DIRECTION('',(0.,0.,1.));
#5198 = ORIENTED_EDGE('',*,*,#5199,.T.);
#5199 = EDGE_CURVE('',#5191,#5173,#5200,.T.);
#5200 = CIRCLE('',#5201,0.6);
#5201 = AXIS2_PLACEMENT_3D('',#5202,#5203,#5204);
#5202 = CARTESIAN_POINT('',(-3.95,4.05,10.));
#5203 = DIRECTION('',(0.,0.,-1.));
#5204 = DIRECTION('',(-0.707106781187,0.707106781187,0.));
#5205 = TOROIDAL_SURFACE('',#5206,0.6,0.2);
#5206 = AXIS2_PLACEMENT_3D('',#5207,#5208,#5209);
#5207 = CARTESIAN_POINT('',(-3.95,4.05,9.8));
#5208 = DIRECTION('',(0.,0.,1.));
#5209 = DIRECTION('',(1.,0.,-0.));
#5210 = ADVANCED_FACE('',(#5211),#5237,.T.);
#5211 = FACE_BOUND('',#5212,.T.);
#5212 = EDGE_LOOP('',(#5213,#5224,#5230,#5231));
#5213 = ORIENTED_EDGE('',*,*,#5214,.T.);
#5214 = EDGE_CURVE('',#5215,#5217,#5219,.T.);
#5215 = VERTEX_POINT('',#5216);
#5216 = CARTESIAN_POINT('',(-3.95,4.85,7.5));
#5217 = VERTEX_POINT('',#5218);
#5218 = CARTESIAN_POINT('',(-4.75,4.05,7.5));
#5219 = CIRCLE('',#5220,0.8);
#5220 = AXIS2_PLACEMENT_3D('',#5221,#5222,#5223);
#5221 = CARTESIAN_POINT('',(-3.95,4.05,7.5));
#5222 = DIRECTION('',(0.,0.,1.));
#5223 = DIRECTION('',(-0.707106781187,0.707106781187,0.));
#5224 = ORIENTED_EDGE('',*,*,#5225,.T.);
#5225 = EDGE_CURVE('',#5217,#5182,#5226,.T.);
#5226 = LINE('',#5227,#5228);
#5227 = CARTESIAN_POINT('',(-4.75,4.05,7.5));
#5228 = VECTOR('',#5229,1.);
#5229 = DIRECTION('',(0.,0.,1.));
#5230 = ORIENTED_EDGE('',*,*,#5181,.F.);
#5231 = ORIENTED_EDGE('',*,*,#5232,.T.);
#5232 = EDGE_CURVE('',#5171,#5215,#5233,.T.);
#5233 = LINE('',#5234,#5235);
#5234 = CARTESIAN_POINT('',(-3.95,4.85,7.5));
#5235 = VECTOR('',#5236,1.);
#5236 = DIRECTION('',(0.,0.,-1.));
#5237 = CYLINDRICAL_SURFACE('',#5238,0.8);
#5238 = AXIS2_PLACEMENT_3D('',#5239,#5240,#5241);
#5239 = CARTESIAN_POINT('',(-3.95,4.05,7.5));
#5240 = DIRECTION('',(0.,0.,1.));
#5241 = DIRECTION('',(-0.707106781187,0.707106781187,0.));
#5242 = ADVANCED_FACE('',(#5243),#5267,.T.);
#5243 = FACE_BOUND('',#5244,.T.);
#5244 = EDGE_LOOP('',(#5245,#5254,#5260,#5261));
#5245 = ORIENTED_EDGE('',*,*,#5246,.T.);
#5246 = EDGE_CURVE('',#5247,#5011,#5249,.T.);
#5247 = VERTEX_POINT('',#5248);
#5248 = CARTESIAN_POINT('',(-4.75,-1.85,9.8));
#5249 = CIRCLE('',#5250,0.2);
#5250 = AXIS2_PLACEMENT_3D('',#5251,#5252,#5253);
#5251 = CARTESIAN_POINT('',(-4.55,-1.85,9.8));
#5252 = DIRECTION('',(1.387778780781E-15,1.,0.));
#5253 = DIRECTION('',(-1.,1.387778780781E-15,0.));
#5254 = ORIENTED_EDGE('',*,*,#5255,.T.);
#5255 = EDGE_CURVE('',#5011,#5191,#5256,.T.);
#5256 = LINE('',#5257,#5258);
#5257 = CARTESIAN_POINT('',(-4.55,2.125,10.));
#5258 = VECTOR('',#5259,1.);
#5259 = DIRECTION('',(0.,1.,0.));
#5260 = ORIENTED_EDGE('',*,*,#5190,.T.);
#5261 = ORIENTED_EDGE('',*,*,#5262,.T.);
#5262 = EDGE_CURVE('',#5182,#5247,#5263,.T.);
#5263 = LINE('',#5264,#5265);
#5264 = CARTESIAN_POINT('',(-4.75,2.125,9.8));
#5265 = VECTOR('',#5266,1.);
#5266 = DIRECTION('',(0.,-1.,0.));
#5267 = CYLINDRICAL_SURFACE('',#5268,0.2);
#5268 = AXIS2_PLACEMENT_3D('',#5269,#5270,#5271);
#5269 = CARTESIAN_POINT('',(-4.55,2.125,9.8));
#5270 = DIRECTION('',(0.,-1.,0.));
#5271 = DIRECTION('',(-0.707106781187,0.,0.707106781187));
#5272 = ADVANCED_FACE('',(#5273),#5299,.T.);
#5273 = FACE_BOUND('',#5274,.T.);
#5274 = EDGE_LOOP('',(#5275,#5286,#5292,#5293));
#5275 = ORIENTED_EDGE('',*,*,#5276,.T.);
#5276 = EDGE_CURVE('',#5277,#5279,#5281,.T.);
#5277 = VERTEX_POINT('',#5278);
#5278 = CARTESIAN_POINT('',(2.05,4.65,10.));
#5279 = VERTEX_POINT('',#5280);
#5280 = CARTESIAN_POINT('',(2.05,4.85,9.8));
#5281 = CIRCLE('',#5282,0.2);
#5282 = AXIS2_PLACEMENT_3D('',#5283,#5284,#5285);
#5283 = CARTESIAN_POINT('',(2.05,4.65,9.8));
#5284 = DIRECTION('',(-1.,0.,0.));
#5285 = DIRECTION('',(0.,0.,1.));
#5286 = ORIENTED_EDGE('',*,*,#5287,.T.);
#5287 = EDGE_CURVE('',#5279,#5171,#5288,.T.);
#5288 = LINE('',#5289,#5290);
#5289 = CARTESIAN_POINT('',(1.125,4.85,9.8));
#5290 = VECTOR('',#5291,1.);
#5291 = DIRECTION('',(-1.,0.,0.));
#5292 = ORIENTED_EDGE('',*,*,#5170,.T.);
#5293 = ORIENTED_EDGE('',*,*,#5294,.T.);
#5294 = EDGE_CURVE('',#5173,#5277,#5295,.T.);
#5295 = LINE('',#5296,#5297);
#5296 = CARTESIAN_POINT('',(1.125,4.65,10.));
#5297 = VECTOR('',#5298,1.);
#5298 = DIRECTION('',(1.,0.,0.));
#5299 = CYLINDRICAL_SURFACE('',#5300,0.2);
#5300 = AXIS2_PLACEMENT_3D('',#5301,#5302,#5303);
#5301 = CARTESIAN_POINT('',(1.125,4.65,9.8));
#5302 = DIRECTION('',(-1.,0.,0.));
#5303 = DIRECTION('',(0.,0.707106781187,0.707106781187));
#5304 = ADVANCED_FACE('',(#5305),#5316,.T.);
#5305 = FACE_BOUND('',#5306,.T.);
#5306 = EDGE_LOOP('',(#5307,#5308,#5315));
#5307 = ORIENTED_EDGE('',*,*,#5246,.F.);
#5308 = ORIENTED_EDGE('',*,*,#5309,.T.);
#5309 = EDGE_CURVE('',#5247,#5013,#5310,.T.);
#5310 = CIRCLE('',#5311,0.2);
#5311 = AXIS2_PLACEMENT_3D('',#5312,#5313,#5314);
#5312 = CARTESIAN_POINT('',(-4.55,-1.85,9.8));
#5313 = DIRECTION('',(0.,0.,1.));
#5314 = DIRECTION('',(-0.707106781187,-0.707106781187,0.));
#5315 = ORIENTED_EDGE('',*,*,#5010,.F.);
#5316 = SPHERICAL_SURFACE('',#5317,0.2);
#5317 = AXIS2_PLACEMENT_3D('',#5318,#5319,#5320);
#5318 = CARTESIAN_POINT('',(-4.55,-1.85,9.8));
#5319 = DIRECTION('',(-0.816496580928,0.408248290464,-0.408248290464));
#5320 = DIRECTION('',(-0.57735026919,-0.57735026919,0.57735026919));
#5321 = ADVANCED_FACE('',(#5322),#5333,.T.);
#5322 = FACE_BOUND('',#5323,.T.);
#5323 = EDGE_LOOP('',(#5324,#5325,#5332));
#5324 = ORIENTED_EDGE('',*,*,#5140,.F.);
#5325 = ORIENTED_EDGE('',*,*,#5326,.T.);
#5326 = EDGE_CURVE('',#5141,#4971,#5327,.T.);
#5327 = CIRCLE('',#5328,0.2);
#5328 = AXIS2_PLACEMENT_3D('',#5329,#5330,#5331);
#5329 = CARTESIAN_POINT('',(-2.05,-5.85,9.8));
#5330 = DIRECTION('',(0.,0.,1.));
#5331 = DIRECTION('',(-0.707106781187,-0.707106781187,0.));
#5332 = ORIENTED_EDGE('',*,*,#4968,.F.);
#5333 = SPHERICAL_SURFACE('',#5334,0.2);
#5334 = AXIS2_PLACEMENT_3D('',#5335,#5336,#5337);
#5335 = CARTESIAN_POINT('',(-2.05,-5.85,9.8));
#5336 = DIRECTION('',(0.408248290464,-0.816496580928,-0.408248290464));
#5337 = DIRECTION('',(-0.57735026919,-0.57735026919,0.57735026919));
#5338 = ADVANCED_FACE('',(#5339),#5375,.T.);
#5339 = FACE_BOUND('',#5340,.T.);
#5340 = EDGE_LOOP('',(#5341,#5352,#5360,#5369));
#5341 = ORIENTED_EDGE('',*,*,#5342,.T.);
#5342 = EDGE_CURVE('',#5343,#5345,#5347,.T.);
#5343 = VERTEX_POINT('',#5344);
#5344 = CARTESIAN_POINT('',(4.55,2.15,10.));
#5345 = VERTEX_POINT('',#5346);
#5346 = CARTESIAN_POINT('',(4.55,2.35,9.8));
#5347 = CIRCLE('',#5348,0.2);
#5348 = AXIS2_PLACEMENT_3D('',#5349,#5350,#5351);
#5349 = CARTESIAN_POINT('',(4.55,2.15,9.8));
#5350 = DIRECTION('',(-1.,0.,0.));
#5351 = DIRECTION('',(0.,0.,1.));
#5352 = ORIENTED_EDGE('',*,*,#5353,.T.);
#5353 = EDGE_CURVE('',#5345,#5354,#5356,.T.);
#5354 = VERTEX_POINT('',#5355);
#5355 = CARTESIAN_POINT('',(3.45,2.35,9.8));
#5356 = LINE('',#5357,#5358);
#5357 = CARTESIAN_POINT('',(2.375,2.35,9.8));
#5358 = VECTOR('',#5359,1.);
#5359 = DIRECTION('',(-1.,2.135044278125E-16,0.));
#5360 = ORIENTED_EDGE('',*,*,#5361,.T.);
#5361 = EDGE_CURVE('',#5354,#5362,#5364,.T.);
#5362 = VERTEX_POINT('',#5363);
#5363 = CARTESIAN_POINT('',(3.45,2.15,10.));
#5364 = CIRCLE('',#5365,0.2);
#5365 = AXIS2_PLACEMENT_3D('',#5366,#5367,#5368);
#5366 = CARTESIAN_POINT('',(3.45,2.15,9.8));
#5367 = DIRECTION('',(1.,0.,0.));
#5368 = DIRECTION('',(-0.,1.,0.));
#5369 = ORIENTED_EDGE('',*,*,#5370,.T.);
#5370 = EDGE_CURVE('',#5362,#5343,#5371,.T.);
#5371 = LINE('',#5372,#5373);
#5372 = CARTESIAN_POINT('',(2.375,2.15,10.));
#5373 = VECTOR('',#5374,1.);
#5374 = DIRECTION('',(1.,-2.135044278125E-16,0.));
#5375 = CYLINDRICAL_SURFACE('',#5376,0.2);
#5376 = AXIS2_PLACEMENT_3D('',#5377,#5378,#5379);
#5377 = CARTESIAN_POINT('',(2.375,2.15,9.8));
#5378 = DIRECTION('',(-1.,2.135044278125E-16,0.));
#5379 = DIRECTION('',(1.509704287196E-16,0.707106781187,0.707106781187)
  );
#5380 = ADVANCED_FACE('',(#5381),#5409,.T.);
#5381 = FACE_BOUND('',#5382,.T.);
#5382 = EDGE_LOOP('',(#5383,#5394,#5401,#5402));
#5383 = ORIENTED_EDGE('',*,*,#5384,.T.);
#5384 = EDGE_CURVE('',#5385,#5387,#5389,.T.);
#5385 = VERTEX_POINT('',#5386);
#5386 = CARTESIAN_POINT('',(2.25,3.55,9.8));
#5387 = VERTEX_POINT('',#5388);
#5388 = CARTESIAN_POINT('',(2.05,3.55,10.));
#5389 = CIRCLE('',#5390,0.2);
#5390 = AXIS2_PLACEMENT_3D('',#5391,#5392,#5393);
#5391 = CARTESIAN_POINT('',(2.05,3.55,9.8));
#5392 = DIRECTION('',(0.,-1.,0.));
#5393 = DIRECTION('',(1.,0.,0.));
#5394 = ORIENTED_EDGE('',*,*,#5395,.T.);
#5395 = EDGE_CURVE('',#5387,#5362,#5396,.T.);
#5396 = CIRCLE('',#5397,1.4);
#5397 = AXIS2_PLACEMENT_3D('',#5398,#5399,#5400);
#5398 = CARTESIAN_POINT('',(3.45,3.55,10.));
#5399 = DIRECTION('',(0.,0.,1.));
#5400 = DIRECTION('',(-0.707106781187,-0.707106781187,0.));
#5401 = ORIENTED_EDGE('',*,*,#5361,.F.);
#5402 = ORIENTED_EDGE('',*,*,#5403,.T.);
#5403 = EDGE_CURVE('',#5354,#5385,#5404,.T.);
#5404 = CIRCLE('',#5405,1.2);
#5405 = AXIS2_PLACEMENT_3D('',#5406,#5407,#5408);
#5406 = CARTESIAN_POINT('',(3.45,3.55,9.8));
#5407 = DIRECTION('',(0.,0.,-1.));
#5408 = DIRECTION('',(-0.707106781187,-0.707106781187,-0.));
#5409 = TOROIDAL_SURFACE('',#5410,1.4,0.2);
#5410 = AXIS2_PLACEMENT_3D('',#5411,#5412,#5413);
#5411 = CARTESIAN_POINT('',(3.45,3.55,9.8));
#5412 = DIRECTION('',(0.,0.,-1.));
#5413 = DIRECTION('',(-1.,0.,0.));
#5414 = ADVANCED_FACE('',(#5415),#5439,.T.);
#5415 = FACE_BOUND('',#5416,.T.);
#5416 = EDGE_LOOP('',(#5417,#5426,#5432,#5433));
#5417 = ORIENTED_EDGE('',*,*,#5418,.T.);
#5418 = EDGE_CURVE('',#5419,#5277,#5421,.T.);
#5419 = VERTEX_POINT('',#5420);
#5420 = CARTESIAN_POINT('',(2.25,4.65,9.8));
#5421 = CIRCLE('',#5422,0.2);
#5422 = AXIS2_PLACEMENT_3D('',#5423,#5424,#5425);
#5423 = CARTESIAN_POINT('',(2.05,4.65,9.8));
#5424 = DIRECTION('',(0.,-1.,0.));
#5425 = DIRECTION('',(1.,0.,0.));
#5426 = ORIENTED_EDGE('',*,*,#5427,.T.);
#5427 = EDGE_CURVE('',#5277,#5387,#5428,.T.);
#5428 = LINE('',#5429,#5430);
#5429 = CARTESIAN_POINT('',(2.05,1.475,10.));
#5430 = VECTOR('',#5431,1.);
#5431 = DIRECTION('',(-6.405132834376E-16,-1.,0.));
#5432 = ORIENTED_EDGE('',*,*,#5384,.F.);
#5433 = ORIENTED_EDGE('',*,*,#5434,.T.);
#5434 = EDGE_CURVE('',#5385,#5419,#5435,.T.);
#5435 = LINE('',#5436,#5437);
#5436 = CARTESIAN_POINT('',(2.25,1.475,9.8));
#5437 = VECTOR('',#5438,1.);
#5438 = DIRECTION('',(6.405132834376E-16,1.,0.));
#5439 = CYLINDRICAL_SURFACE('',#5440,0.2);
#5440 = AXIS2_PLACEMENT_3D('',#5441,#5442,#5443);
#5441 = CARTESIAN_POINT('',(2.05,1.475,9.8));
#5442 = DIRECTION('',(6.405132834376E-16,1.,0.));
#5443 = DIRECTION('',(0.707106781187,-4.529112861588E-16,0.707106781187)
  );
#5444 = ADVANCED_FACE('',(#5445),#5479,.T.);
#5445 = FACE_BOUND('',#5446,.T.);
#5446 = EDGE_LOOP('',(#5447,#5458,#5466,#5473));
#5447 = ORIENTED_EDGE('',*,*,#5448,.T.);
#5448 = EDGE_CURVE('',#5449,#5451,#5453,.T.);
#5449 = VERTEX_POINT('',#5450);
#5450 = CARTESIAN_POINT('',(4.55,-5.85,10.));
#5451 = VERTEX_POINT('',#5452);
#5452 = CARTESIAN_POINT('',(4.75,-5.85,9.8));
#5453 = CIRCLE('',#5454,0.2);
#5454 = AXIS2_PLACEMENT_3D('',#5455,#5456,#5457);
#5455 = CARTESIAN_POINT('',(4.55,-5.85,9.8));
#5456 = DIRECTION('',(0.,1.,0.));
#5457 = DIRECTION('',(0.,-0.,1.));
#5458 = ORIENTED_EDGE('',*,*,#5459,.T.);
#5459 = EDGE_CURVE('',#5451,#5460,#5462,.T.);
#5460 = VERTEX_POINT('',#5461);
#5461 = CARTESIAN_POINT('',(4.75,2.15,9.8));
#5462 = LINE('',#5463,#5464);
#5463 = CARTESIAN_POINT('',(4.75,-3.325,9.8));
#5464 = VECTOR('',#5465,1.);
#5465 = DIRECTION('',(0.,1.,0.));
#5466 = ORIENTED_EDGE('',*,*,#5467,.T.);
#5467 = EDGE_CURVE('',#5460,#5343,#5468,.T.);
#5468 = CIRCLE('',#5469,0.2);
#5469 = AXIS2_PLACEMENT_3D('',#5470,#5471,#5472);
#5470 = CARTESIAN_POINT('',(4.55,2.15,9.8));
#5471 = DIRECTION('',(1.387778780781E-15,-1.,0.));
#5472 = DIRECTION('',(1.,1.387778780781E-15,0.));
#5473 = ORIENTED_EDGE('',*,*,#5474,.T.);
#5474 = EDGE_CURVE('',#5343,#5449,#5475,.T.);
#5475 = LINE('',#5476,#5477);
#5476 = CARTESIAN_POINT('',(4.55,-3.325,10.));
#5477 = VECTOR('',#5478,1.);
#5478 = DIRECTION('',(0.,-1.,0.));
#5479 = CYLINDRICAL_SURFACE('',#5480,0.2);
#5480 = AXIS2_PLACEMENT_3D('',#5481,#5482,#5483);
#5481 = CARTESIAN_POINT('',(4.55,-3.325,9.8));
#5482 = DIRECTION('',(0.,1.,0.));
#5483 = DIRECTION('',(0.707106781187,-0.,0.707106781187));
#5484 = ADVANCED_FACE('',(#5485),#5519,.T.);
#5485 = FACE_BOUND('',#5486,.T.);
#5486 = EDGE_LOOP('',(#5487,#5496,#5504,#5513));
#5487 = ORIENTED_EDGE('',*,*,#5488,.T.);
#5488 = EDGE_CURVE('',#5489,#5449,#5491,.T.);
#5489 = VERTEX_POINT('',#5490);
#5490 = CARTESIAN_POINT('',(4.55,-6.05,9.8));
#5491 = CIRCLE('',#5492,0.2);
#5492 = AXIS2_PLACEMENT_3D('',#5493,#5494,#5495);
#5493 = CARTESIAN_POINT('',(4.55,-5.85,9.8));
#5494 = DIRECTION('',(-1.,0.,0.));
#5495 = DIRECTION('',(0.,-1.,0.));
#5496 = ORIENTED_EDGE('',*,*,#5497,.T.);
#5497 = EDGE_CURVE('',#5449,#5498,#5500,.T.);
#5498 = VERTEX_POINT('',#5499);
#5499 = CARTESIAN_POINT('',(1.,-5.85,10.));
#5500 = LINE('',#5501,#5502);
#5501 = CARTESIAN_POINT('',(-1.125,-5.85,10.));
#5502 = VECTOR('',#5503,1.);
#5503 = DIRECTION('',(-1.,0.,0.));
#5504 = ORIENTED_EDGE('',*,*,#5505,.F.);
#5505 = EDGE_CURVE('',#5506,#5498,#5508,.T.);
#5506 = VERTEX_POINT('',#5507);
#5507 = CARTESIAN_POINT('',(1.,-6.05,9.8));
#5508 = CIRCLE('',#5509,0.2);
#5509 = AXIS2_PLACEMENT_3D('',#5510,#5511,#5512);
#5510 = CARTESIAN_POINT('',(1.,-5.85,9.8));
#5511 = DIRECTION('',(-1.,0.,0.));
#5512 = DIRECTION('',(0.,-0.707106781187,0.707106781187));
#5513 = ORIENTED_EDGE('',*,*,#5514,.T.);
#5514 = EDGE_CURVE('',#5506,#5489,#5515,.T.);
#5515 = LINE('',#5516,#5517);
#5516 = CARTESIAN_POINT('',(-1.125,-6.05,9.8));
#5517 = VECTOR('',#5518,1.);
#5518 = DIRECTION('',(1.,0.,0.));
#5519 = CYLINDRICAL_SURFACE('',#5520,0.2);
#5520 = AXIS2_PLACEMENT_3D('',#5521,#5522,#5523);
#5521 = CARTESIAN_POINT('',(-1.125,-5.85,9.8));
#5522 = DIRECTION('',(1.,0.,0.));
#5523 = DIRECTION('',(0.,-0.707106781187,0.707106781187));
#5524 = ADVANCED_FACE('',(#5525),#5536,.T.);
#5525 = FACE_BOUND('',#5526,.T.);
#5526 = EDGE_LOOP('',(#5527,#5528,#5535));
#5527 = ORIENTED_EDGE('',*,*,#5488,.F.);
#5528 = ORIENTED_EDGE('',*,*,#5529,.T.);
#5529 = EDGE_CURVE('',#5489,#5451,#5530,.T.);
#5530 = CIRCLE('',#5531,0.2);
#5531 = AXIS2_PLACEMENT_3D('',#5532,#5533,#5534);
#5532 = CARTESIAN_POINT('',(4.55,-5.85,9.8));
#5533 = DIRECTION('',(0.,0.,1.));
#5534 = DIRECTION('',(0.707106781187,-0.707106781187,0.));
#5535 = ORIENTED_EDGE('',*,*,#5448,.F.);
#5536 = SPHERICAL_SURFACE('',#5537,0.2);
#5537 = AXIS2_PLACEMENT_3D('',#5538,#5539,#5540);
#5538 = CARTESIAN_POINT('',(4.55,-5.85,9.8));
#5539 = DIRECTION('',(-0.408248290464,-0.816496580928,-0.408248290464));
#5540 = DIRECTION('',(0.57735026919,-0.57735026919,0.57735026919));
#5541 = ADVANCED_FACE('',(#5542),#5553,.T.);
#5542 = FACE_BOUND('',#5543,.T.);
#5543 = EDGE_LOOP('',(#5544,#5545,#5552));
#5544 = ORIENTED_EDGE('',*,*,#5467,.F.);
#5545 = ORIENTED_EDGE('',*,*,#5546,.T.);
#5546 = EDGE_CURVE('',#5460,#5345,#5547,.T.);
#5547 = CIRCLE('',#5548,0.2);
#5548 = AXIS2_PLACEMENT_3D('',#5549,#5550,#5551);
#5549 = CARTESIAN_POINT('',(4.55,2.15,9.8));
#5550 = DIRECTION('',(0.,0.,1.));
#5551 = DIRECTION('',(0.707106781187,0.707106781187,-0.));
#5552 = ORIENTED_EDGE('',*,*,#5342,.F.);
#5553 = SPHERICAL_SURFACE('',#5554,0.2);
#5554 = AXIS2_PLACEMENT_3D('',#5555,#5556,#5557);
#5555 = CARTESIAN_POINT('',(4.55,2.15,9.8));
#5556 = DIRECTION('',(0.408248290464,-0.816496580928,0.408248290464));
#5557 = DIRECTION('',(0.57735026919,0.57735026919,0.57735026919));
#5558 = ADVANCED_FACE('',(#5559),#5570,.T.);
#5559 = FACE_BOUND('',#5560,.T.);
#5560 = EDGE_LOOP('',(#5561,#5562,#5569));
#5561 = ORIENTED_EDGE('',*,*,#5418,.F.);
#5562 = ORIENTED_EDGE('',*,*,#5563,.T.);
#5563 = EDGE_CURVE('',#5419,#5279,#5564,.T.);
#5564 = CIRCLE('',#5565,0.2);
#5565 = AXIS2_PLACEMENT_3D('',#5566,#5567,#5568);
#5566 = CARTESIAN_POINT('',(2.05,4.65,9.8));
#5567 = DIRECTION('',(0.,0.,1.));
#5568 = DIRECTION('',(0.707106781187,0.707106781187,-0.));
#5569 = ORIENTED_EDGE('',*,*,#5276,.F.);
#5570 = SPHERICAL_SURFACE('',#5571,0.2);
#5571 = AXIS2_PLACEMENT_3D('',#5572,#5573,#5574);
#5572 = CARTESIAN_POINT('',(2.05,4.65,9.8));
#5573 = DIRECTION('',(0.408248290464,-0.816496580928,0.408248290464));
#5574 = DIRECTION('',(0.57735026919,0.57735026919,0.57735026919));
#5575 = ADVANCED_FACE('',(#5576),#5602,.T.);
#5576 = FACE_BOUND('',#5577,.T.);
#5577 = EDGE_LOOP('',(#5578,#5579,#5587,#5596));
#5578 = ORIENTED_EDGE('',*,*,#5326,.F.);
#5579 = ORIENTED_EDGE('',*,*,#5580,.T.);
#5580 = EDGE_CURVE('',#5141,#5581,#5583,.T.);
#5581 = VERTEX_POINT('',#5582);
#5582 = CARTESIAN_POINT('',(-2.25,-5.85,9.2));
#5583 = LINE('',#5584,#5585);
#5584 = CARTESIAN_POINT('',(-2.25,-5.85,7.5));
#5585 = VECTOR('',#5586,1.);
#5586 = DIRECTION('',(0.,0.,-1.));
#5587 = ORIENTED_EDGE('',*,*,#5588,.F.);
#5588 = EDGE_CURVE('',#5589,#5581,#5591,.T.);
#5589 = VERTEX_POINT('',#5590);
#5590 = CARTESIAN_POINT('',(-2.05,-6.05,9.2));
#5591 = CIRCLE('',#5592,0.2);
#5592 = AXIS2_PLACEMENT_3D('',#5593,#5594,#5595);
#5593 = CARTESIAN_POINT('',(-2.05,-5.85,9.2));
#5594 = DIRECTION('',(0.,0.,-1.));
#5595 = DIRECTION('',(-0.707106781187,-0.707106781187,-0.));
#5596 = ORIENTED_EDGE('',*,*,#5597,.T.);
#5597 = EDGE_CURVE('',#5589,#4971,#5598,.T.);
#5598 = LINE('',#5599,#5600);
#5599 = CARTESIAN_POINT('',(-2.05,-6.05,7.5));
#5600 = VECTOR('',#5601,1.);
#5601 = DIRECTION('',(0.,0.,1.));
#5602 = CYLINDRICAL_SURFACE('',#5603,0.2);
#5603 = AXIS2_PLACEMENT_3D('',#5604,#5605,#5606);
#5604 = CARTESIAN_POINT('',(-2.05,-5.85,7.5));
#5605 = DIRECTION('',(0.,0.,1.));
#5606 = DIRECTION('',(-0.707106781187,-0.707106781187,0.));
#5607 = ADVANCED_FACE('',(#5608),#5626,.T.);
#5608 = FACE_BOUND('',#5609,.T.);
#5609 = EDGE_LOOP('',(#5610,#5611,#5619,#5625));
#5610 = ORIENTED_EDGE('',*,*,#5156,.F.);
#5611 = ORIENTED_EDGE('',*,*,#5612,.F.);
#5612 = EDGE_CURVE('',#5613,#5108,#5615,.T.);
#5613 = VERTEX_POINT('',#5614);
#5614 = CARTESIAN_POINT('',(-2.25,-3.25,9.2));
#5615 = LINE('',#5616,#5617);
#5616 = CARTESIAN_POINT('',(-2.25,-3.25,7.5));
#5617 = VECTOR('',#5618,1.);
#5618 = DIRECTION('',(0.,0.,1.));
#5619 = ORIENTED_EDGE('',*,*,#5620,.T.);
#5620 = EDGE_CURVE('',#5613,#5581,#5621,.T.);
#5621 = LINE('',#5622,#5623);
#5622 = CARTESIAN_POINT('',(-2.25,-3.65,9.2));
#5623 = VECTOR('',#5624,1.);
#5624 = DIRECTION('',(-1.982541115402E-16,-1.,0.));
#5625 = ORIENTED_EDGE('',*,*,#5580,.F.);
#5626 = PLANE('',#5627);
#5627 = AXIS2_PLACEMENT_3D('',#5628,#5629,#5630);
#5628 = CARTESIAN_POINT('',(-2.25,-3.25,7.5));
#5629 = DIRECTION('',(-1.,1.982541115402E-16,0.));
#5630 = DIRECTION('',(-1.982541115402E-16,-1.,0.));
#5631 = ADVANCED_FACE('',(#5632),#5651,.F.);
#5632 = FACE_BOUND('',#5633,.F.);
#5633 = EDGE_LOOP('',(#5634,#5635,#5644,#5650));
#5634 = ORIENTED_EDGE('',*,*,#5612,.F.);
#5635 = ORIENTED_EDGE('',*,*,#5636,.F.);
#5636 = EDGE_CURVE('',#5637,#5613,#5639,.T.);
#5637 = VERTEX_POINT('',#5638);
#5638 = CARTESIAN_POINT('',(-3.45,-2.05,9.2));
#5639 = CIRCLE('',#5640,1.2);
#5640 = AXIS2_PLACEMENT_3D('',#5641,#5642,#5643);
#5641 = CARTESIAN_POINT('',(-3.45,-3.25,9.2));
#5642 = DIRECTION('',(0.,0.,-1.));
#5643 = DIRECTION('',(1.,0.,0.));
#5644 = ORIENTED_EDGE('',*,*,#5645,.T.);
#5645 = EDGE_CURVE('',#5637,#5022,#5646,.T.);
#5646 = LINE('',#5647,#5648);
#5647 = CARTESIAN_POINT('',(-3.45,-2.05,7.5));
#5648 = VECTOR('',#5649,1.);
#5649 = DIRECTION('',(0.,0.,1.));
#5650 = ORIENTED_EDGE('',*,*,#5107,.T.);
#5651 = CYLINDRICAL_SURFACE('',#5652,1.2);
#5652 = AXIS2_PLACEMENT_3D('',#5653,#5654,#5655);
#5653 = CARTESIAN_POINT('',(-3.45,-3.25,7.5));
#5654 = DIRECTION('',(0.,0.,1.));
#5655 = DIRECTION('',(1.,0.,-0.));
#5656 = ADVANCED_FACE('',(#5657),#5675,.T.);
#5657 = FACE_BOUND('',#5658,.T.);
#5658 = EDGE_LOOP('',(#5659,#5660,#5668,#5674));
#5659 = ORIENTED_EDGE('',*,*,#5021,.F.);
#5660 = ORIENTED_EDGE('',*,*,#5661,.F.);
#5661 = EDGE_CURVE('',#5662,#5013,#5664,.T.);
#5662 = VERTEX_POINT('',#5663);
#5663 = CARTESIAN_POINT('',(-4.55,-2.05,9.2));
#5664 = LINE('',#5665,#5666);
#5665 = CARTESIAN_POINT('',(-4.55,-2.05,7.5));
#5666 = VECTOR('',#5667,1.);
#5667 = DIRECTION('',(0.,0.,1.));
#5668 = ORIENTED_EDGE('',*,*,#5669,.T.);
#5669 = EDGE_CURVE('',#5662,#5637,#5670,.T.);
#5670 = LINE('',#5671,#5672);
#5671 = CARTESIAN_POINT('',(-4.125,-2.05,9.2));
#5672 = VECTOR('',#5673,1.);
#5673 = DIRECTION('',(1.,0.,0.));
#5674 = ORIENTED_EDGE('',*,*,#5645,.T.);
#5675 = PLANE('',#5676);
#5676 = AXIS2_PLACEMENT_3D('',#5677,#5678,#5679);
#5677 = CARTESIAN_POINT('',(-4.75,-2.05,7.5));
#5678 = DIRECTION('',(0.,-1.,0.));
#5679 = DIRECTION('',(1.,0.,0.));
#5680 = ADVANCED_FACE('',(#5681),#5700,.T.);
#5681 = FACE_BOUND('',#5682,.T.);
#5682 = EDGE_LOOP('',(#5683,#5684,#5692,#5699));
#5683 = ORIENTED_EDGE('',*,*,#5309,.F.);
#5684 = ORIENTED_EDGE('',*,*,#5685,.T.);
#5685 = EDGE_CURVE('',#5247,#5686,#5688,.T.);
#5686 = VERTEX_POINT('',#5687);
#5687 = CARTESIAN_POINT('',(-4.75,-1.85,9.2));
#5688 = LINE('',#5689,#5690);
#5689 = CARTESIAN_POINT('',(-4.75,-1.85,7.5));
#5690 = VECTOR('',#5691,1.);
#5691 = DIRECTION('',(0.,0.,-1.));
#5692 = ORIENTED_EDGE('',*,*,#5693,.F.);
#5693 = EDGE_CURVE('',#5662,#5686,#5694,.T.);
#5694 = CIRCLE('',#5695,0.2);
#5695 = AXIS2_PLACEMENT_3D('',#5696,#5697,#5698);
#5696 = CARTESIAN_POINT('',(-4.55,-1.85,9.2));
#5697 = DIRECTION('',(0.,0.,-1.));
#5698 = DIRECTION('',(-0.707106781187,-0.707106781187,-0.));
#5699 = ORIENTED_EDGE('',*,*,#5661,.T.);
#5700 = CYLINDRICAL_SURFACE('',#5701,0.2);
#5701 = AXIS2_PLACEMENT_3D('',#5702,#5703,#5704);
#5702 = CARTESIAN_POINT('',(-4.55,-1.85,7.5));
#5703 = DIRECTION('',(0.,0.,1.));
#5704 = DIRECTION('',(-0.707106781187,-0.707106781187,0.));
#5705 = ADVANCED_FACE('',(#5706),#5749,.T.);
#5706 = FACE_BOUND('',#5707,.T.);
#5707 = EDGE_LOOP('',(#5708,#5709,#5710,#5718,#5726,#5734,#5742,#5748));
#5708 = ORIENTED_EDGE('',*,*,#5262,.F.);
#5709 = ORIENTED_EDGE('',*,*,#5225,.F.);
#5710 = ORIENTED_EDGE('',*,*,#5711,.T.);
#5711 = EDGE_CURVE('',#5217,#5712,#5714,.T.);
#5712 = VERTEX_POINT('',#5713);
#5713 = CARTESIAN_POINT('',(-4.75,-5.15,7.5));
#5714 = LINE('',#5715,#5716);
#5715 = CARTESIAN_POINT('',(-4.75,4.85,7.5));
#5716 = VECTOR('',#5717,1.);
#5717 = DIRECTION('',(0.,-1.,0.));
#5718 = ORIENTED_EDGE('',*,*,#5719,.F.);
#5719 = EDGE_CURVE('',#5720,#5712,#5722,.T.);
#5720 = VERTEX_POINT('',#5721);
#5721 = CARTESIAN_POINT('',(-4.75,-5.15,8.3));
#5722 = LINE('',#5723,#5724);
#5723 = CARTESIAN_POINT('',(-4.75,-5.15,7.5));
#5724 = VECTOR('',#5725,1.);
#5725 = DIRECTION('',(0.,0.,-1.));
#5726 = ORIENTED_EDGE('',*,*,#5727,.T.);
#5727 = EDGE_CURVE('',#5720,#5728,#5730,.T.);
#5728 = VERTEX_POINT('',#5729);
#5729 = CARTESIAN_POINT('',(-4.75,-5.85,8.3));
#5730 = LINE('',#5731,#5732);
#5731 = CARTESIAN_POINT('',(-4.75,-0.425,8.3));
#5732 = VECTOR('',#5733,1.);
#5733 = DIRECTION('',(0.,-1.,0.));
#5734 = ORIENTED_EDGE('',*,*,#5735,.F.);
#5735 = EDGE_CURVE('',#5736,#5728,#5738,.T.);
#5736 = VERTEX_POINT('',#5737);
#5737 = CARTESIAN_POINT('',(-4.75,-5.85,9.2));
#5738 = LINE('',#5739,#5740);
#5739 = CARTESIAN_POINT('',(-4.75,-5.85,7.5));
#5740 = VECTOR('',#5741,1.);
#5741 = DIRECTION('',(0.,0.,-1.));
#5742 = ORIENTED_EDGE('',*,*,#5743,.F.);
#5743 = EDGE_CURVE('',#5686,#5736,#5744,.T.);
#5744 = LINE('',#5745,#5746);
#5745 = CARTESIAN_POINT('',(-4.75,4.85,9.2));
#5746 = VECTOR('',#5747,1.);
#5747 = DIRECTION('',(0.,-1.,0.));
#5748 = ORIENTED_EDGE('',*,*,#5685,.F.);
#5749 = PLANE('',#5750);
#5750 = AXIS2_PLACEMENT_3D('',#5751,#5752,#5753);
#5751 = CARTESIAN_POINT('',(-4.75,4.85,7.5));
#5752 = DIRECTION('',(-1.,0.,0.));
#5753 = DIRECTION('',(0.,-1.,0.));
#5754 = ADVANCED_FACE('',(#5755,#5808,#5819),#5830,.F.);
#5755 = FACE_BOUND('',#5756,.T.);
#5756 = EDGE_LOOP('',(#5757,#5758,#5766,#5775,#5783,#5792,#5800,#5807));
#5757 = ORIENTED_EDGE('',*,*,#5214,.F.);
#5758 = ORIENTED_EDGE('',*,*,#5759,.F.);
#5759 = EDGE_CURVE('',#5760,#5215,#5762,.T.);
#5760 = VERTEX_POINT('',#5761);
#5761 = CARTESIAN_POINT('',(3.95,4.85,7.5));
#5762 = LINE('',#5763,#5764);
#5763 = CARTESIAN_POINT('',(4.75,4.85,7.5));
#5764 = VECTOR('',#5765,1.);
#5765 = DIRECTION('',(-1.,0.,0.));
#5766 = ORIENTED_EDGE('',*,*,#5767,.F.);
#5767 = EDGE_CURVE('',#5768,#5760,#5770,.T.);
#5768 = VERTEX_POINT('',#5769);
#5769 = CARTESIAN_POINT('',(4.75,4.05,7.5));
#5770 = CIRCLE('',#5771,0.8);
#5771 = AXIS2_PLACEMENT_3D('',#5772,#5773,#5774);
#5772 = CARTESIAN_POINT('',(3.95,4.05,7.5));
#5773 = DIRECTION('',(0.,0.,1.));
#5774 = DIRECTION('',(0.707106781187,0.707106781187,-0.));
#5775 = ORIENTED_EDGE('',*,*,#5776,.F.);
#5776 = EDGE_CURVE('',#5777,#5768,#5779,.T.);
#5777 = VERTEX_POINT('',#5778);
#5778 = CARTESIAN_POINT('',(4.75,-5.15,7.5));
#5779 = LINE('',#5780,#5781);
#5780 = CARTESIAN_POINT('',(4.75,-6.5,7.5));
#5781 = VECTOR('',#5782,1.);
#5782 = DIRECTION('',(0.,1.,0.));
#5783 = ORIENTED_EDGE('',*,*,#5784,.F.);
#5784 = EDGE_CURVE('',#5785,#5777,#5787,.T.);
#5785 = VERTEX_POINT('',#5786);
#5786 = CARTESIAN_POINT('',(4.55,-5.35,7.5));
#5787 = CIRCLE('',#5788,0.2);
#5788 = AXIS2_PLACEMENT_3D('',#5789,#5790,#5791);
#5789 = CARTESIAN_POINT('',(4.55,-5.15,7.5));
#5790 = DIRECTION('',(0.,0.,1.));
#5791 = DIRECTION('',(0.707106781187,-0.707106781187,0.));
#5792 = ORIENTED_EDGE('',*,*,#5793,.T.);
#5793 = EDGE_CURVE('',#5785,#5794,#5796,.T.);
#5794 = VERTEX_POINT('',#5795);
#5795 = CARTESIAN_POINT('',(-4.55,-5.35,7.5));
#5796 = LINE('',#5797,#5798);
#5797 = CARTESIAN_POINT('',(2.375,-5.35,7.5));
#5798 = VECTOR('',#5799,1.);
#5799 = DIRECTION('',(-1.,0.,0.));
#5800 = ORIENTED_EDGE('',*,*,#5801,.F.);
#5801 = EDGE_CURVE('',#5712,#5794,#5802,.T.);
#5802 = CIRCLE('',#5803,0.2);
#5803 = AXIS2_PLACEMENT_3D('',#5804,#5805,#5806);
#5804 = CARTESIAN_POINT('',(-4.55,-5.15,7.5));
#5805 = DIRECTION('',(0.,0.,1.));
#5806 = DIRECTION('',(-0.707106781187,-0.707106781187,0.));
#5807 = ORIENTED_EDGE('',*,*,#5711,.F.);
#5808 = FACE_BOUND('',#5809,.T.);
#5809 = EDGE_LOOP('',(#5810));
#5810 = ORIENTED_EDGE('',*,*,#5811,.F.);
#5811 = EDGE_CURVE('',#5812,#5812,#5814,.T.);
#5812 = VERTEX_POINT('',#5813);
#5813 = CARTESIAN_POINT('',(-3.25,-3.65,7.5));
#5814 = CIRCLE('',#5815,0.6);
#5815 = AXIS2_PLACEMENT_3D('',#5816,#5817,#5818);
#5816 = CARTESIAN_POINT('',(-3.85,-3.65,7.5));
#5817 = DIRECTION('',(0.,0.,-1.));
#5818 = DIRECTION('',(-1.,0.,0.));
#5819 = FACE_BOUND('',#5820,.T.);
#5820 = EDGE_LOOP('',(#5821));
#5821 = ORIENTED_EDGE('',*,*,#5822,.F.);
#5822 = EDGE_CURVE('',#5823,#5823,#5825,.T.);
#5823 = VERTEX_POINT('',#5824);
#5824 = CARTESIAN_POINT('',(4.45,3.65,7.5));
#5825 = CIRCLE('',#5826,0.6);
#5826 = AXIS2_PLACEMENT_3D('',#5827,#5828,#5829);
#5827 = CARTESIAN_POINT('',(3.85,3.65,7.5));
#5828 = DIRECTION('',(0.,0.,-1.));
#5829 = DIRECTION('',(-1.,0.,0.));
#5830 = PLANE('',#5831);
#5831 = AXIS2_PLACEMENT_3D('',#5832,#5833,#5834);
#5832 = CARTESIAN_POINT('',(5.551115123126E-16,-0.6,7.5));
#5833 = DIRECTION('',(0.,0.,1.));
#5834 = DIRECTION('',(-1.,0.,0.));
#5835 = ADVANCED_FACE('',(#5836),#5863,.T.);
#5836 = FACE_BOUND('',#5837,.T.);
#5837 = EDGE_LOOP('',(#5838,#5839,#5840,#5848,#5856,#5862));
#5838 = ORIENTED_EDGE('',*,*,#5232,.F.);
#5839 = ORIENTED_EDGE('',*,*,#5287,.F.);
#5840 = ORIENTED_EDGE('',*,*,#5841,.F.);
#5841 = EDGE_CURVE('',#5842,#5279,#5844,.T.);
#5842 = VERTEX_POINT('',#5843);
#5843 = CARTESIAN_POINT('',(2.05,4.85,9.2));
#5844 = LINE('',#5845,#5846);
#5845 = CARTESIAN_POINT('',(2.05,4.85,7.5));
#5846 = VECTOR('',#5847,1.);
#5847 = DIRECTION('',(0.,0.,1.));
#5848 = ORIENTED_EDGE('',*,*,#5849,.F.);
#5849 = EDGE_CURVE('',#5850,#5842,#5852,.T.);
#5850 = VERTEX_POINT('',#5851);
#5851 = CARTESIAN_POINT('',(3.95,4.85,9.2));
#5852 = LINE('',#5853,#5854);
#5853 = CARTESIAN_POINT('',(4.75,4.85,9.2));
#5854 = VECTOR('',#5855,1.);
#5855 = DIRECTION('',(-1.,0.,0.));
#5856 = ORIENTED_EDGE('',*,*,#5857,.F.);
#5857 = EDGE_CURVE('',#5760,#5850,#5858,.T.);
#5858 = LINE('',#5859,#5860);
#5859 = CARTESIAN_POINT('',(3.95,4.85,7.5));
#5860 = VECTOR('',#5861,1.);
#5861 = DIRECTION('',(0.,0.,1.));
#5862 = ORIENTED_EDGE('',*,*,#5759,.T.);
#5863 = PLANE('',#5864);
#5864 = AXIS2_PLACEMENT_3D('',#5865,#5866,#5867);
#5865 = CARTESIAN_POINT('',(2.25,4.85,7.5));
#5866 = DIRECTION('',(0.,1.,0.));
#5867 = DIRECTION('',(-1.,0.,0.));
#5868 = ADVANCED_FACE('',(#5869),#5888,.T.);
#5869 = FACE_BOUND('',#5870,.T.);
#5870 = EDGE_LOOP('',(#5871,#5872,#5880,#5887));
#5871 = ORIENTED_EDGE('',*,*,#5563,.F.);
#5872 = ORIENTED_EDGE('',*,*,#5873,.T.);
#5873 = EDGE_CURVE('',#5419,#5874,#5876,.T.);
#5874 = VERTEX_POINT('',#5875);
#5875 = CARTESIAN_POINT('',(2.25,4.65,9.2));
#5876 = LINE('',#5877,#5878);
#5877 = CARTESIAN_POINT('',(2.25,4.65,7.5));
#5878 = VECTOR('',#5879,1.);
#5879 = DIRECTION('',(0.,0.,-1.));
#5880 = ORIENTED_EDGE('',*,*,#5881,.F.);
#5881 = EDGE_CURVE('',#5842,#5874,#5882,.T.);
#5882 = CIRCLE('',#5883,0.2);
#5883 = AXIS2_PLACEMENT_3D('',#5884,#5885,#5886);
#5884 = CARTESIAN_POINT('',(2.05,4.65,9.2));
#5885 = DIRECTION('',(0.,0.,-1.));
#5886 = DIRECTION('',(0.707106781187,0.707106781187,0.));
#5887 = ORIENTED_EDGE('',*,*,#5841,.T.);
#5888 = CYLINDRICAL_SURFACE('',#5889,0.2);
#5889 = AXIS2_PLACEMENT_3D('',#5890,#5891,#5892);
#5890 = CARTESIAN_POINT('',(2.05,4.65,7.5));
#5891 = DIRECTION('',(0.,0.,1.));
#5892 = DIRECTION('',(0.707106781187,0.707106781187,-0.));
#5893 = ADVANCED_FACE('',(#5894),#5912,.T.);
#5894 = FACE_BOUND('',#5895,.T.);
#5895 = EDGE_LOOP('',(#5896,#5897,#5905,#5911));
#5896 = ORIENTED_EDGE('',*,*,#5434,.F.);
#5897 = ORIENTED_EDGE('',*,*,#5898,.F.);
#5898 = EDGE_CURVE('',#5899,#5385,#5901,.T.);
#5899 = VERTEX_POINT('',#5900);
#5900 = CARTESIAN_POINT('',(2.25,3.55,9.2));
#5901 = LINE('',#5902,#5903);
#5902 = CARTESIAN_POINT('',(2.25,3.55,7.5));
#5903 = VECTOR('',#5904,1.);
#5904 = DIRECTION('',(0.,0.,1.));
#5905 = ORIENTED_EDGE('',*,*,#5906,.T.);
#5906 = EDGE_CURVE('',#5899,#5874,#5907,.T.);
#5907 = LINE('',#5908,#5909);
#5908 = CARTESIAN_POINT('',(2.25,3.575,9.2));
#5909 = VECTOR('',#5910,1.);
#5910 = DIRECTION('',(6.405132834376E-16,1.,0.));
#5911 = ORIENTED_EDGE('',*,*,#5873,.F.);
#5912 = PLANE('',#5913);
#5913 = AXIS2_PLACEMENT_3D('',#5914,#5915,#5916);
#5914 = CARTESIAN_POINT('',(2.25,3.55,7.5));
#5915 = DIRECTION('',(1.,-6.405132834376E-16,0.));
#5916 = DIRECTION('',(6.405132834376E-16,1.,0.));
#5917 = ADVANCED_FACE('',(#5918),#5937,.F.);
#5918 = FACE_BOUND('',#5919,.F.);
#5919 = EDGE_LOOP('',(#5920,#5921,#5930,#5936));
#5920 = ORIENTED_EDGE('',*,*,#5898,.F.);
#5921 = ORIENTED_EDGE('',*,*,#5922,.F.);
#5922 = EDGE_CURVE('',#5923,#5899,#5925,.T.);
#5923 = VERTEX_POINT('',#5924);
#5924 = CARTESIAN_POINT('',(3.45,2.35,9.2));
#5925 = CIRCLE('',#5926,1.2);
#5926 = AXIS2_PLACEMENT_3D('',#5927,#5928,#5929);
#5927 = CARTESIAN_POINT('',(3.45,3.55,9.2));
#5928 = DIRECTION('',(0.,0.,-1.));
#5929 = DIRECTION('',(-1.,4.625929269271E-16,0.));
#5930 = ORIENTED_EDGE('',*,*,#5931,.T.);
#5931 = EDGE_CURVE('',#5923,#5354,#5932,.T.);
#5932 = LINE('',#5933,#5934);
#5933 = CARTESIAN_POINT('',(3.45,2.35,7.5));
#5934 = VECTOR('',#5935,1.);
#5935 = DIRECTION('',(0.,0.,1.));
#5936 = ORIENTED_EDGE('',*,*,#5403,.T.);
#5937 = CYLINDRICAL_SURFACE('',#5938,1.2);
#5938 = AXIS2_PLACEMENT_3D('',#5939,#5940,#5941);
#5939 = CARTESIAN_POINT('',(3.45,3.55,7.5));
#5940 = DIRECTION('',(0.,0.,1.));
#5941 = DIRECTION('',(-1.,4.625929269271E-16,0.));
#5942 = ADVANCED_FACE('',(#5943),#5961,.T.);
#5943 = FACE_BOUND('',#5944,.T.);
#5944 = EDGE_LOOP('',(#5945,#5946,#5954,#5960));
#5945 = ORIENTED_EDGE('',*,*,#5353,.F.);
#5946 = ORIENTED_EDGE('',*,*,#5947,.F.);
#5947 = EDGE_CURVE('',#5948,#5345,#5950,.T.);
#5948 = VERTEX_POINT('',#5949);
#5949 = CARTESIAN_POINT('',(4.55,2.35,9.2));
#5950 = LINE('',#5951,#5952);
#5951 = CARTESIAN_POINT('',(4.55,2.35,7.5));
#5952 = VECTOR('',#5953,1.);
#5953 = DIRECTION('',(0.,0.,1.));
#5954 = ORIENTED_EDGE('',*,*,#5955,.T.);
#5955 = EDGE_CURVE('',#5948,#5923,#5956,.T.);
#5956 = LINE('',#5957,#5958);
#5957 = CARTESIAN_POINT('',(4.125,2.35,9.2));
#5958 = VECTOR('',#5959,1.);
#5959 = DIRECTION('',(-1.,2.135044278125E-16,0.));
#5960 = ORIENTED_EDGE('',*,*,#5931,.T.);
#5961 = PLANE('',#5962);
#5962 = AXIS2_PLACEMENT_3D('',#5963,#5964,#5965);
#5963 = CARTESIAN_POINT('',(4.75,2.35,7.5));
#5964 = DIRECTION('',(2.135044278125E-16,1.,0.));
#5965 = DIRECTION('',(-1.,2.135044278125E-16,0.));
#5966 = ADVANCED_FACE('',(#5967),#5986,.T.);
#5967 = FACE_BOUND('',#5968,.T.);
#5968 = EDGE_LOOP('',(#5969,#5970,#5978,#5985));
#5969 = ORIENTED_EDGE('',*,*,#5546,.F.);
#5970 = ORIENTED_EDGE('',*,*,#5971,.T.);
#5971 = EDGE_CURVE('',#5460,#5972,#5974,.T.);
#5972 = VERTEX_POINT('',#5973);
#5973 = CARTESIAN_POINT('',(4.75,2.15,9.2));
#5974 = LINE('',#5975,#5976);
#5975 = CARTESIAN_POINT('',(4.75,2.15,7.5));
#5976 = VECTOR('',#5977,1.);
#5977 = DIRECTION('',(0.,0.,-1.));
#5978 = ORIENTED_EDGE('',*,*,#5979,.F.);
#5979 = EDGE_CURVE('',#5948,#5972,#5980,.T.);
#5980 = CIRCLE('',#5981,0.2);
#5981 = AXIS2_PLACEMENT_3D('',#5982,#5983,#5984);
#5982 = CARTESIAN_POINT('',(4.55,2.15,9.2));
#5983 = DIRECTION('',(0.,0.,-1.));
#5984 = DIRECTION('',(0.707106781187,0.707106781187,0.));
#5985 = ORIENTED_EDGE('',*,*,#5947,.T.);
#5986 = CYLINDRICAL_SURFACE('',#5987,0.2);
#5987 = AXIS2_PLACEMENT_3D('',#5988,#5989,#5990);
#5988 = CARTESIAN_POINT('',(4.55,2.15,7.5));
#5989 = DIRECTION('',(0.,0.,1.));
#5990 = DIRECTION('',(0.707106781187,0.707106781187,-0.));
#5991 = ADVANCED_FACE('',(#5992),#6033,.T.);
#5992 = FACE_BOUND('',#5993,.T.);
#5993 = EDGE_LOOP('',(#5994,#5995,#6003,#6011,#6017,#6018,#6026,#6032));
#5994 = ORIENTED_EDGE('',*,*,#5459,.F.);
#5995 = ORIENTED_EDGE('',*,*,#5996,.F.);
#5996 = EDGE_CURVE('',#5997,#5451,#5999,.T.);
#5997 = VERTEX_POINT('',#5998);
#5998 = CARTESIAN_POINT('',(4.75,-5.85,8.3));
#5999 = LINE('',#6000,#6001);
#6000 = CARTESIAN_POINT('',(4.75,-5.85,7.5));
#6001 = VECTOR('',#6002,1.);
#6002 = DIRECTION('',(0.,0.,1.));
#6003 = ORIENTED_EDGE('',*,*,#6004,.T.);
#6004 = EDGE_CURVE('',#5997,#6005,#6007,.T.);
#6005 = VERTEX_POINT('',#6006);
#6006 = CARTESIAN_POINT('',(4.75,-5.15,8.3));
#6007 = LINE('',#6008,#6009);
#6008 = CARTESIAN_POINT('',(4.75,-5.875,8.3));
#6009 = VECTOR('',#6010,1.);
#6010 = DIRECTION('',(0.,1.,0.));
#6011 = ORIENTED_EDGE('',*,*,#6012,.F.);
#6012 = EDGE_CURVE('',#5777,#6005,#6013,.T.);
#6013 = LINE('',#6014,#6015);
#6014 = CARTESIAN_POINT('',(4.75,-5.15,7.5));
#6015 = VECTOR('',#6016,1.);
#6016 = DIRECTION('',(0.,0.,1.));
#6017 = ORIENTED_EDGE('',*,*,#5776,.T.);
#6018 = ORIENTED_EDGE('',*,*,#6019,.F.);
#6019 = EDGE_CURVE('',#6020,#5768,#6022,.T.);
#6020 = VERTEX_POINT('',#6021);
#6021 = CARTESIAN_POINT('',(4.75,4.05,9.2));
#6022 = LINE('',#6023,#6024);
#6023 = CARTESIAN_POINT('',(4.75,4.05,7.5));
#6024 = VECTOR('',#6025,1.);
#6025 = DIRECTION('',(0.,0.,-1.));
#6026 = ORIENTED_EDGE('',*,*,#6027,.F.);
#6027 = EDGE_CURVE('',#5972,#6020,#6028,.T.);
#6028 = LINE('',#6029,#6030);
#6029 = CARTESIAN_POINT('',(4.75,-6.5,9.2));
#6030 = VECTOR('',#6031,1.);
#6031 = DIRECTION('',(0.,1.,0.));
#6032 = ORIENTED_EDGE('',*,*,#5971,.F.);
#6033 = PLANE('',#6034);
#6034 = AXIS2_PLACEMENT_3D('',#6035,#6036,#6037);
#6035 = CARTESIAN_POINT('',(4.75,-6.05,7.5));
#6036 = DIRECTION('',(1.,0.,0.));
#6037 = DIRECTION('',(-0.,1.,0.));
#6038 = ADVANCED_FACE('',(#6039),#6058,.T.);
#6039 = FACE_BOUND('',#6040,.T.);
#6040 = EDGE_LOOP('',(#6041,#6042,#6050,#6057));
#6041 = ORIENTED_EDGE('',*,*,#5529,.F.);
#6042 = ORIENTED_EDGE('',*,*,#6043,.T.);
#6043 = EDGE_CURVE('',#5489,#6044,#6046,.T.);
#6044 = VERTEX_POINT('',#6045);
#6045 = CARTESIAN_POINT('',(4.55,-6.05,8.3));
#6046 = LINE('',#6047,#6048);
#6047 = CARTESIAN_POINT('',(4.55,-6.05,7.5));
#6048 = VECTOR('',#6049,1.);
#6049 = DIRECTION('',(0.,0.,-1.));
#6050 = ORIENTED_EDGE('',*,*,#6051,.T.);
#6051 = EDGE_CURVE('',#6044,#5997,#6052,.T.);
#6052 = CIRCLE('',#6053,0.2);
#6053 = AXIS2_PLACEMENT_3D('',#6054,#6055,#6056);
#6054 = CARTESIAN_POINT('',(4.55,-5.85,8.3));
#6055 = DIRECTION('',(0.,0.,1.));
#6056 = DIRECTION('',(0.707106781187,-0.707106781187,0.));
#6057 = ORIENTED_EDGE('',*,*,#5996,.T.);
#6058 = CYLINDRICAL_SURFACE('',#6059,0.2);
#6059 = AXIS2_PLACEMENT_3D('',#6060,#6061,#6062);
#6060 = CARTESIAN_POINT('',(4.55,-5.85,7.5));
#6061 = DIRECTION('',(0.,0.,1.));
#6062 = DIRECTION('',(0.707106781187,-0.707106781187,0.));
#6063 = ADVANCED_FACE('',(#6064),#6076,.T.);
#6064 = FACE_BOUND('',#6065,.T.);
#6065 = EDGE_LOOP('',(#6066,#6073,#6074,#6075));
#6066 = ORIENTED_EDGE('',*,*,#6067,.T.);
#6067 = EDGE_CURVE('',#5850,#6020,#6068,.T.);
#6068 = CIRCLE('',#6069,0.8);
#6069 = AXIS2_PLACEMENT_3D('',#6070,#6071,#6072);
#6070 = CARTESIAN_POINT('',(3.95,4.05,9.2));
#6071 = DIRECTION('',(0.,0.,-1.));
#6072 = DIRECTION('',(0.707106781187,0.707106781187,0.));
#6073 = ORIENTED_EDGE('',*,*,#6019,.T.);
#6074 = ORIENTED_EDGE('',*,*,#5767,.T.);
#6075 = ORIENTED_EDGE('',*,*,#5857,.T.);
#6076 = CYLINDRICAL_SURFACE('',#6077,0.8);
#6077 = AXIS2_PLACEMENT_3D('',#6078,#6079,#6080);
#6078 = CARTESIAN_POINT('',(3.95,4.05,7.5));
#6079 = DIRECTION('',(0.,0.,1.));
#6080 = DIRECTION('',(0.707106781187,0.707106781187,-0.));
#6081 = ADVANCED_FACE('',(#6082,#6092),#6103,.T.);
#6082 = FACE_BOUND('',#6083,.T.);
#6083 = EDGE_LOOP('',(#6084,#6085,#6086,#6087,#6088,#6089,#6090,#6091));
#6084 = ORIENTED_EDGE('',*,*,#6067,.F.);
#6085 = ORIENTED_EDGE('',*,*,#5849,.T.);
#6086 = ORIENTED_EDGE('',*,*,#5881,.T.);
#6087 = ORIENTED_EDGE('',*,*,#5906,.F.);
#6088 = ORIENTED_EDGE('',*,*,#5922,.F.);
#6089 = ORIENTED_EDGE('',*,*,#5955,.F.);
#6090 = ORIENTED_EDGE('',*,*,#5979,.T.);
#6091 = ORIENTED_EDGE('',*,*,#6027,.T.);
#6092 = FACE_BOUND('',#6093,.T.);
#6093 = EDGE_LOOP('',(#6094));
#6094 = ORIENTED_EDGE('',*,*,#6095,.T.);
#6095 = EDGE_CURVE('',#6096,#6096,#6098,.T.);
#6096 = VERTEX_POINT('',#6097);
#6097 = CARTESIAN_POINT('',(4.45,3.65,9.2));
#6098 = CIRCLE('',#6099,0.6);
#6099 = AXIS2_PLACEMENT_3D('',#6100,#6101,#6102);
#6100 = CARTESIAN_POINT('',(3.85,3.65,9.2));
#6101 = DIRECTION('',(0.,0.,-1.));
#6102 = DIRECTION('',(-1.,0.,0.));
#6103 = PLANE('',#6104);
#6104 = AXIS2_PLACEMENT_3D('',#6105,#6106,#6107);
#6105 = CARTESIAN_POINT('',(3.5,3.6,9.2));
#6106 = DIRECTION('',(0.,0.,1.));
#6107 = DIRECTION('',(-1.,0.,0.));
#6108 = ADVANCED_FACE('',(#6109),#6145,.T.);
#6109 = FACE_BOUND('',#6110,.T.);
#6110 = EDGE_LOOP('',(#6111,#6122,#6130,#6139));
#6111 = ORIENTED_EDGE('',*,*,#6112,.T.);
#6112 = EDGE_CURVE('',#6113,#6115,#6117,.T.);
#6113 = VERTEX_POINT('',#6114);
#6114 = CARTESIAN_POINT('',(-1.,-6.4,9.3));
#6115 = VERTEX_POINT('',#6116);
#6116 = CARTESIAN_POINT('',(-1.,-6.3,9.2));
#6117 = CIRCLE('',#6118,0.1);
#6118 = AXIS2_PLACEMENT_3D('',#6119,#6120,#6121);
#6119 = CARTESIAN_POINT('',(-1.,-6.3,9.3));
#6120 = DIRECTION('',(1.,0.,0.));
#6121 = DIRECTION('',(0.,-0.707106781187,-0.707106781187));
#6122 = ORIENTED_EDGE('',*,*,#6123,.T.);
#6123 = EDGE_CURVE('',#6115,#6124,#6126,.T.);
#6124 = VERTEX_POINT('',#6125);
#6125 = CARTESIAN_POINT('',(1.,-6.3,9.2));
#6126 = LINE('',#6127,#6128);
#6127 = CARTESIAN_POINT('',(-0.5,-6.3,9.2));
#6128 = VECTOR('',#6129,1.);
#6129 = DIRECTION('',(1.,0.,0.));
#6130 = ORIENTED_EDGE('',*,*,#6131,.T.);
#6131 = EDGE_CURVE('',#6124,#6132,#6134,.T.);
#6132 = VERTEX_POINT('',#6133);
#6133 = CARTESIAN_POINT('',(1.,-6.4,9.3));
#6134 = CIRCLE('',#6135,0.1);
#6135 = AXIS2_PLACEMENT_3D('',#6136,#6137,#6138);
#6136 = CARTESIAN_POINT('',(1.,-6.3,9.3));
#6137 = DIRECTION('',(-1.,0.,0.));
#6138 = DIRECTION('',(-0.,-0.707106781187,-0.707106781187));
#6139 = ORIENTED_EDGE('',*,*,#6140,.T.);
#6140 = EDGE_CURVE('',#6132,#6113,#6141,.T.);
#6141 = LINE('',#6142,#6143);
#6142 = CARTESIAN_POINT('',(-0.5,-6.4,9.3));
#6143 = VECTOR('',#6144,1.);
#6144 = DIRECTION('',(-1.,0.,0.));
#6145 = CYLINDRICAL_SURFACE('',#6146,0.1);
#6146 = AXIS2_PLACEMENT_3D('',#6147,#6148,#6149);
#6147 = CARTESIAN_POINT('',(-0.5,-6.3,9.3));
#6148 = DIRECTION('',(-1.,0.,0.));
#6149 = DIRECTION('',(-0.,-0.707106781187,-0.707106781187));
#6150 = ADVANCED_FACE('',(#6151),#6176,.T.);
#6151 = FACE_BOUND('',#6152,.T.);
#6152 = EDGE_LOOP('',(#6153,#6154,#6162,#6170));
#6153 = ORIENTED_EDGE('',*,*,#6140,.F.);
#6154 = ORIENTED_EDGE('',*,*,#6155,.T.);
#6155 = EDGE_CURVE('',#6132,#6156,#6158,.T.);
#6156 = VERTEX_POINT('',#6157);
#6157 = CARTESIAN_POINT('',(1.,-6.4,10.7));
#6158 = LINE('',#6159,#6160);
#6159 = CARTESIAN_POINT('',(1.,-6.4,10.));
#6160 = VECTOR('',#6161,1.);
#6161 = DIRECTION('',(0.,0.,1.));
#6162 = ORIENTED_EDGE('',*,*,#6163,.F.);
#6163 = EDGE_CURVE('',#6164,#6156,#6166,.T.);
#6164 = VERTEX_POINT('',#6165);
#6165 = CARTESIAN_POINT('',(-1.,-6.4,10.7));
#6166 = LINE('',#6167,#6168);
#6167 = CARTESIAN_POINT('',(-0.5,-6.4,10.7));
#6168 = VECTOR('',#6169,1.);
#6169 = DIRECTION('',(1.,0.,0.));
#6170 = ORIENTED_EDGE('',*,*,#6171,.F.);
#6171 = EDGE_CURVE('',#6113,#6164,#6172,.T.);
#6172 = LINE('',#6173,#6174);
#6173 = CARTESIAN_POINT('',(-1.,-6.4,10.));
#6174 = VECTOR('',#6175,1.);
#6175 = DIRECTION('',(0.,0.,1.));
#6176 = PLANE('',#6177);
#6177 = AXIS2_PLACEMENT_3D('',#6178,#6179,#6180);
#6178 = CARTESIAN_POINT('',(-1.,-6.4,10.));
#6179 = DIRECTION('',(0.,-1.,0.));
#6180 = DIRECTION('',(1.,0.,0.));
#6181 = ADVANCED_FACE('',(#6182),#6223,.T.);
#6182 = FACE_BOUND('',#6183,.T.);
#6183 = EDGE_LOOP('',(#6184,#6185,#6193,#6199,#6200,#6208,#6216,#6222));
#6184 = ORIENTED_EDGE('',*,*,#6131,.F.);
#6185 = ORIENTED_EDGE('',*,*,#6186,.F.);
#6186 = EDGE_CURVE('',#6187,#6124,#6189,.T.);
#6187 = VERTEX_POINT('',#6188);
#6188 = CARTESIAN_POINT('',(1.,-6.05,9.2));
#6189 = LINE('',#6190,#6191);
#6190 = CARTESIAN_POINT('',(1.,-5.8,9.2));
#6191 = VECTOR('',#6192,1.);
#6192 = DIRECTION('',(0.,-1.,0.));
#6193 = ORIENTED_EDGE('',*,*,#6194,.F.);
#6194 = EDGE_CURVE('',#5506,#6187,#6195,.T.);
#6195 = LINE('',#6196,#6197);
#6196 = CARTESIAN_POINT('',(1.,-6.05,8.75));
#6197 = VECTOR('',#6198,1.);
#6198 = DIRECTION('',(0.,0.,-1.));
#6199 = ORIENTED_EDGE('',*,*,#5505,.T.);
#6200 = ORIENTED_EDGE('',*,*,#6201,.F.);
#6201 = EDGE_CURVE('',#6202,#5498,#6204,.T.);
#6202 = VERTEX_POINT('',#6203);
#6203 = CARTESIAN_POINT('',(1.,-5.6,10.));
#6204 = LINE('',#6205,#6206);
#6205 = CARTESIAN_POINT('',(1.,-3.5,10.));
#6206 = VECTOR('',#6207,1.);
#6207 = DIRECTION('',(0.,-1.,0.));
#6208 = ORIENTED_EDGE('',*,*,#6209,.T.);
#6209 = EDGE_CURVE('',#6202,#6210,#6212,.T.);
#6210 = VERTEX_POINT('',#6211);
#6211 = CARTESIAN_POINT('',(1.,-5.6,10.7));
#6212 = LINE('',#6213,#6214);
#6213 = CARTESIAN_POINT('',(1.,-5.6,10.));
#6214 = VECTOR('',#6215,1.);
#6215 = DIRECTION('',(0.,0.,1.));
#6216 = ORIENTED_EDGE('',*,*,#6217,.F.);
#6217 = EDGE_CURVE('',#6156,#6210,#6218,.T.);
#6218 = LINE('',#6219,#6220);
#6219 = CARTESIAN_POINT('',(1.,-6.2,10.7));
#6220 = VECTOR('',#6221,1.);
#6221 = DIRECTION('',(0.,1.,0.));
#6222 = ORIENTED_EDGE('',*,*,#6155,.F.);
#6223 = PLANE('',#6224);
#6224 = AXIS2_PLACEMENT_3D('',#6225,#6226,#6227);
#6225 = CARTESIAN_POINT('',(1.,-6.4,10.));
#6226 = DIRECTION('',(1.,0.,0.));
#6227 = DIRECTION('',(-0.,1.,0.));
#6228 = ADVANCED_FACE('',(#6229),#6256,.T.);
#6229 = FACE_BOUND('',#6230,.T.);
#6230 = EDGE_LOOP('',(#6231,#6241,#6248,#6249));
#6231 = ORIENTED_EDGE('',*,*,#6232,.T.);
#6232 = EDGE_CURVE('',#6233,#6235,#6237,.T.);
#6233 = VERTEX_POINT('',#6234);
#6234 = CARTESIAN_POINT('',(0.9,-5.7,10.8));
#6235 = VERTEX_POINT('',#6236);
#6236 = CARTESIAN_POINT('',(0.9,-6.3,10.8));
#6237 = LINE('',#6238,#6239);
#6238 = CARTESIAN_POINT('',(0.9,-6.2,10.8));
#6239 = VECTOR('',#6240,1.);
#6240 = DIRECTION('',(0.,-1.,0.));
#6241 = ORIENTED_EDGE('',*,*,#6242,.T.);
#6242 = EDGE_CURVE('',#6235,#6156,#6243,.T.);
#6243 = ELLIPSE('',#6244,0.141421356237,0.1);
#6244 = AXIS2_PLACEMENT_3D('',#6245,#6246,#6247);
#6245 = CARTESIAN_POINT('',(0.9,-6.3,10.7));
#6246 = DIRECTION('',(0.707106781187,0.707106781187,0.));
#6247 = DIRECTION('',(0.707106781187,-0.707106781187,0.));
#6248 = ORIENTED_EDGE('',*,*,#6217,.T.);
#6249 = ORIENTED_EDGE('',*,*,#6250,.F.);
#6250 = EDGE_CURVE('',#6233,#6210,#6251,.T.);
#6251 = ELLIPSE('',#6252,0.141421356237,0.1);
#6252 = AXIS2_PLACEMENT_3D('',#6253,#6254,#6255);
#6253 = CARTESIAN_POINT('',(0.9,-5.7,10.7));
#6254 = DIRECTION('',(-0.707106781187,0.707106781187,0.));
#6255 = DIRECTION('',(0.707106781187,0.707106781187,0.));
#6256 = CYLINDRICAL_SURFACE('',#6257,0.1);
#6257 = AXIS2_PLACEMENT_3D('',#6258,#6259,#6260);
#6258 = CARTESIAN_POINT('',(0.9,-6.2,10.7));
#6259 = DIRECTION('',(0.,1.,0.));
#6260 = DIRECTION('',(0.707106781187,-0.,0.707106781187));
#6261 = ADVANCED_FACE('',(#6262),#6281,.T.);
#6262 = FACE_BOUND('',#6263,.T.);
#6263 = EDGE_LOOP('',(#6264,#6272,#6279,#6280));
#6264 = ORIENTED_EDGE('',*,*,#6265,.T.);
#6265 = EDGE_CURVE('',#6235,#6266,#6268,.T.);
#6266 = VERTEX_POINT('',#6267);
#6267 = CARTESIAN_POINT('',(-0.9,-6.3,10.8));
#6268 = LINE('',#6269,#6270);
#6269 = CARTESIAN_POINT('',(-0.5,-6.3,10.8));
#6270 = VECTOR('',#6271,1.);
#6271 = DIRECTION('',(-1.,0.,0.));
#6272 = ORIENTED_EDGE('',*,*,#6273,.T.);
#6273 = EDGE_CURVE('',#6266,#6164,#6274,.T.);
#6274 = ELLIPSE('',#6275,0.141421356237,0.1);
#6275 = AXIS2_PLACEMENT_3D('',#6276,#6277,#6278);
#6276 = CARTESIAN_POINT('',(-0.9,-6.3,10.7));
#6277 = DIRECTION('',(0.707106781187,-0.707106781187,0.));
#6278 = DIRECTION('',(-0.707106781187,-0.707106781187,0.));
#6279 = ORIENTED_EDGE('',*,*,#6163,.T.);
#6280 = ORIENTED_EDGE('',*,*,#6242,.F.);
#6281 = CYLINDRICAL_SURFACE('',#6282,0.1);
#6282 = AXIS2_PLACEMENT_3D('',#6283,#6284,#6285);
#6283 = CARTESIAN_POINT('',(-0.5,-6.3,10.7));
#6284 = DIRECTION('',(1.,0.,0.));
#6285 = DIRECTION('',(0.,-0.707106781187,0.707106781187));
#6286 = ADVANCED_FACE('',(#6287),#6313,.T.);
#6287 = FACE_BOUND('',#6288,.T.);
#6288 = EDGE_LOOP('',(#6289,#6297,#6306,#6312));
#6289 = ORIENTED_EDGE('',*,*,#6290,.T.);
#6290 = EDGE_CURVE('',#6266,#6291,#6293,.T.);
#6291 = VERTEX_POINT('',#6292);
#6292 = CARTESIAN_POINT('',(-0.9,-5.7,10.8));
#6293 = LINE('',#6294,#6295);
#6294 = CARTESIAN_POINT('',(-0.9,-5.8,10.8));
#6295 = VECTOR('',#6296,1.);
#6296 = DIRECTION('',(0.,1.,0.));
#6297 = ORIENTED_EDGE('',*,*,#6298,.T.);
#6298 = EDGE_CURVE('',#6291,#6299,#6301,.T.);
#6299 = VERTEX_POINT('',#6300);
#6300 = CARTESIAN_POINT('',(-1.,-5.6,10.7));
#6301 = ELLIPSE('',#6302,0.141421356237,0.1);
#6302 = AXIS2_PLACEMENT_3D('',#6303,#6304,#6305);
#6303 = CARTESIAN_POINT('',(-0.9,-5.7,10.7));
#6304 = DIRECTION('',(-0.707106781187,-0.707106781187,0.));
#6305 = DIRECTION('',(-0.707106781187,0.707106781187,0.));
#6306 = ORIENTED_EDGE('',*,*,#6307,.T.);
#6307 = EDGE_CURVE('',#6299,#6164,#6308,.T.);
#6308 = LINE('',#6309,#6310);
#6309 = CARTESIAN_POINT('',(-1.,-5.8,10.7));
#6310 = VECTOR('',#6311,1.);
#6311 = DIRECTION('',(0.,-1.,0.));
#6312 = ORIENTED_EDGE('',*,*,#6273,.F.);
#6313 = CYLINDRICAL_SURFACE('',#6314,0.1);
#6314 = AXIS2_PLACEMENT_3D('',#6315,#6316,#6317);
#6315 = CARTESIAN_POINT('',(-0.9,-5.8,10.7));
#6316 = DIRECTION('',(0.,-1.,0.));
#6317 = DIRECTION('',(-0.707106781187,0.,0.707106781187));
#6318 = ADVANCED_FACE('',(#6319),#6335,.T.);
#6319 = FACE_BOUND('',#6320,.T.);
#6320 = EDGE_LOOP('',(#6321,#6327,#6328,#6334));
#6321 = ORIENTED_EDGE('',*,*,#6322,.T.);
#6322 = EDGE_CURVE('',#6210,#6299,#6323,.T.);
#6323 = LINE('',#6324,#6325);
#6324 = CARTESIAN_POINT('',(0.5,-5.6,10.7));
#6325 = VECTOR('',#6326,1.);
#6326 = DIRECTION('',(-1.,0.,0.));
#6327 = ORIENTED_EDGE('',*,*,#6298,.F.);
#6328 = ORIENTED_EDGE('',*,*,#6329,.T.);
#6329 = EDGE_CURVE('',#6291,#6233,#6330,.T.);
#6330 = LINE('',#6331,#6332);
#6331 = CARTESIAN_POINT('',(0.5,-5.7,10.8));
#6332 = VECTOR('',#6333,1.);
#6333 = DIRECTION('',(1.,0.,0.));
#6334 = ORIENTED_EDGE('',*,*,#6250,.T.);
#6335 = CYLINDRICAL_SURFACE('',#6336,0.1);
#6336 = AXIS2_PLACEMENT_3D('',#6337,#6338,#6339);
#6337 = CARTESIAN_POINT('',(0.5,-5.7,10.7));
#6338 = DIRECTION('',(-1.,0.,0.));
#6339 = DIRECTION('',(0.,0.707106781187,0.707106781187));
#6340 = ADVANCED_FACE('',(#6341),#6359,.T.);
#6341 = FACE_BOUND('',#6342,.T.);
#6342 = EDGE_LOOP('',(#6343,#6344,#6345,#6353));
#6343 = ORIENTED_EDGE('',*,*,#6322,.F.);
#6344 = ORIENTED_EDGE('',*,*,#6209,.F.);
#6345 = ORIENTED_EDGE('',*,*,#6346,.F.);
#6346 = EDGE_CURVE('',#6347,#6202,#6349,.T.);
#6347 = VERTEX_POINT('',#6348);
#6348 = CARTESIAN_POINT('',(-1.,-5.6,10.));
#6349 = LINE('',#6350,#6351);
#6350 = CARTESIAN_POINT('',(0.5,-5.6,10.));
#6351 = VECTOR('',#6352,1.);
#6352 = DIRECTION('',(1.,0.,0.));
#6353 = ORIENTED_EDGE('',*,*,#6354,.T.);
#6354 = EDGE_CURVE('',#6347,#6299,#6355,.T.);
#6355 = LINE('',#6356,#6357);
#6356 = CARTESIAN_POINT('',(-1.,-5.6,10.));
#6357 = VECTOR('',#6358,1.);
#6358 = DIRECTION('',(0.,0.,1.));
#6359 = PLANE('',#6360);
#6360 = AXIS2_PLACEMENT_3D('',#6361,#6362,#6363);
#6361 = CARTESIAN_POINT('',(1.,-5.6,10.));
#6362 = DIRECTION('',(0.,1.,0.));
#6363 = DIRECTION('',(-1.,0.,0.));
#6364 = ADVANCED_FACE('',(#6365),#6371,.T.);
#6365 = FACE_BOUND('',#6366,.T.);
#6366 = EDGE_LOOP('',(#6367,#6368,#6369,#6370));
#6367 = ORIENTED_EDGE('',*,*,#6232,.F.);
#6368 = ORIENTED_EDGE('',*,*,#6329,.F.);
#6369 = ORIENTED_EDGE('',*,*,#6290,.F.);
#6370 = ORIENTED_EDGE('',*,*,#6265,.F.);
#6371 = PLANE('',#6372);
#6372 = AXIS2_PLACEMENT_3D('',#6373,#6374,#6375);
#6373 = CARTESIAN_POINT('',(-1.387778780781E-16,-6.,10.8));
#6374 = DIRECTION('',(0.,0.,1.));
#6375 = DIRECTION('',(1.,0.,-0.));
#6376 = ADVANCED_FACE('',(#6377),#6395,.F.);
#6377 = FACE_BOUND('',#6378,.T.);
#6378 = EDGE_LOOP('',(#6379,#6380,#6388,#6394));
#6379 = ORIENTED_EDGE('',*,*,#6123,.F.);
#6380 = ORIENTED_EDGE('',*,*,#6381,.T.);
#6381 = EDGE_CURVE('',#6115,#6382,#6384,.T.);
#6382 = VERTEX_POINT('',#6383);
#6383 = CARTESIAN_POINT('',(-1.,-6.05,9.2));
#6384 = LINE('',#6385,#6386);
#6385 = CARTESIAN_POINT('',(-1.,-6.2,9.2));
#6386 = VECTOR('',#6387,1.);
#6387 = DIRECTION('',(0.,1.,0.));
#6388 = ORIENTED_EDGE('',*,*,#6389,.F.);
#6389 = EDGE_CURVE('',#6187,#6382,#6390,.T.);
#6390 = LINE('',#6391,#6392);
#6391 = CARTESIAN_POINT('',(-1.125,-6.05,9.2));
#6392 = VECTOR('',#6393,1.);
#6393 = DIRECTION('',(-1.,0.,0.));
#6394 = ORIENTED_EDGE('',*,*,#6186,.T.);
#6395 = PLANE('',#6396);
#6396 = AXIS2_PLACEMENT_3D('',#6397,#6398,#6399);
#6397 = CARTESIAN_POINT('',(-1.387778780781E-16,-6.,9.2));
#6398 = DIRECTION('',(0.,0.,1.));
#6399 = DIRECTION('',(1.,0.,-0.));
#6400 = ADVANCED_FACE('',(#6401),#6421,.T.);
#6401 = FACE_BOUND('',#6402,.T.);
#6402 = EDGE_LOOP('',(#6403,#6404,#6405,#6406,#6407,#6413,#6414,#6420));
#6403 = ORIENTED_EDGE('',*,*,#6112,.F.);
#6404 = ORIENTED_EDGE('',*,*,#6171,.T.);
#6405 = ORIENTED_EDGE('',*,*,#6307,.F.);
#6406 = ORIENTED_EDGE('',*,*,#6354,.F.);
#6407 = ORIENTED_EDGE('',*,*,#6408,.F.);
#6408 = EDGE_CURVE('',#4988,#6347,#6409,.T.);
#6409 = LINE('',#6410,#6411);
#6410 = CARTESIAN_POINT('',(-1.,-3.1,10.));
#6411 = VECTOR('',#6412,1.);
#6412 = DIRECTION('',(0.,1.,0.));
#6413 = ORIENTED_EDGE('',*,*,#4987,.T.);
#6414 = ORIENTED_EDGE('',*,*,#6415,.F.);
#6415 = EDGE_CURVE('',#6382,#4980,#6416,.T.);
#6416 = LINE('',#6417,#6418);
#6417 = CARTESIAN_POINT('',(-1.,-6.05,8.75));
#6418 = VECTOR('',#6419,1.);
#6419 = DIRECTION('',(0.,0.,1.));
#6420 = ORIENTED_EDGE('',*,*,#6381,.F.);
#6421 = PLANE('',#6422);
#6422 = AXIS2_PLACEMENT_3D('',#6423,#6424,#6425);
#6423 = CARTESIAN_POINT('',(-1.,-5.6,10.));
#6424 = DIRECTION('',(-1.,0.,0.));
#6425 = DIRECTION('',(0.,-1.,0.));
#6426 = ADVANCED_FACE('',(#6427),#6458,.T.);
#6427 = FACE_BOUND('',#6428,.T.);
#6428 = EDGE_LOOP('',(#6429,#6430,#6431,#6439,#6447,#6453,#6454,#6455,
    #6456,#6457));
#6429 = ORIENTED_EDGE('',*,*,#4979,.F.);
#6430 = ORIENTED_EDGE('',*,*,#5597,.F.);
#6431 = ORIENTED_EDGE('',*,*,#6432,.F.);
#6432 = EDGE_CURVE('',#6433,#5589,#6435,.T.);
#6433 = VERTEX_POINT('',#6434);
#6434 = CARTESIAN_POINT('',(-4.55,-6.05,9.2));
#6435 = LINE('',#6436,#6437);
#6436 = CARTESIAN_POINT('',(-4.75,-6.05,9.2));
#6437 = VECTOR('',#6438,1.);
#6438 = DIRECTION('',(1.,0.,0.));
#6439 = ORIENTED_EDGE('',*,*,#6440,.F.);
#6440 = EDGE_CURVE('',#6441,#6433,#6443,.T.);
#6441 = VERTEX_POINT('',#6442);
#6442 = CARTESIAN_POINT('',(-4.55,-6.05,8.3));
#6443 = LINE('',#6444,#6445);
#6444 = CARTESIAN_POINT('',(-4.55,-6.05,7.5));
#6445 = VECTOR('',#6446,1.);
#6446 = DIRECTION('',(0.,0.,1.));
#6447 = ORIENTED_EDGE('',*,*,#6448,.T.);
#6448 = EDGE_CURVE('',#6441,#6044,#6449,.T.);
#6449 = LINE('',#6450,#6451);
#6450 = CARTESIAN_POINT('',(-1.125,-6.05,8.3));
#6451 = VECTOR('',#6452,1.);
#6452 = DIRECTION('',(1.,0.,0.));
#6453 = ORIENTED_EDGE('',*,*,#6043,.F.);
#6454 = ORIENTED_EDGE('',*,*,#5514,.F.);
#6455 = ORIENTED_EDGE('',*,*,#6194,.T.);
#6456 = ORIENTED_EDGE('',*,*,#6389,.T.);
#6457 = ORIENTED_EDGE('',*,*,#6415,.T.);
#6458 = PLANE('',#6459);
#6459 = AXIS2_PLACEMENT_3D('',#6460,#6461,#6462);
#6460 = CARTESIAN_POINT('',(-2.25,-6.05,7.5));
#6461 = DIRECTION('',(0.,-1.,0.));
#6462 = DIRECTION('',(1.,0.,0.));
#6463 = ADVANCED_FACE('',(#6464),#6482,.T.);
#6464 = FACE_BOUND('',#6465,.T.);
#6465 = EDGE_LOOP('',(#6466,#6473,#6474,#6481));
#6466 = ORIENTED_EDGE('',*,*,#6467,.T.);
#6467 = EDGE_CURVE('',#6433,#5736,#6468,.T.);
#6468 = CIRCLE('',#6469,0.2);
#6469 = AXIS2_PLACEMENT_3D('',#6470,#6471,#6472);
#6470 = CARTESIAN_POINT('',(-4.55,-5.85,9.2));
#6471 = DIRECTION('',(0.,0.,-1.));
#6472 = DIRECTION('',(-0.707106781187,-0.707106781187,-0.));
#6473 = ORIENTED_EDGE('',*,*,#5735,.T.);
#6474 = ORIENTED_EDGE('',*,*,#6475,.T.);
#6475 = EDGE_CURVE('',#5728,#6441,#6476,.T.);
#6476 = CIRCLE('',#6477,0.2);
#6477 = AXIS2_PLACEMENT_3D('',#6478,#6479,#6480);
#6478 = CARTESIAN_POINT('',(-4.55,-5.85,8.3));
#6479 = DIRECTION('',(0.,0.,1.));
#6480 = DIRECTION('',(-0.707106781187,-0.707106781187,0.));
#6481 = ORIENTED_EDGE('',*,*,#6440,.T.);
#6482 = CYLINDRICAL_SURFACE('',#6483,0.2);
#6483 = AXIS2_PLACEMENT_3D('',#6484,#6485,#6486);
#6484 = CARTESIAN_POINT('',(-4.55,-5.85,7.5));
#6485 = DIRECTION('',(0.,0.,1.));
#6486 = DIRECTION('',(-0.707106781187,-0.707106781187,0.));
#6487 = ADVANCED_FACE('',(#6488),#6519,.F.);
#6488 = FACE_BOUND('',#6489,.T.);
#6489 = EDGE_LOOP('',(#6490,#6491,#6492,#6501,#6509,#6516,#6517,#6518));
#6490 = ORIENTED_EDGE('',*,*,#6475,.F.);
#6491 = ORIENTED_EDGE('',*,*,#5727,.F.);
#6492 = ORIENTED_EDGE('',*,*,#6493,.T.);
#6493 = EDGE_CURVE('',#5720,#6494,#6496,.T.);
#6494 = VERTEX_POINT('',#6495);
#6495 = CARTESIAN_POINT('',(-4.55,-5.35,8.3));
#6496 = CIRCLE('',#6497,0.2);
#6497 = AXIS2_PLACEMENT_3D('',#6498,#6499,#6500);
#6498 = CARTESIAN_POINT('',(-4.55,-5.15,8.3));
#6499 = DIRECTION('',(0.,0.,1.));
#6500 = DIRECTION('',(-0.707106781187,-0.707106781187,0.));
#6501 = ORIENTED_EDGE('',*,*,#6502,.F.);
#6502 = EDGE_CURVE('',#6503,#6494,#6505,.T.);
#6503 = VERTEX_POINT('',#6504);
#6504 = CARTESIAN_POINT('',(4.55,-5.35,8.3));
#6505 = LINE('',#6506,#6507);
#6506 = CARTESIAN_POINT('',(2.375,-5.35,8.3));
#6507 = VECTOR('',#6508,1.);
#6508 = DIRECTION('',(-1.,0.,0.));
#6509 = ORIENTED_EDGE('',*,*,#6510,.T.);
#6510 = EDGE_CURVE('',#6503,#6005,#6511,.T.);
#6511 = CIRCLE('',#6512,0.2);
#6512 = AXIS2_PLACEMENT_3D('',#6513,#6514,#6515);
#6513 = CARTESIAN_POINT('',(4.55,-5.15,8.3));
#6514 = DIRECTION('',(0.,0.,1.));
#6515 = DIRECTION('',(0.707106781187,-0.707106781187,0.));
#6516 = ORIENTED_EDGE('',*,*,#6004,.F.);
#6517 = ORIENTED_EDGE('',*,*,#6051,.F.);
#6518 = ORIENTED_EDGE('',*,*,#6448,.F.);
#6519 = PLANE('',#6520);
#6520 = AXIS2_PLACEMENT_3D('',#6521,#6522,#6523);
#6521 = CARTESIAN_POINT('',(5.551115123126E-16,-5.7,8.3));
#6522 = DIRECTION('',(0.,0.,1.));
#6523 = DIRECTION('',(1.,0.,-0.));
#6524 = ADVANCED_FACE('',(#6525),#6753,.T.);
#6525 = FACE_BOUND('',#6526,.T.);
#6526 = EDGE_LOOP('',(#6527,#6528,#6529,#6530,#6531,#6532,#6533,#6534,
    #6535,#6536,#6537,#6538,#6539,#6540,#6541,#6619,#6628,#6728,#6729,
    #6751,#6752));
#6527 = ORIENTED_EDGE('',*,*,#4996,.F.);
#6528 = ORIENTED_EDGE('',*,*,#6408,.T.);
#6529 = ORIENTED_EDGE('',*,*,#6346,.T.);
#6530 = ORIENTED_EDGE('',*,*,#6201,.T.);
#6531 = ORIENTED_EDGE('',*,*,#5497,.F.);
#6532 = ORIENTED_EDGE('',*,*,#5474,.F.);
#6533 = ORIENTED_EDGE('',*,*,#5370,.F.);
#6534 = ORIENTED_EDGE('',*,*,#5395,.F.);
#6535 = ORIENTED_EDGE('',*,*,#5427,.F.);
#6536 = ORIENTED_EDGE('',*,*,#5294,.F.);
#6537 = ORIENTED_EDGE('',*,*,#5199,.F.);
#6538 = ORIENTED_EDGE('',*,*,#5255,.F.);
#6539 = ORIENTED_EDGE('',*,*,#5038,.F.);
#6540 = ORIENTED_EDGE('',*,*,#5099,.F.);
#6541 = ORIENTED_EDGE('',*,*,#6542,.T.);
#6542 = EDGE_CURVE('',#5053,#6543,#6545,.T.);
#6543 = VERTEX_POINT('',#6544);
#6544 = CARTESIAN_POINT('',(-1.755423494369,2.462022018162,10.));
#6545 = B_SPLINE_CURVE_WITH_KNOTS('',3,(#6546,#6547,#6548,#6549,#6550,
    #6551,#6552,#6553,#6554,#6555,#6556,#6557,#6558,#6559,#6560,#6561,
    #6562,#6563,#6564,#6565,#6566,#6567,#6568,#6569,#6570,#6571,#6572,
    #6573,#6574,#6575,#6576,#6577,#6578,#6579,#6580,#6581,#6582,#6583,
    #6584,#6585,#6586,#6587,#6588,#6589,#6590,#6591,#6592,#6593,#6594,
    #6595,#6596,#6597,#6598,#6599,#6600,#6601,#6602,#6603,#6604,#6605,
    #6606,#6607,#6608,#6609,#6610,#6611,#6612,#6613,#6614,#6615,#6616,
    #6617,#6618),.UNSPECIFIED.,.F.,.F.,(4,3,3,3,3,3,3,3,3,3,3,3,3,3,3,3,
    3,3,3,3,3,3,3,3,4),(-0.526723612703,-0.499193504539,-0.492318572045,
    -0.459556558532,-0.426877651278,-0.396778925307,-0.374204880828,
    -0.368109753277,-0.36385002689,-0.332272057518,-0.306482747392,
    -0.27450126593,-0.257344936809,-0.245296634967,-0.238627202051,
    -0.207197740917,-0.175586562525,-0.144250570109,-0.126219248846,
    -0.120164768066,-0.116053090629,-8.521632611071E-02,
    -5.476143320543E-02,-2.525535292463E-02,0.),.UNSPECIFIED.);
#6546 = CARTESIAN_POINT('',(-2.58761240802,-2.144386702771,10.));
#6547 = CARTESIAN_POINT('',(-2.641255927198,-2.069593797579,10.));
#6548 = CARTESIAN_POINT('',(-2.691986888128,-1.99257922405,10.));
#6549 = CARTESIAN_POINT('',(-2.739673371381,-1.913555062883,10.));
#6550 = CARTESIAN_POINT('',(-2.751581837243,-1.89382082246,10.));
#6551 = CARTESIAN_POINT('',(-2.763302667225,-1.873956971286,10.));
#6552 = CARTESIAN_POINT('',(-2.77481890624,-1.853992787446,10.));
#6553 = CARTESIAN_POINT('',(-2.829698743766,-1.758854855348,10.));
#6554 = CARTESIAN_POINT('',(-2.879998278924,-1.661341694146,10.));
#6555 = CARTESIAN_POINT('',(-2.925560542362,-1.561839364184,10.));
#6556 = CARTESIAN_POINT('',(-2.971007229592,-1.462589438318,10.));
#6557 = CARTESIAN_POINT('',(-3.011740965385,-1.36135953854,10.));
#6558 = CARTESIAN_POINT('',(-3.047557883481,-1.258514352415,10.));
#6559 = CARTESIAN_POINT('',(-3.080546856906,-1.163789365113,10.));
#6560 = CARTESIAN_POINT('',(-3.109364471982,-1.067693390723,10.));
#6561 = CARTESIAN_POINT('',(-3.133811655347,-0.970507030987,10.));
#6562 = CARTESIAN_POINT('',(-3.152147042871,-0.897617261186,10.));
#6563 = CARTESIAN_POINT('',(-3.168023301202,-0.824114017569,10.));
#6564 = CARTESIAN_POINT('',(-3.181341144565,-0.750117100115,10.));
#6565 = CARTESIAN_POINT('',(-3.184937042238,-0.730137488103,10.));
#6566 = CARTESIAN_POINT('',(-3.188346346156,-0.710121899935,10.));
#6567 = CARTESIAN_POINT('',(-3.191566928673,-0.690072730966,10.));
#6568 = CARTESIAN_POINT('',(-3.193817710174,-0.676060887342,10.));
#6569 = CARTESIAN_POINT('',(-3.195975740163,-0.662035987858,10.));
#6570 = CARTESIAN_POINT('',(-3.19803933362,-0.648006889842,10.));
#6571 = CARTESIAN_POINT('',(-3.213337051135,-0.544007152027,10.));
#6572 = CARTESIAN_POINT('',(-3.223470366933,-0.439646292055,10.));
#6573 = CARTESIAN_POINT('',(-3.228255592912,-0.335254844447,10.));
#6574 = CARTESIAN_POINT('',(-3.232163623709,-0.249999729241,10.));
#6575 = CARTESIAN_POINT('',(-3.232503773214,-0.16472384329,10.));
#6576 = CARTESIAN_POINT('',(-3.229150117455,-7.960760838339E-02,10.));
#6577 = CARTESIAN_POINT('',(-3.224991228405,2.594555591848E-02,10.));
#6578 = CARTESIAN_POINT('',(-3.215152854,0.13125412891,10.));
#6579 = CARTESIAN_POINT('',(-3.199842786018,0.235968970576,10.));
#6580 = CARTESIAN_POINT('',(-3.191629765446,0.292142800094,10.));
#6581 = CARTESIAN_POINT('',(-3.181841268026,0.348145506459,10.));
#6582 = CARTESIAN_POINT('',(-3.170503820348,0.403920651525,10.));
#6583 = CARTESIAN_POINT('',(-3.162541919478,0.443089623998,10.));
#6584 = CARTESIAN_POINT('',(-3.153816032438,0.482146329364,10.));
#6585 = CARTESIAN_POINT('',(-3.144334319175,0.521070516316,10.));
#6586 = CARTESIAN_POINT('',(-3.139085641697,0.542617308309,10.));
#6587 = CARTESIAN_POINT('',(-3.133603656642,0.564129396973,10.));
#6588 = CARTESIAN_POINT('',(-3.127898747716,0.585570330491,10.));
#6589 = CARTESIAN_POINT('',(-3.10101457096,0.686609953384,10.));
#6590 = CARTESIAN_POINT('',(-3.069159421037,0.786183886965,10.));
#6591 = CARTESIAN_POINT('',(-3.032577291908,0.883969904069,10.));
#6592 = CARTESIAN_POINT('',(-2.995783654089,0.982321295384,10.));
#6593 = CARTESIAN_POINT('',(-2.954207719265,1.078864837685,10.));
#6594 = CARTESIAN_POINT('',(-2.908048959392,1.173251895685,10.));
#6595 = CARTESIAN_POINT('',(-2.862292027103,1.266817282489,10.));
#6596 = CARTESIAN_POINT('',(-2.812031144562,1.358264278011,10.));
#6597 = CARTESIAN_POINT('',(-2.757420962204,1.447221702817,10.));
#6598 = CARTESIAN_POINT('',(-2.725997232924,1.498409483443,10.));
#6599 = CARTESIAN_POINT('',(-2.693132732877,1.548772310081,10.));
#6600 = CARTESIAN_POINT('',(-2.658851979512,1.598233273842,10.));
#6601 = CARTESIAN_POINT('',(-2.647341333158,1.61484106703,10.));
#6602 = CARTESIAN_POINT('',(-2.635670983578,1.631347137206,10.));
#6603 = CARTESIAN_POINT('',(-2.623841779477,1.647748440121,10.));
#6604 = CARTESIAN_POINT('',(-2.61580841157,1.658886780396,10.));
#6605 = CARTESIAN_POINT('',(-2.60770354907,1.669974287843,10.));
#6606 = CARTESIAN_POINT('',(-2.599532556964,1.681003470626,10.));
#6607 = CARTESIAN_POINT('',(-2.538251738276,1.763720151981,10.));
#6608 = CARTESIAN_POINT('',(-2.473174309643,1.843270616861,10.));
#6609 = CARTESIAN_POINT('',(-2.404488502261,1.919330784921,10.));
#6610 = CARTESIAN_POINT('',(-2.336653275688,1.994449050692,10.));
#6611 = CARTESIAN_POINT('',(-2.265297919585,2.066163540595,10.));
#6612 = CARTESIAN_POINT('',(-2.190569485147,2.134125619293,10.));
#6613 = CARTESIAN_POINT('',(-2.118169191618,2.199970360772,10.));
#6614 = CARTESIAN_POINT('',(-2.042602172085,2.262293239,10.));
#6615 = CARTESIAN_POINT('',(-1.963978028756,2.320735793194,10.));
#6616 = CARTESIAN_POINT('',(-1.896680696501,2.370758951741,10.));
#6617 = CARTESIAN_POINT('',(-1.827143105131,2.417938811453,10.));
#6618 = CARTESIAN_POINT('',(-1.755423494369,2.462022018162,10.));
#6619 = ORIENTED_EDGE('',*,*,#6620,.T.);
#6620 = EDGE_CURVE('',#6543,#6621,#6623,.T.);
#6621 = VERTEX_POINT('',#6622);
#6622 = CARTESIAN_POINT('',(1.758793642946,2.46372477526,10.));
#6623 = CIRCLE('',#6624,3.02375);
#6624 = AXIS2_PLACEMENT_3D('',#6625,#6626,#6627);
#6625 = CARTESIAN_POINT('',(0.,0.,10.));
#6626 = DIRECTION('',(0.,0.,-1.));
#6627 = DIRECTION('',(-1.,-4.338010435859E-15,-0.));
#6628 = ORIENTED_EDGE('',*,*,#6629,.T.);
#6629 = EDGE_CURVE('',#6621,#4233,#6630,.T.);
#6630 = B_SPLINE_CURVE_WITH_KNOTS('',3,(#6631,#6632,#6633,#6634,#6635,
    #6636,#6637,#6638,#6639,#6640,#6641,#6642,#6643,#6644,#6645,#6646,
    #6647,#6648,#6649,#6650,#6651,#6652,#6653,#6654,#6655,#6656,#6657,
    #6658,#6659,#6660,#6661,#6662,#6663,#6664,#6665,#6666,#6667,#6668,
    #6669,#6670,#6671,#6672,#6673,#6674,#6675,#6676,#6677,#6678,#6679,
    #6680,#6681,#6682,#6683,#6684,#6685,#6686,#6687,#6688,#6689,#6690,
    #6691,#6692,#6693,#6694,#6695,#6696,#6697,#6698,#6699,#6700,#6701,
    #6702,#6703,#6704,#6705,#6706,#6707,#6708,#6709,#6710,#6711,#6712,
    #6713,#6714,#6715,#6716,#6717,#6718,#6719,#6720,#6721,#6722,#6723,
    #6724,#6725,#6726,#6727),.UNSPECIFIED.,.F.,.F.,(4,3,3,3,3,3,3,3,3,3,
    3,3,3,3,3,3,3,3,3,3,3,3,3,3,3,3,3,3,3,3,3,3,4),(-0.678164918283,
    -0.647324177372,-0.638899185181,-0.608782644425,-0.601098830512,
    -0.593122591425,-0.562786701138,-0.533592764332,-0.520820416979,
    -0.515245150009,-0.510808142863,-0.479346941799,-0.447455311502,
    -0.417900285298,-0.395734015645,-0.390960041212,-0.38646141771,
    -0.354016436372,-0.329235206686,-0.297588023263,-0.278988771809,
    -0.267806695315,-0.263195466359,-0.230296033064,-0.197475821062,
    -0.164406999147,-0.143856124254,-0.135501617726,-0.129795151679,
    -9.616474287796E-02,-6.256223647412E-02,-2.97089733869E-02,0.),
  .UNSPECIFIED.);
#6631 = CARTESIAN_POINT('',(1.758793642946,2.46372477526,10.));
#6632 = CARTESIAN_POINT('',(1.846388280933,2.410782028058,10.));
#6633 = CARTESIAN_POINT('',(1.930958678696,2.353389939101,10.));
#6634 = CARTESIAN_POINT('',(2.012097810422,2.291645197237,10.));
#6635 = CARTESIAN_POINT('',(2.034263184241,2.274777931644,10.));
#6636 = CARTESIAN_POINT('',(2.056172411154,2.257585559188,10.));
#6637 = CARTESIAN_POINT('',(2.077816957481,2.240069411342,10.));
#6638 = CARTESIAN_POINT('',(2.155189000898,2.177455017343,10.));
#6639 = CARTESIAN_POINT('',(2.229181221233,2.110706759309,10.));
#6640 = CARTESIAN_POINT('',(2.299707257432,2.040207055676,10.));
#6641 = CARTESIAN_POINT('',(2.317700988603,2.022220042891,10.));
#6642 = CARTESIAN_POINT('',(2.33546893571,2.003988615371,10.));
#6643 = CARTESIAN_POINT('',(2.353009333844,1.985518701959,10.));
#6644 = CARTESIAN_POINT('',(2.371217272087,1.966345873601,10.));
#6645 = CARTESIAN_POINT('',(2.389184097659,1.946911319015,10.));
#6646 = CARTESIAN_POINT('',(2.406885008968,1.927247290311,10.));
#6647 = CARTESIAN_POINT('',(2.474206574631,1.852459434675,10.));
#6648 = CARTESIAN_POINT('',(2.537736342039,1.774304016978,10.));
#6649 = CARTESIAN_POINT('',(2.597402498687,1.693186823892,10.));
#6650 = CARTESIAN_POINT('',(2.654822603725,1.615123177614,10.));
#6651 = CARTESIAN_POINT('',(2.708664629667,1.534315707813,10.));
#6652 = CARTESIAN_POINT('',(2.758837083816,1.451092376259,10.));
#6653 = CARTESIAN_POINT('',(2.780787532507,1.414682168704,10.));
#6654 = CARTESIAN_POINT('',(2.802035227995,1.377809177165,10.));
#6655 = CARTESIAN_POINT('',(2.822570663479,1.340499318121,10.));
#6656 = CARTESIAN_POINT('',(2.8315346019,1.324213163428,10.));
#6657 = CARTESIAN_POINT('',(2.840362809911,1.307843756714,10.));
#6658 = CARTESIAN_POINT('',(2.849054424435,1.291393207497,10.));
#6659 = CARTESIAN_POINT('',(2.855971538174,1.278301241708,10.));
#6660 = CARTESIAN_POINT('',(2.862801132248,1.265159701128,10.));
#6661 = CARTESIAN_POINT('',(2.869538847414,1.25197772745,10.));
#6662 = CARTESIAN_POINT('',(2.917313530791,1.158509154913,10.));
#6663 = CARTESIAN_POINT('',(2.960531533092,1.062898379996,10.));
#6664 = CARTESIAN_POINT('',(2.999111605812,0.965569254532,10.));
#6665 = CARTESIAN_POINT('',(3.038219502981,0.866908542879,10.));
#6666 = CARTESIAN_POINT('',(3.072562187593,0.766481367796,10.));
#6667 = CARTESIAN_POINT('',(3.102014822079,0.664694034347,10.));
#6668 = CARTESIAN_POINT('',(3.12930955038,0.570364353508,10.));
#6669 = CARTESIAN_POINT('',(3.152404393717,0.47486562335,10.));
#6670 = CARTESIAN_POINT('',(3.171164285583,0.378503810892,10.));
#6671 = CARTESIAN_POINT('',(3.185234204483,0.306232451548,10.));
#6672 = CARTESIAN_POINT('',(3.196865037182,0.233475211906,10.));
#6673 = CARTESIAN_POINT('',(3.205985555941,0.160358139035,10.));
#6674 = CARTESIAN_POINT('',(3.207949852327,0.144610832792,10.));
#6675 = CARTESIAN_POINT('',(3.209797660738,0.128846831596,10.));
#6676 = CARTESIAN_POINT('',(3.211528189656,0.113067390252,10.));
#6677 = CARTESIAN_POINT('',(3.213158905985,9.819806770457E-02,10.));
#6678 = CARTESIAN_POINT('',(3.214684917197,8.33198379293E-02,10.));
#6679 = CARTESIAN_POINT('',(3.216105104796,6.844159779485E-02,10.));
#6680 = CARTESIAN_POINT('',(3.22634778461,-3.886327519266E-02,10.));
#6681 = CARTESIAN_POINT('',(3.231103391837,-0.146289587371,10.));
#6682 = CARTESIAN_POINT('',(3.230249277079,-0.253425373189,10.));
#6683 = CARTESIAN_POINT('',(3.229596910731,-0.335254870588,10.));
#6684 = CARTESIAN_POINT('',(3.225671109341,-0.416915567117,10.));
#6685 = CARTESIAN_POINT('',(3.21839770675,-0.498230210236,10.));
#6686 = CARTESIAN_POINT('',(3.209109115797,-0.602074105731,10.));
#6687 = CARTESIAN_POINT('',(3.194362957112,-0.70535410385,10.));
#6688 = CARTESIAN_POINT('',(3.174420308101,-0.807792511554,10.));
#6689 = CARTESIAN_POINT('',(3.16269988614,-0.867996216824,10.));
#6690 = CARTESIAN_POINT('',(3.149183583809,-0.927909248943,10.));
#6691 = CARTESIAN_POINT('',(3.133916209275,-0.987474342643,10.));
#6692 = CARTESIAN_POINT('',(3.124737294182,-1.023285538366,10.));
#6693 = CARTESIAN_POINT('',(3.114925332281,-1.058970951303,10.));
#6694 = CARTESIAN_POINT('',(3.104489076882,-1.094517886768,10.));
#6695 = CARTESIAN_POINT('',(3.100185407245,-1.109176618374,10.));
#6696 = CARTESIAN_POINT('',(3.095775469815,-1.12381210694,10.));
#6697 = CARTESIAN_POINT('',(3.09126013163,-1.138422517507,10.));
#6698 = CARTESIAN_POINT('',(3.059044843939,-1.242662457112,10.));
#6699 = CARTESIAN_POINT('',(3.021617643833,-1.34514637534,10.));
#6700 = CARTESIAN_POINT('',(2.979316120667,-1.445572097827,10.));
#6701 = CARTESIAN_POINT('',(2.937116458869,-1.545755996833,10.));
#6702 = CARTESIAN_POINT('',(2.890065457978,-1.643892345289,10.));
#6703 = CARTESIAN_POINT('',(2.838442193604,-1.739677343716,10.));
#6704 = CARTESIAN_POINT('',(2.786427888027,-1.836187904182,10.));
#6705 = CARTESIAN_POINT('',(2.729771412459,-1.930312151092,10.));
#6706 = CARTESIAN_POINT('',(2.668707400899,-2.021723869966,10.));
#6707 = CARTESIAN_POINT('',(2.630758699088,-2.078532388976,10.));
#6708 = CARTESIAN_POINT('',(2.591106781429,-2.134292954558,10.));
#6709 = CARTESIAN_POINT('',(2.549799173451,-2.18892220702,10.));
#6710 = CARTESIAN_POINT('',(2.533006473273,-2.211130528984,10.));
#6711 = CARTESIAN_POINT('',(2.515940072631,-2.233151831172,10.));
#6712 = CARTESIAN_POINT('',(2.498602875123,-2.254980276071,10.));
#6713 = CARTESIAN_POINT('',(2.486760867626,-2.269889987287,10.));
#6714 = CARTESIAN_POINT('',(2.474791101325,-2.284711302105,10.));
#6715 = CARTESIAN_POINT('',(2.462709257427,-2.299424724021,10.));
#6716 = CARTESIAN_POINT('',(2.391506284165,-2.386136603108,10.));
#6717 = CARTESIAN_POINT('',(2.316308041316,-2.469239207808,10.));
#6718 = CARTESIAN_POINT('',(2.237400601778,-2.548418564516,10.));
#6719 = CARTESIAN_POINT('',(2.158558629977,-2.627532227884,10.));
#6720 = CARTESIAN_POINT('',(2.076013130166,-2.70272993875,10.));
#6721 = CARTESIAN_POINT('',(1.990003009502,-2.773675292314,10.));
#6722 = CARTESIAN_POINT('',(1.905910677568,-2.84303875995,10.));
#6723 = CARTESIAN_POINT('',(1.818505933424,-2.908338011348,10.));
#6724 = CARTESIAN_POINT('',(1.727975649822,-2.969226208289,10.));
#6725 = CARTESIAN_POINT('',(1.646109754825,-3.024286974026,10.));
#6726 = CARTESIAN_POINT('',(1.561687297465,-3.075740615051,10.));
#6727 = CARTESIAN_POINT('',(1.474825440966,-3.123300484853,10.));
#6728 = ORIENTED_EDGE('',*,*,#4232,.T.);
#6729 = ORIENTED_EDGE('',*,*,#6730,.T.);
#6730 = EDGE_CURVE('',#4218,#5055,#6731,.T.);
#6731 = B_SPLINE_CURVE_WITH_KNOTS('',3,(#6732,#6733,#6734,#6735,#6736,
    #6737,#6738,#6739,#6740,#6741,#6742,#6743,#6744,#6745,#6746,#6747,
    #6748,#6749,#6750),.UNSPECIFIED.,.F.,.F.,(4,3,3,3,3,3,4),(
    -0.676273602864,-0.643459309726,-0.632025304332,-0.606978296248,
    -0.594454792206,-0.58709888858,-0.581931288164),.UNSPECIFIED.);
#6732 = CARTESIAN_POINT('',(-1.478268874277,-3.125897634005,10.));
#6733 = CARTESIAN_POINT('',(-1.574530364484,-3.074066982753,10.));
#6734 = CARTESIAN_POINT('',(-1.667995215268,-3.017622797999,10.));
#6735 = CARTESIAN_POINT('',(-1.75827283809,-2.956569880702,10.));
#6736 = CARTESIAN_POINT('',(-1.789729704215,-2.93529624294,10.));
#6737 = CARTESIAN_POINT('',(-1.820799332995,-2.913462662952,10.));
#6738 = CARTESIAN_POINT('',(-1.851464270662,-2.891068160027,10.));
#6739 = CARTESIAN_POINT('',(-1.918638013828,-2.842011396758,10.));
#6740 = CARTESIAN_POINT('',(-1.98387064583,-2.790263653695,10.));
#6741 = CARTESIAN_POINT('',(-2.047086982147,-2.735991900418,10.));
#6742 = CARTESIAN_POINT('',(-2.078695150306,-2.708856023779,10.));
#6743 = CARTESIAN_POINT('',(-2.109799045757,-2.68108897474,10.));
#6744 = CARTESIAN_POINT('',(-2.140388021061,-2.652710736174,10.));
#6745 = CARTESIAN_POINT('',(-2.158355001675,-2.636042271241,10.));
#6746 = CARTESIAN_POINT('',(-2.176144318198,-2.619162935198,10.));
#6747 = CARTESIAN_POINT('',(-2.193753671066,-2.602076700437,10.));
#6748 = CARTESIAN_POINT('',(-2.206124428467,-2.590073439063,10.));
#6749 = CARTESIAN_POINT('',(-2.218406387291,-2.577967963404,10.));
#6750 = CARTESIAN_POINT('',(-2.23059052517,-2.565770092604,10.));
#6751 = ORIENTED_EDGE('',*,*,#5125,.F.);
#6752 = ORIENTED_EDGE('',*,*,#5149,.F.);
#6753 = PLANE('',#6754);
#6754 = AXIS2_PLACEMENT_3D('',#6755,#6756,#6757);
#6755 = CARTESIAN_POINT('',(5.551115123126E-16,-0.6,10.));
#6756 = DIRECTION('',(0.,0.,1.));
#6757 = DIRECTION('',(-1.,0.,0.));
#6758 = ADVANCED_FACE('',(#6759),#6770,.T.);
#6759 = FACE_BOUND('',#6760,.T.);
#6760 = EDGE_LOOP('',(#6761,#6762,#6763,#6764));
#6761 = ORIENTED_EDGE('',*,*,#5784,.T.);
#6762 = ORIENTED_EDGE('',*,*,#6012,.T.);
#6763 = ORIENTED_EDGE('',*,*,#6510,.F.);
#6764 = ORIENTED_EDGE('',*,*,#6765,.T.);
#6765 = EDGE_CURVE('',#6503,#5785,#6766,.T.);
#6766 = LINE('',#6767,#6768);
#6767 = CARTESIAN_POINT('',(4.55,-5.35,7.5));
#6768 = VECTOR('',#6769,1.);
#6769 = DIRECTION('',(0.,0.,-1.));
#6770 = CYLINDRICAL_SURFACE('',#6771,0.2);
#6771 = AXIS2_PLACEMENT_3D('',#6772,#6773,#6774);
#6772 = CARTESIAN_POINT('',(4.55,-5.15,7.5));
#6773 = DIRECTION('',(0.,0.,-1.));
#6774 = DIRECTION('',(0.707106781187,-0.707106781187,0.));
#6775 = ADVANCED_FACE('',(#6776),#6787,.F.);
#6776 = FACE_BOUND('',#6777,.T.);
#6777 = EDGE_LOOP('',(#6778,#6779,#6780,#6786));
#6778 = ORIENTED_EDGE('',*,*,#6765,.F.);
#6779 = ORIENTED_EDGE('',*,*,#6502,.T.);
#6780 = ORIENTED_EDGE('',*,*,#6781,.F.);
#6781 = EDGE_CURVE('',#5794,#6494,#6782,.T.);
#6782 = LINE('',#6783,#6784);
#6783 = CARTESIAN_POINT('',(-4.55,-5.35,7.5));
#6784 = VECTOR('',#6785,1.);
#6785 = DIRECTION('',(0.,0.,1.));
#6786 = ORIENTED_EDGE('',*,*,#5793,.F.);
#6787 = PLANE('',#6788);
#6788 = AXIS2_PLACEMENT_3D('',#6789,#6790,#6791);
#6789 = CARTESIAN_POINT('',(4.75,-5.35,7.5));
#6790 = DIRECTION('',(0.,1.,0.));
#6791 = DIRECTION('',(-1.,0.,0.));
#6792 = ADVANCED_FACE('',(#6793),#6799,.T.);
#6793 = FACE_BOUND('',#6794,.T.);
#6794 = EDGE_LOOP('',(#6795,#6796,#6797,#6798));
#6795 = ORIENTED_EDGE('',*,*,#5801,.T.);
#6796 = ORIENTED_EDGE('',*,*,#6781,.T.);
#6797 = ORIENTED_EDGE('',*,*,#6493,.F.);
#6798 = ORIENTED_EDGE('',*,*,#5719,.T.);
#6799 = CYLINDRICAL_SURFACE('',#6800,0.2);
#6800 = AXIS2_PLACEMENT_3D('',#6801,#6802,#6803);
#6801 = CARTESIAN_POINT('',(-4.55,-5.15,7.5));
#6802 = DIRECTION('',(0.,0.,1.));
#6803 = DIRECTION('',(-0.707106781187,-0.707106781187,0.));
#6804 = ADVANCED_FACE('',(#6805,#6816),#6827,.T.);
#6805 = FACE_BOUND('',#6806,.T.);
#6806 = EDGE_LOOP('',(#6807));
#6807 = ORIENTED_EDGE('',*,*,#6808,.F.);
#6808 = EDGE_CURVE('',#6809,#6809,#6811,.T.);
#6809 = VERTEX_POINT('',#6810);
#6810 = CARTESIAN_POINT('',(3.1,-3.796405077357E-16,15.));
#6811 = CIRCLE('',#6812,3.1);
#6812 = AXIS2_PLACEMENT_3D('',#6813,#6814,#6815);
#6813 = CARTESIAN_POINT('',(0.,0.,15.));
#6814 = DIRECTION('',(0.,0.,-1.));
#6815 = DIRECTION('',(-1.,0.,0.));
#6816 = FACE_BOUND('',#6817,.T.);
#6817 = EDGE_LOOP('',(#6818));
#6818 = ORIENTED_EDGE('',*,*,#6819,.F.);
#6819 = EDGE_CURVE('',#6820,#6820,#6822,.T.);
#6820 = VERTEX_POINT('',#6821);
#6821 = CARTESIAN_POINT('',(2.96,3.624954525476E-16,15.));
#6822 = CIRCLE('',#6823,2.96);
#6823 = AXIS2_PLACEMENT_3D('',#6824,#6825,#6826);
#6824 = CARTESIAN_POINT('',(0.,0.,15.));
#6825 = DIRECTION('',(0.,0.,1.));
#6826 = DIRECTION('',(-1.,0.,0.));
#6827 = PLANE('',#6828);
#6828 = AXIS2_PLACEMENT_3D('',#6829,#6830,#6831);
#6829 = CARTESIAN_POINT('',(0.,0.,15.));
#6830 = DIRECTION('',(0.,0.,1.));
#6831 = DIRECTION('',(-1.,0.,0.));
#6832 = ADVANCED_FACE('',(#6833),#7045,.F.);
#6833 = FACE_BOUND('',#6834,.F.);
#6834 = EDGE_LOOP('',(#6835,#6937,#6944,#7044));
#6835 = ORIENTED_EDGE('',*,*,#6836,.F.);
#6836 = EDGE_CURVE('',#6837,#4714,#6839,.T.);
#6837 = VERTEX_POINT('',#6838);
#6838 = CARTESIAN_POINT('',(3.440722919035,0.323629385855,14.646));
#6839 = B_SPLINE_CURVE_WITH_KNOTS('',3,(#6840,#6841,#6842,#6843,#6844,
    #6845,#6846,#6847,#6848,#6849,#6850,#6851,#6852,#6853,#6854,#6855,
    #6856,#6857,#6858,#6859,#6860,#6861,#6862,#6863,#6864,#6865,#6866,
    #6867,#6868,#6869,#6870,#6871,#6872,#6873,#6874,#6875,#6876,#6877,
    #6878,#6879,#6880,#6881,#6882,#6883,#6884,#6885,#6886,#6887,#6888,
    #6889,#6890,#6891,#6892,#6893,#6894,#6895,#6896,#6897,#6898,#6899,
    #6900,#6901,#6902,#6903,#6904,#6905,#6906,#6907,#6908,#6909,#6910,
    #6911,#6912,#6913,#6914,#6915,#6916,#6917,#6918,#6919,#6920,#6921,
    #6922,#6923,#6924,#6925,#6926,#6927,#6928,#6929,#6930,#6931,#6932,
    #6933,#6934,#6935,#6936),.UNSPECIFIED.,.F.,.F.,(4,3,3,3,3,3,3,3,3,3,
    3,3,3,3,3,3,3,3,3,3,3,3,3,3,3,3,3,3,3,3,3,3,4),(-0.676273602864,
    -0.643459302552,-0.632025304332,-0.598571471597,-0.586284351742,
    -0.580810446355,-0.546519483984,-0.51651489191,-0.503387882878,
    -0.497448357765,-0.492416194774,-0.459654672673,-0.426974805534,
    -0.396851790999,-0.374259530097,-0.368205795983,-0.364038600996,
    -0.33245868773,-0.306482747392,-0.274501256233,-0.257344927718,
    -0.245296632735,-0.238627202788,-0.207197733133,-0.175586556394,
    -0.144250577679,-0.126219255469,-0.12016476335,-0.116053081876,
    -8.521632807287E-02,-5.47614547001E-02,-2.525540277949E-02,0.),
  .UNSPECIFIED.);
#6840 = CARTESIAN_POINT('',(3.442530288052,0.324805922683,14.646));
#6841 = CARTESIAN_POINT('',(3.42659773579,0.432967141587,14.646));
#6842 = CARTESIAN_POINT('',(3.405374849197,0.54007090323,14.646));
#6843 = CARTESIAN_POINT('',(3.378733066796,0.645748350651,14.646));
#6844 = CARTESIAN_POINT('',(3.369449855219,0.682571191126,14.646));
#6845 = CARTESIAN_POINT('',(3.359508270268,0.719220738522,14.646));
#6846 = CARTESIAN_POINT('',(3.348901443349,0.755680917435,14.646));
#6847 = CARTESIAN_POINT('',(3.317867765823,0.862356876566,14.646));
#6848 = CARTESIAN_POINT('',(3.281142571116,0.967413810594,14.646));
#6849 = CARTESIAN_POINT('',(3.239033333526,1.070544170277,14.646));
#6850 = CARTESIAN_POINT('',(3.223567205822,1.108422493521,14.646));
#6851 = CARTESIAN_POINT('',(3.207374348078,1.146040647809,14.646));
#6852 = CARTESIAN_POINT('',(3.190468606024,1.183382334483,14.646));
#6853 = CARTESIAN_POINT('',(3.182937106893,1.200018036119,14.646));
#6854 = CARTESIAN_POINT('',(3.175265781733,1.216595064543,14.646));
#6855 = CARTESIAN_POINT('',(3.167459592604,1.23310473691,14.646));
#6856 = CARTESIAN_POINT('',(3.1185581742,1.336528620552,14.646));
#6857 = CARTESIAN_POINT('',(3.064329044154,1.437399526722,14.646));
#6858 = CARTESIAN_POINT('',(3.005134358893,1.53539753919,14.646));
#6859 = CARTESIAN_POINT('',(2.953339009289,1.621145800099,14.646));
#6860 = CARTESIAN_POINT('',(2.89774068111,1.704694428502,14.646));
#6861 = CARTESIAN_POINT('',(2.83855283066,1.785805809309,14.646));
#6862 = CARTESIAN_POINT('',(2.812658146088,1.821292038411,14.646));
#6863 = CARTESIAN_POINT('',(2.786076095714,1.856311444319,14.646));
#6864 = CARTESIAN_POINT('',(2.758823253258,1.890842511388,14.646));
#6865 = CARTESIAN_POINT('',(2.746492268968,1.906466644768,14.646));
#6866 = CARTESIAN_POINT('',(2.734023946855,1.92199078832,14.646));
#6867 = CARTESIAN_POINT('',(2.721419777184,1.937412875011,14.646));
#6868 = CARTESIAN_POINT('',(2.710741105917,1.950478979191,14.646));
#6869 = CARTESIAN_POINT('',(2.699965284609,1.963471279485,14.646));
#6870 = CARTESIAN_POINT('',(2.68910209005,1.976378282386,14.646));
#6871 = CARTESIAN_POINT('',(2.618378071528,2.060408362795,14.646));
#6872 = CARTESIAN_POINT('',(2.543859523364,2.140942327643,14.646));
#6873 = CARTESIAN_POINT('',(2.465856028793,2.217701183837,14.646));
#6874 = CARTESIAN_POINT('',(2.388046950478,2.294268725918,14.646));
#6875 = CARTESIAN_POINT('',(2.306769552839,2.367080553703,14.646));
#6876 = CARTESIAN_POINT('',(2.222297352126,2.435820851047,14.646));
#6877 = CARTESIAN_POINT('',(2.144434204177,2.499182950021,14.646));
#6878 = CARTESIAN_POINT('',(2.063855849176,2.559085656796,14.646));
#6879 = CARTESIAN_POINT('',(1.980758785739,2.6152456288,14.646));
#6880 = CARTESIAN_POINT('',(1.918435988161,2.657365607803,14.646));
#6881 = CARTESIAN_POINT('',(1.854696031809,2.697379625956,14.646));
#6882 = CARTESIAN_POINT('',(1.789617918503,2.735153235396,14.646));
#6883 = CARTESIAN_POINT('',(1.772179841088,2.745274904452,14.646));
#6884 = CARTESIAN_POINT('',(1.75464567067,2.755235634694,14.646));
#6885 = CARTESIAN_POINT('',(1.737016903552,2.765032667607,14.646));
#6886 = CARTESIAN_POINT('',(1.724881829796,2.771776628555,14.646));
#6887 = CARTESIAN_POINT('',(1.712704168887,2.778441733739,14.646));
#6888 = CARTESIAN_POINT('',(1.700492080751,2.785023167801,14.646));
#6889 = CARTESIAN_POINT('',(1.607946211108,2.83489871177,14.646));
#6890 = CARTESIAN_POINT('',(1.513299460805,2.880042875262,14.646));
#6891 = CARTESIAN_POINT('',(1.41680017499,2.920170566844,14.646));
#6892 = CARTESIAN_POINT('',(1.337425045937,2.953177450482,14.646));
#6893 = CARTESIAN_POINT('',(1.256795891089,2.982789646539,14.646));
#6894 = CARTESIAN_POINT('',(1.175042226549,3.008823448464,14.646));
#6895 = CARTESIAN_POINT('',(1.074387387271,3.040876178617,14.646));
#6896 = CARTESIAN_POINT('',(0.972027448207,3.06750590771,14.646));
#6897 = CARTESIAN_POINT('',(0.868361458959,3.088789037801,14.646));
#6898 = CARTESIAN_POINT('',(0.812750300666,3.100206278162,14.646));
#6899 = CARTESIAN_POINT('',(0.756763247386,3.110084003969,14.646));
#6900 = CARTESIAN_POINT('',(0.700462398681,3.118427925376,14.646));
#6901 = CARTESIAN_POINT('',(0.660924263675,3.12428757223,14.646));
#6902 = CARTESIAN_POINT('',(0.621231381821,3.129390694745,14.646));
#6903 = CARTESIAN_POINT('',(0.581405573014,3.133738064727,14.646));
#6904 = CARTESIAN_POINT('',(0.559359678364,3.136144586113,14.646));
#6905 = CARTESIAN_POINT('',(0.537266920757,3.138319935782,14.646));
#6906 = CARTESIAN_POINT('',(0.515165108877,3.140261456722,14.646));
#6907 = CARTESIAN_POINT('',(0.411011046031,3.149410810405,14.646));
#6908 = CARTESIAN_POINT('',(0.306541323849,3.153387241052,14.646));
#6909 = CARTESIAN_POINT('',(0.202142023614,3.152310356347,14.646));
#6910 = CARTESIAN_POINT('',(9.713914678097E-02,3.151227245716,14.646));
#6911 = CARTESIAN_POINT('',(-7.793415443943E-03,3.145032023803,14.646));
#6912 = CARTESIAN_POINT('',(-0.112259923043,3.133793442515,14.646));
#6913 = CARTESIAN_POINT('',(-0.215816974577,3.122652701157,14.646));
#6914 = CARTESIAN_POINT('',(-0.318916912442,3.10655573844,14.646));
#6915 = CARTESIAN_POINT('',(-0.421158072855,3.085521485531,14.646));
#6916 = CARTESIAN_POINT('',(-0.479989594387,3.073417973619,14.646));
#6917 = CARTESIAN_POINT('',(-0.53853640111,3.059678824774,14.646));
#6918 = CARTESIAN_POINT('',(-0.59671783192,3.044300885571,14.646));
#6919 = CARTESIAN_POINT('',(-0.616253782209,3.039137336796,14.646));
#6920 = CARTESIAN_POINT('',(-0.635748507553,3.03378898137,14.646));
#6921 = CARTESIAN_POINT('',(-0.65519885665,3.028255579998,14.646));
#6922 = CARTESIAN_POINT('',(-0.668407832473,3.024497777781,14.646));
#6923 = CARTESIAN_POINT('',(-0.681593375473,3.020655439204,14.646));
#6924 = CARTESIAN_POINT('',(-0.69474661418,3.016731055718,14.646));
#6925 = CARTESIAN_POINT('',(-0.793393162157,2.987298997766,14.646));
#6926 = CARTESIAN_POINT('',(-0.890356463406,2.953218729442,14.646));
#6927 = CARTESIAN_POINT('',(-0.985267693964,2.914556800581,14.646));
#6928 = CARTESIAN_POINT('',(-1.079003549778,2.876373658629,14.646));
#6929 = CARTESIAN_POINT('',(-1.170738613311,2.833721306396,14.646));
#6930 = CARTESIAN_POINT('',(-1.260095005482,2.78661921156,14.646));
#6931 = CARTESIAN_POINT('',(-1.34666749963,2.74098458229,14.646));
#6932 = CARTESIAN_POINT('',(-1.431007772326,2.691172768837,14.646));
#6933 = CARTESIAN_POINT('',(-1.512741466552,2.637164683126,14.646));
#6934 = CARTESIAN_POINT('',(-1.582700584562,2.590937015607,14.646));
#6935 = CARTESIAN_POINT('',(-1.650749780756,2.541634371901,14.646));
#6936 = CARTESIAN_POINT('',(-1.716631013764,2.489225185692,14.646));
#6937 = ORIENTED_EDGE('',*,*,#6938,.F.);
#6938 = EDGE_CURVE('',#4627,#6837,#6939,.T.);
#6939 = CIRCLE('',#6940,3.454);
#6940 = AXIS2_PLACEMENT_3D('',#6941,#6942,#6943);
#6941 = CARTESIAN_POINT('',(0.,0.,14.646));
#6942 = DIRECTION('',(0.,0.,-1.));
#6943 = DIRECTION('',(-1.,0.,0.));
#6944 = ORIENTED_EDGE('',*,*,#6945,.F.);
#6945 = EDGE_CURVE('',#4702,#4627,#6946,.T.);
#6946 = B_SPLINE_CURVE_WITH_KNOTS('',3,(#6947,#6948,#6949,#6950,#6951,
    #6952,#6953,#6954,#6955,#6956,#6957,#6958,#6959,#6960,#6961,#6962,
    #6963,#6964,#6965,#6966,#6967,#6968,#6969,#6970,#6971,#6972,#6973,
    #6974,#6975,#6976,#6977,#6978,#6979,#6980,#6981,#6982,#6983,#6984,
    #6985,#6986,#6987,#6988,#6989,#6990,#6991,#6992,#6993,#6994,#6995,
    #6996,#6997,#6998,#6999,#7000,#7001,#7002,#7003,#7004,#7005,#7006,
    #7007,#7008,#7009,#7010,#7011,#7012,#7013,#7014,#7015,#7016,#7017,
    #7018,#7019,#7020,#7021,#7022,#7023,#7024,#7025,#7026,#7027,#7028,
    #7029,#7030,#7031,#7032,#7033,#7034,#7035,#7036,#7037,#7038,#7039,
    #7040,#7041,#7042,#7043),.UNSPECIFIED.,.F.,.F.,(4,3,3,3,3,3,3,3,3,3,
    3,3,3,3,3,3,3,3,3,3,3,3,3,3,3,3,3,3,3,3,3,3,4),(-0.678164918283,
    -0.647324185438,-0.638899185181,-0.608782654398,-0.601098851898,
    -0.593122590369,-0.562786711834,-0.533592773691,-0.520820425753,
    -0.515245373471,-0.51080847082,-0.47934728146,-0.447455653899,
    -0.417900542096,-0.395734208244,-0.390960663977,-0.386462294072,
    -0.354017309929,-0.329235206686,-0.297588033015,-0.278988780951,
    -0.267806696486,-0.263195466946,-0.230296033578,-0.197475829949,
    -0.164407009715,-0.1438561335,-0.135501641342,-0.129795159177,
    -9.616475338717E-02,-6.256224071319E-02,-2.970895493335E-02,0.),
  .UNSPECIFIED.);
#6947 = CARTESIAN_POINT('',(-2.915553191825,-0.814153155564,14.646));
#6948 = CARTESIAN_POINT('',(-2.895622226705,-0.914544920061,14.646));
#6949 = CARTESIAN_POINT('',(-2.870477739357,-1.013609320434,14.646));
#6950 = CARTESIAN_POINT('',(-2.840071955048,-1.110930742667,14.646));
#6951 = CARTESIAN_POINT('',(-2.831765773029,-1.137516784296,14.646));
#6952 = CARTESIAN_POINT('',(-2.823066662773,-1.163972771345,14.646));
#6953 = CARTESIAN_POINT('',(-2.813972968556,-1.190290227073,14.646));
#6954 = CARTESIAN_POINT('',(-2.781466082683,-1.284366243857,14.646));
#6955 = CARTESIAN_POINT('',(-2.743921126001,-1.376673104635,14.646));
#6956 = CARTESIAN_POINT('',(-2.70166821459,-1.466999320764,14.646));
#6957 = CARTESIAN_POINT('',(-2.690887987989,-1.490044764153,14.646));
#6958 = CARTESIAN_POINT('',(-2.679801044161,-1.512961207155,14.646));
#6959 = CARTESIAN_POINT('',(-2.668412355922,-1.535744970437,14.646));
#6960 = CARTESIAN_POINT('',(-2.65659019419,-1.559395923799,14.646));
#6961 = CARTESIAN_POINT('',(-2.644439814141,-1.582909362323,14.646));
#6962 = CARTESIAN_POINT('',(-2.631983088315,-1.606250979523,14.646));
#6963 = CARTESIAN_POINT('',(-2.584606793015,-1.695025458849,14.646));
#6964 = CARTESIAN_POINT('',(-2.532772520878,-1.781382368486,14.646));
#6965 = CARTESIAN_POINT('',(-2.476837314844,-1.865115936139,14.646));
#6966 = CARTESIAN_POINT('',(-2.423007690523,-1.945697502016,14.646));
#6967 = CARTESIAN_POINT('',(-2.365379323627,-2.023849913549,14.646));
#6968 = CARTESIAN_POINT('',(-2.304229383461,-2.099375411293,14.646));
#6969 = CARTESIAN_POINT('',(-2.277476284638,-2.132417816556,14.646));
#6970 = CARTESIAN_POINT('',(-2.250048656547,-2.164957189332,14.646));
#6971 = CARTESIAN_POINT('',(-2.221967626188,-2.196975761531,14.646));
#6972 = CARTESIAN_POINT('',(-2.209710427032,-2.210951673779,14.646));
#6973 = CARTESIAN_POINT('',(-2.197328722013,-2.224828348775,14.646));
#6974 = CARTESIAN_POINT('',(-2.184824200198,-2.238604256516,14.646));
#6975 = CARTESIAN_POINT('',(-2.174872482583,-2.249567806002,14.646));
#6976 = CARTESIAN_POINT('',(-2.164844340335,-2.260465966767,14.646));
#6977 = CARTESIAN_POINT('',(-2.154746883643,-2.271291524928,14.646));
#6978 = CARTESIAN_POINT('',(-2.08314783764,-2.348053392841,14.646));
#6979 = CARTESIAN_POINT('',(-2.007982260085,-2.421261079801,14.646));
#6980 = CARTESIAN_POINT('',(-1.929620963945,-2.490693787248,14.646));
#6981 = CARTESIAN_POINT('',(-1.850187562902,-2.561076442562,14.646));
#6982 = CARTESIAN_POINT('',(-1.767469840853,-2.627580841145,14.646));
#6983 = CARTESIAN_POINT('',(-1.681807262999,-2.68995118156,14.646));
#6984 = CARTESIAN_POINT('',(-1.602420688543,-2.747752006578,14.646));
#6985 = CARTESIAN_POINT('',(-1.520504062495,-2.802002511991,14.646));
#6986 = CARTESIAN_POINT('',(-1.436299031725,-2.852471463695,14.646));
#6987 = CARTESIAN_POINT('',(-1.373145258648,-2.890323177474,14.646));
#6988 = CARTESIAN_POINT('',(-1.308703654807,-2.926047266827,14.646));
#6989 = CARTESIAN_POINT('',(-1.243068459657,-2.959533818847,14.646));
#6990 = CARTESIAN_POINT('',(-1.228933848513,-2.966745184491,14.646));
#6991 = CARTESIAN_POINT('',(-1.214743863057,-2.973852738424,14.646));
#6992 = CARTESIAN_POINT('',(-1.200499413108,-2.980855309274,14.646));
#6993 = CARTESIAN_POINT('',(-1.18707609463,-2.987454211934,14.646));
#6994 = CARTESIAN_POINT('',(-1.173608728816,-2.993957721607,14.646));
#6995 = CARTESIAN_POINT('',(-1.160105303888,-3.000361753139,14.646));
#6996 = CARTESIAN_POINT('',(-1.062710377067,-3.046551529863,14.646));
#6997 = CARTESIAN_POINT('',(-0.963331787958,-3.087623902369,14.646));
#6998 = CARTESIAN_POINT('',(-0.862315069829,-3.123323198421,14.646));
#6999 = CARTESIAN_POINT('',(-0.785156556607,-3.150591007725,14.646));
#7000 = CARTESIAN_POINT('',(-0.707041394478,-3.174723499711,14.646));
#7001 = CARTESIAN_POINT('',(-0.628110978075,-3.195590539874,14.646));
#7002 = CARTESIAN_POINT('',(-0.527315473701,-3.222238110402,14.646));
#7003 = CARTESIAN_POINT('',(-0.425190706604,-3.243562511367,14.646));
#7004 = CARTESIAN_POINT('',(-0.322086703484,-3.259714589554,14.646));
#7005 = CARTESIAN_POINT('',(-0.261491802887,-3.269207272112,14.646));
#7006 = CARTESIAN_POINT('',(-0.200558317486,-3.276912485286,14.646));
#7007 = CARTESIAN_POINT('',(-0.139355352325,-3.282852846041,14.646));
#7008 = CARTESIAN_POINT('',(-0.102559425069,-3.286424259315,14.646));
#7009 = CARTESIAN_POINT('',(-6.566607195704E-02,-3.289357644375,14.646)
  );
#7010 = CARTESIAN_POINT('',(-2.869021038929E-02,-3.291656905732,14.646)
  );
#7011 = CARTESIAN_POINT('',(-1.344223174327E-02,-3.292605067224,14.646)
  );
#7012 = CARTESIAN_POINT('',(1.820100595794E-03,-3.293445399742,14.646));
#7013 = CARTESIAN_POINT('',(1.709476606713E-02,-3.294178093267,14.646));
#7014 = CARTESIAN_POINT('',(0.126073908073,-3.299405593139,14.646));
#7015 = CARTESIAN_POINT('',(0.235177823371,-3.299134715804,14.646));
#7016 = CARTESIAN_POINT('',(0.344007400472,-3.293579901674,14.646));
#7017 = CARTESIAN_POINT('',(0.452574889804,-3.28803846487,14.646));
#7018 = CARTESIAN_POINT('',(0.560870218566,-3.277238329713,14.646));
#7019 = CARTESIAN_POINT('',(0.668512683614,-3.261338369858,14.646));
#7020 = CARTESIAN_POINT('',(0.776970552024,-3.245317966081,14.646));
#7021 = CARTESIAN_POINT('',(0.884766502464,-3.224120099195,14.646));
#7022 = CARTESIAN_POINT('',(0.991513899274,-3.197854223365,14.646));
#7023 = CARTESIAN_POINT('',(1.057852901466,-3.181531090003,14.646));
#7024 = CARTESIAN_POINT('',(1.123786948872,-3.16324959924,14.646));
#7025 = CARTESIAN_POINT('',(1.189221477593,-3.143026032384,14.646));
#7026 = CARTESIAN_POINT('',(1.215822399684,-3.134804600415,14.646));
#7027 = CARTESIAN_POINT('',(1.242340743797,-3.126262125774,14.646));
#7028 = CARTESIAN_POINT('',(1.268770032479,-3.117399349481,14.646));
#7029 = CARTESIAN_POINT('',(1.286822388221,-3.111345687106,14.646));
#7030 = CARTESIAN_POINT('',(1.304835164725,-3.105141791671,14.646));
#7031 = CARTESIAN_POINT('',(1.322784689105,-3.098795763639,14.646));
#7032 = CARTESIAN_POINT('',(1.42856786185,-3.061396277983,14.646));
#7033 = CARTESIAN_POINT('',(1.532318928757,-3.019010858262,14.646));
#7034 = CARTESIAN_POINT('',(1.633645237136,-2.971801490507,14.646));
#7035 = CARTESIAN_POINT('',(1.734887505303,-2.924631278281,14.646));
#7036 = CARTESIAN_POINT('',(1.833709941224,-2.872644930498,14.646));
#7037 = CARTESIAN_POINT('',(1.929714872474,-2.815952447006,14.646));
#7038 = CARTESIAN_POINT('',(2.023579205575,-2.760524021763,14.646));
#7039 = CARTESIAN_POINT('',(2.114751056729,-2.700596659042,14.646));
#7040 = CARTESIAN_POINT('',(2.202840672137,-2.636227882726,14.646));
#7041 = CARTESIAN_POINT('',(2.282499383652,-2.578019730047,14.646));
#7042 = CARTESIAN_POINT('',(2.359637839962,-2.516179012623,14.646));
#7043 = CARTESIAN_POINT('',(2.433946629015,-2.450718222706,14.646));
#7044 = ORIENTED_EDGE('',*,*,#4713,.F.);
#7045 = PLANE('',#7046);
#7046 = AXIS2_PLACEMENT_3D('',#7047,#7048,#7049);
#7047 = CARTESIAN_POINT('',(1.051582358426E-15,0.,14.646));
#7048 = DIRECTION('',(0.,0.,1.));
#7049 = DIRECTION('',(1.,0.,-0.));
#7050 = ADVANCED_FACE('',(#7051),#7087,.F.);
#7051 = FACE_BOUND('',#7052,.F.);
#7052 = EDGE_LOOP('',(#7053,#7054,#7055,#7056,#7057,#7058,#7059,#7071,
    #7072,#7073,#7074,#7075,#7076,#7077,#7078,#7079,#7086));
#7053 = ORIENTED_EDGE('',*,*,#4722,.F.);
#7054 = ORIENTED_EDGE('',*,*,#4764,.F.);
#7055 = ORIENTED_EDGE('',*,*,#4809,.F.);
#7056 = ORIENTED_EDGE('',*,*,#4855,.F.);
#7057 = ORIENTED_EDGE('',*,*,#4901,.F.);
#7058 = ORIENTED_EDGE('',*,*,#4946,.F.);
#7059 = ORIENTED_EDGE('',*,*,#7060,.F.);
#7060 = EDGE_CURVE('',#6621,#4925,#7061,.T.);
#7061 = B_SPLINE_CURVE_WITH_KNOTS('',3,(#7062,#7063,#7064,#7065,#7066,
    #7067,#7068,#7069,#7070),.UNSPECIFIED.,.F.,.F.,(4,1,1,1,1,1,4),(
    10.376176187289,11.22394879197,12.200217150385,13.1764855088,
    14.152753867216,15.129022225631,15.707963267949),.UNSPECIFIED.);
#7062 = CARTESIAN_POINT('',(1.758793642946,2.46372477526,10.));
#7063 = CARTESIAN_POINT('',(1.061212193378,2.953491586868,
    10.033731800163));
#7064 = CARTESIAN_POINT('',(-0.913894813268,3.359605402565,
    10.106308084083));
#7065 = CARTESIAN_POINT('',(-3.313141812222,1.271008750061,
    10.217728851759));
#7066 = CARTESIAN_POINT('',(-2.908472963858,-2.033473617265,
    10.334262303029));
#7067 = CARTESIAN_POINT('',(5.536710734997E-02,-3.548020628886,
    10.450795754298));
#7068 = CARTESIAN_POINT('',(2.574846631334,-2.159563877237,
    10.551520053972));
#7069 = CARTESIAN_POINT('',(3.017498002001,-0.583984655866,
    10.61339986989));
#7070 = CARTESIAN_POINT('',(3.01988930432,1.298205913446E-03,
    10.63643520205));
#7071 = ORIENTED_EDGE('',*,*,#6629,.T.);
#7072 = ORIENTED_EDGE('',*,*,#4241,.T.);
#7073 = ORIENTED_EDGE('',*,*,#4295,.T.);
#7074 = ORIENTED_EDGE('',*,*,#4367,.T.);
#7075 = ORIENTED_EDGE('',*,*,#4439,.T.);
#7076 = ORIENTED_EDGE('',*,*,#4508,.T.);
#7077 = ORIENTED_EDGE('',*,*,#4580,.T.);
#7078 = ORIENTED_EDGE('',*,*,#4658,.T.);
#7079 = ORIENTED_EDGE('',*,*,#7080,.T.);
#7080 = EDGE_CURVE('',#4619,#6837,#7081,.T.);
#7081 = B_SPLINE_CURVE_WITH_KNOTS('',3,(#7082,#7083,#7084,#7085),
  .UNSPECIFIED.,.F.,.F.,(4,4),(38.828746087123,38.922238582875),
  .PIECEWISE_BEZIER_KNOTS.);
#7082 = CARTESIAN_POINT('',(3.454939742909,2.713333855604E-03,
    14.634840155369));
#7083 = CARTESIAN_POINT('',(3.455869509173,0.110311748823,14.63856010358
    ));
#7084 = CARTESIAN_POINT('',(3.451776762687,0.21783328949,14.64228005179)
  );
#7085 = CARTESIAN_POINT('',(3.442530288052,0.324805922683,14.646));
#7086 = ORIENTED_EDGE('',*,*,#6836,.T.);
#7087 = B_SPLINE_SURFACE_WITH_KNOTS('',3,3,(
    (#7088,#7089,#7090,#7091,#7092,#7093,#7094,#7095,#7096,#7097,#7098
      ,#7099,#7100,#7101,#7102,#7103,#7104,#7105,#7106,#7107,#7108,#7109
      ,#7110,#7111,#7112,#7113,#7114,#7115,#7116,#7117,#7118,#7119,#7120
      ,#7121,#7122,#7123,#7124,#7125,#7126,#7127,#7128,#7129,#7130,#7131
      ,#7132)
    ,(#7133,#7134,#7135,#7136,#7137,#7138,#7139,#7140,#7141,#7142,#7143
      ,#7144,#7145,#7146,#7147,#7148,#7149,#7150,#7151,#7152,#7153,#7154
      ,#7155,#7156,#7157,#7158,#7159,#7160,#7161,#7162,#7163,#7164,#7165
      ,#7166,#7167,#7168,#7169,#7170,#7171,#7172,#7173,#7174,#7175,#7176
      ,#7177)
    ,(#7178,#7179,#7180,#7181,#7182,#7183,#7184,#7185,#7186,#7187,#7188
      ,#7189,#7190,#7191,#7192,#7193,#7194,#7195,#7196,#7197,#7198,#7199
      ,#7200,#7201,#7202,#7203,#7204,#7205,#7206,#7207,#7208,#7209,#7210
      ,#7211,#7212,#7213,#7214,#7215,#7216,#7217,#7218,#7219,#7220,#7221
      ,#7222)
    ,(#7223,#7224,#7225,#7226,#7227,#7228,#7229,#7230,#7231,#7232,#7233
      ,#7234,#7235,#7236,#7237,#7238,#7239,#7240,#7241,#7242,#7243,#7244
      ,#7245,#7246,#7247,#7248,#7249,#7250,#7251,#7252,#7253,#7254,#7255
      ,#7256,#7257,#7258,#7259,#7260,#7261,#7262,#7263,#7264,#7265,#7266
      ,#7267
    )),.UNSPECIFIED.,.F.,.F.,.F.,(4,4),(4,1,1,1,1,1,1,1,1,1,1,1,1,1,1,1,
    1,1,1,1,1,1,1,1,1,1,1,1,1,1,1,1,1,1,1,1,1,1,1,1,1,1,4),(0.,
    4.968099066377E-02),(8.295143716724,9.27141207514,10.247680433555,
    11.22394879197,12.200217150385,13.1764855088,14.152753867216,
    15.129022225631,16.105290584046,17.081558942461,18.057827300877,
    19.034095659292,20.010364017707,20.986632376122,21.962900734538,
    22.939169092953,23.915437451368,24.891705809783,25.867974168199,
    26.844242526614,27.820510885029,28.796779243444,29.773047601859,
    30.749315960275,31.72558431869,32.701852677105,33.67812103552,
    34.654389393936,35.630657752351,36.606926110766,37.583194469181,
    38.559462827597,39.535731186012,40.511999544427,41.488267902842,
    42.464536261257,43.440804619673,44.417072978088,45.393341336503,
    46.369609694919,47.345878053334,48.322146411749,49.298414770164),
  .UNSPECIFIED.);
#7088 = CARTESIAN_POINT('',(1.291112746705,-2.734244308359,
    9.751595046681));
#7089 = CARTESIAN_POINT('',(2.180898147515,-2.314086801108,
    9.790439530438));
#7090 = CARTESIAN_POINT('',(3.505318571108,-0.546239207634,
    9.868128497951));
#7091 = CARTESIAN_POINT('',(2.414201707942,2.603538754993,9.98466194922)
  );
#7092 = CARTESIAN_POINT('',(-0.803802314144,3.455443315558,
    10.10119540049));
#7093 = CARTESIAN_POINT('',(-3.313141812222,1.271008750061,
    10.217728851759));
#7094 = CARTESIAN_POINT('',(-2.908472963858,-2.033473617265,
    10.334262303029));
#7095 = CARTESIAN_POINT('',(5.536710734997E-02,-3.548020628886,
    10.450795754298));
#7096 = CARTESIAN_POINT('',(2.970290768106,-1.941639073175,
    10.567329205568));
#7097 = CARTESIAN_POINT('',(3.272164706207,1.37318222306,10.683862656837
    ));
#7098 = CARTESIAN_POINT('',(0.695249566622,3.479795224459,
    10.800396108107));
#7099 = CARTESIAN_POINT('',(-2.493293084232,2.525075915075,
    10.916929559376));
#7100 = CARTESIAN_POINT('',(-3.488339757057,-0.651150363349,
    11.033463010646));
#7101 = CARTESIAN_POINT('',(-1.414461615017,-3.254499666964,
    11.149996461915));
#7102 = CARTESIAN_POINT('',(1.903805668279,-2.994665198404,
    11.266529913185));
#7103 = CARTESIAN_POINT('',(3.547174429972,-0.100225976566,
    11.383063364454));
#7104 = CARTESIAN_POINT('',(2.069864228774,2.882386018914,
    11.499596815724));
#7105 = CARTESIAN_POINT('',(-1.228438382882,3.329178568925,
    11.616130266993));
#7106 = CARTESIAN_POINT('',(-3.446004864466,0.847077539244,
    11.732663718263));
#7107 = CARTESIAN_POINT('',(-2.631898660837,-2.380251847984,
    11.849197169532));
#7108 = CARTESIAN_POINT('',(0.497658318515,-3.513520475045,
    11.965730620802));
#7109 = CARTESIAN_POINT('',(3.189393250465,-1.555718637901,
    12.082264072071));
#7110 = CARTESIAN_POINT('',(3.075213381287,1.770749091234,
    12.198797523341));
#7111 = CARTESIAN_POINT('',(0.255570168497,3.539374757694,12.31533097461
    ));
#7112 = CARTESIAN_POINT('',(-2.788914645924,2.194184365157,
    12.43186442588));
#7113 = CARTESIAN_POINT('',(-3.379811427581,-1.08137141387,
    12.548397877149));
#7114 = CARTESIAN_POINT('',(-0.997270489811,-3.405575054754,
    12.664931328419));
#7115 = CARTESIAN_POINT('',(2.26263392848,-2.733674909351,
    12.781464779688));
#7116 = CARTESIAN_POINT('',(3.531952766137,0.343215304675,
    12.897998230958));
#7117 = CARTESIAN_POINT('',(1.693986528131,3.118156719207,
    13.014531682227));
#7118 = CARTESIAN_POINT('',(-1.634291481551,3.149855080227,
    13.131065133497));
#7119 = CARTESIAN_POINT('',(-3.524772801036,0.41042227486,
    13.247598584766));
#7120 = CARTESIAN_POINT('',(-2.314294350995,-2.690084146138,
    13.364132036035));
#7121 = CARTESIAN_POINT('',(0.93223736107,-3.423952727974,
    13.480665487305));
#7122 = CARTESIAN_POINT('',(3.358582210999,-1.145544541266,
    13.597198938575));
#7123 = CARTESIAN_POINT('',(2.830238712836,2.140663474401,
    13.713732389844));
#7124 = CARTESIAN_POINT('',(-0.188189383422,3.543610347308,
    13.830265841113));
#7125 = CARTESIAN_POINT('',(-3.040781396733,1.828979058617,
    13.946799292383));
#7126 = CARTESIAN_POINT('',(-3.218732763637,-1.494653581902,
    14.063332743653));
#7127 = CARTESIAN_POINT('',(-0.563928457314,-3.503477787236,
    14.179866194922));
#7128 = CARTESIAN_POINT('',(2.5850022752,-2.429804499228,14.296399646191
    ));
#7129 = CARTESIAN_POINT('',(3.463642409333,0.78100268607,14.412933097461
    ));
#7130 = CARTESIAN_POINT('',(1.28723171283,3.30585391002,14.529466548731)
  );
#7131 = CARTESIAN_POINT('',(-0.90658041851,3.047856032963,
    14.607155516244));
#7132 = CARTESIAN_POINT('',(-1.716631013764,2.489225185692,14.646));
#7133 = CARTESIAN_POINT('',(1.352350311459,-2.863929700524,
    9.834396697787));
#7134 = CARTESIAN_POINT('',(2.284338293908,-2.423844094334,
    9.873241181544));
#7135 = CARTESIAN_POINT('',(3.671576067618,-0.572147370134,
    9.950930149057));
#7136 = CARTESIAN_POINT('',(2.528707457959,2.727024773936,
    10.067463600326));
#7137 = CARTESIAN_POINT('',(-0.841926712177,3.61933522533,
    10.183997051596));
#7138 = CARTESIAN_POINT('',(-3.470284352082,1.331292780896,
    10.300530502865));
#7139 = CARTESIAN_POINT('',(-3.046422032916,-2.129921408234,
    10.417063954135));
#7140 = CARTESIAN_POINT('',(5.799317299003E-02,-3.71630348688,
    10.533597405404));
#7141 = CARTESIAN_POINT('',(3.111171859795,-2.033731145517,
    10.650130856674));
#7142 = CARTESIAN_POINT('',(3.427363699162,1.438312348618,
    10.766664307943));
#7143 = CARTESIAN_POINT('',(0.728225300511,3.644842146915,
    10.883197759213));
#7144 = CARTESIAN_POINT('',(-2.611550143567,2.644840436223,
    10.999731210482));
#7145 = CARTESIAN_POINT('',(-3.65379194727,-0.682034469049,
    11.116264661752));
#7146 = CARTESIAN_POINT('',(-1.481549624923,-3.408860805915,
    11.232798113021));
#7147 = CARTESIAN_POINT('',(1.994103299672,-3.136702370967,
    11.349331564291));
#7148 = CARTESIAN_POINT('',(3.715417152695,-0.104979701402,
    11.46586501556));
#7149 = CARTESIAN_POINT('',(2.168038028904,3.019097782412,11.58239846683
    ));
#7150 = CARTESIAN_POINT('',(-1.286703298327,3.487081733238,
    11.698931918099));
#7151 = CARTESIAN_POINT('',(-3.609449107865,0.887254484126,
    11.815465369369));
#7152 = CARTESIAN_POINT('',(-2.756729792029,-2.49314735385,
    11.931998820638));
#7153 = CARTESIAN_POINT('',(0.521262286164,-3.680166988413,
    12.048532271908));
#7154 = CARTESIAN_POINT('',(3.340666387686,-1.62950647794,
    12.165065723177));
#7155 = CARTESIAN_POINT('',(3.221070959603,1.854735840193,
    12.281599174447));
#7156 = CARTESIAN_POINT('',(0.267691878845,3.707247541434,
    12.398132625716));
#7157 = CARTESIAN_POINT('',(-2.92119305589,2.29825467775,12.514666076986
    ));
#7158 = CARTESIAN_POINT('',(-3.5401161118,-1.132660933045,
    12.631199528255));
#7159 = CARTESIAN_POINT('',(-1.04457109648,-3.567101709549,
    12.747732979525));
#7160 = CARTESIAN_POINT('',(2.369950808483,-2.863333294882,
    12.864266430794));
#7161 = CARTESIAN_POINT('',(3.699473524316,0.35949402975,12.980799882064
    ));
#7162 = CARTESIAN_POINT('',(1.77433242354,3.266051102941,13.097333333333
    ));
#7163 = CARTESIAN_POINT('',(-1.71180603687,3.299252919363,
    13.213866784603));
#7164 = CARTESIAN_POINT('',(-3.691953012985,0.429888631068,
    13.330400235872));
#7165 = CARTESIAN_POINT('',(-2.424061488326,-2.817675018827,
    13.446933687142));
#7166 = CARTESIAN_POINT('',(0.976453442051,-3.58635103705,
    13.563467138411));
#7167 = CARTESIAN_POINT('',(3.517879992041,-1.199877796206,
    13.680000589681));
#7168 = CARTESIAN_POINT('',(2.964477126086,2.242195287532,13.79653404095
    ));
#7169 = CARTESIAN_POINT('',(-0.197115218584,3.711684025349,
    13.91306749222));
#7170 = CARTESIAN_POINT('',(-3.185005863697,1.915727658861,
    14.029600943489));
#7171 = CARTESIAN_POINT('',(-3.371397475948,-1.565545102212,
    14.146134394759));
#7172 = CARTESIAN_POINT('',(-0.590675622122,-3.669647975243,
    14.262667846028));
#7173 = CARTESIAN_POINT('',(2.707609107655,-2.54505029069,
    14.379201297298));
#7174 = CARTESIAN_POINT('',(3.627923202677,0.818045696204,
    14.495734748567));
#7175 = CARTESIAN_POINT('',(1.348285199885,3.462650784187,
    14.612268199837));
#7176 = CARTESIAN_POINT('',(-0.949579588973,3.192416050401,
    14.68995716735));
#7177 = CARTESIAN_POINT('',(-1.798050938655,2.607289304325,
    14.728801651106));
#7178 = CARTESIAN_POINT('',(1.413587876212,-2.993615092688,
    9.917198348894));
#7179 = CARTESIAN_POINT('',(2.387778440301,-2.53360138756,9.95604283265)
  );
#7180 = CARTESIAN_POINT('',(3.837833564128,-0.598055532635,
    10.033731800163));
#7181 = CARTESIAN_POINT('',(2.643213207976,2.850510792879,
    10.150265251433));
#7182 = CARTESIAN_POINT('',(-0.880051110211,3.783227135102,
    10.266798702702));
#7183 = CARTESIAN_POINT('',(-3.627426891942,1.391576811731,
    10.383332153972));
#7184 = CARTESIAN_POINT('',(-3.184371101975,-2.226369199203,
    10.499865605241));
#7185 = CARTESIAN_POINT('',(6.061923863008E-02,-3.884586344874,
    10.616399056511));
#7186 = CARTESIAN_POINT('',(3.252052951483,-2.125823217859,
    10.73293250778));
#7187 = CARTESIAN_POINT('',(3.582562692117,1.503442474177,10.84946595905
    ));
#7188 = CARTESIAN_POINT('',(0.7612010344,3.80988906937,10.965999410319)
  );
#7189 = CARTESIAN_POINT('',(-2.729807202902,2.76460495737,
    11.082532861589));
#7190 = CARTESIAN_POINT('',(-3.819244137484,-0.712918574749,
    11.199066312858));
#7191 = CARTESIAN_POINT('',(-1.548637634829,-3.563221944866,
    11.315599764128));
#7192 = CARTESIAN_POINT('',(2.084400931065,-3.27873954353,
    11.432133215397));
#7193 = CARTESIAN_POINT('',(3.883659875417,-0.109733426238,
    11.548666666667));
#7194 = CARTESIAN_POINT('',(2.266211829034,3.155809545911,
    11.665200117936));
#7195 = CARTESIAN_POINT('',(-1.344968213773,3.644984897552,
    11.781733569206));
#7196 = CARTESIAN_POINT('',(-3.772893351264,0.927431429008,
    11.898267020475));
#7197 = CARTESIAN_POINT('',(-2.881560923221,-2.606042859717,
    12.014800471745));
#7198 = CARTESIAN_POINT('',(0.544866253814,-3.846813501781,
    12.131333923014));
#7199 = CARTESIAN_POINT('',(3.491939524907,-1.70329431798,
    12.247867374284));
#7200 = CARTESIAN_POINT('',(3.366928537919,1.938722589153,
    12.364400825553));
#7201 = CARTESIAN_POINT('',(0.279813589193,3.875120325173,
    12.480934276823));
#7202 = CARTESIAN_POINT('',(-3.053471465857,2.402324990343,
    12.597467728092));
#7203 = CARTESIAN_POINT('',(-3.700420796018,-1.18395045222,
    12.714001179362));
#7204 = CARTESIAN_POINT('',(-1.091871703148,-3.728628364344,
    12.830534630631));
#7205 = CARTESIAN_POINT('',(2.477267688486,-2.992991680413,
    12.947068081901));
#7206 = CARTESIAN_POINT('',(3.866994282495,0.375772754825,13.06360153317
    ));
#7207 = CARTESIAN_POINT('',(1.854678318949,3.413945486674,13.18013498444
    ));
#7208 = CARTESIAN_POINT('',(-1.789320592189,3.4486507585,13.296668435709
    ));
#7209 = CARTESIAN_POINT('',(-3.859133224934,0.449354987277,
    13.413201886979));
#7210 = CARTESIAN_POINT('',(-2.533828625657,-2.945265891515,
    13.529735338248));
#7211 = CARTESIAN_POINT('',(1.020669523032,-3.748749346127,
    13.646268789518));
#7212 = CARTESIAN_POINT('',(3.677177773084,-1.254211051147,
    13.762802240787));
#7213 = CARTESIAN_POINT('',(3.098715539337,2.343727100662,
    13.879335692057));
#7214 = CARTESIAN_POINT('',(-0.206041053747,3.87975770339,
    13.995869143326));
#7215 = CARTESIAN_POINT('',(-3.32923033066,2.002476259106,
    14.112402594596));
#7216 = CARTESIAN_POINT('',(-3.52406218826,-1.636436622522,
    14.228936045865));
#7217 = CARTESIAN_POINT('',(-0.617422786929,-3.83581816325,
    14.345469497135));
#7218 = CARTESIAN_POINT('',(2.830215940109,-2.660296082151,
    14.462002948404));
#7219 = CARTESIAN_POINT('',(3.79220399602,0.855088706339,14.578536399674
    ));
#7220 = CARTESIAN_POINT('',(1.40933868694,3.619447658353,14.695069850943
    ));
#7221 = CARTESIAN_POINT('',(-0.992578759436,3.336976067838,
    14.772758818456));
#7222 = CARTESIAN_POINT('',(-1.879470863547,2.725353422957,
    14.811603302213));
#7223 = CARTESIAN_POINT('',(1.474825440966,-3.123300484853,10.));
#7224 = CARTESIAN_POINT('',(2.491218586694,-2.643358680786,
    10.038844483757));
#7225 = CARTESIAN_POINT('',(4.004091060639,-0.623963695136,
    10.11653345127));
#7226 = CARTESIAN_POINT('',(2.757718957993,2.973996811822,
    10.233066902539));
#7227 = CARTESIAN_POINT('',(-0.918175508244,3.947119044874,
    10.349600353808));
#7228 = CARTESIAN_POINT('',(-3.784569431803,1.451860842566,
    10.466133805078));
#7229 = CARTESIAN_POINT('',(-3.322320171034,-2.322816990172,
    10.582667256348));
#7230 = CARTESIAN_POINT('',(6.324530427013E-02,-4.052869202868,
    10.699200707617));
#7231 = CARTESIAN_POINT('',(3.392934043171,-2.217915290202,
    10.815734158886));
#7232 = CARTESIAN_POINT('',(3.737761685072,1.568572599735,
    10.932267610156));
#7233 = CARTESIAN_POINT('',(0.794176768289,3.974935991826,
    11.048801061426));
#7234 = CARTESIAN_POINT('',(-2.848064262237,2.884369478518,
    11.165334512695));
#7235 = CARTESIAN_POINT('',(-3.984696327697,-0.743802680449,
    11.281867963964));
#7236 = CARTESIAN_POINT('',(-1.615725644735,-3.717583083817,
    11.398401415234));
#7237 = CARTESIAN_POINT('',(2.174698562459,-3.420776716093,
    11.514934866504));
#7238 = CARTESIAN_POINT('',(4.051902598139,-0.114487151073,
    11.631468317773));
#7239 = CARTESIAN_POINT('',(2.364385629164,3.29252130941,11.748001769042
    ));
#7240 = CARTESIAN_POINT('',(-1.403233129218,3.802888061865,
    11.864535220312));
#7241 = CARTESIAN_POINT('',(-3.936337594664,0.96760837389,
    11.981068671581));
#7242 = CARTESIAN_POINT('',(-3.006392054413,-2.718938365584,
    12.097602122851));
#7243 = CARTESIAN_POINT('',(0.568470221464,-4.013460015149,
    12.21413557412));
#7244 = CARTESIAN_POINT('',(3.643212662127,-1.777082158019,
    12.33066902539));
#7245 = CARTESIAN_POINT('',(3.512786116235,2.022709338113,
    12.447202476659));
#7246 = CARTESIAN_POINT('',(0.291935299541,4.042993108913,
    12.563735927929));
#7247 = CARTESIAN_POINT('',(-3.185749875823,2.506395302936,
    12.680269379198));
#7248 = CARTESIAN_POINT('',(-3.860725480237,-1.235239971395,
    12.796802830468));
#7249 = CARTESIAN_POINT('',(-1.139172309817,-3.890155019139,
    12.913336281737));
#7250 = CARTESIAN_POINT('',(2.584584568489,-3.122650065944,
    13.029869733007));
#7251 = CARTESIAN_POINT('',(4.034515040674,0.3920514799,13.146403184276)
  );
#7252 = CARTESIAN_POINT('',(1.935024214357,3.561839870407,
    13.262936635546));
#7253 = CARTESIAN_POINT('',(-1.866835147508,3.598048597636,
    13.379470086815));
#7254 = CARTESIAN_POINT('',(-4.026313436884,0.468821343486,
    13.496003538085));
#7255 = CARTESIAN_POINT('',(-2.643595762988,-3.072856764204,
    13.612536989354));
#7256 = CARTESIAN_POINT('',(1.064885604014,-3.911147655203,
    13.729070440624));
#7257 = CARTESIAN_POINT('',(3.836475554126,-1.308544306087,
    13.845603891893));
#7258 = CARTESIAN_POINT('',(3.232953952587,2.445258913793,
    13.962137343163));
#7259 = CARTESIAN_POINT('',(-0.214966888909,4.047831381431,
    14.078670794432));
#7260 = CARTESIAN_POINT('',(-3.473454797624,2.089224859351,
    14.195204245702));
#7261 = CARTESIAN_POINT('',(-3.676726900571,-1.707328142833,
    14.311737696971));
#7262 = CARTESIAN_POINT('',(-0.644169951737,-4.001988351257,
    14.428271148241));
#7263 = CARTESIAN_POINT('',(2.952822772564,-2.775541873612,
    14.54480459951));
#7264 = CARTESIAN_POINT('',(3.956484789363,0.892131716473,14.66133805078
    ));
#7265 = CARTESIAN_POINT('',(1.470392173995,3.77624453252,14.777871502049
    ));
#7266 = CARTESIAN_POINT('',(-1.0355779299,3.481536085276,14.855560469562
    ));
#7267 = CARTESIAN_POINT('',(-1.960890788438,2.843417541589,
    14.894404953319));
#7268 = ADVANCED_FACE('',(#7269),#7285,.T.);
#7269 = FACE_BOUND('',#7270,.T.);
#7270 = EDGE_LOOP('',(#7271,#7272,#7273,#7274));
#7271 = ORIENTED_EDGE('',*,*,#4922,.T.);
#7272 = ORIENTED_EDGE('',*,*,#7060,.F.);
#7273 = ORIENTED_EDGE('',*,*,#6620,.F.);
#7274 = ORIENTED_EDGE('',*,*,#7275,.T.);
#7275 = EDGE_CURVE('',#6543,#4923,#7276,.T.);
#7276 = B_SPLINE_CURVE_WITH_KNOTS('',3,(#7277,#7278,#7279,#7280,#7281,
    #7282,#7283,#7284),.UNSPECIFIED.,.F.,.F.,(4,1,1,1,1,4),(
    11.61497238784,12.591240746255,13.56750910467,14.543777463085,
    15.5200458215,15.707963267949),.UNSPECIFIED.);
#7277 = CARTESIAN_POINT('',(-1.755423494369,2.462022018162,10.));
#7278 = CARTESIAN_POINT('',(-2.556621559054,1.890767213772,
    10.038844483757));
#7279 = CARTESIAN_POINT('',(-3.546633646827,-8.388281639152E-02,
    10.11653345127));
#7280 = CARTESIAN_POINT('',(-1.914363500639,-2.990317870704,
    10.233066902539));
#7281 = CARTESIAN_POINT('',(1.403696655319,-3.258191710608,
    10.349600353808));
#7282 = CARTESIAN_POINT('',(2.925500974234,-1.361898410019,
    10.434766318945));
#7283 = CARTESIAN_POINT('',(3.026452002366,-0.191704781059,
    10.481087800326));
#7284 = CARTESIAN_POINT('',(3.024839876217,-2.530291243733E-03,
    10.48856479795));
#7285 = CYLINDRICAL_SURFACE('',#7286,3.02375);
#7286 = AXIS2_PLACEMENT_3D('',#7287,#7288,#7289);
#7287 = CARTESIAN_POINT('',(0.,0.,8.61356479795));
#7288 = DIRECTION('',(0.,0.,1.));
#7289 = DIRECTION('',(-0.889007130714,-0.45789335171,0.));
#7290 = ADVANCED_FACE('',(#7291),#7311,.F.);
#7291 = FACE_BOUND('',#7292,.F.);
#7292 = EDGE_LOOP('',(#7293,#7294,#7295,#7296,#7297,#7298,#7299,#7300,
    #7301,#7302,#7303,#7304,#7305,#7306,#7307,#7308,#7309,#7310));
#7293 = ORIENTED_EDGE('',*,*,#4635,.T.);
#7294 = ORIENTED_EDGE('',*,*,#4551,.T.);
#7295 = ORIENTED_EDGE('',*,*,#4482,.T.);
#7296 = ORIENTED_EDGE('',*,*,#4413,.T.);
#7297 = ORIENTED_EDGE('',*,*,#4338,.T.);
#7298 = ORIENTED_EDGE('',*,*,#4269,.T.);
#7299 = ORIENTED_EDGE('',*,*,#4217,.T.);
#7300 = ORIENTED_EDGE('',*,*,#6730,.T.);
#7301 = ORIENTED_EDGE('',*,*,#5052,.F.);
#7302 = ORIENTED_EDGE('',*,*,#6542,.T.);
#7303 = ORIENTED_EDGE('',*,*,#7275,.T.);
#7304 = ORIENTED_EDGE('',*,*,#4932,.T.);
#7305 = ORIENTED_EDGE('',*,*,#4886,.T.);
#7306 = ORIENTED_EDGE('',*,*,#4841,.T.);
#7307 = ORIENTED_EDGE('',*,*,#4795,.T.);
#7308 = ORIENTED_EDGE('',*,*,#4749,.T.);
#7309 = ORIENTED_EDGE('',*,*,#4701,.T.);
#7310 = ORIENTED_EDGE('',*,*,#6945,.T.);
#7311 = B_SPLINE_SURFACE_WITH_KNOTS('',3,3,(
    (#7312,#7313,#7314,#7315,#7316,#7317,#7318,#7319,#7320,#7321,#7322
      ,#7323,#7324,#7325,#7326,#7327,#7328,#7329,#7330,#7331,#7332,#7333
      ,#7334,#7335,#7336,#7337,#7338,#7339,#7340,#7341,#7342,#7343,#7344
      ,#7345,#7346,#7347,#7348,#7349,#7350,#7351,#7352,#7353,#7354,#7355
      ,#7356)
    ,(#7357,#7358,#7359,#7360,#7361,#7362,#7363,#7364,#7365,#7366,#7367
      ,#7368,#7369,#7370,#7371,#7372,#7373,#7374,#7375,#7376,#7377,#7378
      ,#7379,#7380,#7381,#7382,#7383,#7384,#7385,#7386,#7387,#7388,#7389
      ,#7390,#7391,#7392,#7393,#7394,#7395,#7396,#7397,#7398,#7399,#7400
      ,#7401)
    ,(#7402,#7403,#7404,#7405,#7406,#7407,#7408,#7409,#7410,#7411,#7412
      ,#7413,#7414,#7415,#7416,#7417,#7418,#7419,#7420,#7421,#7422,#7423
      ,#7424,#7425,#7426,#7427,#7428,#7429,#7430,#7431,#7432,#7433,#7434
      ,#7435,#7436,#7437,#7438,#7439,#7440,#7441,#7442,#7443,#7444,#7445
      ,#7446)
    ,(#7447,#7448,#7449,#7450,#7451,#7452,#7453,#7454,#7455,#7456,#7457
      ,#7458,#7459,#7460,#7461,#7462,#7463,#7464,#7465,#7466,#7467,#7468
      ,#7469,#7470,#7471,#7472,#7473,#7474,#7475,#7476,#7477,#7478,#7479
      ,#7480,#7481,#7482,#7483,#7484,#7485,#7486,#7487,#7488,#7489,#7490
      ,#7491
    )),.UNSPECIFIED.,.F.,.F.,.F.,(4,4),(4,1,1,1,1,1,1,1,1,1,1,1,1,1,1,1,
    1,1,1,1,1,1,1,1,1,1,1,1,1,1,1,1,1,1,1,1,1,1,1,1,1,1,4),(
    -2.480287263957E-15,4.968099066377E-02),(11.61497238784,
    12.591240746255,13.56750910467,14.543777463085,15.5200458215,
    16.496314179916,17.472582538331,18.448850896746,19.425119255161,
    20.401387613577,21.377655971992,22.353924330407,23.330192688822,
    24.306461047238,25.282729405653,26.258997764068,27.235266122483,
    28.211534480899,29.187802839314,30.164071197729,31.140339556144,
    32.11660791456,33.092876272975,34.06914463139,35.045412989805,
    36.02168134822,36.997949706636,37.974218065051,38.950486423466,
    39.926754781881,40.903023140297,41.879291498712,42.855559857127,
    43.831828215542,44.808096573957,45.784364932373,46.760633290788,
    47.736901649203,48.713170007619,49.689438366034,50.665706724449,
    51.641975082864,52.618243441279),.UNSPECIFIED.);
#7312 = CARTESIAN_POINT('',(-2.005203058967,2.812343629841,
    9.751595046681));
#7313 = CARTESIAN_POINT('',(-2.920403758569,2.159804863619,
    9.790439530438));
#7314 = CARTESIAN_POINT('',(-4.051284866851,-9.581851932742E-02,
    9.868128497951));
#7315 = CARTESIAN_POINT('',(-2.186758670925,-3.415810806254,
    9.98466194922));
#7316 = CARTESIAN_POINT('',(1.603428936742,-3.7218004691,10.10119540049)
  );
#7317 = CARTESIAN_POINT('',(3.982020096948,-0.757880321235,
    10.217728851759));
#7318 = CARTESIAN_POINT('',(2.857866511742,2.875045907199,
    10.334262303029));
#7319 = CARTESIAN_POINT('',(-0.780791910792,3.977450031372,
    10.450795754298));
#7320 = CARTESIAN_POINT('',(-3.732405528871,1.581232841475,
    10.567329205568));
#7321 = CARTESIAN_POINT('',(-3.400449515228,-2.206405194316,
    10.683862656837));
#7322 = CARTESIAN_POINT('',(-7.686383523607E-02,-4.05276726582,
    10.800396108107));
#7323 = CARTESIAN_POINT('',(3.314325802484,-2.333730919166,
    10.916929559376));
#7324 = CARTESIAN_POINT('',(3.789698800089,1.438481268641,
    11.033463010646));
#7325 = CARTESIAN_POINT('',(0.931024731786,3.945146929077,
    11.149996461915));
#7326 = CARTESIAN_POINT('',(-2.74672930079,2.981023887664,
    11.266529913185));
#7327 = CARTESIAN_POINT('',(-4.008009850867,-0.605703785556,
    11.383063364454));
#7328 = CARTESIAN_POINT('',(-1.743185194696,-3.659551804175,
    11.499596815724));
#7329 = CARTESIAN_POINT('',(2.055231466532,-3.493857826903,
    11.616130266993));
#7330 = CARTESIAN_POINT('',(4.045528744095,-0.254391174221,
    11.732663718263));
#7331 = CARTESIAN_POINT('',(2.476713596816,3.208879374944,
    11.849197169532));
#7332 = CARTESIAN_POINT('',(-1.271026050993,3.84909216945,
    11.965730620802));
#7333 = CARTESIAN_POINT('',(-3.900562208474,1.103010435198,
    12.082264072071));
#7334 = CARTESIAN_POINT('',(-3.098522409376,-2.61346059996,
    12.198797523341));
#7335 = CARTESIAN_POINT('',(0.429487186981,-4.030701963498,
    12.31533097461));
#7336 = CARTESIAN_POINT('',(3.579649289895,-1.901875051779,
    12.43186442588));
#7337 = CARTESIAN_POINT('',(3.580563124359,1.900153887473,
    12.548397877149));
#7338 = CARTESIAN_POINT('',(0.431425063905,4.030495019604,
    12.664931328419));
#7339 = CARTESIAN_POINT('',(-3.097265848821,2.614949934007,
    12.781464779688));
#7340 = CARTESIAN_POINT('',(-3.901091587338,-1.101135076928,
    12.897998230958));
#7341 = CARTESIAN_POINT('',(-1.272877253327,-3.848480679235,
    13.014531682227));
#7342 = CARTESIAN_POINT('',(2.475172296557,-3.210069683511,
    13.131065133497));
#7343 = CARTESIAN_POINT('',(4.045647323472,0.252446186914,
    13.247598584766));
#7344 = CARTESIAN_POINT('',(2.056917233317,3.49286942941,13.364132036035
    ));
#7345 = CARTESIAN_POINT('',(-1.741437854648,3.660389286194,
    13.480665487305));
#7346 = CARTESIAN_POINT('',(-4.007694508808,0.6076308782,13.597198938575
    ));
#7347 = CARTESIAN_POINT('',(-2.748208031911,-2.979703575938,
    13.713732389844));
#7348 = CARTESIAN_POINT('',(0.929216919733,-3.945593015884,
    13.830265841113));
#7349 = CARTESIAN_POINT('',(3.788834392994,-1.440305072711,
    13.946799292383));
#7350 = CARTESIAN_POINT('',(3.315781556093,2.332141213502,
    14.063332743653));
#7351 = CARTESIAN_POINT('',(-7.556342519109E-02,4.052796170866,
    14.179866194922));
#7352 = CARTESIAN_POINT('',(-3.398129227793,2.208053631185,
    14.296399646191));
#7353 = CARTESIAN_POINT('',(-3.735638012531,-1.579457371479,
    14.412933097461));
#7354 = CARTESIAN_POINT('',(-0.777590529098,-3.977114938002,
    14.529466548731));
#7355 = CARTESIAN_POINT('',(1.636427076942,-3.242779916033,
    14.607155516244));
#7356 = CARTESIAN_POINT('',(2.433946629015,-2.450718222706,14.646));
#7357 = CARTESIAN_POINT('',(-1.921943204101,2.695569759282,
    9.834396697787));
#7358 = CARTESIAN_POINT('',(-2.799143025397,2.070125647003,
    9.873241181544));
#7359 = CARTESIAN_POINT('',(-3.88306779351,-9.183995168212E-02,
    9.950930149057));
#7360 = CARTESIAN_POINT('',(-2.09596028083,-3.273979827737,
    10.067463600326));
#7361 = CARTESIAN_POINT('',(1.536851509601,-3.56726421627,
    10.183997051596));
#7362 = CARTESIAN_POINT('',(3.816679028939,-0.726411685044,
    10.300530502865));
#7363 = CARTESIAN_POINT('',(2.739202444315,2.755668518513,
    10.417063954135));
#7364 = CARTESIAN_POINT('',(-0.748371941711,3.8122987212,10.533597405404
    ));
#7365 = CARTESIAN_POINT('',(-3.577428933735,1.515577038537,
    10.650130856674));
#7366 = CARTESIAN_POINT('',(-3.259256366808,-2.114791043105,
    10.766664307943));
#7367 = CARTESIAN_POINT('',(-7.367230222021E-02,-3.884488640447,
    10.883197759213));
#7368 = CARTESIAN_POINT('',(3.176708674853,-2.236829961052,
    10.999731210482));
#7369 = CARTESIAN_POINT('',(3.632343279076,1.378752783229,
    11.116264661752));
#7370 = CARTESIAN_POINT('',(0.892366809488,3.781336905314,
    11.232798113021));
#7371 = CARTESIAN_POINT('',(-2.632679862297,2.857246091132,
    11.349331564291));
#7372 = CARTESIAN_POINT('',(-3.841589638713,-0.580553809322,
    11.46586501556));
#7373 = CARTESIAN_POINT('',(-1.670804821214,-3.507600234618,
    11.58239846683));
#7374 = CARTESIAN_POINT('',(1.969894336782,-3.348786187256,
    11.698931918099));
#7375 = CARTESIAN_POINT('',(3.877550675947,-0.243828367552,
    11.815465369369));
#7376 = CARTESIAN_POINT('',(2.373875725263,3.075640584067,
    11.931998820638));
#7377 = CARTESIAN_POINT('',(-1.21825062555,3.68927052248,12.048532271908
    ));
#7378 = CARTESIAN_POINT('',(-3.738603427332,1.057211338523,
    12.165065723177));
#7379 = CARTESIAN_POINT('',(-2.969865850156,-2.504944732065,
    12.281599174447));
#7380 = CARTESIAN_POINT('',(0.411654059959,-3.863339531555,
    12.398132625716));
#7381 = CARTESIAN_POINT('',(3.431015425103,-1.822905572815,
    12.514666076986));
#7382 = CARTESIAN_POINT('',(3.431891315417,1.821255874533,
    12.631199528255));
#7383 = CARTESIAN_POINT('',(0.413511472538,3.863141180366,
    12.747732979525));
#7384 = CARTESIAN_POINT('',(-2.968661464392,2.506372226122,
    12.864266430794));
#7385 = CARTESIAN_POINT('',(-3.739110825376,-1.055413848705,
    12.980799882064));
#7386 = CARTESIAN_POINT('',(-1.220024962433,-3.688684422505,
    13.097333333333));
#7387 = CARTESIAN_POINT('',(2.37239842273,-3.076781468753,
    13.213866784603));
#7388 = CARTESIAN_POINT('',(3.877664331682,0.241964139827,
    13.330400235872));
#7389 = CARTESIAN_POINT('',(1.971510107315,3.347838829912,
    13.446933687142));
#7390 = CARTESIAN_POINT('',(-1.669130034057,3.508402942786,
    13.563467138411));
#7391 = CARTESIAN_POINT('',(-3.841287390258,0.582400885404,
    13.680000589681));
#7392 = CARTESIAN_POINT('',(-2.634097193681,-2.855980601267,
    13.79653404095));
#7393 = CARTESIAN_POINT('',(0.890634061239,-3.781764469746,
    13.91306749222));
#7394 = CARTESIAN_POINT('',(3.631514763812,-1.380500859477,
    14.029600943489));
#7395 = CARTESIAN_POINT('',(3.178103982795,2.235306262999,
    14.146134394759));
#7396 = CARTESIAN_POINT('',(-7.242588768014E-02,3.8845163453,
    14.262667846028));
#7397 = CARTESIAN_POINT('',(-3.257032422133,2.116371033731,
    14.379201297298));
#7398 = CARTESIAN_POINT('',(-3.58052719851,-1.513875289441,
    14.495734748567));
#7399 = CARTESIAN_POINT('',(-0.74530348749,-3.811977541546,
    14.612268199837));
#7400 = CARTESIAN_POINT('',(1.568479504094,-3.108133510042,
    14.68995716735));
#7401 = CARTESIAN_POINT('',(2.332884523521,-2.348959728659,
    14.728801651106));
#7402 = CARTESIAN_POINT('',(-1.838683349235,2.578795888722,
    9.917198348894));
#7403 = CARTESIAN_POINT('',(-2.677882292225,1.980446430388,9.95604283265
    ));
#7404 = CARTESIAN_POINT('',(-3.714850720168,-8.786138403682E-02,
    10.033731800163));
#7405 = CARTESIAN_POINT('',(-2.005161890735,-3.132148849221,
    10.150265251433));
#7406 = CARTESIAN_POINT('',(1.47027408246,-3.412727963439,
    10.266798702702));
#7407 = CARTESIAN_POINT('',(3.651337960929,-0.694943048853,
    10.383332153972));
#7408 = CARTESIAN_POINT('',(2.620538376888,2.636291129826,
    10.499865605241));
#7409 = CARTESIAN_POINT('',(-0.71595197263,3.647147411028,
    10.616399056511));
#7410 = CARTESIAN_POINT('',(-3.4224523386,1.449921235599,10.73293250778)
  );
#7411 = CARTESIAN_POINT('',(-3.118063218388,-2.023176891893,
    10.84946595905));
#7412 = CARTESIAN_POINT('',(-7.048076920435E-02,-3.716210015074,
    10.965999410319));
#7413 = CARTESIAN_POINT('',(3.039091547221,-2.139929002939,
    11.082532861589));
#7414 = CARTESIAN_POINT('',(3.474987758062,1.319024297818,
    11.199066312858));
#7415 = CARTESIAN_POINT('',(0.85370888719,3.61752688155,11.315599764128)
  );
#7416 = CARTESIAN_POINT('',(-2.518630423804,2.733468294599,
    11.432133215397));
#7417 = CARTESIAN_POINT('',(-3.67516942656,-0.555403833088,
    11.548666666667));
#7418 = CARTESIAN_POINT('',(-1.598424447732,-3.355648665061,
    11.665200117936));
#7419 = CARTESIAN_POINT('',(1.884557207031,-3.203714547608,
    11.781733569206));
#7420 = CARTESIAN_POINT('',(3.7095726078,-0.233265560882,11.898267020475
    ));
#7421 = CARTESIAN_POINT('',(2.27103785371,2.94240179319,12.014800471745)
  );
#7422 = CARTESIAN_POINT('',(-1.165475200107,3.52944887551,
    12.131333923014));
#7423 = CARTESIAN_POINT('',(-3.576644646189,1.011412241848,
    12.247867374284));
#7424 = CARTESIAN_POINT('',(-2.841209290936,-2.396428864169,
    12.364400825553));
#7425 = CARTESIAN_POINT('',(0.393820932937,-3.695977099612,
    12.480934276823));
#7426 = CARTESIAN_POINT('',(3.282381560311,-1.743936093851,
    12.597467728092));
#7427 = CARTESIAN_POINT('',(3.283219506475,1.742357861593,
    12.714001179362));
#7428 = CARTESIAN_POINT('',(0.395597881171,3.695787341128,
    12.830534630631));
#7429 = CARTESIAN_POINT('',(-2.840057079962,2.397794518237,
    12.947068081901));
#7430 = CARTESIAN_POINT('',(-3.577130063414,-1.009692620481,
    13.06360153317));
#7431 = CARTESIAN_POINT('',(-1.167172671539,-3.528888165774,
    13.18013498444));
#7432 = CARTESIAN_POINT('',(2.269624548903,-2.943493253994,
    13.296668435709));
#7433 = CARTESIAN_POINT('',(3.709681339893,0.231482092739,
    13.413201886979));
#7434 = CARTESIAN_POINT('',(1.886102981312,3.202808230413,
    13.529735338248));
#7435 = CARTESIAN_POINT('',(-1.596822213467,3.356416599379,
    13.646268789518));
#7436 = CARTESIAN_POINT('',(-3.674880271708,0.557170892609,
    13.762802240787));
#7437 = CARTESIAN_POINT('',(-2.519986355452,-2.732257626595,
    13.879335692057));
#7438 = CARTESIAN_POINT('',(0.852051202745,-3.617935923607,
    13.995869143326));
#7439 = CARTESIAN_POINT('',(3.47419513463,-1.320696646243,
    14.112402594596));
#7440 = CARTESIAN_POINT('',(3.040426409498,2.138471312497,
    14.228936045865));
#7441 = CARTESIAN_POINT('',(-6.928835016919E-02,3.716236519734,
    14.345469497135));
#7442 = CARTESIAN_POINT('',(-3.115935616472,2.024688436277,
    14.462002948404));
#7443 = CARTESIAN_POINT('',(-3.425416384488,-1.448293207403,
    14.578536399674));
#7444 = CARTESIAN_POINT('',(-0.713016445882,-3.64684014509,
    14.695069850943));
#7445 = CARTESIAN_POINT('',(1.500531931245,-2.973487104052,
    14.772758818456));
#7446 = CARTESIAN_POINT('',(2.231822418026,-2.247201234611,
    14.811603302213));
#7447 = CARTESIAN_POINT('',(-1.755423494369,2.462022018162,10.));
#7448 = CARTESIAN_POINT('',(-2.556621559054,1.890767213772,
    10.038844483757));
#7449 = CARTESIAN_POINT('',(-3.546633646827,-8.388281639152E-02,
    10.11653345127));
#7450 = CARTESIAN_POINT('',(-1.914363500639,-2.990317870704,
    10.233066902539));
#7451 = CARTESIAN_POINT('',(1.403696655319,-3.258191710608,
    10.349600353808));
#7452 = CARTESIAN_POINT('',(3.48599689292,-0.663474412662,
    10.466133805078));
#7453 = CARTESIAN_POINT('',(2.501874309461,2.516913741139,
    10.582667256348));
#7454 = CARTESIAN_POINT('',(-0.683532003549,3.481996100857,
    10.699200707617));
#7455 = CARTESIAN_POINT('',(-3.267475743464,1.384265432661,
    10.815734158886));
#7456 = CARTESIAN_POINT('',(-2.976870069968,-1.931562740681,
    10.932267610156));
#7457 = CARTESIAN_POINT('',(-6.728923618849E-02,-3.5479313897,
    11.048801061426));
#7458 = CARTESIAN_POINT('',(2.901474419589,-2.043028044826,
    11.165334512695));
#7459 = CARTESIAN_POINT('',(3.317632237049,1.259295812407,
    11.281867963964));
#7460 = CARTESIAN_POINT('',(0.815050964892,3.453716857787,
    11.398401415234));
#7461 = CARTESIAN_POINT('',(-2.404580985311,2.609690498067,
    11.514934866504));
#7462 = CARTESIAN_POINT('',(-3.508749214406,-0.530253856854,
    11.631468317773));
#7463 = CARTESIAN_POINT('',(-1.52604407425,-3.203697095505,
    11.748001769042));
#7464 = CARTESIAN_POINT('',(1.79922007728,-3.058642907961,
    11.864535220312));
#7465 = CARTESIAN_POINT('',(3.541594539652,-0.222702754213,
    11.981068671581));
#7466 = CARTESIAN_POINT('',(2.168199982158,2.809163002313,
    12.097602122851));
#7467 = CARTESIAN_POINT('',(-1.112699774664,3.36962722854,12.21413557412
    ));
#7468 = CARTESIAN_POINT('',(-3.414685865047,0.965613145174,
    12.33066902539));
#7469 = CARTESIAN_POINT('',(-2.712552731717,-2.287912996274,
    12.447202476659));
#7470 = CARTESIAN_POINT('',(0.375987805916,-3.528614667669,
    12.563735927929));
#7471 = CARTESIAN_POINT('',(3.133747695518,-1.664966614886,
    12.680269379198));
#7472 = CARTESIAN_POINT('',(3.134547697533,1.663459848653,
    12.796802830468));
#7473 = CARTESIAN_POINT('',(0.377684289804,3.52843350189,12.913336281737
    ));
#7474 = CARTESIAN_POINT('',(-2.711452695533,2.289216810351,
    13.029869733007));
#7475 = CARTESIAN_POINT('',(-3.415149301452,-0.963971392258,
    13.146403184276));
#7476 = CARTESIAN_POINT('',(-1.114320380644,-3.369091909044,
    13.262936635546));
#7477 = CARTESIAN_POINT('',(2.166850675076,-2.810205039235,
    13.379470086815));
#7478 = CARTESIAN_POINT('',(3.541698348103,0.221000045652,
    13.496003538085));
#7479 = CARTESIAN_POINT('',(1.80069585531,3.057777630915,13.612536989354
    ));
#7480 = CARTESIAN_POINT('',(-1.524514392876,3.204430255972,
    13.729070440624));
#7481 = CARTESIAN_POINT('',(-3.508473153158,0.531940899814,
    13.845603891893));
#7482 = CARTESIAN_POINT('',(-2.405875517223,-2.608534651924,
    13.962137343163));
#7483 = CARTESIAN_POINT('',(0.813468344251,-3.454107377469,
    14.078670794432));
#7484 = CARTESIAN_POINT('',(3.316875505448,-1.260892433008,
    14.195204245702));
#7485 = CARTESIAN_POINT('',(2.9027488362,2.041636361994,14.311737696971)
  );
#7486 = CARTESIAN_POINT('',(-6.615081265824E-02,3.547956694168,
    14.428271148241));
#7487 = CARTESIAN_POINT('',(-2.974838810811,1.933005838823,
    14.54480459951));
#7488 = CARTESIAN_POINT('',(-3.270305570467,-1.382711125365,
    14.66133805078));
#7489 = CARTESIAN_POINT('',(-0.680729404274,-3.481702748634,
    14.777871502049));
#7490 = CARTESIAN_POINT('',(1.432584358397,-2.838840698061,
    14.855560469562));
#7491 = CARTESIAN_POINT('',(2.130760312532,-2.145442740564,
    14.894404953319));
#7492 = ADVANCED_FACE('',(#7493),#7504,.T.);
#7493 = FACE_BOUND('',#7494,.T.);
#7494 = EDGE_LOOP('',(#7495,#7496,#7497));
#7495 = ORIENTED_EDGE('',*,*,#4616,.T.);
#7496 = ORIENTED_EDGE('',*,*,#7080,.T.);
#7497 = ORIENTED_EDGE('',*,*,#7498,.T.);
#7498 = EDGE_CURVE('',#6837,#4617,#7499,.T.);
#7499 = CIRCLE('',#7500,3.454);
#7500 = AXIS2_PLACEMENT_3D('',#7501,#7502,#7503);
#7501 = CARTESIAN_POINT('',(0.,0.,14.646));
#7502 = DIRECTION('',(0.,0.,-1.));
#7503 = DIRECTION('',(-1.,0.,0.));
#7504 = CYLINDRICAL_SURFACE('',#7505,3.454);
#7505 = AXIS2_PLACEMENT_3D('',#7506,#7507,#7508);
#7506 = CARTESIAN_POINT('',(0.,0.,10.));
#7507 = DIRECTION('',(0.,0.,1.));
#7508 = DIRECTION('',(-1.,0.,0.));
#7509 = ADVANCED_FACE('',(#7510),#7523,.T.);
#7510 = FACE_BOUND('',#7511,.T.);
#7511 = EDGE_LOOP('',(#7512,#7513,#7519,#7520,#7521,#7522));
#7512 = ORIENTED_EDGE('',*,*,#6808,.T.);
#7513 = ORIENTED_EDGE('',*,*,#7514,.T.);
#7514 = EDGE_CURVE('',#6809,#4617,#7515,.T.);
#7515 = LINE('',#7516,#7517);
#7516 = CARTESIAN_POINT('',(3.3,4.041334437186E-16,14.8));
#7517 = VECTOR('',#7518,1.);
#7518 = DIRECTION('',(0.707106781187,8.659560562355E-17,-0.707106781187)
  );
#7519 = ORIENTED_EDGE('',*,*,#7498,.F.);
#7520 = ORIENTED_EDGE('',*,*,#6938,.F.);
#7521 = ORIENTED_EDGE('',*,*,#4626,.F.);
#7522 = ORIENTED_EDGE('',*,*,#7514,.F.);
#7523 = CONICAL_SURFACE('',#7524,3.3,0.785398163397);
#7524 = AXIS2_PLACEMENT_3D('',#7525,#7526,#7527);
#7525 = CARTESIAN_POINT('',(0.,0.,14.8));
#7526 = DIRECTION('',(0.,0.,-1.));
#7527 = DIRECTION('',(-1.,0.,0.));
#7528 = ADVANCED_FACE('',(#7529),#7540,.F.);
#7529 = FACE_BOUND('',#7530,.F.);
#7530 = EDGE_LOOP('',(#7531,#7537,#7538,#7539));
#7531 = ORIENTED_EDGE('',*,*,#7532,.T.);
#7532 = EDGE_CURVE('',#6096,#5823,#7533,.T.);
#7533 = LINE('',#7534,#7535);
#7534 = CARTESIAN_POINT('',(4.45,3.65,7.5));
#7535 = VECTOR('',#7536,1.);
#7536 = DIRECTION('',(0.,0.,-1.));
#7537 = ORIENTED_EDGE('',*,*,#5822,.F.);
#7538 = ORIENTED_EDGE('',*,*,#7532,.F.);
#7539 = ORIENTED_EDGE('',*,*,#6095,.T.);
#7540 = CYLINDRICAL_SURFACE('',#7541,0.6);
#7541 = AXIS2_PLACEMENT_3D('',#7542,#7543,#7544);
#7542 = CARTESIAN_POINT('',(3.85,3.65,7.5));
#7543 = DIRECTION('',(0.,0.,1.));
#7544 = DIRECTION('',(-1.,0.,0.));
#7545 = ADVANCED_FACE('',(#7546),#7565,.F.);
#7546 = FACE_BOUND('',#7547,.F.);
#7547 = EDGE_LOOP('',(#7548,#7556,#7557,#7558));
#7548 = ORIENTED_EDGE('',*,*,#7549,.T.);
#7549 = EDGE_CURVE('',#7550,#5812,#7552,.T.);
#7550 = VERTEX_POINT('',#7551);
#7551 = CARTESIAN_POINT('',(-3.25,-3.65,9.2));
#7552 = LINE('',#7553,#7554);
#7553 = CARTESIAN_POINT('',(-3.25,-3.65,7.5));
#7554 = VECTOR('',#7555,1.);
#7555 = DIRECTION('',(0.,0.,-1.));
#7556 = ORIENTED_EDGE('',*,*,#5811,.F.);
#7557 = ORIENTED_EDGE('',*,*,#7549,.F.);
#7558 = ORIENTED_EDGE('',*,*,#7559,.T.);
#7559 = EDGE_CURVE('',#7550,#7550,#7560,.T.);
#7560 = CIRCLE('',#7561,0.6);
#7561 = AXIS2_PLACEMENT_3D('',#7562,#7563,#7564);
#7562 = CARTESIAN_POINT('',(-3.85,-3.65,9.2));
#7563 = DIRECTION('',(0.,0.,-1.));
#7564 = DIRECTION('',(-1.,0.,0.));
#7565 = CYLINDRICAL_SURFACE('',#7566,0.6);
#7566 = AXIS2_PLACEMENT_3D('',#7567,#7568,#7569);
#7567 = CARTESIAN_POINT('',(-3.85,-3.65,7.5));
#7568 = DIRECTION('',(0.,0.,1.));
#7569 = DIRECTION('',(-1.,0.,0.));
#7570 = ADVANCED_FACE('',(#7571,#7581),#7584,.T.);
#7571 = FACE_BOUND('',#7572,.T.);
#7572 = EDGE_LOOP('',(#7573,#7574,#7575,#7576,#7577,#7578,#7579,#7580));
#7573 = ORIENTED_EDGE('',*,*,#6467,.F.);
#7574 = ORIENTED_EDGE('',*,*,#6432,.T.);
#7575 = ORIENTED_EDGE('',*,*,#5588,.T.);
#7576 = ORIENTED_EDGE('',*,*,#5620,.F.);
#7577 = ORIENTED_EDGE('',*,*,#5636,.F.);
#7578 = ORIENTED_EDGE('',*,*,#5669,.F.);
#7579 = ORIENTED_EDGE('',*,*,#5693,.T.);
#7580 = ORIENTED_EDGE('',*,*,#5743,.T.);
#7581 = FACE_BOUND('',#7582,.T.);
#7582 = EDGE_LOOP('',(#7583));
#7583 = ORIENTED_EDGE('',*,*,#7559,.T.);
#7584 = PLANE('',#7585);
#7585 = AXIS2_PLACEMENT_3D('',#7586,#7587,#7588);
#7586 = CARTESIAN_POINT('',(-3.5,-4.05,9.2));
#7587 = DIRECTION('',(0.,0.,1.));
#7588 = DIRECTION('',(-1.,0.,0.));
#7589 = ADVANCED_FACE('',(#7590),#7609,.T.);
#7590 = FACE_BOUND('',#7591,.T.);
#7591 = EDGE_LOOP('',(#7592,#7601,#7607,#7608));
#7592 = ORIENTED_EDGE('',*,*,#7593,.T.);
#7593 = EDGE_CURVE('',#7594,#7594,#7596,.T.);
#7594 = VERTEX_POINT('',#7595);
#7595 = CARTESIAN_POINT('',(3.16,-3.869883885306E-16,15.2));
#7596 = CIRCLE('',#7597,3.16);
#7597 = AXIS2_PLACEMENT_3D('',#7598,#7599,#7600);
#7598 = CARTESIAN_POINT('',(0.,0.,15.2));
#7599 = DIRECTION('',(0.,0.,-1.));
#7600 = DIRECTION('',(-1.,0.,0.));
#7601 = ORIENTED_EDGE('',*,*,#7602,.T.);
#7602 = EDGE_CURVE('',#7594,#6820,#7603,.T.);
#7603 = LINE('',#7604,#7605);
#7604 = CARTESIAN_POINT('',(3.06,3.747419205391E-16,15.1));
#7605 = VECTOR('',#7606,1.);
#7606 = DIRECTION('',(-0.707106781187,-8.659560562355E-17,
    -0.707106781187));
#7607 = ORIENTED_EDGE('',*,*,#6819,.T.);
#7608 = ORIENTED_EDGE('',*,*,#7602,.F.);
#7609 = CONICAL_SURFACE('',#7610,3.06,0.785398163397);
#7610 = AXIS2_PLACEMENT_3D('',#7611,#7612,#7613);
#7611 = CARTESIAN_POINT('',(0.,0.,15.1));
#7612 = DIRECTION('',(0.,0.,1.));
#7613 = DIRECTION('',(-1.,0.,0.));
#7614 = ADVANCED_FACE('',(#7615),#7634,.T.);
#7615 = FACE_BOUND('',#7616,.T.);
#7616 = EDGE_LOOP('',(#7617,#7626,#7632,#7633));
#7617 = ORIENTED_EDGE('',*,*,#7618,.F.);
#7618 = EDGE_CURVE('',#7619,#7619,#7621,.T.);
#7619 = VERTEX_POINT('',#7620);
#7620 = CARTESIAN_POINT('',(3.16,3.869883885306E-16,24.4));
#7621 = CIRCLE('',#7622,3.16);
#7622 = AXIS2_PLACEMENT_3D('',#7623,#7624,#7625);
#7623 = CARTESIAN_POINT('',(0.,0.,24.4));
#7624 = DIRECTION('',(0.,0.,1.));
#7625 = DIRECTION('',(-1.,0.,0.));
#7626 = ORIENTED_EDGE('',*,*,#7627,.T.);
#7627 = EDGE_CURVE('',#7619,#7594,#7628,.T.);
#7628 = LINE('',#7629,#7630);
#7629 = CARTESIAN_POINT('',(3.16,3.869883885306E-16,15.));
#7630 = VECTOR('',#7631,1.);
#7631 = DIRECTION('',(0.,0.,-1.));
#7632 = ORIENTED_EDGE('',*,*,#7593,.F.);
#7633 = ORIENTED_EDGE('',*,*,#7627,.F.);
#7634 = CYLINDRICAL_SURFACE('',#7635,3.16);
#7635 = AXIS2_PLACEMENT_3D('',#7636,#7637,#7638);
#7636 = CARTESIAN_POINT('',(0.,0.,15.));
#7637 = DIRECTION('',(0.,0.,1.));
#7638 = DIRECTION('',(-1.,0.,0.));
#7639 = ADVANCED_FACE('',(#7640),#7659,.T.);
#7640 = FACE_BOUND('',#7641,.T.);
#7641 = EDGE_LOOP('',(#7642,#7651,#7657,#7658));
#7642 = ORIENTED_EDGE('',*,*,#7643,.T.);
#7643 = EDGE_CURVE('',#7644,#7644,#7646,.T.);
#7644 = VERTEX_POINT('',#7645);
#7645 = CARTESIAN_POINT('',(2.56,-3.135095805817E-16,25.));
#7646 = CIRCLE('',#7647,2.56);
#7647 = AXIS2_PLACEMENT_3D('',#7648,#7649,#7650);
#7648 = CARTESIAN_POINT('',(0.,0.,25.));
#7649 = DIRECTION('',(0.,0.,-1.));
#7650 = DIRECTION('',(-1.,0.,0.));
#7651 = ORIENTED_EDGE('',*,*,#7652,.T.);
#7652 = EDGE_CURVE('',#7644,#7619,#7653,.T.);
#7653 = LINE('',#7654,#7655);
#7654 = CARTESIAN_POINT('',(2.86,3.502489845561E-16,24.7));
#7655 = VECTOR('',#7656,1.);
#7656 = DIRECTION('',(0.707106781187,8.659560562355E-17,-0.707106781187)
  );
#7657 = ORIENTED_EDGE('',*,*,#7618,.T.);
#7658 = ORIENTED_EDGE('',*,*,#7652,.F.);
#7659 = CONICAL_SURFACE('',#7660,2.86,0.785398163397);
#7660 = AXIS2_PLACEMENT_3D('',#7661,#7662,#7663);
#7661 = CARTESIAN_POINT('',(0.,0.,24.7));
#7662 = DIRECTION('',(0.,0.,-1.));
#7663 = DIRECTION('',(-1.,0.,0.));
#7664 = ADVANCED_FACE('',(#7665),#7668,.T.);
#7665 = FACE_BOUND('',#7666,.T.);
#7666 = EDGE_LOOP('',(#7667));
#7667 = ORIENTED_EDGE('',*,*,#7643,.F.);
#7668 = PLANE('',#7669);
#7669 = AXIS2_PLACEMENT_3D('',#7670,#7671,#7672);
#7670 = CARTESIAN_POINT('',(0.,0.,25.));
#7671 = DIRECTION('',(0.,0.,1.));
#7672 = DIRECTION('',(-1.,0.,0.));
#7673 = MANIFOLD_SOLID_BREP('',#7674);
#7674 = CLOSED_SHELL('',(#7675,#7711,#7737,#7763,#7783,#7811,#7828,#7885
    ,#7894,#7919));
#7675 = ADVANCED_FACE('',(#7676),#7706,.F.);
#7676 = FACE_BOUND('',#7677,.F.);
#7677 = EDGE_LOOP('',(#7678,#7689,#7698,#7699));
#7678 = ORIENTED_EDGE('',*,*,#7679,.F.);
#7679 = EDGE_CURVE('',#7680,#7682,#7684,.T.);
#7680 = VERTEX_POINT('',#7681);
#7681 = CARTESIAN_POINT('',(-4.25,-3.65,8.8));
#7682 = VERTEX_POINT('',#7683);
#7683 = CARTESIAN_POINT('',(-3.45,-3.65,8.8));
#7684 = CIRCLE('',#7685,0.4);
#7685 = AXIS2_PLACEMENT_3D('',#7686,#7687,#7688);
#7686 = CARTESIAN_POINT('',(-3.85,-3.65,8.8));
#7687 = DIRECTION('',(0.,0.,1.));
#7688 = DIRECTION('',(-1.,0.,0.));
#7689 = ORIENTED_EDGE('',*,*,#7690,.T.);
#7690 = EDGE_CURVE('',#7680,#7691,#7693,.T.);
#7691 = VERTEX_POINT('',#7692);
#7692 = CARTESIAN_POINT('',(-3.85,-3.65,8.4));
#7693 = CIRCLE('',#7694,0.4);
#7694 = AXIS2_PLACEMENT_3D('',#7695,#7696,#7697);
#7695 = CARTESIAN_POINT('',(-3.85,-3.65,8.8));
#7696 = DIRECTION('',(0.,-1.,0.));
#7697 = DIRECTION('',(-1.,0.,0.));
#7698 = ORIENTED_EDGE('',*,*,#7690,.F.);
#7699 = ORIENTED_EDGE('',*,*,#7700,.F.);
#7700 = EDGE_CURVE('',#7682,#7680,#7701,.T.);
#7701 = CIRCLE('',#7702,0.4);
#7702 = AXIS2_PLACEMENT_3D('',#7703,#7704,#7705);
#7703 = CARTESIAN_POINT('',(-3.85,-3.65,8.8));
#7704 = DIRECTION('',(0.,0.,1.));
#7705 = DIRECTION('',(-1.,0.,0.));
#7706 = SPHERICAL_SURFACE('',#7707,0.4);
#7707 = AXIS2_PLACEMENT_3D('',#7708,#7709,#7710);
#7708 = CARTESIAN_POINT('',(-3.85,-3.65,8.8));
#7709 = DIRECTION('',(0.,0.,1.));
#7710 = DIRECTION('',(1.,0.,-0.));
#7711 = ADVANCED_FACE('',(#7712),#7732,.F.);
#7712 = FACE_BOUND('',#7713,.F.);
#7713 = EDGE_LOOP('',(#7714,#7722,#7723,#7724,#7725));
#7714 = ORIENTED_EDGE('',*,*,#7715,.T.);
#7715 = EDGE_CURVE('',#7716,#7682,#7718,.T.);
#7716 = VERTEX_POINT('',#7717);
#7717 = CARTESIAN_POINT('',(-3.45,-3.65,9.2));
#7718 = LINE('',#7719,#7720);
#7719 = CARTESIAN_POINT('',(-3.45,-3.65,9.2));
#7720 = VECTOR('',#7721,1.);
#7721 = DIRECTION('',(0.,0.,-1.));
#7722 = ORIENTED_EDGE('',*,*,#7700,.T.);
#7723 = ORIENTED_EDGE('',*,*,#7679,.T.);
#7724 = ORIENTED_EDGE('',*,*,#7715,.F.);
#7725 = ORIENTED_EDGE('',*,*,#7726,.F.);
#7726 = EDGE_CURVE('',#7716,#7716,#7727,.T.);
#7727 = CIRCLE('',#7728,0.4);
#7728 = AXIS2_PLACEMENT_3D('',#7729,#7730,#7731);
#7729 = CARTESIAN_POINT('',(-3.85,-3.65,9.2));
#7730 = DIRECTION('',(0.,0.,1.));
#7731 = DIRECTION('',(-1.,0.,0.));
#7732 = CYLINDRICAL_SURFACE('',#7733,0.4);
#7733 = AXIS2_PLACEMENT_3D('',#7734,#7735,#7736);
#7734 = CARTESIAN_POINT('',(-3.85,-3.65,9.2));
#7735 = DIRECTION('',(0.,0.,-1.));
#7736 = DIRECTION('',(-1.,0.,0.));
#7737 = ADVANCED_FACE('',(#7738),#7758,.T.);
#7738 = FACE_BOUND('',#7739,.T.);
#7739 = EDGE_LOOP('',(#7740,#7749,#7756,#7757));
#7740 = ORIENTED_EDGE('',*,*,#7741,.T.);
#7741 = EDGE_CURVE('',#7742,#7742,#7744,.T.);
#7742 = VERTEX_POINT('',#7743);
#7743 = CARTESIAN_POINT('',(-3.25,-3.65,9.4));
#7744 = CIRCLE('',#7745,0.6);
#7745 = AXIS2_PLACEMENT_3D('',#7746,#7747,#7748);
#7746 = CARTESIAN_POINT('',(-3.85,-3.65,9.4));
#7747 = DIRECTION('',(0.,0.,1.));
#7748 = DIRECTION('',(-1.,0.,0.));
#7749 = ORIENTED_EDGE('',*,*,#7750,.T.);
#7750 = EDGE_CURVE('',#7742,#7716,#7751,.T.);
#7751 = CIRCLE('',#7752,0.2);
#7752 = AXIS2_PLACEMENT_3D('',#7753,#7754,#7755);
#7753 = CARTESIAN_POINT('',(-3.25,-3.65,9.2));
#7754 = DIRECTION('',(0.,-1.,0.));
#7755 = DIRECTION('',(1.,0.,0.));
#7756 = ORIENTED_EDGE('',*,*,#7726,.F.);
#7757 = ORIENTED_EDGE('',*,*,#7750,.F.);
#7758 = TOROIDAL_SURFACE('',#7759,0.6,0.2);
#7759 = AXIS2_PLACEMENT_3D('',#7760,#7761,#7762);
#7760 = CARTESIAN_POINT('',(-3.85,-3.65,9.2));
#7761 = DIRECTION('',(0.,0.,-1.));
#7762 = DIRECTION('',(-1.,0.,0.));
#7763 = ADVANCED_FACE('',(#7764,#7775),#7778,.T.);
#7764 = FACE_BOUND('',#7765,.T.);
#7765 = EDGE_LOOP('',(#7766));
#7766 = ORIENTED_EDGE('',*,*,#7767,.T.);
#7767 = EDGE_CURVE('',#7768,#7768,#7770,.T.);
#7768 = VERTEX_POINT('',#7769);
#7769 = CARTESIAN_POINT('',(-2.95,-3.65,9.4));
#7770 = CIRCLE('',#7771,0.9);
#7771 = AXIS2_PLACEMENT_3D('',#7772,#7773,#7774);
#7772 = CARTESIAN_POINT('',(-3.85,-3.65,9.4));
#7773 = DIRECTION('',(0.,0.,1.));
#7774 = DIRECTION('',(-1.,0.,0.));
#7775 = FACE_BOUND('',#7776,.T.);
#7776 = EDGE_LOOP('',(#7777));
#7777 = ORIENTED_EDGE('',*,*,#7741,.F.);
#7778 = PLANE('',#7779);
#7779 = AXIS2_PLACEMENT_3D('',#7780,#7781,#7782);
#7780 = CARTESIAN_POINT('',(-3.85,-3.65,9.4));
#7781 = DIRECTION('',(0.,0.,1.));
#7782 = DIRECTION('',(-1.,0.,0.));
#7783 = ADVANCED_FACE('',(#7784,#7795),#7806,.F.);
#7784 = FACE_BOUND('',#7785,.T.);
#7785 = EDGE_LOOP('',(#7786));
#7786 = ORIENTED_EDGE('',*,*,#7787,.F.);
#7787 = EDGE_CURVE('',#7788,#7788,#7790,.T.);
#7788 = VERTEX_POINT('',#7789);
#7789 = CARTESIAN_POINT('',(-2.95,-3.65,9.2));
#7790 = CIRCLE('',#7791,0.9);
#7791 = AXIS2_PLACEMENT_3D('',#7792,#7793,#7794);
#7792 = CARTESIAN_POINT('',(-3.85,-3.65,9.2));
#7793 = DIRECTION('',(0.,0.,1.));
#7794 = DIRECTION('',(-1.,0.,0.));
#7795 = FACE_BOUND('',#7796,.T.);
#7796 = EDGE_LOOP('',(#7797));
#7797 = ORIENTED_EDGE('',*,*,#7798,.F.);
#7798 = EDGE_CURVE('',#7799,#7799,#7801,.T.);
#7799 = VERTEX_POINT('',#7800);
#7800 = CARTESIAN_POINT('',(-4.45,-3.65,9.2));
#7801 = CIRCLE('',#7802,0.6);
#7802 = AXIS2_PLACEMENT_3D('',#7803,#7804,#7805);
#7803 = CARTESIAN_POINT('',(-3.85,-3.65,9.2));
#7804 = DIRECTION('',(0.,0.,-1.));
#7805 = DIRECTION('',(1.,0.,0.));
#7806 = PLANE('',#7807);
#7807 = AXIS2_PLACEMENT_3D('',#7808,#7809,#7810);
#7808 = CARTESIAN_POINT('',(-3.85,-3.65,9.2));
#7809 = DIRECTION('',(0.,0.,1.));
#7810 = DIRECTION('',(-1.,0.,0.));
#7811 = ADVANCED_FACE('',(#7812),#7823,.T.);
#7812 = FACE_BOUND('',#7813,.T.);
#7813 = EDGE_LOOP('',(#7814,#7815,#7821,#7822));
#7814 = ORIENTED_EDGE('',*,*,#7767,.F.);
#7815 = ORIENTED_EDGE('',*,*,#7816,.T.);
#7816 = EDGE_CURVE('',#7768,#7788,#7817,.T.);
#7817 = LINE('',#7818,#7819);
#7818 = CARTESIAN_POINT('',(-2.95,-3.65,9.2));
#7819 = VECTOR('',#7820,1.);
#7820 = DIRECTION('',(0.,0.,-1.));
#7821 = ORIENTED_EDGE('',*,*,#7787,.T.);
#7822 = ORIENTED_EDGE('',*,*,#7816,.F.);
#7823 = CYLINDRICAL_SURFACE('',#7824,0.9);
#7824 = AXIS2_PLACEMENT_3D('',#7825,#7826,#7827);
#7825 = CARTESIAN_POINT('',(-3.85,-3.65,9.2));
#7826 = DIRECTION('',(0.,0.,1.));
#7827 = DIRECTION('',(-1.,0.,0.));
#7828 = ADVANCED_FACE('',(#7829),#7857,.F.);
#7829 = FACE_BOUND('',#7830,.F.);
#7830 = EDGE_LOOP('',(#7831,#7842,#7849,#7850));
#7831 = ORIENTED_EDGE('',*,*,#7832,.T.);
#7832 = EDGE_CURVE('',#7833,#7835,#7837,.T.);
#7833 = VERTEX_POINT('',#7834);
#7834 = CARTESIAN_POINT('',(-3.45,-3.65,1.9));
#7835 = VERTEX_POINT('',#7836);
#7836 = CARTESIAN_POINT('',(-3.05,-3.65,2.3));
#7837 = CIRCLE('',#7838,0.4);
#7838 = AXIS2_PLACEMENT_3D('',#7839,#7840,#7841);
#7839 = CARTESIAN_POINT('',(-3.45,-3.65,2.3));
#7840 = DIRECTION('',(0.,-1.,0.));
#7841 = DIRECTION('',(1.,0.,0.));
#7842 = ORIENTED_EDGE('',*,*,#7843,.F.);
#7843 = EDGE_CURVE('',#7835,#7835,#7844,.T.);
#7844 = CIRCLE('',#7845,0.8);
#7845 = AXIS2_PLACEMENT_3D('',#7846,#7847,#7848);
#7846 = CARTESIAN_POINT('',(-3.85,-3.65,2.3));
#7847 = DIRECTION('',(0.,0.,-1.));
#7848 = DIRECTION('',(1.,0.,0.));
#7849 = ORIENTED_EDGE('',*,*,#7832,.F.);
#7850 = ORIENTED_EDGE('',*,*,#7851,.F.);
#7851 = EDGE_CURVE('',#7833,#7833,#7852,.T.);
#7852 = CIRCLE('',#7853,0.4);
#7853 = AXIS2_PLACEMENT_3D('',#7854,#7855,#7856);
#7854 = CARTESIAN_POINT('',(-3.85,-3.65,1.9));
#7855 = DIRECTION('',(0.,0.,1.));
#7856 = DIRECTION('',(1.,0.,-0.));
#7857 = ( BOUNDED_SURFACE() B_SPLINE_SURFACE(2,2,(
    (#7858,#7859,#7860,#7861,#7862,#7863,#7864,#7865,#7866)
    ,(#7867,#7868,#7869,#7870,#7871,#7872,#7873,#7874,#7875)
    ,(#7876,#7877,#7878,#7879,#7880,#7881,#7882,#7883,#7884
)),.UNSPECIFIED.,.F.,.T.,.F.) B_SPLINE_SURFACE_WITH_KNOTS((3,3),(1,2,2,2
    ,2,2,1),(0.,1.570796326795),(-4.712388980385,-3.14159265359,
    -1.570796326795,0.,1.570796326795,3.14159265359,4.712388980385),
.UNSPECIFIED.) GEOMETRIC_REPRESENTATION_ITEM() RATIONAL_B_SPLINE_SURFACE
((
    (1.,0.707106781187,1.,0.707106781187,1.,0.707106781187,1.
      ,0.707106781187,1.)
    ,(0.707106781187,0.5,0.707106781187,0.5,0.707106781187,0.5
      ,0.707106781187,0.5,0.707106781187)
    ,(1.,0.707106781187,1.,0.707106781187,1.,0.707106781187,1.
,0.707106781187,1.))) REPRESENTATION_ITEM('') SURFACE() );
#7858 = CARTESIAN_POINT('',(-3.05,-3.65,2.3));
#7859 = CARTESIAN_POINT('',(-3.05,-4.45,2.3));
#7860 = CARTESIAN_POINT('',(-3.85,-4.45,2.3));
#7861 = CARTESIAN_POINT('',(-4.65,-4.45,2.3));
#7862 = CARTESIAN_POINT('',(-4.65,-3.65,2.3));
#7863 = CARTESIAN_POINT('',(-4.65,-2.85,2.3));
#7864 = CARTESIAN_POINT('',(-3.85,-2.85,2.3));
#7865 = CARTESIAN_POINT('',(-3.05,-2.85,2.3));
#7866 = CARTESIAN_POINT('',(-3.05,-3.65,2.3));
#7867 = CARTESIAN_POINT('',(-3.05,-3.65,1.9));
#7868 = CARTESIAN_POINT('',(-3.05,-4.45,1.9));
#7869 = CARTESIAN_POINT('',(-3.85,-4.45,1.9));
#7870 = CARTESIAN_POINT('',(-4.65,-4.45,1.9));
#7871 = CARTESIAN_POINT('',(-4.65,-3.65,1.9));
#7872 = CARTESIAN_POINT('',(-4.65,-2.85,1.9));
#7873 = CARTESIAN_POINT('',(-3.85,-2.85,1.9));
#7874 = CARTESIAN_POINT('',(-3.05,-2.85,1.9));
#7875 = CARTESIAN_POINT('',(-3.05,-3.65,1.9));
#7876 = CARTESIAN_POINT('',(-3.45,-3.65,1.9));
#7877 = CARTESIAN_POINT('',(-3.45,-4.05,1.9));
#7878 = CARTESIAN_POINT('',(-3.85,-4.05,1.9));
#7879 = CARTESIAN_POINT('',(-4.25,-4.05,1.9));
#7880 = CARTESIAN_POINT('',(-4.25,-3.65,1.9));
#7881 = CARTESIAN_POINT('',(-4.25,-3.25,1.9));
#7882 = CARTESIAN_POINT('',(-3.85,-3.25,1.9));
#7883 = CARTESIAN_POINT('',(-3.45,-3.25,1.9));
#7884 = CARTESIAN_POINT('',(-3.45,-3.65,1.9));
#7885 = ADVANCED_FACE('',(#7886),#7889,.T.);
#7886 = FACE_BOUND('',#7887,.T.);
#7887 = EDGE_LOOP('',(#7888));
#7888 = ORIENTED_EDGE('',*,*,#7851,.F.);
#7889 = PLANE('',#7890);
#7890 = AXIS2_PLACEMENT_3D('',#7891,#7892,#7893);
#7891 = CARTESIAN_POINT('',(-3.85,-3.65,1.9));
#7892 = DIRECTION('',(0.,0.,-1.));
#7893 = DIRECTION('',(1.,0.,0.));
#7894 = ADVANCED_FACE('',(#7895),#7914,.T.);
#7895 = FACE_BOUND('',#7896,.T.);
#7896 = EDGE_LOOP('',(#7897,#7898,#7906,#7913));
#7897 = ORIENTED_EDGE('',*,*,#7798,.T.);
#7898 = ORIENTED_EDGE('',*,*,#7899,.T.);
#7899 = EDGE_CURVE('',#7799,#7900,#7902,.T.);
#7900 = VERTEX_POINT('',#7901);
#7901 = CARTESIAN_POINT('',(-4.45,-3.65,2.3));
#7902 = LINE('',#7903,#7904);
#7903 = CARTESIAN_POINT('',(-4.45,-3.65,2.3));
#7904 = VECTOR('',#7905,1.);
#7905 = DIRECTION('',(0.,0.,-1.));
#7906 = ORIENTED_EDGE('',*,*,#7907,.F.);
#7907 = EDGE_CURVE('',#7900,#7900,#7908,.T.);
#7908 = CIRCLE('',#7909,0.6);
#7909 = AXIS2_PLACEMENT_3D('',#7910,#7911,#7912);
#7910 = CARTESIAN_POINT('',(-3.85,-3.65,2.3));
#7911 = DIRECTION('',(0.,0.,-1.));
#7912 = DIRECTION('',(1.,0.,0.));
#7913 = ORIENTED_EDGE('',*,*,#7899,.F.);
#7914 = CYLINDRICAL_SURFACE('',#7915,0.6);
#7915 = AXIS2_PLACEMENT_3D('',#7916,#7917,#7918);
#7916 = CARTESIAN_POINT('',(-3.85,-3.65,2.3));
#7917 = DIRECTION('',(0.,0.,1.));
#7918 = DIRECTION('',(1.,0.,-0.));
#7919 = ADVANCED_FACE('',(#7920,#7923),#7926,.F.);
#7920 = FACE_BOUND('',#7921,.T.);
#7921 = EDGE_LOOP('',(#7922));
#7922 = ORIENTED_EDGE('',*,*,#7843,.F.);
#7923 = FACE_BOUND('',#7924,.T.);
#7924 = EDGE_LOOP('',(#7925));
#7925 = ORIENTED_EDGE('',*,*,#7907,.T.);
#7926 = PLANE('',#7927);
#7927 = AXIS2_PLACEMENT_3D('',#7928,#7929,#7930);
#7928 = CARTESIAN_POINT('',(-3.85,-3.65,2.3));
#7929 = DIRECTION('',(0.,0.,-1.));
#7930 = DIRECTION('',(1.,0.,0.));
#7931 = MANIFOLD_SOLID_BREP('',#7932);
#7932 = CLOSED_SHELL('',(#7933,#7969,#7995,#8021,#8041,#8069,#8086,#8143
    ,#8152,#8177));
#7933 = ADVANCED_FACE('',(#7934),#7964,.F.);
#7934 = FACE_BOUND('',#7935,.F.);
#7935 = EDGE_LOOP('',(#7936,#7947,#7956,#7957));
#7936 = ORIENTED_EDGE('',*,*,#7937,.F.);
#7937 = EDGE_CURVE('',#7938,#7940,#7942,.T.);
#7938 = VERTEX_POINT('',#7939);
#7939 = CARTESIAN_POINT('',(3.45,3.65,8.8));
#7940 = VERTEX_POINT('',#7941);
#7941 = CARTESIAN_POINT('',(4.25,3.65,8.8));
#7942 = CIRCLE('',#7943,0.4);
#7943 = AXIS2_PLACEMENT_3D('',#7944,#7945,#7946);
#7944 = CARTESIAN_POINT('',(3.85,3.65,8.8));
#7945 = DIRECTION('',(0.,0.,1.));
#7946 = DIRECTION('',(-1.,0.,0.));
#7947 = ORIENTED_EDGE('',*,*,#7948,.T.);
#7948 = EDGE_CURVE('',#7938,#7949,#7951,.T.);
#7949 = VERTEX_POINT('',#7950);
#7950 = CARTESIAN_POINT('',(3.85,3.65,8.4));
#7951 = CIRCLE('',#7952,0.4);
#7952 = AXIS2_PLACEMENT_3D('',#7953,#7954,#7955);
#7953 = CARTESIAN_POINT('',(3.85,3.65,8.8));
#7954 = DIRECTION('',(0.,-1.,0.));
#7955 = DIRECTION('',(-1.,0.,0.));
#7956 = ORIENTED_EDGE('',*,*,#7948,.F.);
#7957 = ORIENTED_EDGE('',*,*,#7958,.F.);
#7958 = EDGE_CURVE('',#7940,#7938,#7959,.T.);
#7959 = CIRCLE('',#7960,0.4);
#7960 = AXIS2_PLACEMENT_3D('',#7961,#7962,#7963);
#7961 = CARTESIAN_POINT('',(3.85,3.65,8.8));
#7962 = DIRECTION('',(0.,0.,1.));
#7963 = DIRECTION('',(-1.,0.,0.));
#7964 = SPHERICAL_SURFACE('',#7965,0.4);
#7965 = AXIS2_PLACEMENT_3D('',#7966,#7967,#7968);
#7966 = CARTESIAN_POINT('',(3.85,3.65,8.8));
#7967 = DIRECTION('',(0.,0.,1.));
#7968 = DIRECTION('',(1.,0.,-0.));
#7969 = ADVANCED_FACE('',(#7970),#7990,.F.);
#7970 = FACE_BOUND('',#7971,.F.);
#7971 = EDGE_LOOP('',(#7972,#7980,#7981,#7982,#7983));
#7972 = ORIENTED_EDGE('',*,*,#7973,.T.);
#7973 = EDGE_CURVE('',#7974,#7940,#7976,.T.);
#7974 = VERTEX_POINT('',#7975);
#7975 = CARTESIAN_POINT('',(4.25,3.65,9.2));
#7976 = LINE('',#7977,#7978);
#7977 = CARTESIAN_POINT('',(4.25,3.65,9.2));
#7978 = VECTOR('',#7979,1.);
#7979 = DIRECTION('',(0.,0.,-1.));
#7980 = ORIENTED_EDGE('',*,*,#7958,.T.);
#7981 = ORIENTED_EDGE('',*,*,#7937,.T.);
#7982 = ORIENTED_EDGE('',*,*,#7973,.F.);
#7983 = ORIENTED_EDGE('',*,*,#7984,.F.);
#7984 = EDGE_CURVE('',#7974,#7974,#7985,.T.);
#7985 = CIRCLE('',#7986,0.4);
#7986 = AXIS2_PLACEMENT_3D('',#7987,#7988,#7989);
#7987 = CARTESIAN_POINT('',(3.85,3.65,9.2));
#7988 = DIRECTION('',(0.,0.,1.));
#7989 = DIRECTION('',(-1.,0.,0.));
#7990 = CYLINDRICAL_SURFACE('',#7991,0.4);
#7991 = AXIS2_PLACEMENT_3D('',#7992,#7993,#7994);
#7992 = CARTESIAN_POINT('',(3.85,3.65,9.2));
#7993 = DIRECTION('',(0.,0.,-1.));
#7994 = DIRECTION('',(-1.,0.,0.));
#7995 = ADVANCED_FACE('',(#7996),#8016,.T.);
#7996 = FACE_BOUND('',#7997,.T.);
#7997 = EDGE_LOOP('',(#7998,#8007,#8014,#8015));
#7998 = ORIENTED_EDGE('',*,*,#7999,.T.);
#7999 = EDGE_CURVE('',#8000,#8000,#8002,.T.);
#8000 = VERTEX_POINT('',#8001);
#8001 = CARTESIAN_POINT('',(4.45,3.65,9.4));
#8002 = CIRCLE('',#8003,0.6);
#8003 = AXIS2_PLACEMENT_3D('',#8004,#8005,#8006);
#8004 = CARTESIAN_POINT('',(3.85,3.65,9.4));
#8005 = DIRECTION('',(0.,0.,1.));
#8006 = DIRECTION('',(-1.,0.,0.));
#8007 = ORIENTED_EDGE('',*,*,#8008,.T.);
#8008 = EDGE_CURVE('',#8000,#7974,#8009,.T.);
#8009 = CIRCLE('',#8010,0.2);
#8010 = AXIS2_PLACEMENT_3D('',#8011,#8012,#8013);
#8011 = CARTESIAN_POINT('',(4.45,3.65,9.2));
#8012 = DIRECTION('',(0.,-1.,0.));
#8013 = DIRECTION('',(1.,0.,0.));
#8014 = ORIENTED_EDGE('',*,*,#7984,.F.);
#8015 = ORIENTED_EDGE('',*,*,#8008,.F.);
#8016 = TOROIDAL_SURFACE('',#8017,0.6,0.2);
#8017 = AXIS2_PLACEMENT_3D('',#8018,#8019,#8020);
#8018 = CARTESIAN_POINT('',(3.85,3.65,9.2));
#8019 = DIRECTION('',(0.,0.,-1.));
#8020 = DIRECTION('',(-1.,0.,0.));
#8021 = ADVANCED_FACE('',(#8022,#8033),#8036,.T.);
#8022 = FACE_BOUND('',#8023,.T.);
#8023 = EDGE_LOOP('',(#8024));
#8024 = ORIENTED_EDGE('',*,*,#8025,.T.);
#8025 = EDGE_CURVE('',#8026,#8026,#8028,.T.);
#8026 = VERTEX_POINT('',#8027);
#8027 = CARTESIAN_POINT('',(4.75,3.65,9.4));
#8028 = CIRCLE('',#8029,0.9);
#8029 = AXIS2_PLACEMENT_3D('',#8030,#8031,#8032);
#8030 = CARTESIAN_POINT('',(3.85,3.65,9.4));
#8031 = DIRECTION('',(0.,0.,1.));
#8032 = DIRECTION('',(-1.,0.,0.));
#8033 = FACE_BOUND('',#8034,.T.);
#8034 = EDGE_LOOP('',(#8035));
#8035 = ORIENTED_EDGE('',*,*,#7999,.F.);
#8036 = PLANE('',#8037);
#8037 = AXIS2_PLACEMENT_3D('',#8038,#8039,#8040);
#8038 = CARTESIAN_POINT('',(3.85,3.65,9.4));
#8039 = DIRECTION('',(0.,0.,1.));
#8040 = DIRECTION('',(-1.,0.,0.));
#8041 = ADVANCED_FACE('',(#8042,#8053),#8064,.F.);
#8042 = FACE_BOUND('',#8043,.T.);
#8043 = EDGE_LOOP('',(#8044));
#8044 = ORIENTED_EDGE('',*,*,#8045,.F.);
#8045 = EDGE_CURVE('',#8046,#8046,#8048,.T.);
#8046 = VERTEX_POINT('',#8047);
#8047 = CARTESIAN_POINT('',(4.75,3.65,9.2));
#8048 = CIRCLE('',#8049,0.9);
#8049 = AXIS2_PLACEMENT_3D('',#8050,#8051,#8052);
#8050 = CARTESIAN_POINT('',(3.85,3.65,9.2));
#8051 = DIRECTION('',(0.,0.,1.));
#8052 = DIRECTION('',(-1.,0.,0.));
#8053 = FACE_BOUND('',#8054,.T.);
#8054 = EDGE_LOOP('',(#8055));
#8055 = ORIENTED_EDGE('',*,*,#8056,.F.);
#8056 = EDGE_CURVE('',#8057,#8057,#8059,.T.);
#8057 = VERTEX_POINT('',#8058);
#8058 = CARTESIAN_POINT('',(3.25,3.65,9.2));
#8059 = CIRCLE('',#8060,0.6);
#8060 = AXIS2_PLACEMENT_3D('',#8061,#8062,#8063);
#8061 = CARTESIAN_POINT('',(3.85,3.65,9.2));
#8062 = DIRECTION('',(0.,0.,-1.));
#8063 = DIRECTION('',(1.,0.,0.));
#8064 = PLANE('',#8065);
#8065 = AXIS2_PLACEMENT_3D('',#8066,#8067,#8068);
#8066 = CARTESIAN_POINT('',(3.85,3.65,9.2));
#8067 = DIRECTION('',(0.,0.,1.));
#8068 = DIRECTION('',(-1.,0.,0.));
#8069 = ADVANCED_FACE('',(#8070),#8081,.T.);
#8070 = FACE_BOUND('',#8071,.T.);
#8071 = EDGE_LOOP('',(#8072,#8073,#8079,#8080));
#8072 = ORIENTED_EDGE('',*,*,#8025,.F.);
#8073 = ORIENTED_EDGE('',*,*,#8074,.T.);
#8074 = EDGE_CURVE('',#8026,#8046,#8075,.T.);
#8075 = LINE('',#8076,#8077);
#8076 = CARTESIAN_POINT('',(4.75,3.65,9.2));
#8077 = VECTOR('',#8078,1.);
#8078 = DIRECTION('',(0.,0.,-1.));
#8079 = ORIENTED_EDGE('',*,*,#8045,.T.);
#8080 = ORIENTED_EDGE('',*,*,#8074,.F.);
#8081 = CYLINDRICAL_SURFACE('',#8082,0.9);
#8082 = AXIS2_PLACEMENT_3D('',#8083,#8084,#8085);
#8083 = CARTESIAN_POINT('',(3.85,3.65,9.2));
#8084 = DIRECTION('',(0.,0.,1.));
#8085 = DIRECTION('',(-1.,0.,0.));
#8086 = ADVANCED_FACE('',(#8087),#8115,.F.);
#8087 = FACE_BOUND('',#8088,.F.);
#8088 = EDGE_LOOP('',(#8089,#8100,#8107,#8108));
#8089 = ORIENTED_EDGE('',*,*,#8090,.T.);
#8090 = EDGE_CURVE('',#8091,#8093,#8095,.T.);
#8091 = VERTEX_POINT('',#8092);
#8092 = CARTESIAN_POINT('',(4.25,3.65,1.9));
#8093 = VERTEX_POINT('',#8094);
#8094 = CARTESIAN_POINT('',(4.65,3.65,2.3));
#8095 = CIRCLE('',#8096,0.4);
#8096 = AXIS2_PLACEMENT_3D('',#8097,#8098,#8099);
#8097 = CARTESIAN_POINT('',(4.25,3.65,2.3));
#8098 = DIRECTION('',(0.,-1.,0.));
#8099 = DIRECTION('',(1.,0.,0.));
#8100 = ORIENTED_EDGE('',*,*,#8101,.F.);
#8101 = EDGE_CURVE('',#8093,#8093,#8102,.T.);
#8102 = CIRCLE('',#8103,0.8);
#8103 = AXIS2_PLACEMENT_3D('',#8104,#8105,#8106);
#8104 = CARTESIAN_POINT('',(3.85,3.65,2.3));
#8105 = DIRECTION('',(0.,0.,-1.));
#8106 = DIRECTION('',(1.,0.,0.));
#8107 = ORIENTED_EDGE('',*,*,#8090,.F.);
#8108 = ORIENTED_EDGE('',*,*,#8109,.F.);
#8109 = EDGE_CURVE('',#8091,#8091,#8110,.T.);
#8110 = CIRCLE('',#8111,0.4);
#8111 = AXIS2_PLACEMENT_3D('',#8112,#8113,#8114);
#8112 = CARTESIAN_POINT('',(3.85,3.65,1.9));
#8113 = DIRECTION('',(0.,0.,1.));
#8114 = DIRECTION('',(1.,0.,-0.));
#8115 = ( BOUNDED_SURFACE() B_SPLINE_SURFACE(2,2,(
    (#8116,#8117,#8118,#8119,#8120,#8121,#8122,#8123,#8124)
    ,(#8125,#8126,#8127,#8128,#8129,#8130,#8131,#8132,#8133)
    ,(#8134,#8135,#8136,#8137,#8138,#8139,#8140,#8141,#8142
)),.UNSPECIFIED.,.F.,.T.,.F.) B_SPLINE_SURFACE_WITH_KNOTS((3,3),(1,2,2,2
    ,2,2,1),(0.,1.570796326795),(-4.712388980385,-3.14159265359,
    -1.570796326795,0.,1.570796326795,3.14159265359,4.712388980385),
.UNSPECIFIED.) GEOMETRIC_REPRESENTATION_ITEM() RATIONAL_B_SPLINE_SURFACE
((
    (1.,0.707106781187,1.,0.707106781187,1.,0.707106781187,1.
      ,0.707106781187,1.)
    ,(0.707106781187,0.5,0.707106781187,0.5,0.707106781187,0.5
      ,0.707106781187,0.5,0.707106781187)
    ,(1.,0.707106781187,1.,0.707106781187,1.,0.707106781187,1.
,0.707106781187,1.))) REPRESENTATION_ITEM('') SURFACE() );
#8116 = CARTESIAN_POINT('',(4.65,3.65,2.3));
#8117 = CARTESIAN_POINT('',(4.65,2.85,2.3));
#8118 = CARTESIAN_POINT('',(3.85,2.85,2.3));
#8119 = CARTESIAN_POINT('',(3.05,2.85,2.3));
#8120 = CARTESIAN_POINT('',(3.05,3.65,2.3));
#8121 = CARTESIAN_POINT('',(3.05,4.45,2.3));
#8122 = CARTESIAN_POINT('',(3.85,4.45,2.3));
#8123 = CARTESIAN_POINT('',(4.65,4.45,2.3));
#8124 = CARTESIAN_POINT('',(4.65,3.65,2.3));
#8125 = CARTESIAN_POINT('',(4.65,3.65,1.9));
#8126 = CARTESIAN_POINT('',(4.65,2.85,1.9));
#8127 = CARTESIAN_POINT('',(3.85,2.85,1.9));
#8128 = CARTESIAN_POINT('',(3.05,2.85,1.9));
#8129 = CARTESIAN_POINT('',(3.05,3.65,1.9));
#8130 = CARTESIAN_POINT('',(3.05,4.45,1.9));
#8131 = CARTESIAN_POINT('',(3.85,4.45,1.9));
#8132 = CARTESIAN_POINT('',(4.65,4.45,1.9));
#8133 = CARTESIAN_POINT('',(4.65,3.65,1.9));
#8134 = CARTESIAN_POINT('',(4.25,3.65,1.9));
#8135 = CARTESIAN_POINT('',(4.25,3.25,1.9));
#8136 = CARTESIAN_POINT('',(3.85,3.25,1.9));
#8137 = CARTESIAN_POINT('',(3.45,3.25,1.9));
#8138 = CARTESIAN_POINT('',(3.45,3.65,1.9));
#8139 = CARTESIAN_POINT('',(3.45,4.05,1.9));
#8140 = CARTESIAN_POINT('',(3.85,4.05,1.9));
#8141 = CARTESIAN_POINT('',(4.25,4.05,1.9));
#8142 = CARTESIAN_POINT('',(4.25,3.65,1.9));
#8143 = ADVANCED_FACE('',(#8144),#8147,.T.);
#8144 = FACE_BOUND('',#8145,.T.);
#8145 = EDGE_LOOP('',(#8146));
#8146 = ORIENTED_EDGE('',*,*,#8109,.F.);
#8147 = PLANE('',#8148);
#8148 = AXIS2_PLACEMENT_3D('',#8149,#8150,#8151);
#8149 = CARTESIAN_POINT('',(3.85,3.65,1.9));
#8150 = DIRECTION('',(0.,0.,-1.));
#8151 = DIRECTION('',(1.,0.,0.));
#8152 = ADVANCED_FACE('',(#8153),#8172,.T.);
#8153 = FACE_BOUND('',#8154,.T.);
#8154 = EDGE_LOOP('',(#8155,#8156,#8164,#8171));
#8155 = ORIENTED_EDGE('',*,*,#8056,.T.);
#8156 = ORIENTED_EDGE('',*,*,#8157,.T.);
#8157 = EDGE_CURVE('',#8057,#8158,#8160,.T.);
#8158 = VERTEX_POINT('',#8159);
#8159 = CARTESIAN_POINT('',(3.25,3.65,2.3));
#8160 = LINE('',#8161,#8162);
#8161 = CARTESIAN_POINT('',(3.25,3.65,2.3));
#8162 = VECTOR('',#8163,1.);
#8163 = DIRECTION('',(0.,0.,-1.));
#8164 = ORIENTED_EDGE('',*,*,#8165,.F.);
#8165 = EDGE_CURVE('',#8158,#8158,#8166,.T.);
#8166 = CIRCLE('',#8167,0.6);
#8167 = AXIS2_PLACEMENT_3D('',#8168,#8169,#8170);
#8168 = CARTESIAN_POINT('',(3.85,3.65,2.3));
#8169 = DIRECTION('',(0.,0.,-1.));
#8170 = DIRECTION('',(1.,0.,0.));
#8171 = ORIENTED_EDGE('',*,*,#8157,.F.);
#8172 = CYLINDRICAL_SURFACE('',#8173,0.6);
#8173 = AXIS2_PLACEMENT_3D('',#8174,#8175,#8176);
#8174 = CARTESIAN_POINT('',(3.85,3.65,2.3));
#8175 = DIRECTION('',(0.,0.,1.));
#8176 = DIRECTION('',(1.,0.,-0.));
#8177 = ADVANCED_FACE('',(#8178,#8181),#8184,.F.);
#8178 = FACE_BOUND('',#8179,.T.);
#8179 = EDGE_LOOP('',(#8180));
#8180 = ORIENTED_EDGE('',*,*,#8101,.F.);
#8181 = FACE_BOUND('',#8182,.T.);
#8182 = EDGE_LOOP('',(#8183));
#8183 = ORIENTED_EDGE('',*,*,#8165,.T.);
#8184 = PLANE('',#8185);
#8185 = AXIS2_PLACEMENT_3D('',#8186,#8187,#8188);
#8186 = CARTESIAN_POINT('',(3.85,3.65,2.3));
#8187 = DIRECTION('',(0.,0.,-1.));
#8188 = DIRECTION('',(1.,0.,0.));
#8189 = MANIFOLD_SOLID_BREP('',#8190);
#8190 = CLOSED_SHELL('',(#8191,#8233,#8298,#8389,#8421,#8479,#8553,#8575
    ,#8592,#8609,#8626,#8643,#8655,#8672,#8689,#8701,#8718,#8735));
#8191 = ADVANCED_FACE('',(#8192),#8228,.T.);
#8192 = FACE_BOUND('',#8193,.T.);
#8193 = EDGE_LOOP('',(#8194,#8205,#8213,#8222));
#8194 = ORIENTED_EDGE('',*,*,#8195,.T.);
#8195 = EDGE_CURVE('',#8196,#8198,#8200,.T.);
#8196 = VERTEX_POINT('',#8197);
#8197 = CARTESIAN_POINT('',(3.4,-7.65,1.199999894947));
#8198 = VERTEX_POINT('',#8199);
#8199 = CARTESIAN_POINT('',(3.2,-7.65,0.999999894947));
#8200 = CIRCLE('',#8201,0.2);
#8201 = AXIS2_PLACEMENT_3D('',#8202,#8203,#8204);
#8202 = CARTESIAN_POINT('',(3.2,-7.65,1.199999894947));
#8203 = DIRECTION('',(0.,1.,0.));
#8204 = DIRECTION('',(0.707106781187,0.,-0.707106781187));
#8205 = ORIENTED_EDGE('',*,*,#8206,.T.);
#8206 = EDGE_CURVE('',#8198,#8207,#8209,.T.);
#8207 = VERTEX_POINT('',#8208);
#8208 = CARTESIAN_POINT('',(3.2,-7.35,0.999999894947));
#8209 = LINE('',#8210,#8211);
#8210 = CARTESIAN_POINT('',(3.2,-7.,0.999999894947));
#8211 = VECTOR('',#8212,1.);
#8212 = DIRECTION('',(0.,1.,0.));
#8213 = ORIENTED_EDGE('',*,*,#8214,.T.);
#8214 = EDGE_CURVE('',#8207,#8215,#8217,.T.);
#8215 = VERTEX_POINT('',#8216);
#8216 = CARTESIAN_POINT('',(3.4,-7.35,1.199999894947));
#8217 = CIRCLE('',#8218,0.2);
#8218 = AXIS2_PLACEMENT_3D('',#8219,#8220,#8221);
#8219 = CARTESIAN_POINT('',(3.2,-7.35,1.199999894947));
#8220 = DIRECTION('',(0.,-1.,0.));
#8221 = DIRECTION('',(0.707106781187,0.,-0.707106781187));
#8222 = ORIENTED_EDGE('',*,*,#8223,.T.);
#8223 = EDGE_CURVE('',#8215,#8196,#8224,.T.);
#8224 = LINE('',#8225,#8226);
#8225 = CARTESIAN_POINT('',(3.4,-7.,1.199999894947));
#8226 = VECTOR('',#8227,1.);
#8227 = DIRECTION('',(0.,-1.,0.));
#8228 = CYLINDRICAL_SURFACE('',#8229,0.2);
#8229 = AXIS2_PLACEMENT_3D('',#8230,#8231,#8232);
#8230 = CARTESIAN_POINT('',(3.2,-7.,1.199999894947));
#8231 = DIRECTION('',(0.,-1.,0.));
#8232 = DIRECTION('',(0.707106781187,0.,-0.707106781187));
#8233 = ADVANCED_FACE('',(#8234),#8293,.T.);
#8234 = FACE_BOUND('',#8235,.T.);
#8235 = EDGE_LOOP('',(#8236,#8237,#8245,#8254,#8262,#8270,#8278,#8287));
#8236 = ORIENTED_EDGE('',*,*,#8223,.F.);
#8237 = ORIENTED_EDGE('',*,*,#8238,.F.);
#8238 = EDGE_CURVE('',#8239,#8215,#8241,.T.);
#8239 = VERTEX_POINT('',#8240);
#8240 = CARTESIAN_POINT('',(3.4,-7.35,4.199999894947));
#8241 = LINE('',#8242,#8243);
#8242 = CARTESIAN_POINT('',(3.4,-7.35,4.699999894947));
#8243 = VECTOR('',#8244,1.);
#8244 = DIRECTION('',(0.,0.,-1.));
#8245 = ORIENTED_EDGE('',*,*,#8246,.F.);
#8246 = EDGE_CURVE('',#8247,#8239,#8249,.T.);
#8247 = VERTEX_POINT('',#8248);
#8248 = CARTESIAN_POINT('',(3.4,-6.85,4.699999894947));
#8249 = CIRCLE('',#8250,0.5);
#8250 = AXIS2_PLACEMENT_3D('',#8251,#8252,#8253);
#8251 = CARTESIAN_POINT('',(3.4,-6.85,4.199999894947));
#8252 = DIRECTION('',(1.,0.,0.));
#8253 = DIRECTION('',(0.,-0.707106781187,0.707106781187));
#8254 = ORIENTED_EDGE('',*,*,#8255,.F.);
#8255 = EDGE_CURVE('',#8256,#8247,#8258,.T.);
#8256 = VERTEX_POINT('',#8257);
#8257 = CARTESIAN_POINT('',(3.4,-6.5,4.699999894947));
#8258 = LINE('',#8259,#8260);
#8259 = CARTESIAN_POINT('',(3.4,-6.5,4.699999894947));
#8260 = VECTOR('',#8261,1.);
#8261 = DIRECTION('',(0.,-1.,0.));
#8262 = ORIENTED_EDGE('',*,*,#8263,.F.);
#8263 = EDGE_CURVE('',#8264,#8256,#8266,.T.);
#8264 = VERTEX_POINT('',#8265);
#8265 = CARTESIAN_POINT('',(3.4,-6.5,5.));
#8266 = LINE('',#8267,#8268);
#8267 = CARTESIAN_POINT('',(3.4,-6.5,5.));
#8268 = VECTOR('',#8269,1.);
#8269 = DIRECTION('',(0.,0.,-1.));
#8270 = ORIENTED_EDGE('',*,*,#8271,.T.);
#8271 = EDGE_CURVE('',#8264,#8272,#8274,.T.);
#8272 = VERTEX_POINT('',#8273);
#8273 = CARTESIAN_POINT('',(3.4,-6.85,5.));
#8274 = LINE('',#8275,#8276);
#8275 = CARTESIAN_POINT('',(3.4,-6.5,5.));
#8276 = VECTOR('',#8277,1.);
#8277 = DIRECTION('',(0.,-1.,0.));
#8278 = ORIENTED_EDGE('',*,*,#8279,.F.);
#8279 = EDGE_CURVE('',#8280,#8272,#8282,.T.);
#8280 = VERTEX_POINT('',#8281);
#8281 = CARTESIAN_POINT('',(3.4,-7.65,4.2));
#8282 = CIRCLE('',#8283,0.8);
#8283 = AXIS2_PLACEMENT_3D('',#8284,#8285,#8286);
#8284 = CARTESIAN_POINT('',(3.4,-6.85,4.2));
#8285 = DIRECTION('',(-1.,0.,0.));
#8286 = DIRECTION('',(0.,-0.707106781187,0.707106781187));
#8287 = ORIENTED_EDGE('',*,*,#8288,.T.);
#8288 = EDGE_CURVE('',#8280,#8196,#8289,.T.);
#8289 = LINE('',#8290,#8291);
#8290 = CARTESIAN_POINT('',(3.4,-7.65,4.699999894947));
#8291 = VECTOR('',#8292,1.);
#8292 = DIRECTION('',(0.,0.,-1.));
#8293 = PLANE('',#8294);
#8294 = AXIS2_PLACEMENT_3D('',#8295,#8296,#8297);
#8295 = CARTESIAN_POINT('',(3.4,-6.5,4.699999894947));
#8296 = DIRECTION('',(1.,0.,0.));
#8297 = DIRECTION('',(0.,0.,1.));
#8298 = ADVANCED_FACE('',(#8299),#8384,.T.);
#8299 = FACE_BOUND('',#8300,.T.);
#8300 = EDGE_LOOP('',(#8301,#8302,#8310,#8318,#8327,#8335,#8344,#8352,
    #8360,#8369,#8377,#8383));
#8301 = ORIENTED_EDGE('',*,*,#8214,.F.);
#8302 = ORIENTED_EDGE('',*,*,#8303,.F.);
#8303 = EDGE_CURVE('',#8304,#8207,#8306,.T.);
#8304 = VERTEX_POINT('',#8305);
#8305 = CARTESIAN_POINT('',(2.95,-7.35,0.999999894947));
#8306 = LINE('',#8307,#8308);
#8307 = CARTESIAN_POINT('',(-3.4,-7.35,0.999999894947));
#8308 = VECTOR('',#8309,1.);
#8309 = DIRECTION('',(1.,0.,0.));
#8310 = ORIENTED_EDGE('',*,*,#8311,.T.);
#8311 = EDGE_CURVE('',#8304,#8312,#8314,.T.);
#8312 = VERTEX_POINT('',#8313);
#8313 = CARTESIAN_POINT('',(2.95,-7.35,-3.300000105053));
#8314 = LINE('',#8315,#8316);
#8315 = CARTESIAN_POINT('',(2.95,-7.35,0.999999894947));
#8316 = VECTOR('',#8317,1.);
#8317 = DIRECTION('',(0.,0.,-1.));
#8318 = ORIENTED_EDGE('',*,*,#8319,.F.);
#8319 = EDGE_CURVE('',#8320,#8312,#8322,.T.);
#8320 = VERTEX_POINT('',#8321);
#8321 = CARTESIAN_POINT('',(2.75,-7.35,-3.500000105053));
#8322 = CIRCLE('',#8323,0.2);
#8323 = AXIS2_PLACEMENT_3D('',#8324,#8325,#8326);
#8324 = CARTESIAN_POINT('',(2.75,-7.35,-3.300000105053));
#8325 = DIRECTION('',(0.,-1.,0.));
#8326 = DIRECTION('',(0.707106781187,0.,-0.707106781187));
#8327 = ORIENTED_EDGE('',*,*,#8328,.F.);
#8328 = EDGE_CURVE('',#8329,#8320,#8331,.T.);
#8329 = VERTEX_POINT('',#8330);
#8330 = CARTESIAN_POINT('',(2.25,-7.35,-3.500000105053));
#8331 = LINE('',#8332,#8333);
#8332 = CARTESIAN_POINT('',(1.6,-7.35,-3.500000105053));
#8333 = VECTOR('',#8334,1.);
#8334 = DIRECTION('',(1.,0.,0.));
#8335 = ORIENTED_EDGE('',*,*,#8336,.F.);
#8336 = EDGE_CURVE('',#8337,#8329,#8339,.T.);
#8337 = VERTEX_POINT('',#8338);
#8338 = CARTESIAN_POINT('',(2.05,-7.35,-3.300000105053));
#8339 = CIRCLE('',#8340,0.2);
#8340 = AXIS2_PLACEMENT_3D('',#8341,#8342,#8343);
#8341 = CARTESIAN_POINT('',(2.25,-7.35,-3.300000105053));
#8342 = DIRECTION('',(0.,-1.,0.));
#8343 = DIRECTION('',(-0.707106781187,-0.,-0.707106781187));
#8344 = ORIENTED_EDGE('',*,*,#8345,.F.);
#8345 = EDGE_CURVE('',#8346,#8337,#8348,.T.);
#8346 = VERTEX_POINT('',#8347);
#8347 = CARTESIAN_POINT('',(2.05,-7.35,0.999999894947));
#8348 = LINE('',#8349,#8350);
#8349 = CARTESIAN_POINT('',(2.05,-7.35,0.999999894947));
#8350 = VECTOR('',#8351,1.);
#8351 = DIRECTION('',(0.,0.,-1.));
#8352 = ORIENTED_EDGE('',*,*,#8353,.F.);
#8353 = EDGE_CURVE('',#8354,#8346,#8356,.T.);
#8354 = VERTEX_POINT('',#8355);
#8355 = CARTESIAN_POINT('',(1.8,-7.35,0.999999894947));
#8356 = LINE('',#8357,#8358);
#8357 = CARTESIAN_POINT('',(-3.4,-7.35,0.999999894947));
#8358 = VECTOR('',#8359,1.);
#8359 = DIRECTION('',(1.,0.,0.));
#8360 = ORIENTED_EDGE('',*,*,#8361,.F.);
#8361 = EDGE_CURVE('',#8362,#8354,#8364,.T.);
#8362 = VERTEX_POINT('',#8363);
#8363 = CARTESIAN_POINT('',(1.6,-7.35,1.199999894947));
#8364 = CIRCLE('',#8365,0.2);
#8365 = AXIS2_PLACEMENT_3D('',#8366,#8367,#8368);
#8366 = CARTESIAN_POINT('',(1.8,-7.35,1.199999894947));
#8367 = DIRECTION('',(0.,-1.,0.));
#8368 = DIRECTION('',(-0.707106781187,-0.,-0.707106781187));
#8369 = ORIENTED_EDGE('',*,*,#8370,.F.);
#8370 = EDGE_CURVE('',#8371,#8362,#8373,.T.);
#8371 = VERTEX_POINT('',#8372);
#8372 = CARTESIAN_POINT('',(1.6,-7.35,4.199999894947));
#8373 = LINE('',#8374,#8375);
#8374 = CARTESIAN_POINT('',(1.6,-7.35,4.699999894947));
#8375 = VECTOR('',#8376,1.);
#8376 = DIRECTION('',(0.,0.,-1.));
#8377 = ORIENTED_EDGE('',*,*,#8378,.F.);
#8378 = EDGE_CURVE('',#8239,#8371,#8379,.T.);
#8379 = LINE('',#8380,#8381);
#8380 = CARTESIAN_POINT('',(1.6,-7.35,4.199999894947));
#8381 = VECTOR('',#8382,1.);
#8382 = DIRECTION('',(-1.,0.,0.));
#8383 = ORIENTED_EDGE('',*,*,#8238,.T.);
#8384 = PLANE('',#8385);
#8385 = AXIS2_PLACEMENT_3D('',#8386,#8387,#8388);
#8386 = CARTESIAN_POINT('',(1.6,-7.35,4.699999894947));
#8387 = DIRECTION('',(0.,1.,0.));
#8388 = DIRECTION('',(1.,0.,0.));
#8389 = ADVANCED_FACE('',(#8390),#8416,.T.);
#8390 = FACE_BOUND('',#8391,.T.);
#8391 = EDGE_LOOP('',(#8392,#8393,#8401,#8410));
#8392 = ORIENTED_EDGE('',*,*,#8361,.T.);
#8393 = ORIENTED_EDGE('',*,*,#8394,.T.);
#8394 = EDGE_CURVE('',#8354,#8395,#8397,.T.);
#8395 = VERTEX_POINT('',#8396);
#8396 = CARTESIAN_POINT('',(1.8,-7.65,0.999999894947));
#8397 = LINE('',#8398,#8399);
#8398 = CARTESIAN_POINT('',(1.8,-7.,0.999999894947));
#8399 = VECTOR('',#8400,1.);
#8400 = DIRECTION('',(0.,-1.,0.));
#8401 = ORIENTED_EDGE('',*,*,#8402,.T.);
#8402 = EDGE_CURVE('',#8395,#8403,#8405,.T.);
#8403 = VERTEX_POINT('',#8404);
#8404 = CARTESIAN_POINT('',(1.6,-7.65,1.199999894947));
#8405 = CIRCLE('',#8406,0.2);
#8406 = AXIS2_PLACEMENT_3D('',#8407,#8408,#8409);
#8407 = CARTESIAN_POINT('',(1.8,-7.65,1.199999894947));
#8408 = DIRECTION('',(0.,1.,0.));
#8409 = DIRECTION('',(-0.707106781187,0.,-0.707106781187));
#8410 = ORIENTED_EDGE('',*,*,#8411,.T.);
#8411 = EDGE_CURVE('',#8403,#8362,#8412,.T.);
#8412 = LINE('',#8413,#8414);
#8413 = CARTESIAN_POINT('',(1.6,-7.,1.199999894947));
#8414 = VECTOR('',#8415,1.);
#8415 = DIRECTION('',(0.,1.,0.));
#8416 = CYLINDRICAL_SURFACE('',#8417,0.2);
#8417 = AXIS2_PLACEMENT_3D('',#8418,#8419,#8420);
#8418 = CARTESIAN_POINT('',(1.8,-7.,1.199999894947));
#8419 = DIRECTION('',(0.,1.,0.));
#8420 = DIRECTION('',(-0.707106781187,0.,-0.707106781187));
#8421 = ADVANCED_FACE('',(#8422),#8474,.T.);
#8422 = FACE_BOUND('',#8423,.T.);
#8423 = EDGE_LOOP('',(#8424,#8425,#8433,#8442,#8450,#8458,#8466,#8473));
#8424 = ORIENTED_EDGE('',*,*,#8411,.F.);
#8425 = ORIENTED_EDGE('',*,*,#8426,.F.);
#8426 = EDGE_CURVE('',#8427,#8403,#8429,.T.);
#8427 = VERTEX_POINT('',#8428);
#8428 = CARTESIAN_POINT('',(1.6,-7.65,4.2));
#8429 = LINE('',#8430,#8431);
#8430 = CARTESIAN_POINT('',(1.6,-7.65,5.));
#8431 = VECTOR('',#8432,1.);
#8432 = DIRECTION('',(0.,0.,-1.));
#8433 = ORIENTED_EDGE('',*,*,#8434,.F.);
#8434 = EDGE_CURVE('',#8435,#8427,#8437,.T.);
#8435 = VERTEX_POINT('',#8436);
#8436 = CARTESIAN_POINT('',(1.6,-6.85,5.));
#8437 = CIRCLE('',#8438,0.8);
#8438 = AXIS2_PLACEMENT_3D('',#8439,#8440,#8441);
#8439 = CARTESIAN_POINT('',(1.6,-6.85,4.2));
#8440 = DIRECTION('',(1.,0.,0.));
#8441 = DIRECTION('',(0.,-0.707106781187,0.707106781187));
#8442 = ORIENTED_EDGE('',*,*,#8443,.F.);
#8443 = EDGE_CURVE('',#8444,#8435,#8446,.T.);
#8444 = VERTEX_POINT('',#8445);
#8445 = CARTESIAN_POINT('',(1.6,-6.5,5.));
#8446 = LINE('',#8447,#8448);
#8447 = CARTESIAN_POINT('',(1.6,-6.5,5.));
#8448 = VECTOR('',#8449,1.);
#8449 = DIRECTION('',(0.,-1.,0.));
#8450 = ORIENTED_EDGE('',*,*,#8451,.T.);
#8451 = EDGE_CURVE('',#8444,#8452,#8454,.T.);
#8452 = VERTEX_POINT('',#8453);
#8453 = CARTESIAN_POINT('',(1.6,-6.5,4.699999894947));
#8454 = LINE('',#8455,#8456);
#8455 = CARTESIAN_POINT('',(1.6,-6.5,5.));
#8456 = VECTOR('',#8457,1.);
#8457 = DIRECTION('',(0.,0.,-1.));
#8458 = ORIENTED_EDGE('',*,*,#8459,.T.);
#8459 = EDGE_CURVE('',#8452,#8460,#8462,.T.);
#8460 = VERTEX_POINT('',#8461);
#8461 = CARTESIAN_POINT('',(1.6,-6.85,4.699999894947));
#8462 = LINE('',#8463,#8464);
#8463 = CARTESIAN_POINT('',(1.6,-6.5,4.699999894947));
#8464 = VECTOR('',#8465,1.);
#8465 = DIRECTION('',(0.,-1.,0.));
#8466 = ORIENTED_EDGE('',*,*,#8467,.F.);
#8467 = EDGE_CURVE('',#8371,#8460,#8468,.T.);
#8468 = CIRCLE('',#8469,0.5);
#8469 = AXIS2_PLACEMENT_3D('',#8470,#8471,#8472);
#8470 = CARTESIAN_POINT('',(1.6,-6.85,4.199999894947));
#8471 = DIRECTION('',(-1.,0.,0.));
#8472 = DIRECTION('',(0.,-0.707106781187,0.707106781187));
#8473 = ORIENTED_EDGE('',*,*,#8370,.T.);
#8474 = PLANE('',#8475);
#8475 = AXIS2_PLACEMENT_3D('',#8476,#8477,#8478);
#8476 = CARTESIAN_POINT('',(1.6,-6.5,5.));
#8477 = DIRECTION('',(-1.,0.,0.));
#8478 = DIRECTION('',(0.,0.,-1.));
#8479 = ADVANCED_FACE('',(#8480),#8548,.T.);
#8480 = FACE_BOUND('',#8481,.T.);
#8481 = EDGE_LOOP('',(#8482,#8483,#8484,#8490,#8491,#8492,#8500,#8508,
    #8517,#8525,#8534,#8542));
#8482 = ORIENTED_EDGE('',*,*,#8195,.F.);
#8483 = ORIENTED_EDGE('',*,*,#8288,.F.);
#8484 = ORIENTED_EDGE('',*,*,#8485,.F.);
#8485 = EDGE_CURVE('',#8427,#8280,#8486,.T.);
#8486 = LINE('',#8487,#8488);
#8487 = CARTESIAN_POINT('',(2.95,-7.65,4.2));
#8488 = VECTOR('',#8489,1.);
#8489 = DIRECTION('',(1.,0.,0.));
#8490 = ORIENTED_EDGE('',*,*,#8426,.T.);
#8491 = ORIENTED_EDGE('',*,*,#8402,.F.);
#8492 = ORIENTED_EDGE('',*,*,#8493,.F.);
#8493 = EDGE_CURVE('',#8494,#8395,#8496,.T.);
#8494 = VERTEX_POINT('',#8495);
#8495 = CARTESIAN_POINT('',(2.05,-7.65,0.999999894947));
#8496 = LINE('',#8497,#8498);
#8497 = CARTESIAN_POINT('',(3.4,-7.65,0.999999894947));
#8498 = VECTOR('',#8499,1.);
#8499 = DIRECTION('',(-1.,0.,0.));
#8500 = ORIENTED_EDGE('',*,*,#8501,.T.);
#8501 = EDGE_CURVE('',#8494,#8502,#8504,.T.);
#8502 = VERTEX_POINT('',#8503);
#8503 = CARTESIAN_POINT('',(2.05,-7.65,-3.300000105053));
#8504 = LINE('',#8505,#8506);
#8505 = CARTESIAN_POINT('',(2.05,-7.65,0.999999894947));
#8506 = VECTOR('',#8507,1.);
#8507 = DIRECTION('',(0.,0.,-1.));
#8508 = ORIENTED_EDGE('',*,*,#8509,.F.);
#8509 = EDGE_CURVE('',#8510,#8502,#8512,.T.);
#8510 = VERTEX_POINT('',#8511);
#8511 = CARTESIAN_POINT('',(2.25,-7.65,-3.500000105053));
#8512 = CIRCLE('',#8513,0.2);
#8513 = AXIS2_PLACEMENT_3D('',#8514,#8515,#8516);
#8514 = CARTESIAN_POINT('',(2.25,-7.65,-3.300000105053));
#8515 = DIRECTION('',(0.,1.,0.));
#8516 = DIRECTION('',(-0.707106781187,0.,-0.707106781187));
#8517 = ORIENTED_EDGE('',*,*,#8518,.F.);
#8518 = EDGE_CURVE('',#8519,#8510,#8521,.T.);
#8519 = VERTEX_POINT('',#8520);
#8520 = CARTESIAN_POINT('',(2.75,-7.65,-3.500000105053));
#8521 = LINE('',#8522,#8523);
#8522 = CARTESIAN_POINT('',(3.4,-7.65,-3.500000105053));
#8523 = VECTOR('',#8524,1.);
#8524 = DIRECTION('',(-1.,0.,0.));
#8525 = ORIENTED_EDGE('',*,*,#8526,.F.);
#8526 = EDGE_CURVE('',#8527,#8519,#8529,.T.);
#8527 = VERTEX_POINT('',#8528);
#8528 = CARTESIAN_POINT('',(2.95,-7.65,-3.300000105053));
#8529 = CIRCLE('',#8530,0.2);
#8530 = AXIS2_PLACEMENT_3D('',#8531,#8532,#8533);
#8531 = CARTESIAN_POINT('',(2.75,-7.65,-3.300000105053));
#8532 = DIRECTION('',(0.,1.,0.));
#8533 = DIRECTION('',(0.707106781187,0.,-0.707106781187));
#8534 = ORIENTED_EDGE('',*,*,#8535,.F.);
#8535 = EDGE_CURVE('',#8536,#8527,#8538,.T.);
#8536 = VERTEX_POINT('',#8537);
#8537 = CARTESIAN_POINT('',(2.95,-7.65,0.999999894947));
#8538 = LINE('',#8539,#8540);
#8539 = CARTESIAN_POINT('',(2.95,-7.65,0.999999894947));
#8540 = VECTOR('',#8541,1.);
#8541 = DIRECTION('',(0.,0.,-1.));
#8542 = ORIENTED_EDGE('',*,*,#8543,.F.);
#8543 = EDGE_CURVE('',#8198,#8536,#8544,.T.);
#8544 = LINE('',#8545,#8546);
#8545 = CARTESIAN_POINT('',(3.4,-7.65,0.999999894947));
#8546 = VECTOR('',#8547,1.);
#8547 = DIRECTION('',(-1.,0.,0.));
#8548 = PLANE('',#8549);
#8549 = AXIS2_PLACEMENT_3D('',#8550,#8551,#8552);
#8550 = CARTESIAN_POINT('',(2.5,-7.65,4.849999947473));
#8551 = DIRECTION('',(0.,-1.,0.));
#8552 = DIRECTION('',(0.,0.,-1.));
#8553 = ADVANCED_FACE('',(#8554),#8570,.T.);
#8554 = FACE_BOUND('',#8555,.T.);
#8555 = EDGE_LOOP('',(#8556,#8557,#8563,#8564));
#8556 = ORIENTED_EDGE('',*,*,#8526,.T.);
#8557 = ORIENTED_EDGE('',*,*,#8558,.T.);
#8558 = EDGE_CURVE('',#8519,#8320,#8559,.T.);
#8559 = LINE('',#8560,#8561);
#8560 = CARTESIAN_POINT('',(2.75,-7.425,-3.500000105053));
#8561 = VECTOR('',#8562,1.);
#8562 = DIRECTION('',(0.,1.,0.));
#8563 = ORIENTED_EDGE('',*,*,#8319,.T.);
#8564 = ORIENTED_EDGE('',*,*,#8565,.T.);
#8565 = EDGE_CURVE('',#8312,#8527,#8566,.T.);
#8566 = LINE('',#8567,#8568);
#8567 = CARTESIAN_POINT('',(2.95,-7.425,-3.300000105053));
#8568 = VECTOR('',#8569,1.);
#8569 = DIRECTION('',(0.,-1.,0.));
#8570 = CYLINDRICAL_SURFACE('',#8571,0.2);
#8571 = AXIS2_PLACEMENT_3D('',#8572,#8573,#8574);
#8572 = CARTESIAN_POINT('',(2.75,-7.425,-3.300000105053));
#8573 = DIRECTION('',(0.,-1.,0.));
#8574 = DIRECTION('',(0.707106781187,0.,-0.707106781187));
#8575 = ADVANCED_FACE('',(#8576),#8587,.T.);
#8576 = FACE_BOUND('',#8577,.T.);
#8577 = EDGE_LOOP('',(#8578,#8579,#8580,#8586));
#8578 = ORIENTED_EDGE('',*,*,#8558,.F.);
#8579 = ORIENTED_EDGE('',*,*,#8518,.T.);
#8580 = ORIENTED_EDGE('',*,*,#8581,.F.);
#8581 = EDGE_CURVE('',#8329,#8510,#8582,.T.);
#8582 = LINE('',#8583,#8584);
#8583 = CARTESIAN_POINT('',(2.25,-7.575,-3.500000105053));
#8584 = VECTOR('',#8585,1.);
#8585 = DIRECTION('',(0.,-1.,0.));
#8586 = ORIENTED_EDGE('',*,*,#8328,.T.);
#8587 = PLANE('',#8588);
#8588 = AXIS2_PLACEMENT_3D('',#8589,#8590,#8591);
#8589 = CARTESIAN_POINT('',(2.5,-7.5,-3.500000105053));
#8590 = DIRECTION('',(0.,0.,-1.));
#8591 = DIRECTION('',(-1.,0.,0.));
#8592 = ADVANCED_FACE('',(#8593),#8604,.T.);
#8593 = FACE_BOUND('',#8594,.T.);
#8594 = EDGE_LOOP('',(#8595,#8596,#8597,#8598));
#8595 = ORIENTED_EDGE('',*,*,#8336,.T.);
#8596 = ORIENTED_EDGE('',*,*,#8581,.T.);
#8597 = ORIENTED_EDGE('',*,*,#8509,.T.);
#8598 = ORIENTED_EDGE('',*,*,#8599,.T.);
#8599 = EDGE_CURVE('',#8502,#8337,#8600,.T.);
#8600 = LINE('',#8601,#8602);
#8601 = CARTESIAN_POINT('',(2.05,-7.575,-3.300000105053));
#8602 = VECTOR('',#8603,1.);
#8603 = DIRECTION('',(0.,1.,0.));
#8604 = CYLINDRICAL_SURFACE('',#8605,0.2);
#8605 = AXIS2_PLACEMENT_3D('',#8606,#8607,#8608);
#8606 = CARTESIAN_POINT('',(2.25,-7.575,-3.300000105053));
#8607 = DIRECTION('',(0.,1.,0.));
#8608 = DIRECTION('',(-0.707106781187,0.,-0.707106781187));
#8609 = ADVANCED_FACE('',(#8610),#8621,.T.);
#8610 = FACE_BOUND('',#8611,.T.);
#8611 = EDGE_LOOP('',(#8612,#8613,#8614,#8620));
#8612 = ORIENTED_EDGE('',*,*,#8565,.F.);
#8613 = ORIENTED_EDGE('',*,*,#8311,.F.);
#8614 = ORIENTED_EDGE('',*,*,#8615,.F.);
#8615 = EDGE_CURVE('',#8536,#8304,#8616,.T.);
#8616 = LINE('',#8617,#8618);
#8617 = CARTESIAN_POINT('',(2.95,-7.425,0.999999894947));
#8618 = VECTOR('',#8619,1.);
#8619 = DIRECTION('',(0.,1.,0.));
#8620 = ORIENTED_EDGE('',*,*,#8535,.T.);
#8621 = PLANE('',#8622);
#8622 = AXIS2_PLACEMENT_3D('',#8623,#8624,#8625);
#8623 = CARTESIAN_POINT('',(2.95,-7.35,0.999999894947));
#8624 = DIRECTION('',(1.,0.,0.));
#8625 = DIRECTION('',(0.,-1.,0.));
#8626 = ADVANCED_FACE('',(#8627),#8638,.T.);
#8627 = FACE_BOUND('',#8628,.T.);
#8628 = EDGE_LOOP('',(#8629,#8630,#8631,#8637));
#8629 = ORIENTED_EDGE('',*,*,#8599,.F.);
#8630 = ORIENTED_EDGE('',*,*,#8501,.F.);
#8631 = ORIENTED_EDGE('',*,*,#8632,.F.);
#8632 = EDGE_CURVE('',#8346,#8494,#8633,.T.);
#8633 = LINE('',#8634,#8635);
#8634 = CARTESIAN_POINT('',(2.05,-7.575,0.999999894947));
#8635 = VECTOR('',#8636,1.);
#8636 = DIRECTION('',(0.,-1.,0.));
#8637 = ORIENTED_EDGE('',*,*,#8345,.T.);
#8638 = PLANE('',#8639);
#8639 = AXIS2_PLACEMENT_3D('',#8640,#8641,#8642);
#8640 = CARTESIAN_POINT('',(2.05,-7.65,0.999999894947));
#8641 = DIRECTION('',(-1.,0.,0.));
#8642 = DIRECTION('',(0.,1.,0.));
#8643 = ADVANCED_FACE('',(#8644),#8650,.T.);
#8644 = FACE_BOUND('',#8645,.T.);
#8645 = EDGE_LOOP('',(#8646,#8647,#8648,#8649));
#8646 = ORIENTED_EDGE('',*,*,#8394,.F.);
#8647 = ORIENTED_EDGE('',*,*,#8353,.T.);
#8648 = ORIENTED_EDGE('',*,*,#8632,.T.);
#8649 = ORIENTED_EDGE('',*,*,#8493,.T.);
#8650 = PLANE('',#8651);
#8651 = AXIS2_PLACEMENT_3D('',#8652,#8653,#8654);
#8652 = CARTESIAN_POINT('',(2.5,-7.5,0.999999894947));
#8653 = DIRECTION('',(0.,0.,-1.));
#8654 = DIRECTION('',(-1.,0.,0.));
#8655 = ADVANCED_FACE('',(#8656),#8667,.T.);
#8656 = FACE_BOUND('',#8657,.T.);
#8657 = EDGE_LOOP('',(#8658,#8659,#8660,#8661));
#8658 = ORIENTED_EDGE('',*,*,#8434,.T.);
#8659 = ORIENTED_EDGE('',*,*,#8485,.T.);
#8660 = ORIENTED_EDGE('',*,*,#8279,.T.);
#8661 = ORIENTED_EDGE('',*,*,#8662,.T.);
#8662 = EDGE_CURVE('',#8272,#8435,#8663,.T.);
#8663 = LINE('',#8664,#8665);
#8664 = CARTESIAN_POINT('',(2.95,-6.85,5.));
#8665 = VECTOR('',#8666,1.);
#8666 = DIRECTION('',(-1.,0.,0.));
#8667 = CYLINDRICAL_SURFACE('',#8668,0.8);
#8668 = AXIS2_PLACEMENT_3D('',#8669,#8670,#8671);
#8669 = CARTESIAN_POINT('',(2.95,-6.85,4.2));
#8670 = DIRECTION('',(-1.,0.,0.));
#8671 = DIRECTION('',(0.,-0.707106781187,0.707106781187));
#8672 = ADVANCED_FACE('',(#8673),#8684,.F.);
#8673 = FACE_BOUND('',#8674,.F.);
#8674 = EDGE_LOOP('',(#8675,#8681,#8682,#8683));
#8675 = ORIENTED_EDGE('',*,*,#8676,.F.);
#8676 = EDGE_CURVE('',#8460,#8247,#8677,.T.);
#8677 = LINE('',#8678,#8679);
#8678 = CARTESIAN_POINT('',(1.6,-6.85,4.699999894947));
#8679 = VECTOR('',#8680,1.);
#8680 = DIRECTION('',(1.,0.,0.));
#8681 = ORIENTED_EDGE('',*,*,#8467,.F.);
#8682 = ORIENTED_EDGE('',*,*,#8378,.F.);
#8683 = ORIENTED_EDGE('',*,*,#8246,.F.);
#8684 = CYLINDRICAL_SURFACE('',#8685,0.5);
#8685 = AXIS2_PLACEMENT_3D('',#8686,#8687,#8688);
#8686 = CARTESIAN_POINT('',(1.6,-6.85,4.199999894947));
#8687 = DIRECTION('',(-1.,0.,0.));
#8688 = DIRECTION('',(0.,-0.707106781187,0.707106781187));
#8689 = ADVANCED_FACE('',(#8690),#8696,.T.);
#8690 = FACE_BOUND('',#8691,.T.);
#8691 = EDGE_LOOP('',(#8692,#8693,#8694,#8695));
#8692 = ORIENTED_EDGE('',*,*,#8206,.F.);
#8693 = ORIENTED_EDGE('',*,*,#8543,.T.);
#8694 = ORIENTED_EDGE('',*,*,#8615,.T.);
#8695 = ORIENTED_EDGE('',*,*,#8303,.T.);
#8696 = PLANE('',#8697);
#8697 = AXIS2_PLACEMENT_3D('',#8698,#8699,#8700);
#8698 = CARTESIAN_POINT('',(2.5,-7.5,0.999999894947));
#8699 = DIRECTION('',(0.,0.,-1.));
#8700 = DIRECTION('',(-1.,0.,0.));
#8701 = ADVANCED_FACE('',(#8702),#8713,.T.);
#8702 = FACE_BOUND('',#8703,.T.);
#8703 = EDGE_LOOP('',(#8704,#8705,#8706,#8712));
#8704 = ORIENTED_EDGE('',*,*,#8676,.F.);
#8705 = ORIENTED_EDGE('',*,*,#8459,.F.);
#8706 = ORIENTED_EDGE('',*,*,#8707,.T.);
#8707 = EDGE_CURVE('',#8452,#8256,#8708,.T.);
#8708 = LINE('',#8709,#8710);
#8709 = CARTESIAN_POINT('',(1.6,-6.5,4.699999894947));
#8710 = VECTOR('',#8711,1.);
#8711 = DIRECTION('',(1.,0.,0.));
#8712 = ORIENTED_EDGE('',*,*,#8255,.T.);
#8713 = PLANE('',#8714);
#8714 = AXIS2_PLACEMENT_3D('',#8715,#8716,#8717);
#8715 = CARTESIAN_POINT('',(1.6,-6.5,4.699999894947));
#8716 = DIRECTION('',(0.,0.,-1.));
#8717 = DIRECTION('',(1.,0.,0.));
#8718 = ADVANCED_FACE('',(#8719),#8730,.T.);
#8719 = FACE_BOUND('',#8720,.T.);
#8720 = EDGE_LOOP('',(#8721,#8722,#8723,#8729));
#8721 = ORIENTED_EDGE('',*,*,#8662,.F.);
#8722 = ORIENTED_EDGE('',*,*,#8271,.F.);
#8723 = ORIENTED_EDGE('',*,*,#8724,.F.);
#8724 = EDGE_CURVE('',#8444,#8264,#8725,.T.);
#8725 = LINE('',#8726,#8727);
#8726 = CARTESIAN_POINT('',(-4.014098117271,-6.5,5.));
#8727 = VECTOR('',#8728,1.);
#8728 = DIRECTION('',(1.,0.,0.));
#8729 = ORIENTED_EDGE('',*,*,#8443,.T.);
#8730 = PLANE('',#8731);
#8731 = AXIS2_PLACEMENT_3D('',#8732,#8733,#8734);
#8732 = CARTESIAN_POINT('',(3.4,-6.5,5.));
#8733 = DIRECTION('',(0.,0.,1.));
#8734 = DIRECTION('',(-1.,0.,0.));
#8735 = ADVANCED_FACE('',(#8736),#8742,.F.);
#8736 = FACE_BOUND('',#8737,.T.);
#8737 = EDGE_LOOP('',(#8738,#8739,#8740,#8741));
#8738 = ORIENTED_EDGE('',*,*,#8724,.T.);
#8739 = ORIENTED_EDGE('',*,*,#8263,.T.);
#8740 = ORIENTED_EDGE('',*,*,#8707,.F.);
#8741 = ORIENTED_EDGE('',*,*,#8451,.F.);
#8742 = PLANE('',#8743);
#8743 = AXIS2_PLACEMENT_3D('',#8744,#8745,#8746);
#8744 = CARTESIAN_POINT('',(2.5,-6.5,4.849999947473));
#8745 = DIRECTION('',(0.,-1.,0.));
#8746 = DIRECTION('',(1.,0.,0.));
#8747 = MANIFOLD_SOLID_BREP('',#8748);
#8748 = CLOSED_SHELL('',(#8749,#8791,#8856,#8947,#8979,#9037,#9111,#9133
    ,#9150,#9167,#9184,#9201,#9213,#9230,#9247,#9264,#9276,#9293));
#8749 = ADVANCED_FACE('',(#8750),#8786,.T.);
#8750 = FACE_BOUND('',#8751,.T.);
#8751 = EDGE_LOOP('',(#8752,#8763,#8771,#8780));
#8752 = ORIENTED_EDGE('',*,*,#8753,.T.);
#8753 = EDGE_CURVE('',#8754,#8756,#8758,.T.);
#8754 = VERTEX_POINT('',#8755);
#8755 = CARTESIAN_POINT('',(0.9,-7.65,1.199999894947));
#8756 = VERTEX_POINT('',#8757);
#8757 = CARTESIAN_POINT('',(0.7,-7.65,0.999999894947));
#8758 = CIRCLE('',#8759,0.2);
#8759 = AXIS2_PLACEMENT_3D('',#8760,#8761,#8762);
#8760 = CARTESIAN_POINT('',(0.7,-7.65,1.199999894947));
#8761 = DIRECTION('',(0.,1.,0.));
#8762 = DIRECTION('',(0.707106781187,0.,-0.707106781187));
#8763 = ORIENTED_EDGE('',*,*,#8764,.T.);
#8764 = EDGE_CURVE('',#8756,#8765,#8767,.T.);
#8765 = VERTEX_POINT('',#8766);
#8766 = CARTESIAN_POINT('',(0.7,-7.35,0.999999894947));
#8767 = LINE('',#8768,#8769);
#8768 = CARTESIAN_POINT('',(0.7,-7.,0.999999894947));
#8769 = VECTOR('',#8770,1.);
#8770 = DIRECTION('',(0.,1.,0.));
#8771 = ORIENTED_EDGE('',*,*,#8772,.T.);
#8772 = EDGE_CURVE('',#8765,#8773,#8775,.T.);
#8773 = VERTEX_POINT('',#8774);
#8774 = CARTESIAN_POINT('',(0.9,-7.35,1.199999894947));
#8775 = CIRCLE('',#8776,0.2);
#8776 = AXIS2_PLACEMENT_3D('',#8777,#8778,#8779);
#8777 = CARTESIAN_POINT('',(0.7,-7.35,1.199999894947));
#8778 = DIRECTION('',(0.,-1.,0.));
#8779 = DIRECTION('',(0.707106781187,0.,-0.707106781187));
#8780 = ORIENTED_EDGE('',*,*,#8781,.T.);
#8781 = EDGE_CURVE('',#8773,#8754,#8782,.T.);
#8782 = LINE('',#8783,#8784);
#8783 = CARTESIAN_POINT('',(0.9,-7.,1.199999894947));
#8784 = VECTOR('',#8785,1.);
#8785 = DIRECTION('',(0.,-1.,0.));
#8786 = CYLINDRICAL_SURFACE('',#8787,0.2);
#8787 = AXIS2_PLACEMENT_3D('',#8788,#8789,#8790);
#8788 = CARTESIAN_POINT('',(0.7,-7.,1.199999894947));
#8789 = DIRECTION('',(0.,-1.,0.));
#8790 = DIRECTION('',(0.707106781187,0.,-0.707106781187));
#8791 = ADVANCED_FACE('',(#8792),#8851,.T.);
#8792 = FACE_BOUND('',#8793,.T.);
#8793 = EDGE_LOOP('',(#8794,#8795,#8803,#8812,#8820,#8828,#8836,#8845));
#8794 = ORIENTED_EDGE('',*,*,#8781,.F.);
#8795 = ORIENTED_EDGE('',*,*,#8796,.F.);
#8796 = EDGE_CURVE('',#8797,#8773,#8799,.T.);
#8797 = VERTEX_POINT('',#8798);
#8798 = CARTESIAN_POINT('',(0.9,-7.35,4.199999894947));
#8799 = LINE('',#8800,#8801);
#8800 = CARTESIAN_POINT('',(0.9,-7.35,4.699999894947));
#8801 = VECTOR('',#8802,1.);
#8802 = DIRECTION('',(0.,0.,-1.));
#8803 = ORIENTED_EDGE('',*,*,#8804,.F.);
#8804 = EDGE_CURVE('',#8805,#8797,#8807,.T.);
#8805 = VERTEX_POINT('',#8806);
#8806 = CARTESIAN_POINT('',(0.9,-6.85,4.699999894947));
#8807 = CIRCLE('',#8808,0.5);
#8808 = AXIS2_PLACEMENT_3D('',#8809,#8810,#8811);
#8809 = CARTESIAN_POINT('',(0.9,-6.85,4.199999894947));
#8810 = DIRECTION('',(1.,0.,0.));
#8811 = DIRECTION('',(0.,-0.707106781187,0.707106781187));
#8812 = ORIENTED_EDGE('',*,*,#8813,.F.);
#8813 = EDGE_CURVE('',#8814,#8805,#8816,.T.);
#8814 = VERTEX_POINT('',#8815);
#8815 = CARTESIAN_POINT('',(0.9,-6.5,4.699999894947));
#8816 = LINE('',#8817,#8818);
#8817 = CARTESIAN_POINT('',(0.9,-6.5,4.699999894947));
#8818 = VECTOR('',#8819,1.);
#8819 = DIRECTION('',(0.,-1.,0.));
#8820 = ORIENTED_EDGE('',*,*,#8821,.F.);
#8821 = EDGE_CURVE('',#8822,#8814,#8824,.T.);
#8822 = VERTEX_POINT('',#8823);
#8823 = CARTESIAN_POINT('',(0.9,-6.5,5.));
#8824 = LINE('',#8825,#8826);
#8825 = CARTESIAN_POINT('',(0.9,-6.5,5.));
#8826 = VECTOR('',#8827,1.);
#8827 = DIRECTION('',(0.,0.,-1.));
#8828 = ORIENTED_EDGE('',*,*,#8829,.T.);
#8829 = EDGE_CURVE('',#8822,#8830,#8832,.T.);
#8830 = VERTEX_POINT('',#8831);
#8831 = CARTESIAN_POINT('',(0.9,-6.85,5.));
#8832 = LINE('',#8833,#8834);
#8833 = CARTESIAN_POINT('',(0.9,-6.5,5.));
#8834 = VECTOR('',#8835,1.);
#8835 = DIRECTION('',(0.,-1.,0.));
#8836 = ORIENTED_EDGE('',*,*,#8837,.F.);
#8837 = EDGE_CURVE('',#8838,#8830,#8840,.T.);
#8838 = VERTEX_POINT('',#8839);
#8839 = CARTESIAN_POINT('',(0.9,-7.65,4.2));
#8840 = CIRCLE('',#8841,0.8);
#8841 = AXIS2_PLACEMENT_3D('',#8842,#8843,#8844);
#8842 = CARTESIAN_POINT('',(0.9,-6.85,4.2));
#8843 = DIRECTION('',(-1.,0.,0.));
#8844 = DIRECTION('',(0.,-0.707106781187,0.707106781187));
#8845 = ORIENTED_EDGE('',*,*,#8846,.T.);
#8846 = EDGE_CURVE('',#8838,#8754,#8847,.T.);
#8847 = LINE('',#8848,#8849);
#8848 = CARTESIAN_POINT('',(0.9,-7.65,4.699999894947));
#8849 = VECTOR('',#8850,1.);
#8850 = DIRECTION('',(0.,0.,-1.));
#8851 = PLANE('',#8852);
#8852 = AXIS2_PLACEMENT_3D('',#8853,#8854,#8855);
#8853 = CARTESIAN_POINT('',(0.9,-6.5,4.699999894947));
#8854 = DIRECTION('',(1.,0.,0.));
#8855 = DIRECTION('',(0.,0.,1.));
#8856 = ADVANCED_FACE('',(#8857),#8942,.T.);
#8857 = FACE_BOUND('',#8858,.T.);
#8858 = EDGE_LOOP('',(#8859,#8860,#8868,#8876,#8885,#8893,#8902,#8910,
    #8918,#8927,#8935,#8941));
#8859 = ORIENTED_EDGE('',*,*,#8772,.F.);
#8860 = ORIENTED_EDGE('',*,*,#8861,.F.);
#8861 = EDGE_CURVE('',#8862,#8765,#8864,.T.);
#8862 = VERTEX_POINT('',#8863);
#8863 = CARTESIAN_POINT('',(0.45,-7.35,0.999999894947));
#8864 = LINE('',#8865,#8866);
#8865 = CARTESIAN_POINT('',(-3.4,-7.35,0.999999894947));
#8866 = VECTOR('',#8867,1.);
#8867 = DIRECTION('',(1.,0.,0.));
#8868 = ORIENTED_EDGE('',*,*,#8869,.T.);
#8869 = EDGE_CURVE('',#8862,#8870,#8872,.T.);
#8870 = VERTEX_POINT('',#8871);
#8871 = CARTESIAN_POINT('',(0.45,-7.35,-3.300000105053));
#8872 = LINE('',#8873,#8874);
#8873 = CARTESIAN_POINT('',(0.45,-7.35,0.999999894947));
#8874 = VECTOR('',#8875,1.);
#8875 = DIRECTION('',(0.,0.,-1.));
#8876 = ORIENTED_EDGE('',*,*,#8877,.F.);
#8877 = EDGE_CURVE('',#8878,#8870,#8880,.T.);
#8878 = VERTEX_POINT('',#8879);
#8879 = CARTESIAN_POINT('',(0.25,-7.35,-3.500000105053));
#8880 = CIRCLE('',#8881,0.2);
#8881 = AXIS2_PLACEMENT_3D('',#8882,#8883,#8884);
#8882 = CARTESIAN_POINT('',(0.25,-7.35,-3.300000105053));
#8883 = DIRECTION('',(0.,-1.,0.));
#8884 = DIRECTION('',(0.707106781187,0.,-0.707106781187));
#8885 = ORIENTED_EDGE('',*,*,#8886,.F.);
#8886 = EDGE_CURVE('',#8887,#8878,#8889,.T.);
#8887 = VERTEX_POINT('',#8888);
#8888 = CARTESIAN_POINT('',(-0.25,-7.35,-3.500000105053));
#8889 = LINE('',#8890,#8891);
#8890 = CARTESIAN_POINT('',(-0.9,-7.35,-3.500000105053));
#8891 = VECTOR('',#8892,1.);
#8892 = DIRECTION('',(1.,0.,0.));
#8893 = ORIENTED_EDGE('',*,*,#8894,.F.);
#8894 = EDGE_CURVE('',#8895,#8887,#8897,.T.);
#8895 = VERTEX_POINT('',#8896);
#8896 = CARTESIAN_POINT('',(-0.45,-7.35,-3.300000105053));
#8897 = CIRCLE('',#8898,0.2);
#8898 = AXIS2_PLACEMENT_3D('',#8899,#8900,#8901);
#8899 = CARTESIAN_POINT('',(-0.25,-7.35,-3.300000105053));
#8900 = DIRECTION('',(0.,-1.,0.));
#8901 = DIRECTION('',(-0.707106781187,-0.,-0.707106781187));
#8902 = ORIENTED_EDGE('',*,*,#8903,.F.);
#8903 = EDGE_CURVE('',#8904,#8895,#8906,.T.);
#8904 = VERTEX_POINT('',#8905);
#8905 = CARTESIAN_POINT('',(-0.45,-7.35,0.999999894947));
#8906 = LINE('',#8907,#8908);
#8907 = CARTESIAN_POINT('',(-0.45,-7.35,0.999999894947));
#8908 = VECTOR('',#8909,1.);
#8909 = DIRECTION('',(0.,0.,-1.));
#8910 = ORIENTED_EDGE('',*,*,#8911,.F.);
#8911 = EDGE_CURVE('',#8912,#8904,#8914,.T.);
#8912 = VERTEX_POINT('',#8913);
#8913 = CARTESIAN_POINT('',(-0.7,-7.35,0.999999894947));
#8914 = LINE('',#8915,#8916);
#8915 = CARTESIAN_POINT('',(-3.4,-7.35,0.999999894947));
#8916 = VECTOR('',#8917,1.);
#8917 = DIRECTION('',(1.,0.,0.));
#8918 = ORIENTED_EDGE('',*,*,#8919,.F.);
#8919 = EDGE_CURVE('',#8920,#8912,#8922,.T.);
#8920 = VERTEX_POINT('',#8921);
#8921 = CARTESIAN_POINT('',(-0.9,-7.35,1.199999894947));
#8922 = CIRCLE('',#8923,0.2);
#8923 = AXIS2_PLACEMENT_3D('',#8924,#8925,#8926);
#8924 = CARTESIAN_POINT('',(-0.7,-7.35,1.199999894947));
#8925 = DIRECTION('',(0.,-1.,0.));
#8926 = DIRECTION('',(-0.707106781187,-0.,-0.707106781187));
#8927 = ORIENTED_EDGE('',*,*,#8928,.F.);
#8928 = EDGE_CURVE('',#8929,#8920,#8931,.T.);
#8929 = VERTEX_POINT('',#8930);
#8930 = CARTESIAN_POINT('',(-0.9,-7.35,4.199999894947));
#8931 = LINE('',#8932,#8933);
#8932 = CARTESIAN_POINT('',(-0.9,-7.35,4.699999894947));
#8933 = VECTOR('',#8934,1.);
#8934 = DIRECTION('',(0.,0.,-1.));
#8935 = ORIENTED_EDGE('',*,*,#8936,.F.);
#8936 = EDGE_CURVE('',#8797,#8929,#8937,.T.);
#8937 = LINE('',#8938,#8939);
#8938 = CARTESIAN_POINT('',(-0.9,-7.35,4.199999894947));
#8939 = VECTOR('',#8940,1.);
#8940 = DIRECTION('',(-1.,0.,0.));
#8941 = ORIENTED_EDGE('',*,*,#8796,.T.);
#8942 = PLANE('',#8943);
#8943 = AXIS2_PLACEMENT_3D('',#8944,#8945,#8946);
#8944 = CARTESIAN_POINT('',(-0.9,-7.35,4.699999894947));
#8945 = DIRECTION('',(0.,1.,0.));
#8946 = DIRECTION('',(1.,0.,0.));
#8947 = ADVANCED_FACE('',(#8948),#8974,.T.);
#8948 = FACE_BOUND('',#8949,.T.);
#8949 = EDGE_LOOP('',(#8950,#8951,#8959,#8968));
#8950 = ORIENTED_EDGE('',*,*,#8919,.T.);
#8951 = ORIENTED_EDGE('',*,*,#8952,.T.);
#8952 = EDGE_CURVE('',#8912,#8953,#8955,.T.);
#8953 = VERTEX_POINT('',#8954);
#8954 = CARTESIAN_POINT('',(-0.7,-7.65,0.999999894947));
#8955 = LINE('',#8956,#8957);
#8956 = CARTESIAN_POINT('',(-0.7,-7.,0.999999894947));
#8957 = VECTOR('',#8958,1.);
#8958 = DIRECTION('',(0.,-1.,0.));
#8959 = ORIENTED_EDGE('',*,*,#8960,.T.);
#8960 = EDGE_CURVE('',#8953,#8961,#8963,.T.);
#8961 = VERTEX_POINT('',#8962);
#8962 = CARTESIAN_POINT('',(-0.9,-7.65,1.199999894947));
#8963 = CIRCLE('',#8964,0.2);
#8964 = AXIS2_PLACEMENT_3D('',#8965,#8966,#8967);
#8965 = CARTESIAN_POINT('',(-0.7,-7.65,1.199999894947));
#8966 = DIRECTION('',(0.,1.,0.));
#8967 = DIRECTION('',(-0.707106781187,0.,-0.707106781187));
#8968 = ORIENTED_EDGE('',*,*,#8969,.T.);
#8969 = EDGE_CURVE('',#8961,#8920,#8970,.T.);
#8970 = LINE('',#8971,#8972);
#8971 = CARTESIAN_POINT('',(-0.9,-7.,1.199999894947));
#8972 = VECTOR('',#8973,1.);
#8973 = DIRECTION('',(0.,1.,0.));
#8974 = CYLINDRICAL_SURFACE('',#8975,0.2);
#8975 = AXIS2_PLACEMENT_3D('',#8976,#8977,#8978);
#8976 = CARTESIAN_POINT('',(-0.7,-7.,1.199999894947));
#8977 = DIRECTION('',(0.,1.,0.));
#8978 = DIRECTION('',(-0.707106781187,0.,-0.707106781187));
#8979 = ADVANCED_FACE('',(#8980),#9032,.T.);
#8980 = FACE_BOUND('',#8981,.T.);
#8981 = EDGE_LOOP('',(#8982,#8983,#8991,#9000,#9008,#9016,#9024,#9031));
#8982 = ORIENTED_EDGE('',*,*,#8969,.F.);
#8983 = ORIENTED_EDGE('',*,*,#8984,.F.);
#8984 = EDGE_CURVE('',#8985,#8961,#8987,.T.);
#8985 = VERTEX_POINT('',#8986);
#8986 = CARTESIAN_POINT('',(-0.9,-7.65,4.2));
#8987 = LINE('',#8988,#8989);
#8988 = CARTESIAN_POINT('',(-0.9,-7.65,5.));
#8989 = VECTOR('',#8990,1.);
#8990 = DIRECTION('',(0.,0.,-1.));
#8991 = ORIENTED_EDGE('',*,*,#8992,.F.);
#8992 = EDGE_CURVE('',#8993,#8985,#8995,.T.);
#8993 = VERTEX_POINT('',#8994);
#8994 = CARTESIAN_POINT('',(-0.9,-6.85,5.));
#8995 = CIRCLE('',#8996,0.8);
#8996 = AXIS2_PLACEMENT_3D('',#8997,#8998,#8999);
#8997 = CARTESIAN_POINT('',(-0.9,-6.85,4.2));
#8998 = DIRECTION('',(1.,0.,0.));
#8999 = DIRECTION('',(0.,-0.707106781187,0.707106781187));
#9000 = ORIENTED_EDGE('',*,*,#9001,.F.);
#9001 = EDGE_CURVE('',#9002,#8993,#9004,.T.);
#9002 = VERTEX_POINT('',#9003);
#9003 = CARTESIAN_POINT('',(-0.9,-6.5,5.));
#9004 = LINE('',#9005,#9006);
#9005 = CARTESIAN_POINT('',(-0.9,-6.5,5.));
#9006 = VECTOR('',#9007,1.);
#9007 = DIRECTION('',(0.,-1.,0.));
#9008 = ORIENTED_EDGE('',*,*,#9009,.T.);
#9009 = EDGE_CURVE('',#9002,#9010,#9012,.T.);
#9010 = VERTEX_POINT('',#9011);
#9011 = CARTESIAN_POINT('',(-0.9,-6.5,4.699999894947));
#9012 = LINE('',#9013,#9014);
#9013 = CARTESIAN_POINT('',(-0.9,-6.5,5.));
#9014 = VECTOR('',#9015,1.);
#9015 = DIRECTION('',(0.,0.,-1.));
#9016 = ORIENTED_EDGE('',*,*,#9017,.T.);
#9017 = EDGE_CURVE('',#9010,#9018,#9020,.T.);
#9018 = VERTEX_POINT('',#9019);
#9019 = CARTESIAN_POINT('',(-0.9,-6.85,4.699999894947));
#9020 = LINE('',#9021,#9022);
#9021 = CARTESIAN_POINT('',(-0.9,-6.5,4.699999894947));
#9022 = VECTOR('',#9023,1.);
#9023 = DIRECTION('',(0.,-1.,0.));
#9024 = ORIENTED_EDGE('',*,*,#9025,.F.);
#9025 = EDGE_CURVE('',#8929,#9018,#9026,.T.);
#9026 = CIRCLE('',#9027,0.5);
#9027 = AXIS2_PLACEMENT_3D('',#9028,#9029,#9030);
#9028 = CARTESIAN_POINT('',(-0.9,-6.85,4.199999894947));
#9029 = DIRECTION('',(-1.,0.,0.));
#9030 = DIRECTION('',(0.,-0.707106781187,0.707106781187));
#9031 = ORIENTED_EDGE('',*,*,#8928,.T.);
#9032 = PLANE('',#9033);
#9033 = AXIS2_PLACEMENT_3D('',#9034,#9035,#9036);
#9034 = CARTESIAN_POINT('',(-0.9,-6.5,5.));
#9035 = DIRECTION('',(-1.,0.,0.));
#9036 = DIRECTION('',(0.,0.,-1.));
#9037 = ADVANCED_FACE('',(#9038),#9106,.T.);
#9038 = FACE_BOUND('',#9039,.T.);
#9039 = EDGE_LOOP('',(#9040,#9041,#9042,#9048,#9049,#9050,#9058,#9066,
    #9075,#9083,#9092,#9100));
#9040 = ORIENTED_EDGE('',*,*,#8753,.F.);
#9041 = ORIENTED_EDGE('',*,*,#8846,.F.);
#9042 = ORIENTED_EDGE('',*,*,#9043,.F.);
#9043 = EDGE_CURVE('',#8985,#8838,#9044,.T.);
#9044 = LINE('',#9045,#9046);
#9045 = CARTESIAN_POINT('',(0.45,-7.65,4.2));
#9046 = VECTOR('',#9047,1.);
#9047 = DIRECTION('',(1.,0.,0.));
#9048 = ORIENTED_EDGE('',*,*,#8984,.T.);
#9049 = ORIENTED_EDGE('',*,*,#8960,.F.);
#9050 = ORIENTED_EDGE('',*,*,#9051,.F.);
#9051 = EDGE_CURVE('',#9052,#8953,#9054,.T.);
#9052 = VERTEX_POINT('',#9053);
#9053 = CARTESIAN_POINT('',(-0.45,-7.65,0.999999894947));
#9054 = LINE('',#9055,#9056);
#9055 = CARTESIAN_POINT('',(0.9,-7.65,0.999999894947));
#9056 = VECTOR('',#9057,1.);
#9057 = DIRECTION('',(-1.,0.,0.));
#9058 = ORIENTED_EDGE('',*,*,#9059,.T.);
#9059 = EDGE_CURVE('',#9052,#9060,#9062,.T.);
#9060 = VERTEX_POINT('',#9061);
#9061 = CARTESIAN_POINT('',(-0.45,-7.65,-3.300000105053));
#9062 = LINE('',#9063,#9064);
#9063 = CARTESIAN_POINT('',(-0.45,-7.65,0.999999894947));
#9064 = VECTOR('',#9065,1.);
#9065 = DIRECTION('',(0.,0.,-1.));
#9066 = ORIENTED_EDGE('',*,*,#9067,.F.);
#9067 = EDGE_CURVE('',#9068,#9060,#9070,.T.);
#9068 = VERTEX_POINT('',#9069);
#9069 = CARTESIAN_POINT('',(-0.25,-7.65,-3.500000105053));
#9070 = CIRCLE('',#9071,0.2);
#9071 = AXIS2_PLACEMENT_3D('',#9072,#9073,#9074);
#9072 = CARTESIAN_POINT('',(-0.25,-7.65,-3.300000105053));
#9073 = DIRECTION('',(0.,1.,0.));
#9074 = DIRECTION('',(-0.707106781187,0.,-0.707106781187));
#9075 = ORIENTED_EDGE('',*,*,#9076,.F.);
#9076 = EDGE_CURVE('',#9077,#9068,#9079,.T.);
#9077 = VERTEX_POINT('',#9078);
#9078 = CARTESIAN_POINT('',(0.25,-7.65,-3.500000105053));
#9079 = LINE('',#9080,#9081);
#9080 = CARTESIAN_POINT('',(0.9,-7.65,-3.500000105053));
#9081 = VECTOR('',#9082,1.);
#9082 = DIRECTION('',(-1.,0.,0.));
#9083 = ORIENTED_EDGE('',*,*,#9084,.F.);
#9084 = EDGE_CURVE('',#9085,#9077,#9087,.T.);
#9085 = VERTEX_POINT('',#9086);
#9086 = CARTESIAN_POINT('',(0.45,-7.65,-3.300000105053));
#9087 = CIRCLE('',#9088,0.2);
#9088 = AXIS2_PLACEMENT_3D('',#9089,#9090,#9091);
#9089 = CARTESIAN_POINT('',(0.25,-7.65,-3.300000105053));
#9090 = DIRECTION('',(0.,1.,0.));
#9091 = DIRECTION('',(0.707106781187,0.,-0.707106781187));
#9092 = ORIENTED_EDGE('',*,*,#9093,.F.);
#9093 = EDGE_CURVE('',#9094,#9085,#9096,.T.);
#9094 = VERTEX_POINT('',#9095);
#9095 = CARTESIAN_POINT('',(0.45,-7.65,0.999999894947));
#9096 = LINE('',#9097,#9098);
#9097 = CARTESIAN_POINT('',(0.45,-7.65,0.999999894947));
#9098 = VECTOR('',#9099,1.);
#9099 = DIRECTION('',(0.,0.,-1.));
#9100 = ORIENTED_EDGE('',*,*,#9101,.F.);
#9101 = EDGE_CURVE('',#8756,#9094,#9102,.T.);
#9102 = LINE('',#9103,#9104);
#9103 = CARTESIAN_POINT('',(0.9,-7.65,0.999999894947));
#9104 = VECTOR('',#9105,1.);
#9105 = DIRECTION('',(-1.,0.,0.));
#9106 = PLANE('',#9107);
#9107 = AXIS2_PLACEMENT_3D('',#9108,#9109,#9110);
#9108 = CARTESIAN_POINT('',(2.775557561563E-16,-7.65,4.849999947473));
#9109 = DIRECTION('',(0.,-1.,0.));
#9110 = DIRECTION('',(0.,0.,-1.));
#9111 = ADVANCED_FACE('',(#9112),#9128,.T.);
#9112 = FACE_BOUND('',#9113,.T.);
#9113 = EDGE_LOOP('',(#9114,#9115,#9121,#9122));
#9114 = ORIENTED_EDGE('',*,*,#9084,.T.);
#9115 = ORIENTED_EDGE('',*,*,#9116,.T.);
#9116 = EDGE_CURVE('',#9077,#8878,#9117,.T.);
#9117 = LINE('',#9118,#9119);
#9118 = CARTESIAN_POINT('',(0.25,-7.425,-3.500000105053));
#9119 = VECTOR('',#9120,1.);
#9120 = DIRECTION('',(0.,1.,0.));
#9121 = ORIENTED_EDGE('',*,*,#8877,.T.);
#9122 = ORIENTED_EDGE('',*,*,#9123,.T.);
#9123 = EDGE_CURVE('',#8870,#9085,#9124,.T.);
#9124 = LINE('',#9125,#9126);
#9125 = CARTESIAN_POINT('',(0.45,-7.425,-3.300000105053));
#9126 = VECTOR('',#9127,1.);
#9127 = DIRECTION('',(0.,-1.,0.));
#9128 = CYLINDRICAL_SURFACE('',#9129,0.2);
#9129 = AXIS2_PLACEMENT_3D('',#9130,#9131,#9132);
#9130 = CARTESIAN_POINT('',(0.25,-7.425,-3.300000105053));
#9131 = DIRECTION('',(0.,-1.,0.));
#9132 = DIRECTION('',(0.707106781187,0.,-0.707106781187));
#9133 = ADVANCED_FACE('',(#9134),#9145,.T.);
#9134 = FACE_BOUND('',#9135,.T.);
#9135 = EDGE_LOOP('',(#9136,#9137,#9138,#9144));
#9136 = ORIENTED_EDGE('',*,*,#9116,.F.);
#9137 = ORIENTED_EDGE('',*,*,#9076,.T.);
#9138 = ORIENTED_EDGE('',*,*,#9139,.F.);
#9139 = EDGE_CURVE('',#8887,#9068,#9140,.T.);
#9140 = LINE('',#9141,#9142);
#9141 = CARTESIAN_POINT('',(-0.25,-7.575,-3.500000105053));
#9142 = VECTOR('',#9143,1.);
#9143 = DIRECTION('',(0.,-1.,0.));
#9144 = ORIENTED_EDGE('',*,*,#8886,.T.);
#9145 = PLANE('',#9146);
#9146 = AXIS2_PLACEMENT_3D('',#9147,#9148,#9149);
#9147 = CARTESIAN_POINT('',(2.081668171172E-16,-7.5,-3.500000105053));
#9148 = DIRECTION('',(0.,0.,-1.));
#9149 = DIRECTION('',(-1.,0.,0.));
#9150 = ADVANCED_FACE('',(#9151),#9162,.T.);
#9151 = FACE_BOUND('',#9152,.T.);
#9152 = EDGE_LOOP('',(#9153,#9154,#9155,#9156));
#9153 = ORIENTED_EDGE('',*,*,#8894,.T.);
#9154 = ORIENTED_EDGE('',*,*,#9139,.T.);
#9155 = ORIENTED_EDGE('',*,*,#9067,.T.);
#9156 = ORIENTED_EDGE('',*,*,#9157,.T.);
#9157 = EDGE_CURVE('',#9060,#8895,#9158,.T.);
#9158 = LINE('',#9159,#9160);
#9159 = CARTESIAN_POINT('',(-0.45,-7.575,-3.300000105053));
#9160 = VECTOR('',#9161,1.);
#9161 = DIRECTION('',(0.,1.,0.));
#9162 = CYLINDRICAL_SURFACE('',#9163,0.2);
#9163 = AXIS2_PLACEMENT_3D('',#9164,#9165,#9166);
#9164 = CARTESIAN_POINT('',(-0.25,-7.575,-3.300000105053));
#9165 = DIRECTION('',(0.,1.,0.));
#9166 = DIRECTION('',(-0.707106781187,0.,-0.707106781187));
#9167 = ADVANCED_FACE('',(#9168),#9179,.T.);
#9168 = FACE_BOUND('',#9169,.T.);
#9169 = EDGE_LOOP('',(#9170,#9171,#9172,#9178));
#9170 = ORIENTED_EDGE('',*,*,#9123,.F.);
#9171 = ORIENTED_EDGE('',*,*,#8869,.F.);
#9172 = ORIENTED_EDGE('',*,*,#9173,.F.);
#9173 = EDGE_CURVE('',#9094,#8862,#9174,.T.);
#9174 = LINE('',#9175,#9176);
#9175 = CARTESIAN_POINT('',(0.45,-7.425,0.999999894947));
#9176 = VECTOR('',#9177,1.);
#9177 = DIRECTION('',(0.,1.,0.));
#9178 = ORIENTED_EDGE('',*,*,#9093,.T.);
#9179 = PLANE('',#9180);
#9180 = AXIS2_PLACEMENT_3D('',#9181,#9182,#9183);
#9181 = CARTESIAN_POINT('',(0.45,-7.35,0.999999894947));
#9182 = DIRECTION('',(1.,0.,0.));
#9183 = DIRECTION('',(0.,-1.,0.));
#9184 = ADVANCED_FACE('',(#9185),#9196,.T.);
#9185 = FACE_BOUND('',#9186,.T.);
#9186 = EDGE_LOOP('',(#9187,#9188,#9189,#9195));
#9187 = ORIENTED_EDGE('',*,*,#9157,.F.);
#9188 = ORIENTED_EDGE('',*,*,#9059,.F.);
#9189 = ORIENTED_EDGE('',*,*,#9190,.F.);
#9190 = EDGE_CURVE('',#8904,#9052,#9191,.T.);
#9191 = LINE('',#9192,#9193);
#9192 = CARTESIAN_POINT('',(-0.45,-7.575,0.999999894947));
#9193 = VECTOR('',#9194,1.);
#9194 = DIRECTION('',(0.,-1.,0.));
#9195 = ORIENTED_EDGE('',*,*,#8903,.T.);
#9196 = PLANE('',#9197);
#9197 = AXIS2_PLACEMENT_3D('',#9198,#9199,#9200);
#9198 = CARTESIAN_POINT('',(-0.45,-7.65,0.999999894947));
#9199 = DIRECTION('',(-1.,0.,0.));
#9200 = DIRECTION('',(0.,1.,0.));
#9201 = ADVANCED_FACE('',(#9202),#9208,.T.);
#9202 = FACE_BOUND('',#9203,.T.);
#9203 = EDGE_LOOP('',(#9204,#9205,#9206,#9207));
#9204 = ORIENTED_EDGE('',*,*,#8952,.F.);
#9205 = ORIENTED_EDGE('',*,*,#8911,.T.);
#9206 = ORIENTED_EDGE('',*,*,#9190,.T.);
#9207 = ORIENTED_EDGE('',*,*,#9051,.T.);
#9208 = PLANE('',#9209);
#9209 = AXIS2_PLACEMENT_3D('',#9210,#9211,#9212);
#9210 = CARTESIAN_POINT('',(2.775557561563E-16,-7.5,0.999999894947));
#9211 = DIRECTION('',(0.,0.,-1.));
#9212 = DIRECTION('',(-1.,0.,0.));
#9213 = ADVANCED_FACE('',(#9214),#9225,.T.);
#9214 = FACE_BOUND('',#9215,.T.);
#9215 = EDGE_LOOP('',(#9216,#9217,#9218,#9219));
#9216 = ORIENTED_EDGE('',*,*,#8992,.T.);
#9217 = ORIENTED_EDGE('',*,*,#9043,.T.);
#9218 = ORIENTED_EDGE('',*,*,#8837,.T.);
#9219 = ORIENTED_EDGE('',*,*,#9220,.T.);
#9220 = EDGE_CURVE('',#8830,#8993,#9221,.T.);
#9221 = LINE('',#9222,#9223);
#9222 = CARTESIAN_POINT('',(0.45,-6.85,5.));
#9223 = VECTOR('',#9224,1.);
#9224 = DIRECTION('',(-1.,0.,0.));
#9225 = CYLINDRICAL_SURFACE('',#9226,0.8);
#9226 = AXIS2_PLACEMENT_3D('',#9227,#9228,#9229);
#9227 = CARTESIAN_POINT('',(0.45,-6.85,4.2));
#9228 = DIRECTION('',(-1.,0.,0.));
#9229 = DIRECTION('',(0.,-0.707106781187,0.707106781187));
#9230 = ADVANCED_FACE('',(#9231),#9242,.T.);
#9231 = FACE_BOUND('',#9232,.T.);
#9232 = EDGE_LOOP('',(#9233,#9234,#9235,#9241));
#9233 = ORIENTED_EDGE('',*,*,#9220,.F.);
#9234 = ORIENTED_EDGE('',*,*,#8829,.F.);
#9235 = ORIENTED_EDGE('',*,*,#9236,.F.);
#9236 = EDGE_CURVE('',#9002,#8822,#9237,.T.);
#9237 = LINE('',#9238,#9239);
#9238 = CARTESIAN_POINT('',(-4.014098117271,-6.5,5.));
#9239 = VECTOR('',#9240,1.);
#9240 = DIRECTION('',(1.,0.,0.));
#9241 = ORIENTED_EDGE('',*,*,#9001,.T.);
#9242 = PLANE('',#9243);
#9243 = AXIS2_PLACEMENT_3D('',#9244,#9245,#9246);
#9244 = CARTESIAN_POINT('',(0.9,-6.5,5.));
#9245 = DIRECTION('',(0.,0.,1.));
#9246 = DIRECTION('',(-1.,0.,0.));
#9247 = ADVANCED_FACE('',(#9248),#9259,.F.);
#9248 = FACE_BOUND('',#9249,.F.);
#9249 = EDGE_LOOP('',(#9250,#9256,#9257,#9258));
#9250 = ORIENTED_EDGE('',*,*,#9251,.F.);
#9251 = EDGE_CURVE('',#9018,#8805,#9252,.T.);
#9252 = LINE('',#9253,#9254);
#9253 = CARTESIAN_POINT('',(-0.9,-6.85,4.699999894947));
#9254 = VECTOR('',#9255,1.);
#9255 = DIRECTION('',(1.,0.,0.));
#9256 = ORIENTED_EDGE('',*,*,#9025,.F.);
#9257 = ORIENTED_EDGE('',*,*,#8936,.F.);
#9258 = ORIENTED_EDGE('',*,*,#8804,.F.);
#9259 = CYLINDRICAL_SURFACE('',#9260,0.5);
#9260 = AXIS2_PLACEMENT_3D('',#9261,#9262,#9263);
#9261 = CARTESIAN_POINT('',(-0.9,-6.85,4.199999894947));
#9262 = DIRECTION('',(-1.,0.,0.));
#9263 = DIRECTION('',(0.,-0.707106781187,0.707106781187));
#9264 = ADVANCED_FACE('',(#9265),#9271,.T.);
#9265 = FACE_BOUND('',#9266,.T.);
#9266 = EDGE_LOOP('',(#9267,#9268,#9269,#9270));
#9267 = ORIENTED_EDGE('',*,*,#8764,.F.);
#9268 = ORIENTED_EDGE('',*,*,#9101,.T.);
#9269 = ORIENTED_EDGE('',*,*,#9173,.T.);
#9270 = ORIENTED_EDGE('',*,*,#8861,.T.);
#9271 = PLANE('',#9272);
#9272 = AXIS2_PLACEMENT_3D('',#9273,#9274,#9275);
#9273 = CARTESIAN_POINT('',(2.775557561563E-16,-7.5,0.999999894947));
#9274 = DIRECTION('',(0.,0.,-1.));
#9275 = DIRECTION('',(-1.,0.,0.));
#9276 = ADVANCED_FACE('',(#9277),#9288,.T.);
#9277 = FACE_BOUND('',#9278,.T.);
#9278 = EDGE_LOOP('',(#9279,#9280,#9281,#9287));
#9279 = ORIENTED_EDGE('',*,*,#9251,.F.);
#9280 = ORIENTED_EDGE('',*,*,#9017,.F.);
#9281 = ORIENTED_EDGE('',*,*,#9282,.T.);
#9282 = EDGE_CURVE('',#9010,#8814,#9283,.T.);
#9283 = LINE('',#9284,#9285);
#9284 = CARTESIAN_POINT('',(-0.9,-6.5,4.699999894947));
#9285 = VECTOR('',#9286,1.);
#9286 = DIRECTION('',(1.,0.,0.));
#9287 = ORIENTED_EDGE('',*,*,#8813,.T.);
#9288 = PLANE('',#9289);
#9289 = AXIS2_PLACEMENT_3D('',#9290,#9291,#9292);
#9290 = CARTESIAN_POINT('',(-0.9,-6.5,4.699999894947));
#9291 = DIRECTION('',(0.,0.,-1.));
#9292 = DIRECTION('',(1.,0.,0.));
#9293 = ADVANCED_FACE('',(#9294),#9300,.F.);
#9294 = FACE_BOUND('',#9295,.T.);
#9295 = EDGE_LOOP('',(#9296,#9297,#9298,#9299));
#9296 = ORIENTED_EDGE('',*,*,#9009,.F.);
#9297 = ORIENTED_EDGE('',*,*,#9236,.T.);
#9298 = ORIENTED_EDGE('',*,*,#8821,.T.);
#9299 = ORIENTED_EDGE('',*,*,#9282,.F.);
#9300 = PLANE('',#9301);
#9301 = AXIS2_PLACEMENT_3D('',#9302,#9303,#9304);
#9302 = CARTESIAN_POINT('',(2.775557561563E-16,-6.5,4.849999947473));
#9303 = DIRECTION('',(0.,-1.,0.));
#9304 = DIRECTION('',(1.,0.,0.));
#9305 = MANIFOLD_SOLID_BREP('',#9306);
#9306 = CLOSED_SHELL('',(#9307,#9349,#9414,#9505,#9537,#9595,#9669,#9691
    ,#9708,#9725,#9742,#9759,#9771,#9788,#9805,#9817,#9834,#9851));
#9307 = ADVANCED_FACE('',(#9308),#9344,.T.);
#9308 = FACE_BOUND('',#9309,.T.);
#9309 = EDGE_LOOP('',(#9310,#9321,#9329,#9338));
#9310 = ORIENTED_EDGE('',*,*,#9311,.T.);
#9311 = EDGE_CURVE('',#9312,#9314,#9316,.T.);
#9312 = VERTEX_POINT('',#9313);
#9313 = CARTESIAN_POINT('',(-1.6,-7.65,1.199999894947));
#9314 = VERTEX_POINT('',#9315);
#9315 = CARTESIAN_POINT('',(-1.8,-7.65,0.999999894947));
#9316 = CIRCLE('',#9317,0.2);
#9317 = AXIS2_PLACEMENT_3D('',#9318,#9319,#9320);
#9318 = CARTESIAN_POINT('',(-1.8,-7.65,1.199999894947));
#9319 = DIRECTION('',(0.,1.,0.));
#9320 = DIRECTION('',(0.707106781187,0.,-0.707106781187));
#9321 = ORIENTED_EDGE('',*,*,#9322,.T.);
#9322 = EDGE_CURVE('',#9314,#9323,#9325,.T.);
#9323 = VERTEX_POINT('',#9324);
#9324 = CARTESIAN_POINT('',(-1.8,-7.35,0.999999894947));
#9325 = LINE('',#9326,#9327);
#9326 = CARTESIAN_POINT('',(-1.8,-7.,0.999999894947));
#9327 = VECTOR('',#9328,1.);
#9328 = DIRECTION('',(0.,1.,0.));
#9329 = ORIENTED_EDGE('',*,*,#9330,.T.);
#9330 = EDGE_CURVE('',#9323,#9331,#9333,.T.);
#9331 = VERTEX_POINT('',#9332);
#9332 = CARTESIAN_POINT('',(-1.6,-7.35,1.199999894947));
#9333 = CIRCLE('',#9334,0.2);
#9334 = AXIS2_PLACEMENT_3D('',#9335,#9336,#9337);
#9335 = CARTESIAN_POINT('',(-1.8,-7.35,1.199999894947));
#9336 = DIRECTION('',(0.,-1.,0.));
#9337 = DIRECTION('',(0.707106781187,0.,-0.707106781187));
#9338 = ORIENTED_EDGE('',*,*,#9339,.T.);
#9339 = EDGE_CURVE('',#9331,#9312,#9340,.T.);
#9340 = LINE('',#9341,#9342);
#9341 = CARTESIAN_POINT('',(-1.6,-7.,1.199999894947));
#9342 = VECTOR('',#9343,1.);
#9343 = DIRECTION('',(0.,-1.,0.));
#9344 = CYLINDRICAL_SURFACE('',#9345,0.2);
#9345 = AXIS2_PLACEMENT_3D('',#9346,#9347,#9348);
#9346 = CARTESIAN_POINT('',(-1.8,-7.,1.199999894947));
#9347 = DIRECTION('',(0.,-1.,0.));
#9348 = DIRECTION('',(0.707106781187,0.,-0.707106781187));
#9349 = ADVANCED_FACE('',(#9350),#9409,.T.);
#9350 = FACE_BOUND('',#9351,.T.);
#9351 = EDGE_LOOP('',(#9352,#9353,#9361,#9370,#9378,#9386,#9394,#9403));
#9352 = ORIENTED_EDGE('',*,*,#9339,.F.);
#9353 = ORIENTED_EDGE('',*,*,#9354,.F.);
#9354 = EDGE_CURVE('',#9355,#9331,#9357,.T.);
#9355 = VERTEX_POINT('',#9356);
#9356 = CARTESIAN_POINT('',(-1.6,-7.35,4.199999894947));
#9357 = LINE('',#9358,#9359);
#9358 = CARTESIAN_POINT('',(-1.6,-7.35,4.699999894947));
#9359 = VECTOR('',#9360,1.);
#9360 = DIRECTION('',(0.,0.,-1.));
#9361 = ORIENTED_EDGE('',*,*,#9362,.F.);
#9362 = EDGE_CURVE('',#9363,#9355,#9365,.T.);
#9363 = VERTEX_POINT('',#9364);
#9364 = CARTESIAN_POINT('',(-1.6,-6.85,4.699999894947));
#9365 = CIRCLE('',#9366,0.5);
#9366 = AXIS2_PLACEMENT_3D('',#9367,#9368,#9369);
#9367 = CARTESIAN_POINT('',(-1.6,-6.85,4.199999894947));
#9368 = DIRECTION('',(1.,0.,0.));
#9369 = DIRECTION('',(0.,-0.707106781187,0.707106781187));
#9370 = ORIENTED_EDGE('',*,*,#9371,.F.);
#9371 = EDGE_CURVE('',#9372,#9363,#9374,.T.);
#9372 = VERTEX_POINT('',#9373);
#9373 = CARTESIAN_POINT('',(-1.6,-6.5,4.699999894947));
#9374 = LINE('',#9375,#9376);
#9375 = CARTESIAN_POINT('',(-1.6,-6.5,4.699999894947));
#9376 = VECTOR('',#9377,1.);
#9377 = DIRECTION('',(0.,-1.,0.));
#9378 = ORIENTED_EDGE('',*,*,#9379,.F.);
#9379 = EDGE_CURVE('',#9380,#9372,#9382,.T.);
#9380 = VERTEX_POINT('',#9381);
#9381 = CARTESIAN_POINT('',(-1.6,-6.5,5.));
#9382 = LINE('',#9383,#9384);
#9383 = CARTESIAN_POINT('',(-1.6,-6.5,5.));
#9384 = VECTOR('',#9385,1.);
#9385 = DIRECTION('',(0.,0.,-1.));
#9386 = ORIENTED_EDGE('',*,*,#9387,.T.);
#9387 = EDGE_CURVE('',#9380,#9388,#9390,.T.);
#9388 = VERTEX_POINT('',#9389);
#9389 = CARTESIAN_POINT('',(-1.6,-6.85,5.));
#9390 = LINE('',#9391,#9392);
#9391 = CARTESIAN_POINT('',(-1.6,-6.5,5.));
#9392 = VECTOR('',#9393,1.);
#9393 = DIRECTION('',(0.,-1.,0.));
#9394 = ORIENTED_EDGE('',*,*,#9395,.F.);
#9395 = EDGE_CURVE('',#9396,#9388,#9398,.T.);
#9396 = VERTEX_POINT('',#9397);
#9397 = CARTESIAN_POINT('',(-1.6,-7.65,4.2));
#9398 = CIRCLE('',#9399,0.8);
#9399 = AXIS2_PLACEMENT_3D('',#9400,#9401,#9402);
#9400 = CARTESIAN_POINT('',(-1.6,-6.85,4.2));
#9401 = DIRECTION('',(-1.,0.,0.));
#9402 = DIRECTION('',(0.,-0.707106781187,0.707106781187));
#9403 = ORIENTED_EDGE('',*,*,#9404,.T.);
#9404 = EDGE_CURVE('',#9396,#9312,#9405,.T.);
#9405 = LINE('',#9406,#9407);
#9406 = CARTESIAN_POINT('',(-1.6,-7.65,4.699999894947));
#9407 = VECTOR('',#9408,1.);
#9408 = DIRECTION('',(0.,0.,-1.));
#9409 = PLANE('',#9410);
#9410 = AXIS2_PLACEMENT_3D('',#9411,#9412,#9413);
#9411 = CARTESIAN_POINT('',(-1.6,-6.5,4.699999894947));
#9412 = DIRECTION('',(1.,0.,0.));
#9413 = DIRECTION('',(0.,0.,1.));
#9414 = ADVANCED_FACE('',(#9415),#9500,.T.);
#9415 = FACE_BOUND('',#9416,.T.);
#9416 = EDGE_LOOP('',(#9417,#9418,#9426,#9434,#9443,#9451,#9460,#9468,
    #9476,#9485,#9493,#9499));
#9417 = ORIENTED_EDGE('',*,*,#9330,.F.);
#9418 = ORIENTED_EDGE('',*,*,#9419,.F.);
#9419 = EDGE_CURVE('',#9420,#9323,#9422,.T.);
#9420 = VERTEX_POINT('',#9421);
#9421 = CARTESIAN_POINT('',(-2.05,-7.35,0.999999894947));
#9422 = LINE('',#9423,#9424);
#9423 = CARTESIAN_POINT('',(-3.4,-7.35,0.999999894947));
#9424 = VECTOR('',#9425,1.);
#9425 = DIRECTION('',(1.,0.,0.));
#9426 = ORIENTED_EDGE('',*,*,#9427,.T.);
#9427 = EDGE_CURVE('',#9420,#9428,#9430,.T.);
#9428 = VERTEX_POINT('',#9429);
#9429 = CARTESIAN_POINT('',(-2.05,-7.35,-3.300000105053));
#9430 = LINE('',#9431,#9432);
#9431 = CARTESIAN_POINT('',(-2.05,-7.35,0.999999894947));
#9432 = VECTOR('',#9433,1.);
#9433 = DIRECTION('',(0.,0.,-1.));
#9434 = ORIENTED_EDGE('',*,*,#9435,.F.);
#9435 = EDGE_CURVE('',#9436,#9428,#9438,.T.);
#9436 = VERTEX_POINT('',#9437);
#9437 = CARTESIAN_POINT('',(-2.25,-7.35,-3.500000105053));
#9438 = CIRCLE('',#9439,0.2);
#9439 = AXIS2_PLACEMENT_3D('',#9440,#9441,#9442);
#9440 = CARTESIAN_POINT('',(-2.25,-7.35,-3.300000105053));
#9441 = DIRECTION('',(0.,-1.,0.));
#9442 = DIRECTION('',(0.707106781187,0.,-0.707106781187));
#9443 = ORIENTED_EDGE('',*,*,#9444,.F.);
#9444 = EDGE_CURVE('',#9445,#9436,#9447,.T.);
#9445 = VERTEX_POINT('',#9446);
#9446 = CARTESIAN_POINT('',(-2.75,-7.35,-3.500000105053));
#9447 = LINE('',#9448,#9449);
#9448 = CARTESIAN_POINT('',(-3.4,-7.35,-3.500000105053));
#9449 = VECTOR('',#9450,1.);
#9450 = DIRECTION('',(1.,0.,0.));
#9451 = ORIENTED_EDGE('',*,*,#9452,.F.);
#9452 = EDGE_CURVE('',#9453,#9445,#9455,.T.);
#9453 = VERTEX_POINT('',#9454);
#9454 = CARTESIAN_POINT('',(-2.95,-7.35,-3.300000105053));
#9455 = CIRCLE('',#9456,0.2);
#9456 = AXIS2_PLACEMENT_3D('',#9457,#9458,#9459);
#9457 = CARTESIAN_POINT('',(-2.75,-7.35,-3.300000105053));
#9458 = DIRECTION('',(0.,-1.,0.));
#9459 = DIRECTION('',(-0.707106781187,-0.,-0.707106781187));
#9460 = ORIENTED_EDGE('',*,*,#9461,.F.);
#9461 = EDGE_CURVE('',#9462,#9453,#9464,.T.);
#9462 = VERTEX_POINT('',#9463);
#9463 = CARTESIAN_POINT('',(-2.95,-7.35,0.999999894947));
#9464 = LINE('',#9465,#9466);
#9465 = CARTESIAN_POINT('',(-2.95,-7.35,0.999999894947));
#9466 = VECTOR('',#9467,1.);
#9467 = DIRECTION('',(0.,0.,-1.));
#9468 = ORIENTED_EDGE('',*,*,#9469,.F.);
#9469 = EDGE_CURVE('',#9470,#9462,#9472,.T.);
#9470 = VERTEX_POINT('',#9471);
#9471 = CARTESIAN_POINT('',(-3.2,-7.35,0.999999894947));
#9472 = LINE('',#9473,#9474);
#9473 = CARTESIAN_POINT('',(-3.4,-7.35,0.999999894947));
#9474 = VECTOR('',#9475,1.);
#9475 = DIRECTION('',(1.,0.,0.));
#9476 = ORIENTED_EDGE('',*,*,#9477,.F.);
#9477 = EDGE_CURVE('',#9478,#9470,#9480,.T.);
#9478 = VERTEX_POINT('',#9479);
#9479 = CARTESIAN_POINT('',(-3.4,-7.35,1.199999894947));
#9480 = CIRCLE('',#9481,0.2);
#9481 = AXIS2_PLACEMENT_3D('',#9482,#9483,#9484);
#9482 = CARTESIAN_POINT('',(-3.2,-7.35,1.199999894947));
#9483 = DIRECTION('',(0.,-1.,0.));
#9484 = DIRECTION('',(-0.707106781187,-0.,-0.707106781187));
#9485 = ORIENTED_EDGE('',*,*,#9486,.F.);
#9486 = EDGE_CURVE('',#9487,#9478,#9489,.T.);
#9487 = VERTEX_POINT('',#9488);
#9488 = CARTESIAN_POINT('',(-3.4,-7.35,4.199999894947));
#9489 = LINE('',#9490,#9491);
#9490 = CARTESIAN_POINT('',(-3.4,-7.35,4.699999894947));
#9491 = VECTOR('',#9492,1.);
#9492 = DIRECTION('',(0.,0.,-1.));
#9493 = ORIENTED_EDGE('',*,*,#9494,.F.);
#9494 = EDGE_CURVE('',#9355,#9487,#9495,.T.);
#9495 = LINE('',#9496,#9497);
#9496 = CARTESIAN_POINT('',(-3.4,-7.35,4.199999894947));
#9497 = VECTOR('',#9498,1.);
#9498 = DIRECTION('',(-1.,0.,0.));
#9499 = ORIENTED_EDGE('',*,*,#9354,.T.);
#9500 = PLANE('',#9501);
#9501 = AXIS2_PLACEMENT_3D('',#9502,#9503,#9504);
#9502 = CARTESIAN_POINT('',(-3.4,-7.35,4.699999894947));
#9503 = DIRECTION('',(0.,1.,0.));
#9504 = DIRECTION('',(1.,0.,0.));
#9505 = ADVANCED_FACE('',(#9506),#9532,.T.);
#9506 = FACE_BOUND('',#9507,.T.);
#9507 = EDGE_LOOP('',(#9508,#9509,#9517,#9526));
#9508 = ORIENTED_EDGE('',*,*,#9477,.T.);
#9509 = ORIENTED_EDGE('',*,*,#9510,.T.);
#9510 = EDGE_CURVE('',#9470,#9511,#9513,.T.);
#9511 = VERTEX_POINT('',#9512);
#9512 = CARTESIAN_POINT('',(-3.2,-7.65,0.999999894947));
#9513 = LINE('',#9514,#9515);
#9514 = CARTESIAN_POINT('',(-3.2,-7.,0.999999894947));
#9515 = VECTOR('',#9516,1.);
#9516 = DIRECTION('',(0.,-1.,0.));
#9517 = ORIENTED_EDGE('',*,*,#9518,.T.);
#9518 = EDGE_CURVE('',#9511,#9519,#9521,.T.);
#9519 = VERTEX_POINT('',#9520);
#9520 = CARTESIAN_POINT('',(-3.4,-7.65,1.199999894947));
#9521 = CIRCLE('',#9522,0.2);
#9522 = AXIS2_PLACEMENT_3D('',#9523,#9524,#9525);
#9523 = CARTESIAN_POINT('',(-3.2,-7.65,1.199999894947));
#9524 = DIRECTION('',(0.,1.,0.));
#9525 = DIRECTION('',(-0.707106781187,0.,-0.707106781187));
#9526 = ORIENTED_EDGE('',*,*,#9527,.T.);
#9527 = EDGE_CURVE('',#9519,#9478,#9528,.T.);
#9528 = LINE('',#9529,#9530);
#9529 = CARTESIAN_POINT('',(-3.4,-7.,1.199999894947));
#9530 = VECTOR('',#9531,1.);
#9531 = DIRECTION('',(0.,1.,0.));
#9532 = CYLINDRICAL_SURFACE('',#9533,0.2);
#9533 = AXIS2_PLACEMENT_3D('',#9534,#9535,#9536);
#9534 = CARTESIAN_POINT('',(-3.2,-7.,1.199999894947));
#9535 = DIRECTION('',(0.,1.,0.));
#9536 = DIRECTION('',(-0.707106781187,0.,-0.707106781187));
#9537 = ADVANCED_FACE('',(#9538),#9590,.T.);
#9538 = FACE_BOUND('',#9539,.T.);
#9539 = EDGE_LOOP('',(#9540,#9541,#9549,#9558,#9566,#9574,#9582,#9589));
#9540 = ORIENTED_EDGE('',*,*,#9527,.F.);
#9541 = ORIENTED_EDGE('',*,*,#9542,.F.);
#9542 = EDGE_CURVE('',#9543,#9519,#9545,.T.);
#9543 = VERTEX_POINT('',#9544);
#9544 = CARTESIAN_POINT('',(-3.4,-7.65,4.2));
#9545 = LINE('',#9546,#9547);
#9546 = CARTESIAN_POINT('',(-3.4,-7.65,5.));
#9547 = VECTOR('',#9548,1.);
#9548 = DIRECTION('',(0.,0.,-1.));
#9549 = ORIENTED_EDGE('',*,*,#9550,.F.);
#9550 = EDGE_CURVE('',#9551,#9543,#9553,.T.);
#9551 = VERTEX_POINT('',#9552);
#9552 = CARTESIAN_POINT('',(-3.4,-6.85,5.));
#9553 = CIRCLE('',#9554,0.8);
#9554 = AXIS2_PLACEMENT_3D('',#9555,#9556,#9557);
#9555 = CARTESIAN_POINT('',(-3.4,-6.85,4.2));
#9556 = DIRECTION('',(1.,0.,0.));
#9557 = DIRECTION('',(0.,-0.707106781187,0.707106781187));
#9558 = ORIENTED_EDGE('',*,*,#9559,.F.);
#9559 = EDGE_CURVE('',#9560,#9551,#9562,.T.);
#9560 = VERTEX_POINT('',#9561);
#9561 = CARTESIAN_POINT('',(-3.4,-6.5,5.));
#9562 = LINE('',#9563,#9564);
#9563 = CARTESIAN_POINT('',(-3.4,-6.5,5.));
#9564 = VECTOR('',#9565,1.);
#9565 = DIRECTION('',(0.,-1.,0.));
#9566 = ORIENTED_EDGE('',*,*,#9567,.T.);
#9567 = EDGE_CURVE('',#9560,#9568,#9570,.T.);
#9568 = VERTEX_POINT('',#9569);
#9569 = CARTESIAN_POINT('',(-3.4,-6.5,4.699999894947));
#9570 = LINE('',#9571,#9572);
#9571 = CARTESIAN_POINT('',(-3.4,-6.5,5.));
#9572 = VECTOR('',#9573,1.);
#9573 = DIRECTION('',(0.,0.,-1.));
#9574 = ORIENTED_EDGE('',*,*,#9575,.T.);
#9575 = EDGE_CURVE('',#9568,#9576,#9578,.T.);
#9576 = VERTEX_POINT('',#9577);
#9577 = CARTESIAN_POINT('',(-3.4,-6.85,4.699999894947));
#9578 = LINE('',#9579,#9580);
#9579 = CARTESIAN_POINT('',(-3.4,-6.5,4.699999894947));
#9580 = VECTOR('',#9581,1.);
#9581 = DIRECTION('',(0.,-1.,0.));
#9582 = ORIENTED_EDGE('',*,*,#9583,.F.);
#9583 = EDGE_CURVE('',#9487,#9576,#9584,.T.);
#9584 = CIRCLE('',#9585,0.5);
#9585 = AXIS2_PLACEMENT_3D('',#9586,#9587,#9588);
#9586 = CARTESIAN_POINT('',(-3.4,-6.85,4.199999894947));
#9587 = DIRECTION('',(-1.,0.,0.));
#9588 = DIRECTION('',(0.,-0.707106781187,0.707106781187));
#9589 = ORIENTED_EDGE('',*,*,#9486,.T.);
#9590 = PLANE('',#9591);
#9591 = AXIS2_PLACEMENT_3D('',#9592,#9593,#9594);
#9592 = CARTESIAN_POINT('',(-3.4,-6.5,5.));
#9593 = DIRECTION('',(-1.,0.,0.));
#9594 = DIRECTION('',(0.,0.,-1.));
#9595 = ADVANCED_FACE('',(#9596),#9664,.T.);
#9596 = FACE_BOUND('',#9597,.T.);
#9597 = EDGE_LOOP('',(#9598,#9599,#9600,#9606,#9607,#9608,#9616,#9624,
    #9633,#9641,#9650,#9658));
#9598 = ORIENTED_EDGE('',*,*,#9311,.F.);
#9599 = ORIENTED_EDGE('',*,*,#9404,.F.);
#9600 = ORIENTED_EDGE('',*,*,#9601,.F.);
#9601 = EDGE_CURVE('',#9543,#9396,#9602,.T.);
#9602 = LINE('',#9603,#9604);
#9603 = CARTESIAN_POINT('',(-2.05,-7.65,4.2));
#9604 = VECTOR('',#9605,1.);
#9605 = DIRECTION('',(1.,0.,0.));
#9606 = ORIENTED_EDGE('',*,*,#9542,.T.);
#9607 = ORIENTED_EDGE('',*,*,#9518,.F.);
#9608 = ORIENTED_EDGE('',*,*,#9609,.F.);
#9609 = EDGE_CURVE('',#9610,#9511,#9612,.T.);
#9610 = VERTEX_POINT('',#9611);
#9611 = CARTESIAN_POINT('',(-2.95,-7.65,0.999999894947));
#9612 = LINE('',#9613,#9614);
#9613 = CARTESIAN_POINT('',(-1.6,-7.65,0.999999894947));
#9614 = VECTOR('',#9615,1.);
#9615 = DIRECTION('',(-1.,0.,0.));
#9616 = ORIENTED_EDGE('',*,*,#9617,.T.);
#9617 = EDGE_CURVE('',#9610,#9618,#9620,.T.);
#9618 = VERTEX_POINT('',#9619);
#9619 = CARTESIAN_POINT('',(-2.95,-7.65,-3.300000105053));
#9620 = LINE('',#9621,#9622);
#9621 = CARTESIAN_POINT('',(-2.95,-7.65,0.999999894947));
#9622 = VECTOR('',#9623,1.);
#9623 = DIRECTION('',(0.,0.,-1.));
#9624 = ORIENTED_EDGE('',*,*,#9625,.F.);
#9625 = EDGE_CURVE('',#9626,#9618,#9628,.T.);
#9626 = VERTEX_POINT('',#9627);
#9627 = CARTESIAN_POINT('',(-2.75,-7.65,-3.500000105053));
#9628 = CIRCLE('',#9629,0.2);
#9629 = AXIS2_PLACEMENT_3D('',#9630,#9631,#9632);
#9630 = CARTESIAN_POINT('',(-2.75,-7.65,-3.300000105053));
#9631 = DIRECTION('',(0.,1.,0.));
#9632 = DIRECTION('',(-0.707106781187,0.,-0.707106781187));
#9633 = ORIENTED_EDGE('',*,*,#9634,.F.);
#9634 = EDGE_CURVE('',#9635,#9626,#9637,.T.);
#9635 = VERTEX_POINT('',#9636);
#9636 = CARTESIAN_POINT('',(-2.25,-7.65,-3.500000105053));
#9637 = LINE('',#9638,#9639);
#9638 = CARTESIAN_POINT('',(-1.6,-7.65,-3.500000105053));
#9639 = VECTOR('',#9640,1.);
#9640 = DIRECTION('',(-1.,0.,0.));
#9641 = ORIENTED_EDGE('',*,*,#9642,.F.);
#9642 = EDGE_CURVE('',#9643,#9635,#9645,.T.);
#9643 = VERTEX_POINT('',#9644);
#9644 = CARTESIAN_POINT('',(-2.05,-7.65,-3.300000105053));
#9645 = CIRCLE('',#9646,0.2);
#9646 = AXIS2_PLACEMENT_3D('',#9647,#9648,#9649);
#9647 = CARTESIAN_POINT('',(-2.25,-7.65,-3.300000105053));
#9648 = DIRECTION('',(0.,1.,0.));
#9649 = DIRECTION('',(0.707106781187,0.,-0.707106781187));
#9650 = ORIENTED_EDGE('',*,*,#9651,.F.);
#9651 = EDGE_CURVE('',#9652,#9643,#9654,.T.);
#9652 = VERTEX_POINT('',#9653);
#9653 = CARTESIAN_POINT('',(-2.05,-7.65,0.999999894947));
#9654 = LINE('',#9655,#9656);
#9655 = CARTESIAN_POINT('',(-2.05,-7.65,0.999999894947));
#9656 = VECTOR('',#9657,1.);
#9657 = DIRECTION('',(0.,0.,-1.));
#9658 = ORIENTED_EDGE('',*,*,#9659,.F.);
#9659 = EDGE_CURVE('',#9314,#9652,#9660,.T.);
#9660 = LINE('',#9661,#9662);
#9661 = CARTESIAN_POINT('',(-1.6,-7.65,0.999999894947));
#9662 = VECTOR('',#9663,1.);
#9663 = DIRECTION('',(-1.,0.,0.));
#9664 = PLANE('',#9665);
#9665 = AXIS2_PLACEMENT_3D('',#9666,#9667,#9668);
#9666 = CARTESIAN_POINT('',(-2.5,-7.65,4.849999947473));
#9667 = DIRECTION('',(0.,-1.,0.));
#9668 = DIRECTION('',(0.,0.,-1.));
#9669 = ADVANCED_FACE('',(#9670),#9686,.T.);
#9670 = FACE_BOUND('',#9671,.T.);
#9671 = EDGE_LOOP('',(#9672,#9673,#9679,#9680));
#9672 = ORIENTED_EDGE('',*,*,#9642,.T.);
#9673 = ORIENTED_EDGE('',*,*,#9674,.T.);
#9674 = EDGE_CURVE('',#9635,#9436,#9675,.T.);
#9675 = LINE('',#9676,#9677);
#9676 = CARTESIAN_POINT('',(-2.25,-7.425,-3.500000105053));
#9677 = VECTOR('',#9678,1.);
#9678 = DIRECTION('',(0.,1.,0.));
#9679 = ORIENTED_EDGE('',*,*,#9435,.T.);
#9680 = ORIENTED_EDGE('',*,*,#9681,.T.);
#9681 = EDGE_CURVE('',#9428,#9643,#9682,.T.);
#9682 = LINE('',#9683,#9684);
#9683 = CARTESIAN_POINT('',(-2.05,-7.425,-3.300000105053));
#9684 = VECTOR('',#9685,1.);
#9685 = DIRECTION('',(0.,-1.,0.));
#9686 = CYLINDRICAL_SURFACE('',#9687,0.2);
#9687 = AXIS2_PLACEMENT_3D('',#9688,#9689,#9690);
#9688 = CARTESIAN_POINT('',(-2.25,-7.425,-3.300000105053));
#9689 = DIRECTION('',(0.,-1.,0.));
#9690 = DIRECTION('',(0.707106781187,0.,-0.707106781187));
#9691 = ADVANCED_FACE('',(#9692),#9703,.T.);
#9692 = FACE_BOUND('',#9693,.T.);
#9693 = EDGE_LOOP('',(#9694,#9695,#9696,#9702));
#9694 = ORIENTED_EDGE('',*,*,#9674,.F.);
#9695 = ORIENTED_EDGE('',*,*,#9634,.T.);
#9696 = ORIENTED_EDGE('',*,*,#9697,.F.);
#9697 = EDGE_CURVE('',#9445,#9626,#9698,.T.);
#9698 = LINE('',#9699,#9700);
#9699 = CARTESIAN_POINT('',(-2.75,-7.575,-3.500000105053));
#9700 = VECTOR('',#9701,1.);
#9701 = DIRECTION('',(0.,-1.,0.));
#9702 = ORIENTED_EDGE('',*,*,#9444,.T.);
#9703 = PLANE('',#9704);
#9704 = AXIS2_PLACEMENT_3D('',#9705,#9706,#9707);
#9705 = CARTESIAN_POINT('',(-2.5,-7.5,-3.500000105053));
#9706 = DIRECTION('',(0.,0.,-1.));
#9707 = DIRECTION('',(-1.,0.,0.));
#9708 = ADVANCED_FACE('',(#9709),#9720,.T.);
#9709 = FACE_BOUND('',#9710,.T.);
#9710 = EDGE_LOOP('',(#9711,#9712,#9713,#9714));
#9711 = ORIENTED_EDGE('',*,*,#9452,.T.);
#9712 = ORIENTED_EDGE('',*,*,#9697,.T.);
#9713 = ORIENTED_EDGE('',*,*,#9625,.T.);
#9714 = ORIENTED_EDGE('',*,*,#9715,.T.);
#9715 = EDGE_CURVE('',#9618,#9453,#9716,.T.);
#9716 = LINE('',#9717,#9718);
#9717 = CARTESIAN_POINT('',(-2.95,-7.575,-3.300000105053));
#9718 = VECTOR('',#9719,1.);
#9719 = DIRECTION('',(0.,1.,0.));
#9720 = CYLINDRICAL_SURFACE('',#9721,0.2);
#9721 = AXIS2_PLACEMENT_3D('',#9722,#9723,#9724);
#9722 = CARTESIAN_POINT('',(-2.75,-7.575,-3.300000105053));
#9723 = DIRECTION('',(0.,1.,0.));
#9724 = DIRECTION('',(-0.707106781187,0.,-0.707106781187));
#9725 = ADVANCED_FACE('',(#9726),#9737,.T.);
#9726 = FACE_BOUND('',#9727,.T.);
#9727 = EDGE_LOOP('',(#9728,#9729,#9730,#9736));
#9728 = ORIENTED_EDGE('',*,*,#9681,.F.);
#9729 = ORIENTED_EDGE('',*,*,#9427,.F.);
#9730 = ORIENTED_EDGE('',*,*,#9731,.F.);
#9731 = EDGE_CURVE('',#9652,#9420,#9732,.T.);
#9732 = LINE('',#9733,#9734);
#9733 = CARTESIAN_POINT('',(-2.05,-7.425,0.999999894947));
#9734 = VECTOR('',#9735,1.);
#9735 = DIRECTION('',(0.,1.,0.));
#9736 = ORIENTED_EDGE('',*,*,#9651,.T.);
#9737 = PLANE('',#9738);
#9738 = AXIS2_PLACEMENT_3D('',#9739,#9740,#9741);
#9739 = CARTESIAN_POINT('',(-2.05,-7.35,0.999999894947));
#9740 = DIRECTION('',(1.,0.,0.));
#9741 = DIRECTION('',(0.,-1.,0.));
#9742 = ADVANCED_FACE('',(#9743),#9754,.T.);
#9743 = FACE_BOUND('',#9744,.T.);
#9744 = EDGE_LOOP('',(#9745,#9746,#9747,#9753));
#9745 = ORIENTED_EDGE('',*,*,#9715,.F.);
#9746 = ORIENTED_EDGE('',*,*,#9617,.F.);
#9747 = ORIENTED_EDGE('',*,*,#9748,.F.);
#9748 = EDGE_CURVE('',#9462,#9610,#9749,.T.);
#9749 = LINE('',#9750,#9751);
#9750 = CARTESIAN_POINT('',(-2.95,-7.575,0.999999894947));
#9751 = VECTOR('',#9752,1.);
#9752 = DIRECTION('',(0.,-1.,0.));
#9753 = ORIENTED_EDGE('',*,*,#9461,.T.);
#9754 = PLANE('',#9755);
#9755 = AXIS2_PLACEMENT_3D('',#9756,#9757,#9758);
#9756 = CARTESIAN_POINT('',(-2.95,-7.65,0.999999894947));
#9757 = DIRECTION('',(-1.,0.,0.));
#9758 = DIRECTION('',(0.,1.,0.));
#9759 = ADVANCED_FACE('',(#9760),#9766,.T.);
#9760 = FACE_BOUND('',#9761,.T.);
#9761 = EDGE_LOOP('',(#9762,#9763,#9764,#9765));
#9762 = ORIENTED_EDGE('',*,*,#9510,.F.);
#9763 = ORIENTED_EDGE('',*,*,#9469,.T.);
#9764 = ORIENTED_EDGE('',*,*,#9748,.T.);
#9765 = ORIENTED_EDGE('',*,*,#9609,.T.);
#9766 = PLANE('',#9767);
#9767 = AXIS2_PLACEMENT_3D('',#9768,#9769,#9770);
#9768 = CARTESIAN_POINT('',(-2.5,-7.5,0.999999894947));
#9769 = DIRECTION('',(0.,0.,-1.));
#9770 = DIRECTION('',(-1.,0.,0.));
#9771 = ADVANCED_FACE('',(#9772),#9783,.T.);
#9772 = FACE_BOUND('',#9773,.T.);
#9773 = EDGE_LOOP('',(#9774,#9775,#9776,#9777));
#9774 = ORIENTED_EDGE('',*,*,#9550,.T.);
#9775 = ORIENTED_EDGE('',*,*,#9601,.T.);
#9776 = ORIENTED_EDGE('',*,*,#9395,.T.);
#9777 = ORIENTED_EDGE('',*,*,#9778,.T.);
#9778 = EDGE_CURVE('',#9388,#9551,#9779,.T.);
#9779 = LINE('',#9780,#9781);
#9780 = CARTESIAN_POINT('',(-2.05,-6.85,5.));
#9781 = VECTOR('',#9782,1.);
#9782 = DIRECTION('',(-1.,0.,0.));
#9783 = CYLINDRICAL_SURFACE('',#9784,0.8);
#9784 = AXIS2_PLACEMENT_3D('',#9785,#9786,#9787);
#9785 = CARTESIAN_POINT('',(-2.05,-6.85,4.2));
#9786 = DIRECTION('',(-1.,0.,0.));
#9787 = DIRECTION('',(0.,-0.707106781187,0.707106781187));
#9788 = ADVANCED_FACE('',(#9789),#9800,.F.);
#9789 = FACE_BOUND('',#9790,.F.);
#9790 = EDGE_LOOP('',(#9791,#9797,#9798,#9799));
#9791 = ORIENTED_EDGE('',*,*,#9792,.F.);
#9792 = EDGE_CURVE('',#9576,#9363,#9793,.T.);
#9793 = LINE('',#9794,#9795);
#9794 = CARTESIAN_POINT('',(-3.4,-6.85,4.699999894947));
#9795 = VECTOR('',#9796,1.);
#9796 = DIRECTION('',(1.,0.,0.));
#9797 = ORIENTED_EDGE('',*,*,#9583,.F.);
#9798 = ORIENTED_EDGE('',*,*,#9494,.F.);
#9799 = ORIENTED_EDGE('',*,*,#9362,.F.);
#9800 = CYLINDRICAL_SURFACE('',#9801,0.5);
#9801 = AXIS2_PLACEMENT_3D('',#9802,#9803,#9804);
#9802 = CARTESIAN_POINT('',(-3.4,-6.85,4.199999894947));
#9803 = DIRECTION('',(-1.,0.,0.));
#9804 = DIRECTION('',(0.,-0.707106781187,0.707106781187));
#9805 = ADVANCED_FACE('',(#9806),#9812,.T.);
#9806 = FACE_BOUND('',#9807,.T.);
#9807 = EDGE_LOOP('',(#9808,#9809,#9810,#9811));
#9808 = ORIENTED_EDGE('',*,*,#9322,.F.);
#9809 = ORIENTED_EDGE('',*,*,#9659,.T.);
#9810 = ORIENTED_EDGE('',*,*,#9731,.T.);
#9811 = ORIENTED_EDGE('',*,*,#9419,.T.);
#9812 = PLANE('',#9813);
#9813 = AXIS2_PLACEMENT_3D('',#9814,#9815,#9816);
#9814 = CARTESIAN_POINT('',(-2.5,-7.5,0.999999894947));
#9815 = DIRECTION('',(0.,0.,-1.));
#9816 = DIRECTION('',(-1.,0.,0.));
#9817 = ADVANCED_FACE('',(#9818),#9829,.T.);
#9818 = FACE_BOUND('',#9819,.T.);
#9819 = EDGE_LOOP('',(#9820,#9821,#9822,#9828));
#9820 = ORIENTED_EDGE('',*,*,#9792,.F.);
#9821 = ORIENTED_EDGE('',*,*,#9575,.F.);
#9822 = ORIENTED_EDGE('',*,*,#9823,.T.);
#9823 = EDGE_CURVE('',#9568,#9372,#9824,.T.);
#9824 = LINE('',#9825,#9826);
#9825 = CARTESIAN_POINT('',(-3.4,-6.5,4.699999894947));
#9826 = VECTOR('',#9827,1.);
#9827 = DIRECTION('',(1.,0.,0.));
#9828 = ORIENTED_EDGE('',*,*,#9371,.T.);
#9829 = PLANE('',#9830);
#9830 = AXIS2_PLACEMENT_3D('',#9831,#9832,#9833);
#9831 = CARTESIAN_POINT('',(-3.4,-6.5,4.699999894947));
#9832 = DIRECTION('',(0.,0.,-1.));
#9833 = DIRECTION('',(1.,0.,0.));
#9834 = ADVANCED_FACE('',(#9835),#9846,.T.);
#9835 = FACE_BOUND('',#9836,.T.);
#9836 = EDGE_LOOP('',(#9837,#9838,#9839,#9845));
#9837 = ORIENTED_EDGE('',*,*,#9778,.F.);
#9838 = ORIENTED_EDGE('',*,*,#9387,.F.);
#9839 = ORIENTED_EDGE('',*,*,#9840,.F.);
#9840 = EDGE_CURVE('',#9560,#9380,#9841,.T.);
#9841 = LINE('',#9842,#9843);
#9842 = CARTESIAN_POINT('',(-4.014098117271,-6.5,5.));
#9843 = VECTOR('',#9844,1.);
#9844 = DIRECTION('',(1.,0.,0.));
#9845 = ORIENTED_EDGE('',*,*,#9559,.T.);
#9846 = PLANE('',#9847);
#9847 = AXIS2_PLACEMENT_3D('',#9848,#9849,#9850);
#9848 = CARTESIAN_POINT('',(-1.6,-6.5,5.));
#9849 = DIRECTION('',(0.,0.,1.));
#9850 = DIRECTION('',(-1.,0.,0.));
#9851 = ADVANCED_FACE('',(#9852),#9858,.F.);
#9852 = FACE_BOUND('',#9853,.T.);
#9853 = EDGE_LOOP('',(#9854,#9855,#9856,#9857));
#9854 = ORIENTED_EDGE('',*,*,#9840,.T.);
#9855 = ORIENTED_EDGE('',*,*,#9379,.T.);
#9856 = ORIENTED_EDGE('',*,*,#9823,.F.);
#9857 = ORIENTED_EDGE('',*,*,#9567,.F.);
#9858 = PLANE('',#9859);
#9859 = AXIS2_PLACEMENT_3D('',#9860,#9861,#9862);
#9860 = CARTESIAN_POINT('',(-2.5,-6.5,4.849999947473));
#9861 = DIRECTION('',(0.,-1.,0.));
#9862 = DIRECTION('',(1.,0.,0.));
#9863 = ( GEOMETRIC_REPRESENTATION_CONTEXT(3) 
GLOBAL_UNCERTAINTY_ASSIGNED_CONTEXT((#9867)) 
GLOBAL_UNIT_ASSIGNED_CONTEXT((#9864,#9865,#9866)) REPRESENTATION_CONTEXT
('Context #1','3D Context with UNIT and UNCERTAINTY') );
#9864 = ( LENGTH_UNIT() NAMED_UNIT(*) SI_UNIT(.MILLI.,.METRE.) );
#9865 = ( NAMED_UNIT(*) PLANE_ANGLE_UNIT() SI_UNIT($,.RADIAN.) );
#9866 = ( NAMED_UNIT(*) SI_UNIT($,.STERADIAN.) SOLID_ANGLE_UNIT() );
#9867 = UNCERTAINTY_MEASURE_WITH_UNIT(LENGTH_MEASURE(5.E-04),#9864,
  'distance_accuracy_value','confusion accuracy');
#9868 = CONTEXT_DEPENDENT_SHAPE_REPRESENTATION(#9869,#9871);
#9869 = ( REPRESENTATION_RELATIONSHIP('','',#48,#10) 
REPRESENTATION_RELATIONSHIP_WITH_TRANSFORMATION(#9870) 
SHAPE_REPRESENTATION_RELATIONSHIP() );
#9870 = ITEM_DEFINED_TRANSFORMATION('','',#11,#15);
#9871 = PRODUCT_DEFINITION_SHAPE('Placement','Placement of an item',
  #9872);
#9872 = NEXT_ASSEMBLY_USAGE_OCCURRENCE('1','RV3','',#5,#43,$);
#9873 = PRODUCT_RELATED_PRODUCT_CATEGORY('part',$,(#45));
#9874 = CONTEXT_DEPENDENT_SHAPE_REPRESENTATION(#9875,#9877);
#9875 = ( REPRESENTATION_RELATIONSHIP('','',#48,#10) 
REPRESENTATION_RELATIONSHIP_WITH_TRANSFORMATION(#9876) 
SHAPE_REPRESENTATION_RELATIONSHIP() );
#9876 = ITEM_DEFINED_TRANSFORMATION('','',#11,#19);
#9877 = PRODUCT_DEFINITION_SHAPE('Placement','Placement of an item',
  #9878);
#9878 = NEXT_ASSEMBLY_USAGE_OCCURRENCE('2','RV1','',#5,#43,$);
#9879 = CONTEXT_DEPENDENT_SHAPE_REPRESENTATION(#9880,#9882);
#9880 = ( REPRESENTATION_RELATIONSHIP('','',#48,#10) 
REPRESENTATION_RELATIONSHIP_WITH_TRANSFORMATION(#9881) 
SHAPE_REPRESENTATION_RELATIONSHIP() );
#9881 = ITEM_DEFINED_TRANSFORMATION('','',#11,#23);
#9882 = PRODUCT_DEFINITION_SHAPE('Placement','Placement of an item',
  #9883);
#9883 = NEXT_ASSEMBLY_USAGE_OCCURRENCE('3','RV2','',#5,#43,$);
#9884 = CONTEXT_DEPENDENT_SHAPE_REPRESENTATION(#9885,#9887);
#9885 = ( REPRESENTATION_RELATIONSHIP('','',#48,#10) 
REPRESENTATION_RELATIONSHIP_WITH_TRANSFORMATION(#9886) 
SHAPE_REPRESENTATION_RELATIONSHIP() );
#9886 = ITEM_DEFINED_TRANSFORMATION('','',#11,#27);
#9887 = PRODUCT_DEFINITION_SHAPE('Placement','Placement of an item',
  #9888);
#9888 = NEXT_ASSEMBLY_USAGE_OCCURRENCE('4','RV2','',#5,#43,$);
#9889 = SHAPE_DEFINITION_REPRESENTATION(#9890,#9896);
#9890 = PRODUCT_DEFINITION_SHAPE('','',#9891);
#9891 = PRODUCT_DEFINITION('design','',#9892,#9895);
#9892 = PRODUCT_DEFINITION_FORMATION('','',#9893);
#9893 = PRODUCT('board_front_PCB','board_front_PCB','',(#9894));
#9894 = PRODUCT_CONTEXT('',#2,'mechanical');
#9895 = PRODUCT_DEFINITION_CONTEXT('part definition',#2,'design');
#9896 = ADVANCED_BREP_SHAPE_REPRESENTATION('',(#11,#9897),#11075);
#9897 = MANIFOLD_SOLID_BREP('',#9898);
#9898 = CLOSED_SHELL('',(#9899,#9939,#9970,#10001,#10023,#10065,#10096,
    #10129,#10151,#10193,#10224,#10257,#10279,#10312,#10345,#10378,
    #10411,#10444,#10477,#10510,#10543,#10576,#10609,#10642,#10675,
    #10717,#10748,#10781,#10803,#10845,#10876,#10909,#10931,#11003));
#9899 = ADVANCED_FACE('',(#9900),#9934,.T.);
#9900 = FACE_BOUND('',#9901,.T.);
#9901 = EDGE_LOOP('',(#9902,#9912,#9920,#9928));
#9902 = ORIENTED_EDGE('',*,*,#9903,.T.);
#9903 = EDGE_CURVE('',#9904,#9906,#9908,.T.);
#9904 = VERTEX_POINT('',#9905);
#9905 = CARTESIAN_POINT('',(120.,-193.5,0.));
#9906 = VERTEX_POINT('',#9907);
#9907 = CARTESIAN_POINT('',(120.,-193.5,1.51));
#9908 = LINE('',#9909,#9910);
#9909 = CARTESIAN_POINT('',(120.,-193.5,0.));
#9910 = VECTOR('',#9911,1.);
#9911 = DIRECTION('',(0.,0.,1.));
#9912 = ORIENTED_EDGE('',*,*,#9913,.T.);
#9913 = EDGE_CURVE('',#9906,#9914,#9916,.T.);
#9914 = VERTEX_POINT('',#9915);
#9915 = CARTESIAN_POINT('',(90.,-193.5,1.51));
#9916 = LINE('',#9917,#9918);
#9917 = CARTESIAN_POINT('',(120.,-193.5,1.51));
#9918 = VECTOR('',#9919,1.);
#9919 = DIRECTION('',(-1.,0.,0.));
#9920 = ORIENTED_EDGE('',*,*,#9921,.F.);
#9921 = EDGE_CURVE('',#9922,#9914,#9924,.T.);
#9922 = VERTEX_POINT('',#9923);
#9923 = CARTESIAN_POINT('',(90.,-193.5,0.));
#9924 = LINE('',#9925,#9926);
#9925 = CARTESIAN_POINT('',(90.,-193.5,0.));
#9926 = VECTOR('',#9927,1.);
#9927 = DIRECTION('',(0.,0.,1.));
#9928 = ORIENTED_EDGE('',*,*,#9929,.F.);
#9929 = EDGE_CURVE('',#9904,#9922,#9930,.T.);
#9930 = LINE('',#9931,#9932);
#9931 = CARTESIAN_POINT('',(120.,-193.5,0.));
#9932 = VECTOR('',#9933,1.);
#9933 = DIRECTION('',(-1.,0.,0.));
#9934 = PLANE('',#9935);
#9935 = AXIS2_PLACEMENT_3D('',#9936,#9937,#9938);
#9936 = CARTESIAN_POINT('',(120.,-193.5,0.));
#9937 = DIRECTION('',(0.,-1.,0.));
#9938 = DIRECTION('',(-1.,0.,0.));
#9939 = ADVANCED_FACE('',(#9940),#9965,.T.);
#9940 = FACE_BOUND('',#9941,.T.);
#9941 = EDGE_LOOP('',(#9942,#9943,#9951,#9959));
#9942 = ORIENTED_EDGE('',*,*,#9921,.T.);
#9943 = ORIENTED_EDGE('',*,*,#9944,.T.);
#9944 = EDGE_CURVE('',#9914,#9945,#9947,.T.);
#9945 = VERTEX_POINT('',#9946);
#9946 = CARTESIAN_POINT('',(90.,-65.,1.51));
#9947 = LINE('',#9948,#9949);
#9948 = CARTESIAN_POINT('',(90.,-193.5,1.51));
#9949 = VECTOR('',#9950,1.);
#9950 = DIRECTION('',(0.,1.,0.));
#9951 = ORIENTED_EDGE('',*,*,#9952,.F.);
#9952 = EDGE_CURVE('',#9953,#9945,#9955,.T.);
#9953 = VERTEX_POINT('',#9954);
#9954 = CARTESIAN_POINT('',(90.,-65.,0.));
#9955 = LINE('',#9956,#9957);
#9956 = CARTESIAN_POINT('',(90.,-65.,0.));
#9957 = VECTOR('',#9958,1.);
#9958 = DIRECTION('',(0.,0.,1.));
#9959 = ORIENTED_EDGE('',*,*,#9960,.F.);
#9960 = EDGE_CURVE('',#9922,#9953,#9961,.T.);
#9961 = LINE('',#9962,#9963);
#9962 = CARTESIAN_POINT('',(90.,-193.5,0.));
#9963 = VECTOR('',#9964,1.);
#9964 = DIRECTION('',(0.,1.,0.));
#9965 = PLANE('',#9966);
#9966 = AXIS2_PLACEMENT_3D('',#9967,#9968,#9969);
#9967 = CARTESIAN_POINT('',(90.,-193.5,0.));
#9968 = DIRECTION('',(-1.,0.,0.));
#9969 = DIRECTION('',(0.,1.,0.));
#9970 = ADVANCED_FACE('',(#9971),#9996,.T.);
#9971 = FACE_BOUND('',#9972,.T.);
#9972 = EDGE_LOOP('',(#9973,#9974,#9982,#9990));
#9973 = ORIENTED_EDGE('',*,*,#9952,.T.);
#9974 = ORIENTED_EDGE('',*,*,#9975,.T.);
#9975 = EDGE_CURVE('',#9945,#9976,#9978,.T.);
#9976 = VERTEX_POINT('',#9977);
#9977 = CARTESIAN_POINT('',(120.,-65.,1.51));
#9978 = LINE('',#9979,#9980);
#9979 = CARTESIAN_POINT('',(90.,-65.,1.51));
#9980 = VECTOR('',#9981,1.);
#9981 = DIRECTION('',(1.,0.,0.));
#9982 = ORIENTED_EDGE('',*,*,#9983,.F.);
#9983 = EDGE_CURVE('',#9984,#9976,#9986,.T.);
#9984 = VERTEX_POINT('',#9985);
#9985 = CARTESIAN_POINT('',(120.,-65.,0.));
#9986 = LINE('',#9987,#9988);
#9987 = CARTESIAN_POINT('',(120.,-65.,0.));
#9988 = VECTOR('',#9989,1.);
#9989 = DIRECTION('',(0.,0.,1.));
#9990 = ORIENTED_EDGE('',*,*,#9991,.F.);
#9991 = EDGE_CURVE('',#9953,#9984,#9992,.T.);
#9992 = LINE('',#9993,#9994);
#9993 = CARTESIAN_POINT('',(90.,-65.,0.));
#9994 = VECTOR('',#9995,1.);
#9995 = DIRECTION('',(1.,0.,0.));
#9996 = PLANE('',#9997);
#9997 = AXIS2_PLACEMENT_3D('',#9998,#9999,#10000);
#9998 = CARTESIAN_POINT('',(90.,-65.,0.));
#9999 = DIRECTION('',(0.,1.,0.));
#10000 = DIRECTION('',(1.,0.,0.));
#10001 = ADVANCED_FACE('',(#10002),#10018,.T.);
#10002 = FACE_BOUND('',#10003,.T.);
#10003 = EDGE_LOOP('',(#10004,#10005,#10011,#10012));
#10004 = ORIENTED_EDGE('',*,*,#9983,.T.);
#10005 = ORIENTED_EDGE('',*,*,#10006,.T.);
#10006 = EDGE_CURVE('',#9976,#9906,#10007,.T.);
#10007 = LINE('',#10008,#10009);
#10008 = CARTESIAN_POINT('',(120.,-65.,1.51));
#10009 = VECTOR('',#10010,1.);
#10010 = DIRECTION('',(0.,-1.,0.));
#10011 = ORIENTED_EDGE('',*,*,#9903,.F.);
#10012 = ORIENTED_EDGE('',*,*,#10013,.F.);
#10013 = EDGE_CURVE('',#9984,#9904,#10014,.T.);
#10014 = LINE('',#10015,#10016);
#10015 = CARTESIAN_POINT('',(120.,-65.,0.));
#10016 = VECTOR('',#10017,1.);
#10017 = DIRECTION('',(0.,-1.,0.));
#10018 = PLANE('',#10019);
#10019 = AXIS2_PLACEMENT_3D('',#10020,#10021,#10022);
#10020 = CARTESIAN_POINT('',(120.,-65.,0.));
#10021 = DIRECTION('',(1.,0.,-0.));
#10022 = DIRECTION('',(0.,-1.,0.));
#10023 = ADVANCED_FACE('',(#10024),#10060,.F.);
#10024 = FACE_BOUND('',#10025,.T.);
#10025 = EDGE_LOOP('',(#10026,#10036,#10045,#10053));
#10026 = ORIENTED_EDGE('',*,*,#10027,.T.);
#10027 = EDGE_CURVE('',#10028,#10030,#10032,.T.);
#10028 = VERTEX_POINT('',#10029);
#10029 = CARTESIAN_POINT('',(95.9,-188.9,0.));
#10030 = VERTEX_POINT('',#10031);
#10031 = CARTESIAN_POINT('',(95.9,-188.9,1.51));
#10032 = LINE('',#10033,#10034);
#10033 = CARTESIAN_POINT('',(95.9,-188.9,0.));
#10034 = VECTOR('',#10035,1.);
#10035 = DIRECTION('',(0.,0.,1.));
#10036 = ORIENTED_EDGE('',*,*,#10037,.T.);
#10037 = EDGE_CURVE('',#10030,#10038,#10040,.T.);
#10038 = VERTEX_POINT('',#10039);
#10039 = CARTESIAN_POINT('',(95.9,-192.1,1.51));
#10040 = CIRCLE('',#10041,1.6);
#10041 = AXIS2_PLACEMENT_3D('',#10042,#10043,#10044);
#10042 = CARTESIAN_POINT('',(95.9,-190.5,1.51));
#10043 = DIRECTION('',(0.,-0.,1.));
#10044 = DIRECTION('',(0.,1.,0.));
#10045 = ORIENTED_EDGE('',*,*,#10046,.F.);
#10046 = EDGE_CURVE('',#10047,#10038,#10049,.T.);
#10047 = VERTEX_POINT('',#10048);
#10048 = CARTESIAN_POINT('',(95.9,-192.1,0.));
#10049 = LINE('',#10050,#10051);
#10050 = CARTESIAN_POINT('',(95.9,-192.1,0.));
#10051 = VECTOR('',#10052,1.);
#10052 = DIRECTION('',(0.,0.,1.));
#10053 = ORIENTED_EDGE('',*,*,#10054,.F.);
#10054 = EDGE_CURVE('',#10028,#10047,#10055,.T.);
#10055 = CIRCLE('',#10056,1.6);
#10056 = AXIS2_PLACEMENT_3D('',#10057,#10058,#10059);
#10057 = CARTESIAN_POINT('',(95.9,-190.5,0.));
#10058 = DIRECTION('',(0.,-0.,1.));
#10059 = DIRECTION('',(0.,1.,0.));
#10060 = CYLINDRICAL_SURFACE('',#10061,1.6);
#10061 = AXIS2_PLACEMENT_3D('',#10062,#10063,#10064);
#10062 = CARTESIAN_POINT('',(95.9,-190.5,0.));
#10063 = DIRECTION('',(-0.,0.,-1.));
#10064 = DIRECTION('',(0.,1.,0.));
#10065 = ADVANCED_FACE('',(#10066),#10091,.T.);
#10066 = FACE_BOUND('',#10067,.T.);
#10067 = EDGE_LOOP('',(#10068,#10069,#10077,#10085));
#10068 = ORIENTED_EDGE('',*,*,#10046,.T.);
#10069 = ORIENTED_EDGE('',*,*,#10070,.T.);
#10070 = EDGE_CURVE('',#10038,#10071,#10073,.T.);
#10071 = VERTEX_POINT('',#10072);
#10072 = CARTESIAN_POINT('',(98.1,-192.1,1.51));
#10073 = LINE('',#10074,#10075);
#10074 = CARTESIAN_POINT('',(95.9,-192.1,1.51));
#10075 = VECTOR('',#10076,1.);
#10076 = DIRECTION('',(1.,0.,0.));
#10077 = ORIENTED_EDGE('',*,*,#10078,.F.);
#10078 = EDGE_CURVE('',#10079,#10071,#10081,.T.);
#10079 = VERTEX_POINT('',#10080);
#10080 = CARTESIAN_POINT('',(98.1,-192.1,0.));
#10081 = LINE('',#10082,#10083);
#10082 = CARTESIAN_POINT('',(98.1,-192.1,0.));
#10083 = VECTOR('',#10084,1.);
#10084 = DIRECTION('',(0.,0.,1.));
#10085 = ORIENTED_EDGE('',*,*,#10086,.F.);
#10086 = EDGE_CURVE('',#10047,#10079,#10087,.T.);
#10087 = LINE('',#10088,#10089);
#10088 = CARTESIAN_POINT('',(95.9,-192.1,0.));
#10089 = VECTOR('',#10090,1.);
#10090 = DIRECTION('',(1.,0.,0.));
#10091 = PLANE('',#10092);
#10092 = AXIS2_PLACEMENT_3D('',#10093,#10094,#10095);
#10093 = CARTESIAN_POINT('',(95.9,-192.1,0.));
#10094 = DIRECTION('',(0.,1.,0.));
#10095 = DIRECTION('',(1.,0.,0.));
#10096 = ADVANCED_FACE('',(#10097),#10124,.F.);
#10097 = FACE_BOUND('',#10098,.T.);
#10098 = EDGE_LOOP('',(#10099,#10100,#10109,#10117));
#10099 = ORIENTED_EDGE('',*,*,#10078,.T.);
#10100 = ORIENTED_EDGE('',*,*,#10101,.T.);
#10101 = EDGE_CURVE('',#10071,#10102,#10104,.T.);
#10102 = VERTEX_POINT('',#10103);
#10103 = CARTESIAN_POINT('',(98.1,-188.9,1.51));
#10104 = CIRCLE('',#10105,1.6);
#10105 = AXIS2_PLACEMENT_3D('',#10106,#10107,#10108);
#10106 = CARTESIAN_POINT('',(98.1,-190.5,1.51));
#10107 = DIRECTION('',(0.,0.,1.));
#10108 = DIRECTION('',(-0.,-1.,0.));
#10109 = ORIENTED_EDGE('',*,*,#10110,.F.);
#10110 = EDGE_CURVE('',#10111,#10102,#10113,.T.);
#10111 = VERTEX_POINT('',#10112);
#10112 = CARTESIAN_POINT('',(98.1,-188.9,0.));
#10113 = LINE('',#10114,#10115);
#10114 = CARTESIAN_POINT('',(98.1,-188.9,0.));
#10115 = VECTOR('',#10116,1.);
#10116 = DIRECTION('',(0.,0.,1.));
#10117 = ORIENTED_EDGE('',*,*,#10118,.F.);
#10118 = EDGE_CURVE('',#10079,#10111,#10119,.T.);
#10119 = CIRCLE('',#10120,1.6);
#10120 = AXIS2_PLACEMENT_3D('',#10121,#10122,#10123);
#10121 = CARTESIAN_POINT('',(98.1,-190.5,0.));
#10122 = DIRECTION('',(0.,0.,1.));
#10123 = DIRECTION('',(-0.,-1.,0.));
#10124 = CYLINDRICAL_SURFACE('',#10125,1.6);
#10125 = AXIS2_PLACEMENT_3D('',#10126,#10127,#10128);
#10126 = CARTESIAN_POINT('',(98.1,-190.5,0.));
#10127 = DIRECTION('',(-0.,-0.,-1.));
#10128 = DIRECTION('',(-0.,-1.,0.));
#10129 = ADVANCED_FACE('',(#10130),#10146,.T.);
#10130 = FACE_BOUND('',#10131,.T.);
#10131 = EDGE_LOOP('',(#10132,#10133,#10139,#10140));
#10132 = ORIENTED_EDGE('',*,*,#10110,.T.);
#10133 = ORIENTED_EDGE('',*,*,#10134,.T.);
#10134 = EDGE_CURVE('',#10102,#10030,#10135,.T.);
#10135 = LINE('',#10136,#10137);
#10136 = CARTESIAN_POINT('',(98.1,-188.9,1.51));
#10137 = VECTOR('',#10138,1.);
#10138 = DIRECTION('',(-1.,0.,0.));
#10139 = ORIENTED_EDGE('',*,*,#10027,.F.);
#10140 = ORIENTED_EDGE('',*,*,#10141,.F.);
#10141 = EDGE_CURVE('',#10111,#10028,#10142,.T.);
#10142 = LINE('',#10143,#10144);
#10143 = CARTESIAN_POINT('',(98.1,-188.9,0.));
#10144 = VECTOR('',#10145,1.);
#10145 = DIRECTION('',(-1.,0.,0.));
#10146 = PLANE('',#10147);
#10147 = AXIS2_PLACEMENT_3D('',#10148,#10149,#10150);
#10148 = CARTESIAN_POINT('',(98.1,-188.9,0.));
#10149 = DIRECTION('',(0.,-1.,0.));
#10150 = DIRECTION('',(-1.,0.,0.));
#10151 = ADVANCED_FACE('',(#10152),#10188,.F.);
#10152 = FACE_BOUND('',#10153,.T.);
#10153 = EDGE_LOOP('',(#10154,#10164,#10173,#10181));
#10154 = ORIENTED_EDGE('',*,*,#10155,.T.);
#10155 = EDGE_CURVE('',#10156,#10158,#10160,.T.);
#10156 = VERTEX_POINT('',#10157);
#10157 = CARTESIAN_POINT('',(111.9,-188.9,0.));
#10158 = VERTEX_POINT('',#10159);
#10159 = CARTESIAN_POINT('',(111.9,-188.9,1.51));
#10160 = LINE('',#10161,#10162);
#10161 = CARTESIAN_POINT('',(111.9,-188.9,0.));
#10162 = VECTOR('',#10163,1.);
#10163 = DIRECTION('',(0.,0.,1.));
#10164 = ORIENTED_EDGE('',*,*,#10165,.T.);
#10165 = EDGE_CURVE('',#10158,#10166,#10168,.T.);
#10166 = VERTEX_POINT('',#10167);
#10167 = CARTESIAN_POINT('',(111.9,-192.1,1.51));
#10168 = CIRCLE('',#10169,1.6);
#10169 = AXIS2_PLACEMENT_3D('',#10170,#10171,#10172);
#10170 = CARTESIAN_POINT('',(111.9,-190.5,1.51));
#10171 = DIRECTION('',(0.,-0.,1.));
#10172 = DIRECTION('',(0.,1.,0.));
#10173 = ORIENTED_EDGE('',*,*,#10174,.F.);
#10174 = EDGE_CURVE('',#10175,#10166,#10177,.T.);
#10175 = VERTEX_POINT('',#10176);
#10176 = CARTESIAN_POINT('',(111.9,-192.1,0.));
#10177 = LINE('',#10178,#10179);
#10178 = CARTESIAN_POINT('',(111.9,-192.1,0.));
#10179 = VECTOR('',#10180,1.);
#10180 = DIRECTION('',(0.,0.,1.));
#10181 = ORIENTED_EDGE('',*,*,#10182,.F.);
#10182 = EDGE_CURVE('',#10156,#10175,#10183,.T.);
#10183 = CIRCLE('',#10184,1.6);
#10184 = AXIS2_PLACEMENT_3D('',#10185,#10186,#10187);
#10185 = CARTESIAN_POINT('',(111.9,-190.5,0.));
#10186 = DIRECTION('',(0.,-0.,1.));
#10187 = DIRECTION('',(0.,1.,0.));
#10188 = CYLINDRICAL_SURFACE('',#10189,1.6);
#10189 = AXIS2_PLACEMENT_3D('',#10190,#10191,#10192);
#10190 = CARTESIAN_POINT('',(111.9,-190.5,0.));
#10191 = DIRECTION('',(-0.,0.,-1.));
#10192 = DIRECTION('',(0.,1.,0.));
#10193 = ADVANCED_FACE('',(#10194),#10219,.T.);
#10194 = FACE_BOUND('',#10195,.T.);
#10195 = EDGE_LOOP('',(#10196,#10197,#10205,#10213));
#10196 = ORIENTED_EDGE('',*,*,#10174,.T.);
#10197 = ORIENTED_EDGE('',*,*,#10198,.T.);
#10198 = EDGE_CURVE('',#10166,#10199,#10201,.T.);
#10199 = VERTEX_POINT('',#10200);
#10200 = CARTESIAN_POINT('',(114.1,-192.1,1.51));
#10201 = LINE('',#10202,#10203);
#10202 = CARTESIAN_POINT('',(111.9,-192.1,1.51));
#10203 = VECTOR('',#10204,1.);
#10204 = DIRECTION('',(1.,0.,0.));
#10205 = ORIENTED_EDGE('',*,*,#10206,.F.);
#10206 = EDGE_CURVE('',#10207,#10199,#10209,.T.);
#10207 = VERTEX_POINT('',#10208);
#10208 = CARTESIAN_POINT('',(114.1,-192.1,0.));
#10209 = LINE('',#10210,#10211);
#10210 = CARTESIAN_POINT('',(114.1,-192.1,0.));
#10211 = VECTOR('',#10212,1.);
#10212 = DIRECTION('',(0.,0.,1.));
#10213 = ORIENTED_EDGE('',*,*,#10214,.F.);
#10214 = EDGE_CURVE('',#10175,#10207,#10215,.T.);
#10215 = LINE('',#10216,#10217);
#10216 = CARTESIAN_POINT('',(111.9,-192.1,0.));
#10217 = VECTOR('',#10218,1.);
#10218 = DIRECTION('',(1.,0.,0.));
#10219 = PLANE('',#10220);
#10220 = AXIS2_PLACEMENT_3D('',#10221,#10222,#10223);
#10221 = CARTESIAN_POINT('',(111.9,-192.1,0.));
#10222 = DIRECTION('',(0.,1.,0.));
#10223 = DIRECTION('',(1.,0.,0.));
#10224 = ADVANCED_FACE('',(#10225),#10252,.F.);
#10225 = FACE_BOUND('',#10226,.T.);
#10226 = EDGE_LOOP('',(#10227,#10228,#10237,#10245));
#10227 = ORIENTED_EDGE('',*,*,#10206,.T.);
#10228 = ORIENTED_EDGE('',*,*,#10229,.T.);
#10229 = EDGE_CURVE('',#10199,#10230,#10232,.T.);
#10230 = VERTEX_POINT('',#10231);
#10231 = CARTESIAN_POINT('',(114.1,-188.9,1.51));
#10232 = CIRCLE('',#10233,1.6);
#10233 = AXIS2_PLACEMENT_3D('',#10234,#10235,#10236);
#10234 = CARTESIAN_POINT('',(114.1,-190.5,1.51));
#10235 = DIRECTION('',(0.,0.,1.));
#10236 = DIRECTION('',(-0.,-1.,0.));
#10237 = ORIENTED_EDGE('',*,*,#10238,.F.);
#10238 = EDGE_CURVE('',#10239,#10230,#10241,.T.);
#10239 = VERTEX_POINT('',#10240);
#10240 = CARTESIAN_POINT('',(114.1,-188.9,0.));
#10241 = LINE('',#10242,#10243);
#10242 = CARTESIAN_POINT('',(114.1,-188.9,0.));
#10243 = VECTOR('',#10244,1.);
#10244 = DIRECTION('',(0.,0.,1.));
#10245 = ORIENTED_EDGE('',*,*,#10246,.F.);
#10246 = EDGE_CURVE('',#10207,#10239,#10247,.T.);
#10247 = CIRCLE('',#10248,1.6);
#10248 = AXIS2_PLACEMENT_3D('',#10249,#10250,#10251);
#10249 = CARTESIAN_POINT('',(114.1,-190.5,0.));
#10250 = DIRECTION('',(0.,0.,1.));
#10251 = DIRECTION('',(-0.,-1.,0.));
#10252 = CYLINDRICAL_SURFACE('',#10253,1.6);
#10253 = AXIS2_PLACEMENT_3D('',#10254,#10255,#10256);
#10254 = CARTESIAN_POINT('',(114.1,-190.5,0.));
#10255 = DIRECTION('',(-0.,-0.,-1.));
#10256 = DIRECTION('',(-0.,-1.,0.));
#10257 = ADVANCED_FACE('',(#10258),#10274,.T.);
#10258 = FACE_BOUND('',#10259,.T.);
#10259 = EDGE_LOOP('',(#10260,#10261,#10267,#10268));
#10260 = ORIENTED_EDGE('',*,*,#10238,.T.);
#10261 = ORIENTED_EDGE('',*,*,#10262,.T.);
#10262 = EDGE_CURVE('',#10230,#10158,#10263,.T.);
#10263 = LINE('',#10264,#10265);
#10264 = CARTESIAN_POINT('',(114.1,-188.9,1.51));
#10265 = VECTOR('',#10266,1.);
#10266 = DIRECTION('',(-1.,0.,0.));
#10267 = ORIENTED_EDGE('',*,*,#10155,.F.);
#10268 = ORIENTED_EDGE('',*,*,#10269,.F.);
#10269 = EDGE_CURVE('',#10239,#10156,#10270,.T.);
#10270 = LINE('',#10271,#10272);
#10271 = CARTESIAN_POINT('',(114.1,-188.9,0.));
#10272 = VECTOR('',#10273,1.);
#10273 = DIRECTION('',(-1.,0.,0.));
#10274 = PLANE('',#10275);
#10275 = AXIS2_PLACEMENT_3D('',#10276,#10277,#10278);
#10276 = CARTESIAN_POINT('',(114.1,-188.9,0.));
#10277 = DIRECTION('',(0.,-1.,0.));
#10278 = DIRECTION('',(-1.,0.,0.));
#10279 = ADVANCED_FACE('',(#10280),#10307,.F.);
#10280 = FACE_BOUND('',#10281,.T.);
#10281 = EDGE_LOOP('',(#10282,#10292,#10299,#10300));
#10282 = ORIENTED_EDGE('',*,*,#10283,.T.);
#10283 = EDGE_CURVE('',#10284,#10286,#10288,.T.);
#10284 = VERTEX_POINT('',#10285);
#10285 = CARTESIAN_POINT('',(101.5899,-178.217,0.));
#10286 = VERTEX_POINT('',#10287);
#10287 = CARTESIAN_POINT('',(101.5899,-178.217,1.51));
#10288 = LINE('',#10289,#10290);
#10289 = CARTESIAN_POINT('',(101.5899,-178.217,0.));
#10290 = VECTOR('',#10291,1.);
#10291 = DIRECTION('',(0.,0.,1.));
#10292 = ORIENTED_EDGE('',*,*,#10293,.T.);
#10293 = EDGE_CURVE('',#10286,#10286,#10294,.T.);
#10294 = CIRCLE('',#10295,3.2);
#10295 = AXIS2_PLACEMENT_3D('',#10296,#10297,#10298);
#10296 = CARTESIAN_POINT('',(98.3899,-178.217,1.51));
#10297 = DIRECTION('',(0.,0.,1.));
#10298 = DIRECTION('',(1.,0.,-0.));
#10299 = ORIENTED_EDGE('',*,*,#10283,.F.);
#10300 = ORIENTED_EDGE('',*,*,#10301,.F.);
#10301 = EDGE_CURVE('',#10284,#10284,#10302,.T.);
#10302 = CIRCLE('',#10303,3.2);
#10303 = AXIS2_PLACEMENT_3D('',#10304,#10305,#10306);
#10304 = CARTESIAN_POINT('',(98.3899,-178.217,0.));
#10305 = DIRECTION('',(0.,0.,1.));
#10306 = DIRECTION('',(1.,0.,-0.));
#10307 = CYLINDRICAL_SURFACE('',#10308,3.2);
#10308 = AXIS2_PLACEMENT_3D('',#10309,#10310,#10311);
#10309 = CARTESIAN_POINT('',(98.3899,-178.217,0.));
#10310 = DIRECTION('',(-0.,-0.,-1.));
#10311 = DIRECTION('',(1.,0.,-0.));
#10312 = ADVANCED_FACE('',(#10313),#10340,.F.);
#10313 = FACE_BOUND('',#10314,.T.);
#10314 = EDGE_LOOP('',(#10315,#10325,#10332,#10333));
#10315 = ORIENTED_EDGE('',*,*,#10316,.T.);
#10316 = EDGE_CURVE('',#10317,#10319,#10321,.T.);
#10317 = VERTEX_POINT('',#10318);
#10318 = CARTESIAN_POINT('',(114.6931,-178.217,0.));
#10319 = VERTEX_POINT('',#10320);
#10320 = CARTESIAN_POINT('',(114.6931,-178.217,1.51));
#10321 = LINE('',#10322,#10323);
#10322 = CARTESIAN_POINT('',(114.6931,-178.217,0.));
#10323 = VECTOR('',#10324,1.);
#10324 = DIRECTION('',(0.,0.,1.));
#10325 = ORIENTED_EDGE('',*,*,#10326,.T.);
#10326 = EDGE_CURVE('',#10319,#10319,#10327,.T.);
#10327 = CIRCLE('',#10328,3.2);
#10328 = AXIS2_PLACEMENT_3D('',#10329,#10330,#10331);
#10329 = CARTESIAN_POINT('',(111.4931,-178.217,1.51));
#10330 = DIRECTION('',(0.,0.,1.));
#10331 = DIRECTION('',(1.,0.,-0.));
#10332 = ORIENTED_EDGE('',*,*,#10316,.F.);
#10333 = ORIENTED_EDGE('',*,*,#10334,.F.);
#10334 = EDGE_CURVE('',#10317,#10317,#10335,.T.);
#10335 = CIRCLE('',#10336,3.2);
#10336 = AXIS2_PLACEMENT_3D('',#10337,#10338,#10339);
#10337 = CARTESIAN_POINT('',(111.4931,-178.217,0.));
#10338 = DIRECTION('',(0.,0.,1.));
#10339 = DIRECTION('',(1.,0.,-0.));
#10340 = CYLINDRICAL_SURFACE('',#10341,3.2);
#10341 = AXIS2_PLACEMENT_3D('',#10342,#10343,#10344);
#10342 = CARTESIAN_POINT('',(111.4931,-178.217,0.));
#10343 = DIRECTION('',(-0.,-0.,-1.));
#10344 = DIRECTION('',(1.,0.,-0.));
#10345 = ADVANCED_FACE('',(#10346),#10373,.F.);
#10346 = FACE_BOUND('',#10347,.T.);
#10347 = EDGE_LOOP('',(#10348,#10358,#10365,#10366));
#10348 = ORIENTED_EDGE('',*,*,#10349,.T.);
#10349 = EDGE_CURVE('',#10350,#10352,#10354,.T.);
#10350 = VERTEX_POINT('',#10351);
#10351 = CARTESIAN_POINT('',(101.5899,-165.191,0.));
#10352 = VERTEX_POINT('',#10353);
#10353 = CARTESIAN_POINT('',(101.5899,-165.191,1.51));
#10354 = LINE('',#10355,#10356);
#10355 = CARTESIAN_POINT('',(101.5899,-165.191,0.));
#10356 = VECTOR('',#10357,1.);
#10357 = DIRECTION('',(0.,0.,1.));
#10358 = ORIENTED_EDGE('',*,*,#10359,.T.);
#10359 = EDGE_CURVE('',#10352,#10352,#10360,.T.);
#10360 = CIRCLE('',#10361,3.2);
#10361 = AXIS2_PLACEMENT_3D('',#10362,#10363,#10364);
#10362 = CARTESIAN_POINT('',(98.3899,-165.191,1.51));
#10363 = DIRECTION('',(0.,0.,1.));
#10364 = DIRECTION('',(1.,0.,-0.));
#10365 = ORIENTED_EDGE('',*,*,#10349,.F.);
#10366 = ORIENTED_EDGE('',*,*,#10367,.F.);
#10367 = EDGE_CURVE('',#10350,#10350,#10368,.T.);
#10368 = CIRCLE('',#10369,3.2);
#10369 = AXIS2_PLACEMENT_3D('',#10370,#10371,#10372);
#10370 = CARTESIAN_POINT('',(98.3899,-165.191,0.));
#10371 = DIRECTION('',(0.,0.,1.));
#10372 = DIRECTION('',(1.,0.,-0.));
#10373 = CYLINDRICAL_SURFACE('',#10374,3.2);
#10374 = AXIS2_PLACEMENT_3D('',#10375,#10376,#10377);
#10375 = CARTESIAN_POINT('',(98.3899,-165.191,0.));
#10376 = DIRECTION('',(-0.,-0.,-1.));
#10377 = DIRECTION('',(1.,0.,-0.));
#10378 = ADVANCED_FACE('',(#10379),#10406,.F.);
#10379 = FACE_BOUND('',#10380,.T.);
#10380 = EDGE_LOOP('',(#10381,#10391,#10398,#10399));
#10381 = ORIENTED_EDGE('',*,*,#10382,.T.);
#10382 = EDGE_CURVE('',#10383,#10385,#10387,.T.);
#10383 = VERTEX_POINT('',#10384);
#10384 = CARTESIAN_POINT('',(114.6931,-165.191,0.));
#10385 = VERTEX_POINT('',#10386);
#10386 = CARTESIAN_POINT('',(114.6931,-165.191,1.51));
#10387 = LINE('',#10388,#10389);
#10388 = CARTESIAN_POINT('',(114.6931,-165.191,0.));
#10389 = VECTOR('',#10390,1.);
#10390 = DIRECTION('',(0.,0.,1.));
#10391 = ORIENTED_EDGE('',*,*,#10392,.T.);
#10392 = EDGE_CURVE('',#10385,#10385,#10393,.T.);
#10393 = CIRCLE('',#10394,3.2);
#10394 = AXIS2_PLACEMENT_3D('',#10395,#10396,#10397);
#10395 = CARTESIAN_POINT('',(111.4931,-165.191,1.51));
#10396 = DIRECTION('',(0.,0.,1.));
#10397 = DIRECTION('',(1.,0.,-0.));
#10398 = ORIENTED_EDGE('',*,*,#10382,.F.);
#10399 = ORIENTED_EDGE('',*,*,#10400,.F.);
#10400 = EDGE_CURVE('',#10383,#10383,#10401,.T.);
#10401 = CIRCLE('',#10402,3.2);
#10402 = AXIS2_PLACEMENT_3D('',#10403,#10404,#10405);
#10403 = CARTESIAN_POINT('',(111.4931,-165.191,0.));
#10404 = DIRECTION('',(0.,0.,1.));
#10405 = DIRECTION('',(1.,0.,-0.));
#10406 = CYLINDRICAL_SURFACE('',#10407,3.2);
#10407 = AXIS2_PLACEMENT_3D('',#10408,#10409,#10410);
#10408 = CARTESIAN_POINT('',(111.4931,-165.191,0.));
#10409 = DIRECTION('',(-0.,-0.,-1.));
#10410 = DIRECTION('',(1.,0.,-0.));
#10411 = ADVANCED_FACE('',(#10412),#10439,.F.);
#10412 = FACE_BOUND('',#10413,.T.);
#10413 = EDGE_LOOP('',(#10414,#10424,#10431,#10432));
#10414 = ORIENTED_EDGE('',*,*,#10415,.T.);
#10415 = EDGE_CURVE('',#10416,#10418,#10420,.T.);
#10416 = VERTEX_POINT('',#10417);
#10417 = CARTESIAN_POINT('',(101.5899,-139.791,0.));
#10418 = VERTEX_POINT('',#10419);
#10419 = CARTESIAN_POINT('',(101.5899,-139.791,1.51));
#10420 = LINE('',#10421,#10422);
#10421 = CARTESIAN_POINT('',(101.5899,-139.791,0.));
#10422 = VECTOR('',#10423,1.);
#10423 = DIRECTION('',(0.,0.,1.));
#10424 = ORIENTED_EDGE('',*,*,#10425,.T.);
#10425 = EDGE_CURVE('',#10418,#10418,#10426,.T.);
#10426 = CIRCLE('',#10427,3.2);
#10427 = AXIS2_PLACEMENT_3D('',#10428,#10429,#10430);
#10428 = CARTESIAN_POINT('',(98.3899,-139.791,1.51));
#10429 = DIRECTION('',(0.,0.,1.));
#10430 = DIRECTION('',(1.,0.,-0.));
#10431 = ORIENTED_EDGE('',*,*,#10415,.F.);
#10432 = ORIENTED_EDGE('',*,*,#10433,.F.);
#10433 = EDGE_CURVE('',#10416,#10416,#10434,.T.);
#10434 = CIRCLE('',#10435,3.2);
#10435 = AXIS2_PLACEMENT_3D('',#10436,#10437,#10438);
#10436 = CARTESIAN_POINT('',(98.3899,-139.791,0.));
#10437 = DIRECTION('',(0.,0.,1.));
#10438 = DIRECTION('',(1.,0.,-0.));
#10439 = CYLINDRICAL_SURFACE('',#10440,3.2);
#10440 = AXIS2_PLACEMENT_3D('',#10441,#10442,#10443);
#10441 = CARTESIAN_POINT('',(98.3899,-139.791,0.));
#10442 = DIRECTION('',(-0.,-0.,-1.));
#10443 = DIRECTION('',(1.,0.,-0.));
#10444 = ADVANCED_FACE('',(#10445),#10472,.F.);
#10445 = FACE_BOUND('',#10446,.T.);
#10446 = EDGE_LOOP('',(#10447,#10457,#10464,#10465));
#10447 = ORIENTED_EDGE('',*,*,#10448,.T.);
#10448 = EDGE_CURVE('',#10449,#10451,#10453,.T.);
#10449 = VERTEX_POINT('',#10450);
#10450 = CARTESIAN_POINT('',(114.6931,-139.791,0.));
#10451 = VERTEX_POINT('',#10452);
#10452 = CARTESIAN_POINT('',(114.6931,-139.791,1.51));
#10453 = LINE('',#10454,#10455);
#10454 = CARTESIAN_POINT('',(114.6931,-139.791,0.));
#10455 = VECTOR('',#10456,1.);
#10456 = DIRECTION('',(0.,0.,1.));
#10457 = ORIENTED_EDGE('',*,*,#10458,.T.);
#10458 = EDGE_CURVE('',#10451,#10451,#10459,.T.);
#10459 = CIRCLE('',#10460,3.2);
#10460 = AXIS2_PLACEMENT_3D('',#10461,#10462,#10463);
#10461 = CARTESIAN_POINT('',(111.4931,-139.791,1.51));
#10462 = DIRECTION('',(0.,0.,1.));
#10463 = DIRECTION('',(1.,0.,-0.));
#10464 = ORIENTED_EDGE('',*,*,#10448,.F.);
#10465 = ORIENTED_EDGE('',*,*,#10466,.F.);
#10466 = EDGE_CURVE('',#10449,#10449,#10467,.T.);
#10467 = CIRCLE('',#10468,3.2);
#10468 = AXIS2_PLACEMENT_3D('',#10469,#10470,#10471);
#10469 = CARTESIAN_POINT('',(111.4931,-139.791,0.));
#10470 = DIRECTION('',(0.,0.,1.));
#10471 = DIRECTION('',(1.,0.,-0.));
#10472 = CYLINDRICAL_SURFACE('',#10473,3.2);
#10473 = AXIS2_PLACEMENT_3D('',#10474,#10475,#10476);
#10474 = CARTESIAN_POINT('',(111.4931,-139.791,0.));
#10475 = DIRECTION('',(-0.,-0.,-1.));
#10476 = DIRECTION('',(1.,0.,-0.));
#10477 = ADVANCED_FACE('',(#10478),#10505,.F.);
#10478 = FACE_BOUND('',#10479,.T.);
#10479 = EDGE_LOOP('',(#10480,#10490,#10497,#10498));
#10480 = ORIENTED_EDGE('',*,*,#10481,.T.);
#10481 = EDGE_CURVE('',#10482,#10484,#10486,.T.);
#10482 = VERTEX_POINT('',#10483);
#10483 = CARTESIAN_POINT('',(101.5899,-120.106,0.));
#10484 = VERTEX_POINT('',#10485);
#10485 = CARTESIAN_POINT('',(101.5899,-120.106,1.51));
#10486 = LINE('',#10487,#10488);
#10487 = CARTESIAN_POINT('',(101.5899,-120.106,0.));
#10488 = VECTOR('',#10489,1.);
#10489 = DIRECTION('',(0.,0.,1.));
#10490 = ORIENTED_EDGE('',*,*,#10491,.T.);
#10491 = EDGE_CURVE('',#10484,#10484,#10492,.T.);
#10492 = CIRCLE('',#10493,3.2);
#10493 = AXIS2_PLACEMENT_3D('',#10494,#10495,#10496);
#10494 = CARTESIAN_POINT('',(98.3899,-120.106,1.51));
#10495 = DIRECTION('',(0.,0.,1.));
#10496 = DIRECTION('',(1.,0.,-0.));
#10497 = ORIENTED_EDGE('',*,*,#10481,.F.);
#10498 = ORIENTED_EDGE('',*,*,#10499,.F.);
#10499 = EDGE_CURVE('',#10482,#10482,#10500,.T.);
#10500 = CIRCLE('',#10501,3.2);
#10501 = AXIS2_PLACEMENT_3D('',#10502,#10503,#10504);
#10502 = CARTESIAN_POINT('',(98.3899,-120.106,0.));
#10503 = DIRECTION('',(0.,0.,1.));
#10504 = DIRECTION('',(1.,0.,-0.));
#10505 = CYLINDRICAL_SURFACE('',#10506,3.2);
#10506 = AXIS2_PLACEMENT_3D('',#10507,#10508,#10509);
#10507 = CARTESIAN_POINT('',(98.3899,-120.106,0.));
#10508 = DIRECTION('',(-0.,-0.,-1.));
#10509 = DIRECTION('',(1.,0.,-0.));
#10510 = ADVANCED_FACE('',(#10511),#10538,.F.);
#10511 = FACE_BOUND('',#10512,.T.);
#10512 = EDGE_LOOP('',(#10513,#10523,#10530,#10531));
#10513 = ORIENTED_EDGE('',*,*,#10514,.T.);
#10514 = EDGE_CURVE('',#10515,#10517,#10519,.T.);
#10515 = VERTEX_POINT('',#10516);
#10516 = CARTESIAN_POINT('',(114.6931,-120.106,0.));
#10517 = VERTEX_POINT('',#10518);
#10518 = CARTESIAN_POINT('',(114.6931,-120.106,1.51));
#10519 = LINE('',#10520,#10521);
#10520 = CARTESIAN_POINT('',(114.6931,-120.106,0.));
#10521 = VECTOR('',#10522,1.);
#10522 = DIRECTION('',(0.,0.,1.));
#10523 = ORIENTED_EDGE('',*,*,#10524,.T.);
#10524 = EDGE_CURVE('',#10517,#10517,#10525,.T.);
#10525 = CIRCLE('',#10526,3.2);
#10526 = AXIS2_PLACEMENT_3D('',#10527,#10528,#10529);
#10527 = CARTESIAN_POINT('',(111.4931,-120.106,1.51));
#10528 = DIRECTION('',(0.,0.,1.));
#10529 = DIRECTION('',(1.,0.,-0.));
#10530 = ORIENTED_EDGE('',*,*,#10514,.F.);
#10531 = ORIENTED_EDGE('',*,*,#10532,.F.);
#10532 = EDGE_CURVE('',#10515,#10515,#10533,.T.);
#10533 = CIRCLE('',#10534,3.2);
#10534 = AXIS2_PLACEMENT_3D('',#10535,#10536,#10537);
#10535 = CARTESIAN_POINT('',(111.4931,-120.106,0.));
#10536 = DIRECTION('',(0.,0.,1.));
#10537 = DIRECTION('',(1.,0.,-0.));
#10538 = CYLINDRICAL_SURFACE('',#10539,3.2);
#10539 = AXIS2_PLACEMENT_3D('',#10540,#10541,#10542);
#10540 = CARTESIAN_POINT('',(111.4931,-120.106,0.));
#10541 = DIRECTION('',(-0.,-0.,-1.));
#10542 = DIRECTION('',(1.,0.,-0.));
#10543 = ADVANCED_FACE('',(#10544),#10571,.F.);
#10544 = FACE_BOUND('',#10545,.T.);
#10545 = EDGE_LOOP('',(#10546,#10556,#10563,#10564));
#10546 = ORIENTED_EDGE('',*,*,#10547,.T.);
#10547 = EDGE_CURVE('',#10548,#10550,#10552,.T.);
#10548 = VERTEX_POINT('',#10549);
#10549 = CARTESIAN_POINT('',(101.8899,-104.866,0.));
#10550 = VERTEX_POINT('',#10551);
#10551 = CARTESIAN_POINT('',(101.8899,-104.866,1.51));
#10552 = LINE('',#10553,#10554);
#10553 = CARTESIAN_POINT('',(101.8899,-104.866,0.));
#10554 = VECTOR('',#10555,1.);
#10555 = DIRECTION('',(0.,0.,1.));
#10556 = ORIENTED_EDGE('',*,*,#10557,.T.);
#10557 = EDGE_CURVE('',#10550,#10550,#10558,.T.);
#10558 = CIRCLE('',#10559,3.5);
#10559 = AXIS2_PLACEMENT_3D('',#10560,#10561,#10562);
#10560 = CARTESIAN_POINT('',(98.3899,-104.866,1.51));
#10561 = DIRECTION('',(0.,0.,1.));
#10562 = DIRECTION('',(1.,0.,-0.));
#10563 = ORIENTED_EDGE('',*,*,#10547,.F.);
#10564 = ORIENTED_EDGE('',*,*,#10565,.F.);
#10565 = EDGE_CURVE('',#10548,#10548,#10566,.T.);
#10566 = CIRCLE('',#10567,3.5);
#10567 = AXIS2_PLACEMENT_3D('',#10568,#10569,#10570);
#10568 = CARTESIAN_POINT('',(98.3899,-104.866,0.));
#10569 = DIRECTION('',(0.,0.,1.));
#10570 = DIRECTION('',(1.,0.,-0.));
#10571 = CYLINDRICAL_SURFACE('',#10572,3.5);
#10572 = AXIS2_PLACEMENT_3D('',#10573,#10574,#10575);
#10573 = CARTESIAN_POINT('',(98.3899,-104.866,0.));
#10574 = DIRECTION('',(-0.,-0.,-1.));
#10575 = DIRECTION('',(1.,0.,-0.));
#10576 = ADVANCED_FACE('',(#10577),#10604,.F.);
#10577 = FACE_BOUND('',#10578,.T.);
#10578 = EDGE_LOOP('',(#10579,#10589,#10596,#10597));
#10579 = ORIENTED_EDGE('',*,*,#10580,.T.);
#10580 = EDGE_CURVE('',#10581,#10583,#10585,.T.);
#10581 = VERTEX_POINT('',#10582);
#10582 = CARTESIAN_POINT('',(114.9931,-104.866,0.));
#10583 = VERTEX_POINT('',#10584);
#10584 = CARTESIAN_POINT('',(114.9931,-104.866,1.51));
#10585 = LINE('',#10586,#10587);
#10586 = CARTESIAN_POINT('',(114.9931,-104.866,0.));
#10587 = VECTOR('',#10588,1.);
#10588 = DIRECTION('',(0.,0.,1.));
#10589 = ORIENTED_EDGE('',*,*,#10590,.T.);
#10590 = EDGE_CURVE('',#10583,#10583,#10591,.T.);
#10591 = CIRCLE('',#10592,3.5);
#10592 = AXIS2_PLACEMENT_3D('',#10593,#10594,#10595);
#10593 = CARTESIAN_POINT('',(111.4931,-104.866,1.51));
#10594 = DIRECTION('',(0.,0.,1.));
#10595 = DIRECTION('',(1.,0.,-0.));
#10596 = ORIENTED_EDGE('',*,*,#10580,.F.);
#10597 = ORIENTED_EDGE('',*,*,#10598,.F.);
#10598 = EDGE_CURVE('',#10581,#10581,#10599,.T.);
#10599 = CIRCLE('',#10600,3.5);
#10600 = AXIS2_PLACEMENT_3D('',#10601,#10602,#10603);
#10601 = CARTESIAN_POINT('',(111.4931,-104.866,0.));
#10602 = DIRECTION('',(0.,0.,1.));
#10603 = DIRECTION('',(1.,0.,-0.));
#10604 = CYLINDRICAL_SURFACE('',#10605,3.5);
#10605 = AXIS2_PLACEMENT_3D('',#10606,#10607,#10608);
#10606 = CARTESIAN_POINT('',(111.4931,-104.866,0.));
#10607 = DIRECTION('',(-0.,-0.,-1.));
#10608 = DIRECTION('',(1.,0.,-0.));
#10609 = ADVANCED_FACE('',(#10610),#10637,.F.);
#10610 = FACE_BOUND('',#10611,.T.);
#10611 = EDGE_LOOP('',(#10612,#10622,#10629,#10630));
#10612 = ORIENTED_EDGE('',*,*,#10613,.T.);
#10613 = EDGE_CURVE('',#10614,#10616,#10618,.T.);
#10614 = VERTEX_POINT('',#10615);
#10615 = CARTESIAN_POINT('',(101.8899,-83.3014,0.));
#10616 = VERTEX_POINT('',#10617);
#10617 = CARTESIAN_POINT('',(101.8899,-83.3014,1.51));
#10618 = LINE('',#10619,#10620);
#10619 = CARTESIAN_POINT('',(101.8899,-83.3014,0.));
#10620 = VECTOR('',#10621,1.);
#10621 = DIRECTION('',(0.,0.,1.));
#10622 = ORIENTED_EDGE('',*,*,#10623,.T.);
#10623 = EDGE_CURVE('',#10616,#10616,#10624,.T.);
#10624 = CIRCLE('',#10625,3.5);
#10625 = AXIS2_PLACEMENT_3D('',#10626,#10627,#10628);
#10626 = CARTESIAN_POINT('',(98.3899,-83.3014,1.51));
#10627 = DIRECTION('',(0.,0.,1.));
#10628 = DIRECTION('',(1.,0.,-0.));
#10629 = ORIENTED_EDGE('',*,*,#10613,.F.);
#10630 = ORIENTED_EDGE('',*,*,#10631,.F.);
#10631 = EDGE_CURVE('',#10614,#10614,#10632,.T.);
#10632 = CIRCLE('',#10633,3.5);
#10633 = AXIS2_PLACEMENT_3D('',#10634,#10635,#10636);
#10634 = CARTESIAN_POINT('',(98.3899,-83.3014,0.));
#10635 = DIRECTION('',(0.,0.,1.));
#10636 = DIRECTION('',(1.,0.,-0.));
#10637 = CYLINDRICAL_SURFACE('',#10638,3.5);
#10638 = AXIS2_PLACEMENT_3D('',#10639,#10640,#10641);
#10639 = CARTESIAN_POINT('',(98.3899,-83.3014,0.));
#10640 = DIRECTION('',(-0.,-0.,-1.));
#10641 = DIRECTION('',(1.,0.,-0.));
#10642 = ADVANCED_FACE('',(#10643),#10670,.F.);
#10643 = FACE_BOUND('',#10644,.T.);
#10644 = EDGE_LOOP('',(#10645,#10655,#10662,#10663));
#10645 = ORIENTED_EDGE('',*,*,#10646,.T.);
#10646 = EDGE_CURVE('',#10647,#10649,#10651,.T.);
#10647 = VERTEX_POINT('',#10648);
#10648 = CARTESIAN_POINT('',(114.9931,-83.3014,0.));
#10649 = VERTEX_POINT('',#10650);
#10650 = CARTESIAN_POINT('',(114.9931,-83.3014,1.51));
#10651 = LINE('',#10652,#10653);
#10652 = CARTESIAN_POINT('',(114.9931,-83.3014,0.));
#10653 = VECTOR('',#10654,1.);
#10654 = DIRECTION('',(0.,0.,1.));
#10655 = ORIENTED_EDGE('',*,*,#10656,.T.);
#10656 = EDGE_CURVE('',#10649,#10649,#10657,.T.);
#10657 = CIRCLE('',#10658,3.5);
#10658 = AXIS2_PLACEMENT_3D('',#10659,#10660,#10661);
#10659 = CARTESIAN_POINT('',(111.4931,-83.3014,1.51));
#10660 = DIRECTION('',(0.,0.,1.));
#10661 = DIRECTION('',(1.,0.,-0.));
#10662 = ORIENTED_EDGE('',*,*,#10646,.F.);
#10663 = ORIENTED_EDGE('',*,*,#10664,.F.);
#10664 = EDGE_CURVE('',#10647,#10647,#10665,.T.);
#10665 = CIRCLE('',#10666,3.5);
#10666 = AXIS2_PLACEMENT_3D('',#10667,#10668,#10669);
#10667 = CARTESIAN_POINT('',(111.4931,-83.3014,0.));
#10668 = DIRECTION('',(0.,0.,1.));
#10669 = DIRECTION('',(1.,0.,-0.));
#10670 = CYLINDRICAL_SURFACE('',#10671,3.5);
#10671 = AXIS2_PLACEMENT_3D('',#10672,#10673,#10674);
#10672 = CARTESIAN_POINT('',(111.4931,-83.3014,0.));
#10673 = DIRECTION('',(-0.,-0.,-1.));
#10674 = DIRECTION('',(1.,0.,-0.));
#10675 = ADVANCED_FACE('',(#10676),#10712,.F.);
#10676 = FACE_BOUND('',#10677,.T.);
#10677 = EDGE_LOOP('',(#10678,#10688,#10697,#10705));
#10678 = ORIENTED_EDGE('',*,*,#10679,.T.);
#10679 = EDGE_CURVE('',#10680,#10682,#10684,.T.);
#10680 = VERTEX_POINT('',#10681);
#10681 = CARTESIAN_POINT('',(95.9,-66.4,0.));
#10682 = VERTEX_POINT('',#10683);
#10683 = CARTESIAN_POINT('',(95.9,-66.4,1.51));
#10684 = LINE('',#10685,#10686);
#10685 = CARTESIAN_POINT('',(95.9,-66.4,0.));
#10686 = VECTOR('',#10687,1.);
#10687 = DIRECTION('',(0.,0.,1.));
#10688 = ORIENTED_EDGE('',*,*,#10689,.T.);
#10689 = EDGE_CURVE('',#10682,#10690,#10692,.T.);
#10690 = VERTEX_POINT('',#10691);
#10691 = CARTESIAN_POINT('',(95.9,-69.6,1.51));
#10692 = CIRCLE('',#10693,1.6);
#10693 = AXIS2_PLACEMENT_3D('',#10694,#10695,#10696);
#10694 = CARTESIAN_POINT('',(95.9,-68.,1.51));
#10695 = DIRECTION('',(0.,0.,1.));
#10696 = DIRECTION('',(1.7763568394E-14,1.,-0.));
#10697 = ORIENTED_EDGE('',*,*,#10698,.F.);
#10698 = EDGE_CURVE('',#10699,#10690,#10701,.T.);
#10699 = VERTEX_POINT('',#10700);
#10700 = CARTESIAN_POINT('',(95.9,-69.6,0.));
#10701 = LINE('',#10702,#10703);
#10702 = CARTESIAN_POINT('',(95.9,-69.6,0.));
#10703 = VECTOR('',#10704,1.);
#10704 = DIRECTION('',(0.,0.,1.));
#10705 = ORIENTED_EDGE('',*,*,#10706,.F.);
#10706 = EDGE_CURVE('',#10680,#10699,#10707,.T.);
#10707 = CIRCLE('',#10708,1.6);
#10708 = AXIS2_PLACEMENT_3D('',#10709,#10710,#10711);
#10709 = CARTESIAN_POINT('',(95.9,-68.,0.));
#10710 = DIRECTION('',(0.,0.,1.));
#10711 = DIRECTION('',(1.7763568394E-14,1.,-0.));
#10712 = CYLINDRICAL_SURFACE('',#10713,1.6);
#10713 = AXIS2_PLACEMENT_3D('',#10714,#10715,#10716);
#10714 = CARTESIAN_POINT('',(95.9,-68.,0.));
#10715 = DIRECTION('',(-0.,-0.,-1.));
#10716 = DIRECTION('',(1.7763568394E-14,1.,-0.));
#10717 = ADVANCED_FACE('',(#10718),#10743,.T.);
#10718 = FACE_BOUND('',#10719,.T.);
#10719 = EDGE_LOOP('',(#10720,#10721,#10729,#10737));
#10720 = ORIENTED_EDGE('',*,*,#10698,.T.);
#10721 = ORIENTED_EDGE('',*,*,#10722,.T.);
#10722 = EDGE_CURVE('',#10690,#10723,#10725,.T.);
#10723 = VERTEX_POINT('',#10724);
#10724 = CARTESIAN_POINT('',(98.1,-69.6,1.51));
#10725 = LINE('',#10726,#10727);
#10726 = CARTESIAN_POINT('',(95.9,-69.6,1.51));
#10727 = VECTOR('',#10728,1.);
#10728 = DIRECTION('',(1.,0.,0.));
#10729 = ORIENTED_EDGE('',*,*,#10730,.F.);
#10730 = EDGE_CURVE('',#10731,#10723,#10733,.T.);
#10731 = VERTEX_POINT('',#10732);
#10732 = CARTESIAN_POINT('',(98.1,-69.6,0.));
#10733 = LINE('',#10734,#10735);
#10734 = CARTESIAN_POINT('',(98.1,-69.6,0.));
#10735 = VECTOR('',#10736,1.);
#10736 = DIRECTION('',(0.,0.,1.));
#10737 = ORIENTED_EDGE('',*,*,#10738,.F.);
#10738 = EDGE_CURVE('',#10699,#10731,#10739,.T.);
#10739 = LINE('',#10740,#10741);
#10740 = CARTESIAN_POINT('',(95.9,-69.6,0.));
#10741 = VECTOR('',#10742,1.);
#10742 = DIRECTION('',(1.,0.,0.));
#10743 = PLANE('',#10744);
#10744 = AXIS2_PLACEMENT_3D('',#10745,#10746,#10747);
#10745 = CARTESIAN_POINT('',(95.9,-69.6,0.));
#10746 = DIRECTION('',(0.,1.,0.));
#10747 = DIRECTION('',(1.,0.,0.));
#10748 = ADVANCED_FACE('',(#10749),#10776,.F.);
#10749 = FACE_BOUND('',#10750,.T.);
#10750 = EDGE_LOOP('',(#10751,#10752,#10761,#10769));
#10751 = ORIENTED_EDGE('',*,*,#10730,.T.);
#10752 = ORIENTED_EDGE('',*,*,#10753,.T.);
#10753 = EDGE_CURVE('',#10723,#10754,#10756,.T.);
#10754 = VERTEX_POINT('',#10755);
#10755 = CARTESIAN_POINT('',(98.1,-66.4,1.51));
#10756 = CIRCLE('',#10757,1.6);
#10757 = AXIS2_PLACEMENT_3D('',#10758,#10759,#10760);
#10758 = CARTESIAN_POINT('',(98.1,-68.,1.51));
#10759 = DIRECTION('',(0.,0.,1.));
#10760 = DIRECTION('',(-1.7763568394E-14,-1.,0.));
#10761 = ORIENTED_EDGE('',*,*,#10762,.F.);
#10762 = EDGE_CURVE('',#10763,#10754,#10765,.T.);
#10763 = VERTEX_POINT('',#10764);
#10764 = CARTESIAN_POINT('',(98.1,-66.4,0.));
#10765 = LINE('',#10766,#10767);
#10766 = CARTESIAN_POINT('',(98.1,-66.4,0.));
#10767 = VECTOR('',#10768,1.);
#10768 = DIRECTION('',(0.,0.,1.));
#10769 = ORIENTED_EDGE('',*,*,#10770,.F.);
#10770 = EDGE_CURVE('',#10731,#10763,#10771,.T.);
#10771 = CIRCLE('',#10772,1.6);
#10772 = AXIS2_PLACEMENT_3D('',#10773,#10774,#10775);
#10773 = CARTESIAN_POINT('',(98.1,-68.,0.));
#10774 = DIRECTION('',(0.,0.,1.));
#10775 = DIRECTION('',(-1.7763568394E-14,-1.,0.));
#10776 = CYLINDRICAL_SURFACE('',#10777,1.6);
#10777 = AXIS2_PLACEMENT_3D('',#10778,#10779,#10780);
#10778 = CARTESIAN_POINT('',(98.1,-68.,0.));
#10779 = DIRECTION('',(-0.,-0.,-1.));
#10780 = DIRECTION('',(-1.7763568394E-14,-1.,0.));
#10781 = ADVANCED_FACE('',(#10782),#10798,.T.);
#10782 = FACE_BOUND('',#10783,.T.);
#10783 = EDGE_LOOP('',(#10784,#10785,#10791,#10792));
#10784 = ORIENTED_EDGE('',*,*,#10762,.T.);
#10785 = ORIENTED_EDGE('',*,*,#10786,.T.);
#10786 = EDGE_CURVE('',#10754,#10682,#10787,.T.);
#10787 = LINE('',#10788,#10789);
#10788 = CARTESIAN_POINT('',(98.1,-66.4,1.51));
#10789 = VECTOR('',#10790,1.);
#10790 = DIRECTION('',(-1.,0.,0.));
#10791 = ORIENTED_EDGE('',*,*,#10679,.F.);
#10792 = ORIENTED_EDGE('',*,*,#10793,.F.);
#10793 = EDGE_CURVE('',#10763,#10680,#10794,.T.);
#10794 = LINE('',#10795,#10796);
#10795 = CARTESIAN_POINT('',(98.1,-66.4,0.));
#10796 = VECTOR('',#10797,1.);
#10797 = DIRECTION('',(-1.,0.,0.));
#10798 = PLANE('',#10799);
#10799 = AXIS2_PLACEMENT_3D('',#10800,#10801,#10802);
#10800 = CARTESIAN_POINT('',(98.1,-66.4,0.));
#10801 = DIRECTION('',(0.,-1.,0.));
#10802 = DIRECTION('',(-1.,0.,0.));
#10803 = ADVANCED_FACE('',(#10804),#10840,.F.);
#10804 = FACE_BOUND('',#10805,.T.);
#10805 = EDGE_LOOP('',(#10806,#10816,#10825,#10833));
#10806 = ORIENTED_EDGE('',*,*,#10807,.T.);
#10807 = EDGE_CURVE('',#10808,#10810,#10812,.T.);
#10808 = VERTEX_POINT('',#10809);
#10809 = CARTESIAN_POINT('',(111.9,-66.4,0.));
#10810 = VERTEX_POINT('',#10811);
#10811 = CARTESIAN_POINT('',(111.9,-66.4,1.51));
#10812 = LINE('',#10813,#10814);
#10813 = CARTESIAN_POINT('',(111.9,-66.4,0.));
#10814 = VECTOR('',#10815,1.);
#10815 = DIRECTION('',(0.,0.,1.));
#10816 = ORIENTED_EDGE('',*,*,#10817,.T.);
#10817 = EDGE_CURVE('',#10810,#10818,#10820,.T.);
#10818 = VERTEX_POINT('',#10819);
#10819 = CARTESIAN_POINT('',(111.9,-69.6,1.51));
#10820 = CIRCLE('',#10821,1.6);
#10821 = AXIS2_PLACEMENT_3D('',#10822,#10823,#10824);
#10822 = CARTESIAN_POINT('',(111.9,-68.,1.51));
#10823 = DIRECTION('',(0.,0.,1.));
#10824 = DIRECTION('',(1.7763568394E-14,1.,-0.));
#10825 = ORIENTED_EDGE('',*,*,#10826,.F.);
#10826 = EDGE_CURVE('',#10827,#10818,#10829,.T.);
#10827 = VERTEX_POINT('',#10828);
#10828 = CARTESIAN_POINT('',(111.9,-69.6,0.));
#10829 = LINE('',#10830,#10831);
#10830 = CARTESIAN_POINT('',(111.9,-69.6,0.));
#10831 = VECTOR('',#10832,1.);
#10832 = DIRECTION('',(0.,0.,1.));
#10833 = ORIENTED_EDGE('',*,*,#10834,.F.);
#10834 = EDGE_CURVE('',#10808,#10827,#10835,.T.);
#10835 = CIRCLE('',#10836,1.6);
#10836 = AXIS2_PLACEMENT_3D('',#10837,#10838,#10839);
#10837 = CARTESIAN_POINT('',(111.9,-68.,0.));
#10838 = DIRECTION('',(0.,0.,1.));
#10839 = DIRECTION('',(1.7763568394E-14,1.,-0.));
#10840 = CYLINDRICAL_SURFACE('',#10841,1.6);
#10841 = AXIS2_PLACEMENT_3D('',#10842,#10843,#10844);
#10842 = CARTESIAN_POINT('',(111.9,-68.,0.));
#10843 = DIRECTION('',(-0.,-0.,-1.));
#10844 = DIRECTION('',(1.7763568394E-14,1.,-0.));
#10845 = ADVANCED_FACE('',(#10846),#10871,.T.);
#10846 = FACE_BOUND('',#10847,.T.);
#10847 = EDGE_LOOP('',(#10848,#10849,#10857,#10865));
#10848 = ORIENTED_EDGE('',*,*,#10826,.T.);
#10849 = ORIENTED_EDGE('',*,*,#10850,.T.);
#10850 = EDGE_CURVE('',#10818,#10851,#10853,.T.);
#10851 = VERTEX_POINT('',#10852);
#10852 = CARTESIAN_POINT('',(114.1,-69.6,1.51));
#10853 = LINE('',#10854,#10855);
#10854 = CARTESIAN_POINT('',(111.9,-69.6,1.51));
#10855 = VECTOR('',#10856,1.);
#10856 = DIRECTION('',(1.,0.,0.));
#10857 = ORIENTED_EDGE('',*,*,#10858,.F.);
#10858 = EDGE_CURVE('',#10859,#10851,#10861,.T.);
#10859 = VERTEX_POINT('',#10860);
#10860 = CARTESIAN_POINT('',(114.1,-69.6,0.));
#10861 = LINE('',#10862,#10863);
#10862 = CARTESIAN_POINT('',(114.1,-69.6,0.));
#10863 = VECTOR('',#10864,1.);
#10864 = DIRECTION('',(0.,0.,1.));
#10865 = ORIENTED_EDGE('',*,*,#10866,.F.);
#10866 = EDGE_CURVE('',#10827,#10859,#10867,.T.);
#10867 = LINE('',#10868,#10869);
#10868 = CARTESIAN_POINT('',(111.9,-69.6,0.));
#10869 = VECTOR('',#10870,1.);
#10870 = DIRECTION('',(1.,0.,0.));
#10871 = PLANE('',#10872);
#10872 = AXIS2_PLACEMENT_3D('',#10873,#10874,#10875);
#10873 = CARTESIAN_POINT('',(111.9,-69.6,0.));
#10874 = DIRECTION('',(0.,1.,0.));
#10875 = DIRECTION('',(1.,0.,0.));
#10876 = ADVANCED_FACE('',(#10877),#10904,.F.);
#10877 = FACE_BOUND('',#10878,.T.);
#10878 = EDGE_LOOP('',(#10879,#10880,#10889,#10897));
#10879 = ORIENTED_EDGE('',*,*,#10858,.T.);
#10880 = ORIENTED_EDGE('',*,*,#10881,.T.);
#10881 = EDGE_CURVE('',#10851,#10882,#10884,.T.);
#10882 = VERTEX_POINT('',#10883);
#10883 = CARTESIAN_POINT('',(114.1,-66.4,1.51));
#10884 = CIRCLE('',#10885,1.6);
#10885 = AXIS2_PLACEMENT_3D('',#10886,#10887,#10888);
#10886 = CARTESIAN_POINT('',(114.1,-68.,1.51));
#10887 = DIRECTION('',(0.,0.,1.));
#10888 = DIRECTION('',(-1.7763568394E-14,-1.,0.));
#10889 = ORIENTED_EDGE('',*,*,#10890,.F.);
#10890 = EDGE_CURVE('',#10891,#10882,#10893,.T.);
#10891 = VERTEX_POINT('',#10892);
#10892 = CARTESIAN_POINT('',(114.1,-66.4,0.));
#10893 = LINE('',#10894,#10895);
#10894 = CARTESIAN_POINT('',(114.1,-66.4,0.));
#10895 = VECTOR('',#10896,1.);
#10896 = DIRECTION('',(0.,0.,1.));
#10897 = ORIENTED_EDGE('',*,*,#10898,.F.);
#10898 = EDGE_CURVE('',#10859,#10891,#10899,.T.);
#10899 = CIRCLE('',#10900,1.6);
#10900 = AXIS2_PLACEMENT_3D('',#10901,#10902,#10903);
#10901 = CARTESIAN_POINT('',(114.1,-68.,0.));
#10902 = DIRECTION('',(0.,0.,1.));
#10903 = DIRECTION('',(-1.7763568394E-14,-1.,0.));
#10904 = CYLINDRICAL_SURFACE('',#10905,1.6);
#10905 = AXIS2_PLACEMENT_3D('',#10906,#10907,#10908);
#10906 = CARTESIAN_POINT('',(114.1,-68.,0.));
#10907 = DIRECTION('',(-0.,-0.,-1.));
#10908 = DIRECTION('',(-1.7763568394E-14,-1.,0.));
#10909 = ADVANCED_FACE('',(#10910),#10926,.T.);
#10910 = FACE_BOUND('',#10911,.T.);
#10911 = EDGE_LOOP('',(#10912,#10913,#10919,#10920));
#10912 = ORIENTED_EDGE('',*,*,#10890,.T.);
#10913 = ORIENTED_EDGE('',*,*,#10914,.T.);
#10914 = EDGE_CURVE('',#10882,#10810,#10915,.T.);
#10915 = LINE('',#10916,#10917);
#10916 = CARTESIAN_POINT('',(114.1,-66.4,1.51));
#10917 = VECTOR('',#10918,1.);
#10918 = DIRECTION('',(-1.,0.,0.));
#10919 = ORIENTED_EDGE('',*,*,#10807,.F.);
#10920 = ORIENTED_EDGE('',*,*,#10921,.F.);
#10921 = EDGE_CURVE('',#10891,#10808,#10922,.T.);
#10922 = LINE('',#10923,#10924);
#10923 = CARTESIAN_POINT('',(114.1,-66.4,0.));
#10924 = VECTOR('',#10925,1.);
#10925 = DIRECTION('',(-1.,0.,0.));
#10926 = PLANE('',#10927);
#10927 = AXIS2_PLACEMENT_3D('',#10928,#10929,#10930);
#10928 = CARTESIAN_POINT('',(114.1,-66.4,0.));
#10929 = DIRECTION('',(0.,-1.,0.));
#10930 = DIRECTION('',(-1.,0.,0.));
#10931 = ADVANCED_FACE('',(#10932,#10938,#10944,#10950,#10953,#10956,
    #10959,#10962,#10965,#10968,#10971,#10974,#10977,#10980,#10983,
    #10986,#10992),#10998,.F.);
#10932 = FACE_BOUND('',#10933,.T.);
#10933 = EDGE_LOOP('',(#10934,#10935,#10936,#10937));
#10934 = ORIENTED_EDGE('',*,*,#9929,.T.);
#10935 = ORIENTED_EDGE('',*,*,#9960,.T.);
#10936 = ORIENTED_EDGE('',*,*,#9991,.T.);
#10937 = ORIENTED_EDGE('',*,*,#10013,.T.);
#10938 = FACE_BOUND('',#10939,.T.);
#10939 = EDGE_LOOP('',(#10940,#10941,#10942,#10943));
#10940 = ORIENTED_EDGE('',*,*,#10054,.T.);
#10941 = ORIENTED_EDGE('',*,*,#10086,.T.);
#10942 = ORIENTED_EDGE('',*,*,#10118,.T.);
#10943 = ORIENTED_EDGE('',*,*,#10141,.T.);
#10944 = FACE_BOUND('',#10945,.T.);
#10945 = EDGE_LOOP('',(#10946,#10947,#10948,#10949));
#10946 = ORIENTED_EDGE('',*,*,#10182,.T.);
#10947 = ORIENTED_EDGE('',*,*,#10214,.T.);
#10948 = ORIENTED_EDGE('',*,*,#10246,.T.);
#10949 = ORIENTED_EDGE('',*,*,#10269,.T.);
#10950 = FACE_BOUND('',#10951,.T.);
#10951 = EDGE_LOOP('',(#10952));
#10952 = ORIENTED_EDGE('',*,*,#10301,.T.);
#10953 = FACE_BOUND('',#10954,.T.);
#10954 = EDGE_LOOP('',(#10955));
#10955 = ORIENTED_EDGE('',*,*,#10334,.T.);
#10956 = FACE_BOUND('',#10957,.T.);
#10957 = EDGE_LOOP('',(#10958));
#10958 = ORIENTED_EDGE('',*,*,#10367,.T.);
#10959 = FACE_BOUND('',#10960,.T.);
#10960 = EDGE_LOOP('',(#10961));
#10961 = ORIENTED_EDGE('',*,*,#10400,.T.);
#10962 = FACE_BOUND('',#10963,.T.);
#10963 = EDGE_LOOP('',(#10964));
#10964 = ORIENTED_EDGE('',*,*,#10433,.T.);
#10965 = FACE_BOUND('',#10966,.T.);
#10966 = EDGE_LOOP('',(#10967));
#10967 = ORIENTED_EDGE('',*,*,#10466,.T.);
#10968 = FACE_BOUND('',#10969,.T.);
#10969 = EDGE_LOOP('',(#10970));
#10970 = ORIENTED_EDGE('',*,*,#10499,.T.);
#10971 = FACE_BOUND('',#10972,.T.);
#10972 = EDGE_LOOP('',(#10973));
#10973 = ORIENTED_EDGE('',*,*,#10532,.T.);
#10974 = FACE_BOUND('',#10975,.T.);
#10975 = EDGE_LOOP('',(#10976));
#10976 = ORIENTED_EDGE('',*,*,#10565,.T.);
#10977 = FACE_BOUND('',#10978,.T.);
#10978 = EDGE_LOOP('',(#10979));
#10979 = ORIENTED_EDGE('',*,*,#10598,.T.);
#10980 = FACE_BOUND('',#10981,.T.);
#10981 = EDGE_LOOP('',(#10982));
#10982 = ORIENTED_EDGE('',*,*,#10631,.T.);
#10983 = FACE_BOUND('',#10984,.T.);
#10984 = EDGE_LOOP('',(#10985));
#10985 = ORIENTED_EDGE('',*,*,#10664,.T.);
#10986 = FACE_BOUND('',#10987,.T.);
#10987 = EDGE_LOOP('',(#10988,#10989,#10990,#10991));
#10988 = ORIENTED_EDGE('',*,*,#10706,.T.);
#10989 = ORIENTED_EDGE('',*,*,#10738,.T.);
#10990 = ORIENTED_EDGE('',*,*,#10770,.T.);
#10991 = ORIENTED_EDGE('',*,*,#10793,.T.);
#10992 = FACE_BOUND('',#10993,.T.);
#10993 = EDGE_LOOP('',(#10994,#10995,#10996,#10997));
#10994 = ORIENTED_EDGE('',*,*,#10834,.T.);
#10995 = ORIENTED_EDGE('',*,*,#10866,.T.);
#10996 = ORIENTED_EDGE('',*,*,#10898,.T.);
#10997 = ORIENTED_EDGE('',*,*,#10921,.T.);
#10998 = PLANE('',#10999);
#10999 = AXIS2_PLACEMENT_3D('',#11000,#11001,#11002);
#11000 = CARTESIAN_POINT('',(0.,0.,0.));
#11001 = DIRECTION('',(0.,0.,1.));
#11002 = DIRECTION('',(1.,0.,-0.));
#11003 = ADVANCED_FACE('',(#11004,#11010,#11016,#11022,#11025,#11028,
    #11031,#11034,#11037,#11040,#11043,#11046,#11049,#11052,#11055,
    #11058,#11064),#11070,.T.);
#11004 = FACE_BOUND('',#11005,.F.);
#11005 = EDGE_LOOP('',(#11006,#11007,#11008,#11009));
#11006 = ORIENTED_EDGE('',*,*,#9913,.T.);
#11007 = ORIENTED_EDGE('',*,*,#9944,.T.);
#11008 = ORIENTED_EDGE('',*,*,#9975,.T.);
#11009 = ORIENTED_EDGE('',*,*,#10006,.T.);
#11010 = FACE_BOUND('',#11011,.F.);
#11011 = EDGE_LOOP('',(#11012,#11013,#11014,#11015));
#11012 = ORIENTED_EDGE('',*,*,#10037,.T.);
#11013 = ORIENTED_EDGE('',*,*,#10070,.T.);
#11014 = ORIENTED_EDGE('',*,*,#10101,.T.);
#11015 = ORIENTED_EDGE('',*,*,#10134,.T.);
#11016 = FACE_BOUND('',#11017,.F.);
#11017 = EDGE_LOOP('',(#11018,#11019,#11020,#11021));
#11018 = ORIENTED_EDGE('',*,*,#10165,.T.);
#11019 = ORIENTED_EDGE('',*,*,#10198,.T.);
#11020 = ORIENTED_EDGE('',*,*,#10229,.T.);
#11021 = ORIENTED_EDGE('',*,*,#10262,.T.);
#11022 = FACE_BOUND('',#11023,.F.);
#11023 = EDGE_LOOP('',(#11024));
#11024 = ORIENTED_EDGE('',*,*,#10293,.T.);
#11025 = FACE_BOUND('',#11026,.F.);
#11026 = EDGE_LOOP('',(#11027));
#11027 = ORIENTED_EDGE('',*,*,#10326,.T.);
#11028 = FACE_BOUND('',#11029,.F.);
#11029 = EDGE_LOOP('',(#11030));
#11030 = ORIENTED_EDGE('',*,*,#10359,.T.);
#11031 = FACE_BOUND('',#11032,.F.);
#11032 = EDGE_LOOP('',(#11033));
#11033 = ORIENTED_EDGE('',*,*,#10392,.T.);
#11034 = FACE_BOUND('',#11035,.F.);
#11035 = EDGE_LOOP('',(#11036));
#11036 = ORIENTED_EDGE('',*,*,#10425,.T.);
#11037 = FACE_BOUND('',#11038,.F.);
#11038 = EDGE_LOOP('',(#11039));
#11039 = ORIENTED_EDGE('',*,*,#10458,.T.);
#11040 = FACE_BOUND('',#11041,.F.);
#11041 = EDGE_LOOP('',(#11042));
#11042 = ORIENTED_EDGE('',*,*,#10491,.T.);
#11043 = FACE_BOUND('',#11044,.F.);
#11044 = EDGE_LOOP('',(#11045));
#11045 = ORIENTED_EDGE('',*,*,#10524,.T.);
#11046 = FACE_BOUND('',#11047,.F.);
#11047 = EDGE_LOOP('',(#11048));
#11048 = ORIENTED_EDGE('',*,*,#10557,.T.);
#11049 = FACE_BOUND('',#11050,.F.);
#11050 = EDGE_LOOP('',(#11051));
#11051 = ORIENTED_EDGE('',*,*,#10590,.T.);
#11052 = FACE_BOUND('',#11053,.F.);
#11053 = EDGE_LOOP('',(#11054));
#11054 = ORIENTED_EDGE('',*,*,#10623,.T.);
#11055 = FACE_BOUND('',#11056,.F.);
#11056 = EDGE_LOOP('',(#11057));
#11057 = ORIENTED_EDGE('',*,*,#10656,.T.);
#11058 = FACE_BOUND('',#11059,.F.);
#11059 = EDGE_LOOP('',(#11060,#11061,#11062,#11063));
#11060 = ORIENTED_EDGE('',*,*,#10689,.T.);
#11061 = ORIENTED_EDGE('',*,*,#10722,.T.);
#11062 = ORIENTED_EDGE('',*,*,#10753,.T.);
#11063 = ORIENTED_EDGE('',*,*,#10786,.T.);
#11064 = FACE_BOUND('',#11065,.F.);
#11065 = EDGE_LOOP('',(#11066,#11067,#11068,#11069));
#11066 = ORIENTED_EDGE('',*,*,#10817,.T.);
#11067 = ORIENTED_EDGE('',*,*,#10850,.T.);
#11068 = ORIENTED_EDGE('',*,*,#10881,.T.);
#11069 = ORIENTED_EDGE('',*,*,#10914,.T.);
#11070 = PLANE('',#11071);
#11071 = AXIS2_PLACEMENT_3D('',#11072,#11073,#11074);
#11072 = CARTESIAN_POINT('',(0.,0.,1.51));
#11073 = DIRECTION('',(0.,0.,1.));
#11074 = DIRECTION('',(1.,0.,-0.));
#11075 = ( GEOMETRIC_REPRESENTATION_CONTEXT(3) 
GLOBAL_UNCERTAINTY_ASSIGNED_CONTEXT((#11079)) 
GLOBAL_UNIT_ASSIGNED_CONTEXT((#11076,#11077,#11078)) 
REPRESENTATION_CONTEXT('Context #1',
  '3D Context with UNIT and UNCERTAINTY') );
#11076 = ( LENGTH_UNIT() NAMED_UNIT(*) SI_UNIT(.MILLI.,.METRE.) );
#11077 = ( NAMED_UNIT(*) PLANE_ANGLE_UNIT() SI_UNIT($,.RADIAN.) );
#11078 = ( NAMED_UNIT(*) SI_UNIT($,.STERADIAN.) SOLID_ANGLE_UNIT() );
#11079 = UNCERTAINTY_MEASURE_WITH_UNIT(LENGTH_MEASURE(1.E-07),#11076,
  'distance_accuracy_value','confusion accuracy');
#11080 = CONTEXT_DEPENDENT_SHAPE_REPRESENTATION(#11081,#11083);
#11081 = ( REPRESENTATION_RELATIONSHIP('','',#9896,#10) 
REPRESENTATION_RELATIONSHIP_WITH_TRANSFORMATION(#11082) 
SHAPE_REPRESENTATION_RELATIONSHIP() );
#11082 = ITEM_DEFINED_TRANSFORMATION('','',#11,#31);
#11083 = PRODUCT_DEFINITION_SHAPE('Placement','Placement of an item',
  #11084);
#11084 = NEXT_ASSEMBLY_USAGE_OCCURRENCE('5','=>[0:1:1:3]','',#5,#9891,$
  );
#11085 = PRODUCT_RELATED_PRODUCT_CATEGORY('part',$,(#9893));
#11086 = MECHANICAL_DESIGN_GEOMETRIC_PRESENTATION_REPRESENTATION('',(
    #11087),#11075);
#11087 = STYLED_ITEM('color',(#11088),#9897);
#11088 = PRESENTATION_STYLE_ASSIGNMENT((#11089));
#11089 = SURFACE_STYLE_USAGE(.BOTH.,#11090);
#11090 = SURFACE_SIDE_STYLE('',(#11091));
#11091 = SURFACE_STYLE_FILL_AREA(#11092);
#11092 = FILL_AREA_STYLE('',(#11093));
#11093 = FILL_AREA_STYLE_COLOUR('',#11094);
#11094 = COLOUR_RGB('',0.313304153717,0.484529207832,0.410020903123);
#11095 = MECHANICAL_DESIGN_GEOMETRIC_PRESENTATION_REPRESENTATION('',(
    #11096,#11104,#11112,#11120,#11128,#11136,#11143,#11151,#11158),
  #9863);
#11096 = STYLED_ITEM('color',(#11097),#49);
#11097 = PRESENTATION_STYLE_ASSIGNMENT((#11098));
#11098 = SURFACE_STYLE_USAGE(.BOTH.,#11099);
#11099 = SURFACE_SIDE_STYLE('',(#11100));
#11100 = SURFACE_STYLE_FILL_AREA(#11101);
#11101 = FILL_AREA_STYLE('',(#11102));
#11102 = FILL_AREA_STYLE_COLOUR('',#11103);
#11103 = COLOUR_RGB('',0.333333332236,0.721568617591,0.345098039026);
#11104 = STYLED_ITEM('color',(#11105),#941);
#11105 = PRESENTATION_STYLE_ASSIGNMENT((#11106));
#11106 = SURFACE_STYLE_USAGE(.BOTH.,#11107);
#11107 = SURFACE_SIDE_STYLE('',(#11108));
#11108 = SURFACE_STYLE_FILL_AREA(#11109);
#11109 = FILL_AREA_STYLE('',(#11110));
#11110 = FILL_AREA_STYLE_COLOUR('',#11111);
#11111 = COLOUR_RGB('',0.266666666558,0.588235291739,0.282352937581);
#11112 = STYLED_ITEM('color',(#11113),#1445);
#11113 = PRESENTATION_STYLE_ASSIGNMENT((#11114));
#11114 = SURFACE_STYLE_USAGE(.BOTH.,#11115);
#11115 = SURFACE_SIDE_STYLE('',(#11116));
#11116 = SURFACE_STYLE_FILL_AREA(#11117);
#11117 = FILL_AREA_STYLE('',(#11118));
#11118 = FILL_AREA_STYLE_COLOUR('',#11119);
#11119 = COLOUR_RGB('',0.819607826924,0.800000010877,0.752941164258);
#11120 = STYLED_ITEM('color',(#11121),#4201);
#11121 = PRESENTATION_STYLE_ASSIGNMENT((#11122));
#11122 = SURFACE_STYLE_USAGE(.BOTH.,#11123);
#11123 = SURFACE_SIDE_STYLE('',(#11124));
#11124 = SURFACE_STYLE_FILL_AREA(#11125);
#11125 = FILL_AREA_STYLE('',(#11126));
#11126 = FILL_AREA_STYLE_COLOUR('',#11127);
#11127 = COLOUR_RGB('',0.960784305148,0.960784305148,0.964705886078);
#11128 = STYLED_ITEM('color',(#11129),#7673);
#11129 = PRESENTATION_STYLE_ASSIGNMENT((#11130));
#11130 = SURFACE_STYLE_USAGE(.BOTH.,#11131);
#11131 = SURFACE_SIDE_STYLE('',(#11132));
#11132 = SURFACE_STYLE_FILL_AREA(#11133);
#11133 = FILL_AREA_STYLE('',(#11134));
#11134 = FILL_AREA_STYLE_COLOUR('',#11135);
#11135 = COLOUR_RGB('',0.952941189437,0.796078417252,0.486274506065);
#11136 = STYLED_ITEM('color',(#11137),#7931);
#11137 = PRESENTATION_STYLE_ASSIGNMENT((#11138));
#11138 = SURFACE_STYLE_USAGE(.BOTH.,#11139);
#11139 = SURFACE_SIDE_STYLE('',(#11140));
#11140 = SURFACE_STYLE_FILL_AREA(#11141);
#11141 = FILL_AREA_STYLE('',(#11142));
#11142 = FILL_AREA_STYLE_COLOUR('',#11135);
#11143 = STYLED_ITEM('color',(#11144),#8189);
#11144 = PRESENTATION_STYLE_ASSIGNMENT((#11145));
#11145 = SURFACE_STYLE_USAGE(.BOTH.,#11146);
#11146 = SURFACE_SIDE_STYLE('',(#11147));
#11147 = SURFACE_STYLE_FILL_AREA(#11148);
#11148 = FILL_AREA_STYLE('',(#11149));
#11149 = FILL_AREA_STYLE_COLOUR('',#11150);
#11150 = COLOUR_RGB('',0.815686284108,0.815686284108,0.815686284108);
#11151 = STYLED_ITEM('color',(#11152),#8747);
#11152 = PRESENTATION_STYLE_ASSIGNMENT((#11153));
#11153 = SURFACE_STYLE_USAGE(.BOTH.,#11154);
#11154 = SURFACE_SIDE_STYLE('',(#11155));
#11155 = SURFACE_STYLE_FILL_AREA(#11156);
#11156 = FILL_AREA_STYLE('',(#11157));
#11157 = FILL_AREA_STYLE_COLOUR('',#11150);
#11158 = STYLED_ITEM('color',(#11159),#9305);
#11159 = PRESENTATION_STYLE_ASSIGNMENT((#11160));
#11160 = SURFACE_STYLE_USAGE(.BOTH.,#11161);
#11161 = SURFACE_SIDE_STYLE('',(#11162));
#11162 = SURFACE_STYLE_FILL_AREA(#11163);
#11163 = FILL_AREA_STYLE('',(#11164));
#11164 = FILL_AREA_STYLE_COLOUR('',#11150);
ENDSEC;
END-ISO-10303-21;
